subject,session,trial,serialpos,word,recalled,embedding_fidelity,raw_cosine,centered_cosine,true_word_percentile,centered_true_word_percentile
LTP269,20,1,1,SWIMMER,1,0.7836882217812594,0.7836882217812594,-0.1311198754745319,0.0678260869565217,0.1878260869565217
LTP269,20,1,2,WHISTLE,1,0.8793658635825613,0.8793658635825613,0.1075548697602992,0.8765217391304347,0.7808695652173914
LTP269,20,1,3,SCULPTURE,1,0.8582540588786255,0.8582540588786255,0.1107107016282038,0.6052173913043478,0.8278260869565217
LTP269,20,1,4,EXPERT,1,0.8333282367347273,0.8333282367347273,0.1123152211146876,0.3078260869565217,0.8382608695652174
LTP269,20,1,5,SCISSORS,1,0.8142378938152307,0.8142378938152307,-0.0719905213895307,0.1773913043478261,0.3304347826086956
LTP269,20,1,6,CASHIER,1,0.8713489693335307,0.8713489693335307,0.0928343194696116,0.768695652173913,0.7843478260869565
LTP269,20,1,7,ACTRESS,1,0.8901493807019968,0.8901493807019968,0.1988606776879442,0.9686956521739132,0.9478260869565216
LTP269,20,1,8,RECEIPT,1,0.8528924300097619,0.8528924300097619,0.2108469310459699,0.551304347826087,0.92
LTP269,20,1,9,ARMY,0,0.8713128865481528,0.8713128865481528,0.1432750685550292,0.7878260869565217,0.8608695652173913
LTP269,20,1,10,MARINE,0,0.8559163717289526,0.8559163717289526,0.0158960123873107,0.5808695652173913,0.5617391304347826
LTP269,20,1,11,RACKET,0,0.8809194083709573,0.8809194083709573,0.0061461770266797,0.902608695652174,0.5356521739130435
LTP269,20,1,12,PECAN,0,0.8052669205837555,0.8052669205837555,-0.1250673001050916,0.1443478260869565,0.1669565217391304
LTP269,20,1,13,CASHEW,0,0.8888931682639781,0.8888931682639781,0.0985477943577168,0.954782608695652,0.7895652173913044
LTP269,20,1,14,SKETCH,0,0.864962473695942,0.864962473695942,0.1159838353439148,0.6817391304347826,0.8121739130434783
LTP269,20,1,15,MATCH,0,0.8413301119512199,0.8413301119512199,-0.0348056212339595,0.4034782608695652,0.4
LTP269,20,1,16,ZIPPER,0,0.777765655526121,0.777765655526121,-0.0491943422770256,0.0417391304347826,0.3791304347826086
LTP269,20,1,17,AUTHOR,0,0.8591672354855268,0.8591672354855268,0.1269761196614973,0.6017391304347826,0.8782608695652174
LTP269,20,1,18,POSTAGE,0,0.8725177045427165,0.8725177045427165,0.1405445700928812,0.7547826086956522,0.8260869565217391
LTP269,20,1,19,BLENDER,0,0.8976282609285494,0.8976282609285494,0.094570329462926,0.9843478260869564,0.7373913043478261
LTP269,20,1,20,BELLY,0,0.8640004868469524,0.8640004868469524,-0.0913690022667673,0.6608695652173913,0.2591304347826086
LTP269,20,1,21,PLAID,0,0.7945453939292375,0.7945453939292375,-0.0973439545033833,0.0904347826086956,0.2469565217391304
LTP269,20,1,22,MONEY,0,0.829810976137875,0.829810976137875,0.1436595517164021,0.2834782608695652,0.8469565217391304
LTP269,20,1,23,POISON,1,0.8241515459063967,0.8241515459063967,-0.0379769878454336,0.2417391304347825,0.4417391304347826
LTP269,20,1,24,DRUG,0,0.854610960823707,0.854610960823707,-0.0932624314362088,0.5460869565217391,0.2052173913043478
LTP269,20,2,1,PUPIL,0,0.8519091696667382,0.8519091696667382,0.185175255763369,0.5078260869565218,0.9460869565217392
LTP269,20,2,2,CREVICE,0,0.8647855222575772,0.8647855222575772,-0.2236694843945157,0.688695652173913,0.017391304347826
LTP269,20,2,3,TYPIST,0,0.8935440395307328,0.8935440395307328,0.1500826555390203,0.9982608695652174,0.9060869565217392
LTP269,20,2,4,PEACH,0,0.8442196095487753,0.8442196095487753,0.1104835431161205,0.4139130434782608,0.8208695652173913
LTP269,20,2,5,NOTEBOOK,0,0.7937874450772322,0.7937874450772322,0.0429565036332238,0.0660869565217391,0.6730434782608696
LTP269,20,2,6,FEMALE,0,0.7947129014434217,0.7947129014434217,-0.0382603380022924,0.0782608695652173,0.4347826086956522
LTP269,20,2,7,FOOT,0,0.7943475151007023,0.7943475151007023,0.1404345379990048,0.0747826086956521,0.8817391304347826
LTP269,20,2,8,STUDENT,0,0.8370243300625413,0.8370243300625413,0.1193317730586802,0.351304347826087,0.8486956521739131
LTP269,20,2,9,PASTA,0,0.8625497896067844,0.8625497896067844,0.0563308813437387,0.662608695652174,0.6817391304347826
LTP269,20,2,10,PICTURE,0,0.8329060314333113,0.8329060314333113,0.1784940871307991,0.2973913043478261,0.9443478260869566
LTP269,20,2,11,PLATE,0,0.7916289972610675,0.7916289972610675,0.0647743140273245,0.0608695652173912,0.7130434782608696
LTP269,20,2,12,ATOM,0,0.77413620249716,0.77413620249716,-0.0209019915045001,0.017391304347826,0.4765217391304348
LTP269,20,2,13,PROTON,1,0.8246632323466414,0.8246632323466414,0.0093408228643375,0.2104347826086956,0.5913043478260869
LTP269,20,2,14,RUG,1,0.8271122745125519,0.8271122745125519,-0.069884273344245,0.2208695652173913,0.2921739130434783
LTP269,20,2,15,TEACHER,0,0.858464881987048,0.858464881987048,0.2787306083747902,0.6295652173913043,0.9878260869565216
LTP269,20,2,16,HAWK,0,0.7887539772780621,0.7887539772780621,-0.2219459077347732,0.0521739130434782,0.0365217391304347
LTP269,20,2,17,TRIBE,0,0.8620301858179786,0.8620301858179786,-0.003118392523574,0.6469565217391304,0.511304347826087
LTP269,20,2,18,FOOTBALL,0,0.8409637983532885,0.8409637983532885,0.0311343259066667,0.3721739130434782,0.6208695652173912
LTP269,20,2,19,WOMAN,0,0.8511693006432111,0.8511693006432111,0.0844837521881831,0.5026086956521739,0.7704347826086957
LTP269,20,2,20,CRATER,0,0.8683628752094327,0.8683628752094327,-0.0090915808960823,0.7391304347826086,0.5043478260869565
LTP269,20,2,21,TUTU,0,0.8026956050547869,0.8026956050547869,0.0853924923495762,0.0921739130434782,0.7773913043478261
LTP269,20,2,22,DRESS,0,0.8619573477740176,0.8619573477740176,-0.1185032414192617,0.6834782608695652,0.16
LTP269,20,2,23,SHELTER,1,0.8241900036474112,0.8241900036474112,-0.1086414886860512,0.2208695652173913,0.1617391304347826
LTP269,20,2,24,KEEPER,0,0.8249782984174262,0.8249782984174262,-0.0039670882032451,0.2121739130434782,0.4886956521739131
LTP269,20,3,1,ROCKET,1,0.88936107380921,0.88936107380921,-0.0789982688651765,0.9739130434782608,0.2852173913043478
LTP269,20,3,2,DOLPHIN,1,0.8425470776559035,0.8425470776559035,-0.0975191507201407,0.3860869565217391,0.1965217391304348
LTP269,20,3,3,FLIPPER,1,0.8440455312394152,0.8440455312394152,0.0915275669235845,0.3756521739130435,0.8121739130434783
LTP269,20,3,4,GYMNAST,1,0.8589025158038287,0.8589025158038287,-0.1298916188004271,0.6086956521739131,0.1339130434782608
LTP269,20,3,5,MEDAL,1,0.8463731488238049,0.8463731488238049,-0.0825050760763952,0.4260869565217391,0.1947826086956522
LTP269,20,3,6,LEADER,1,0.8128629843998634,0.8128629843998634,-0.1616058133380899,0.1443478260869565,0.0817391304347826
LTP269,20,3,7,SPACE,1,0.7839947549845298,0.7839947549845298,0.141793832047772,0.04,0.9147826086956522
LTP269,20,3,8,VENUS,1,0.8069108396396713,0.8069108396396713,-0.2060991860708818,0.1234782608695652,0.0139130434782608
LTP269,20,3,9,HIGHWAY,1,0.7917684935678706,0.7917684935678706,-0.0021136324749723,0.0608695652173912,0.4991304347826086
LTP269,20,3,10,SWAMP,1,0.774465475211126,0.774465475211126,0.042433848480669,0.017391304347826,0.662608695652174
LTP269,20,3,11,POCKET,1,0.8647364451458637,0.8647364451458637,0.1799123437160905,0.662608695652174,0.9582608695652174
LTP269,20,3,12,SEAFOOD,0,0.8714397415640627,0.8714397415640627,0.0971989101047217,0.8052173913043479,0.8278260869565217
LTP269,20,3,13,FLASK,1,0.8755921070315738,0.8755921070315738,0.0322196233198656,0.8139130434782609,0.6330434782608696
LTP269,20,3,14,PACKAGE,0,0.8480269820849105,0.8480269820849105,-0.0392666605191936,0.4695652173913043,0.4330434782608695
LTP269,20,3,15,SPOON,0,0.8733467728658776,0.8733467728658776,0.2182716661261074,0.817391304347826,0.9756521739130436
LTP269,20,3,16,RIFLE,0,0.845456952429323,0.845456952429323,-0.1830217678927797,0.4226086956521739,0.0156521739130435
LTP269,20,3,17,MAPLE,1,0.7853875598218666,0.7853875598218666,-0.0215054495862997,0.0243478260869565,0.4469565217391305
LTP269,20,3,18,SNACK,1,0.8700930068605853,0.8700930068605853,0.0841639750515852,0.8121739130434783,0.7669565217391304
LTP269,20,3,19,CLOCK,0,0.8412773092699201,0.8412773092699201,-0.0470253173839462,0.3739130434782608,0.337391304347826
LTP269,20,3,20,GARLIC,1,0.8478561661238848,0.8478561661238848,-0.2048792340513814,0.4452173913043478,0.0417391304347826
LTP269,20,3,21,SALT,1,0.8577525808846547,0.8577525808846547,0.2025093701799146,0.5756521739130435,0.954782608695652
LTP269,20,3,22,STONE,1,0.8455590476130238,0.8455590476130238,0.0724697482620875,0.4156521739130434,0.7565217391304347
LTP269,20,3,23,GANGSTER,1,0.8531903578833405,0.8531903578833405,-0.0383877445292044,0.5252173913043479,0.3913043478260869
LTP269,20,3,24,SPOOL,1,0.8759317608081173,0.8759317608081173,0.1438737429173639,0.8434782608695652,0.9165217391304348
LTP269,20,4,1,ROBIN,1,0.8267000700703666,0.8267000700703666,0.0059936341810602,0.2278260869565217,0.5095652173913043
LTP269,20,4,2,ROOSTER,1,0.8739351345124126,0.8739351345124126,0.0960960574241698,0.8052173913043479,0.8608695652173913
LTP269,20,4,3,HAMPER,1,0.8776533096832663,0.8776533096832663,-0.0543567996190457,0.8608695652173913,0.3391304347826087
LTP269,20,4,4,BUREAU,1,0.8481056879187182,0.8481056879187182,0.0855995553460855,0.4643478260869565,0.8347826086956522
LTP269,20,4,5,EUROPE,1,0.7833553902517592,0.7833553902517592,0.0752339010824491,0.0191304347826086,0.8121739130434783
LTP269,20,4,6,MAILMAN,1,0.8861671479145475,0.8861671479145475,0.0890144703117112,0.9391304347826088,0.8678260869565217
LTP269,20,4,7,IGLOO,1,0.8325409924052716,0.8325409924052716,-0.1390038199221442,0.2573913043478261,0.048695652173913
LTP269,20,4,8,ICEBERG,1,0.8876821069060299,0.8876821069060299,0.0208228685548874,0.951304347826087,0.6034782608695652
LTP269,20,4,9,BLACKBOARD,0,0.8364275966576777,0.8364275966576777,0.130149016435681,0.2973913043478261,0.9182608695652174
LTP269,20,4,10,NECKLACE,0,0.8920751078665804,0.8920751078665804,-0.1061864810497069,0.977391304347826,0.12
LTP269,20,4,11,TORTOISE,0,0.8903208672194993,0.8903208672194993,0.0484876576814046,0.9686956521739132,0.711304347826087
LTP269,20,4,12,NAPKIN,0,0.830847058505589,0.830847058505589,-0.0223343097680447,0.2434782608695652,0.4226086956521739
LTP269,20,4,13,ORANGE,0,0.8496063141778488,0.8496063141778488,0.118172330271896,0.4608695652173913,0.9008695652173913
LTP269,20,4,14,PLIERS,0,0.8613938080324707,0.8613938080324707,-0.1344144643579627,0.6173913043478261,0.0991304347826087
LTP269,20,4,15,EYELASH,0,0.8457708881993645,0.8457708881993645,-0.1378382555767076,0.3982608695652174,0.1043478260869564
LTP269,20,4,16,SUBWAY,0,0.8813924331838868,0.8813924331838868,0.009335338468035,0.8939130434782608,0.5739130434782609
LTP269,20,4,17,SPARROW,0,0.8315880837904761,0.8315880837904761,-0.0630956608918412,0.2556521739130435,0.2869565217391304
LTP269,20,4,18,DONOR,0,0.8315675817960843,0.8315675817960843,0.0482363164461633,0.2660869565217391,0.6939130434782609
LTP269,20,4,19,FOREST,0,0.8167333745173232,0.8167333745173232,0.041887439806247,0.1565217391304347,0.6573913043478261
LTP269,20,4,20,BANQUET,1,0.8804665441123554,0.8804665441123554,-0.0371972687358497,0.8852173913043478,0.4052173913043478
LTP269,20,4,21,SLUG,1,0.8572715800551118,0.8572715800551118,-0.1277743619258514,0.5652173913043479,0.1026086956521739
LTP269,20,4,22,FRUIT,1,0.8361139765390759,0.8361139765390759,-0.0209108540303348,0.2991304347826087,0.4626086956521739
LTP269,20,4,23,VALVE,1,0.8641682144160695,0.8641682144160695,-0.1190145722863528,0.6678260869565218,0.1217391304347825
LTP269,20,4,24,ZEBRA,0,0.8746059703804692,0.8746059703804692,0.1809125499861829,0.8191304347826087,0.9582608695652174
LTP269,20,5,1,GRAVEL,0,0.763814632543271,0.763814632543271,0.0146354309266124,0.0034782608695652,0.6017391304347826
LTP269,20,5,2,GOBLIN,0,0.8549162437898624,0.8549162437898624,0.0356202167748367,0.56,0.6695652173913044
LTP269,20,5,3,COSTUME,0,0.8635024222729227,0.8635024222729227,-0.0682797012270163,0.6834782608695652,0.2765217391304347
LTP269,20,5,4,BRAKE,0,0.8831027726169566,0.8831027726169566,-0.0608509501133344,0.937391304347826,0.3078260869565217
LTP269,20,5,5,AGENT,0,0.8009585834236626,0.8009585834236626,0.0110909168048791,0.0956521739130434,0.5808695652173913
LTP269,20,5,6,OMELET,0,0.8582828067629183,0.8582828067629183,0.2186366748197136,0.6069565217391304,0.9686956521739132
LTP269,20,5,7,FLUTE,0,0.8314454320959573,0.8314454320959573,0.0945039147173852,0.2643478260869565,0.8295652173913044
LTP269,20,5,8,PERMIT,0,0.8511050674618955,0.8511050674618955,0.0220024128638194,0.5060869565217392,0.6260869565217391
LTP269,20,5,9,SIDEWALK,0,0.8631804386116576,0.8631804386116576,-0.1400214898990867,0.6973913043478261,0.1165217391304347
LTP269,20,5,10,COTTAGE,0,0.8758909156267026,0.8758909156267026,0.0821247775031963,0.8678260869565217,0.808695652173913
LTP269,20,5,11,MOP,0,0.8051814414184967,0.8051814414184967,0.158817296833638,0.1060869565217391,0.937391304347826
LTP269,20,5,12,BOUQUET,0,0.8721551795140919,0.8721551795140919,0.0571506668951549,0.8452173913043478,0.7060869565217391
LTP269,20,5,13,SHORTCAKE,0,0.8479194798338935,0.8479194798338935,-0.1162950744942117,0.4782608695652174,0.1669565217391304
LTP269,20,5,14,LOFT,0,0.8936623034864498,0.8936623034864498,0.1427861973496623,0.9930434782608696,0.8956521739130435
LTP269,20,5,15,PERFUME,0,0.8734291246791815,0.8734291246791815,-0.01479502980038,0.8434782608695652,0.471304347826087
LTP269,20,5,16,ONION,0,0.8184943866090766,0.8184943866090766,0.0744815631603982,0.1826086956521738,0.7791304347826087
LTP269,20,5,17,CAFE,0,0.8112218739440568,0.8112218739440568,0.0374800289528303,0.1513043478260869,0.6556521739130434
LTP269,20,5,18,ROBBER,0,0.835814441682054,0.835814441682054,0.0442105331498987,0.3269565217391305,0.7078260869565217
LTP269,20,5,19,MAILBOX,1,0.864162268376336,0.864162268376336,0.0275264680542825,0.6817391304347826,0.6486956521739131
LTP269,20,5,20,DAISY,1,0.8306374093221401,0.8306374093221401,-0.282734333934741,0.28,0.0
LTP269,20,5,21,TURNIP,1,0.8865847632498886,0.8865847632498886,-0.0135348255439235,0.951304347826087,0.4556521739130434
LTP269,20,5,22,LUMBER,1,0.8707397038867947,0.8707397038867947,-0.0431900050869775,0.831304347826087,0.3582608695652174
LTP269,20,5,23,COOKBOOK,0,0.8439445473679708,0.8439445473679708,-0.037633743176771,0.48,0.3339130434782609
LTP269,20,5,24,ACTOR,1,0.7834359794150801,0.7834359794150801,0.0585882585998921,0.0643478260869565,0.711304347826087
LTP269,20,6,1,QUARTER,0,0.8292870082748054,0.8292870082748054,0.041042006423487,0.4399999999999999,0.6539130434782608
LTP269,20,6,2,DRAGON,0,0.8306347803527079,0.8306347803527079,-0.0826531695085839,0.6956521739130435,0.2608695652173913
LTP269,20,6,3,BARREL,0,0.8238147843715158,0.8238147843715158,0.0192964307870086,0.2782608695652173,0.5530434782608695
LTP269,20,6,4,PEBBLE,0,0.8490614143070598,0.8490614143070598,0.3506260409755919,0.56,0.9947826086956522
LTP269,20,6,5,LAKE,0,0.8328472319693281,0.8328472319693281,-0.0622806518890375,0.3826086956521739,0.3321739130434782
LTP269,20,6,6,GIRL,0,0.8517491203738518,0.8517491203738518,-0.0268730976239482,0.6991304347826087,0.3826086956521739
LTP269,20,6,7,KETCHUP,0,0.8648692301426166,0.8648692301426166,0.0722603368791429,0.9043478260869564,0.7739130434782608
LTP269,20,6,8,TREAT,0,0.7015034766482575,0.7015034766482575,-0.106259339095948,0.0,0.1565217391304347
LTP269,20,6,9,PATIENT,1,0.8130351110486567,0.8130351110486567,-0.0935335042499089,0.3391304347826087,0.1704347826086956
LTP269,20,6,10,OINTMENT,1,0.810605962473136,0.810605962473136,-0.0123347015361995,0.4104347826086957,0.4869565217391304
LTP269,20,6,11,BARLEY,1,0.8679654742497271,0.8679654742497271,0.1577584819474678,0.9495652173913044,0.937391304347826
LTP269,20,6,12,CANDY,1,0.8759739397327382,0.8759739397327382,0.1546328753643316,0.937391304347826,0.8765217391304347
LTP269,20,6,13,BANJO,1,0.8566019498309679,0.8566019498309679,-0.0173322862207039,0.7460869565217392,0.4608695652173913
LTP269,20,6,14,POPCORN,0,0.8286878111057876,0.8286878111057876,0.1127379594924257,0.4939130434782608,0.782608695652174
LTP269,20,6,15,RELISH,0,0.8188795169886013,0.8188795169886013,0.0370095549286054,0.4173913043478261,0.64
LTP269,20,6,16,SALAD,0,0.8215203402872857,0.8215203402872857,-0.0988566538461192,0.4504347826086956,0.1565217391304347
LTP269,20,6,17,SCALLOP,1,0.8335392786728582,0.8335392786728582,-0.067112892989877,0.4452173913043478,0.2539130434782608
LTP269,20,6,18,SALMON,1,0.8421923126513657,0.8421923126513657,0.1464687869028167,0.6921739130434783,0.9043478260869564
LTP269,20,6,19,PEPPER,1,0.8538199405826761,0.8538199405826761,0.2077180770551903,0.6104347826086957,0.9652173913043478
LTP269,20,6,20,VIKING,0,0.7717155180772352,0.7717155180772352,-0.1017127846341269,0.0939130434782609,0.1982608695652173
LTP269,20,6,21,MARS,1,0.8187932731141464,0.8187932731141464,0.0328463248572366,0.3356521739130435,0.6504347826086956
LTP269,20,6,22,PLUTO,1,0.8434903790712018,0.8434903790712018,-0.0047916868391558,0.5930434782608696,0.4886956521739131
LTP269,20,6,23,TUBA,0,0.8035334290813781,0.8035334290813781,-0.1855029179536333,0.2191304347826087,0.1426086956521739
LTP269,20,6,24,KNAPSACK,0,0.8281361353401419,0.8281361353401419,-0.0885169351026332,0.3704347826086956,0.2347826086956521
LTP269,20,7,1,DRAWING,1,0.8462129922247263,0.8462129922247263,0.0573366634428875,0.6,0.7669565217391304
LTP269,20,7,2,FRAME,1,0.876442446140095,0.876442446140095,0.1189989756483856,0.8556521739130435,0.8121739130434783
LTP269,20,7,3,SWORD,1,0.7842444807248717,0.7842444807248717,-0.1023025198201614,0.0573913043478261,0.1826086956521738
LTP269,20,7,4,RADISH,1,0.8593820517779297,0.8593820517779297,0.086465133004905,0.7495652173913043,0.8417391304347825
LTP269,20,7,5,CANYON,1,0.8242558045744297,0.8242558045744297,-0.0303449431417881,0.3826086956521739,0.4226086956521739
LTP269,20,7,6,TUNNEL,1,0.8657428269212849,0.8657428269212849,-0.0282777484423494,0.8539130434782609,0.3582608695652174
LTP269,20,7,7,BUBBLE,1,0.8648770412790825,0.8648770412790825,0.1057884369970825,0.8243478260869566,0.831304347826087
LTP269,20,7,8,BABY,1,0.824840033792277,0.824840033792277,0.1253403464706975,0.4469565217391305,0.8382608695652174
LTP269,20,7,9,MOTOR,0,0.7784788301629506,0.7784788301629506,-0.0291410815619352,0.1043478260869564,0.4417391304347826
LTP269,20,7,10,BALLOON,1,0.88242885338761,0.88242885338761,0.0857401920424578,0.9686956521739132,0.8017391304347826
LTP269,20,7,11,HARP,1,0.8763485237834715,0.8763485237834715,0.156820517952579,0.8608695652173913,0.9165217391304348
LTP269,20,7,12,MILK,0,0.8227101796827935,0.8227101796827935,0.1213038788138332,0.2747826086956522,0.8469565217391304
LTP269,20,7,13,ARM,0,0.8215531253490717,0.8215531253490717,0.1163190572145242,0.3304347826086956,0.8608695652173913
LTP269,20,7,14,SUNRISE,0,0.8691592002577591,0.8691592002577591,-0.1187274896915941,0.9182608695652174,0.1478260869565217
LTP269,20,7,15,DAUGHTER,0,0.8044344459415955,0.8044344459415955,0.0340285730071389,0.2608695652173913,0.5947826086956522
LTP269,20,7,16,RATTLE,0,0.881626406591044,0.881626406591044,0.1919991623375098,0.937391304347826,0.9217391304347826
LTP269,20,7,17,SUNSET,0,0.8354675948510333,0.8354675948510333,0.0540845940979938,0.5026086956521739,0.711304347826087
LTP269,20,7,18,LIGHTNING,0,0.8544381164976953,0.8544381164976953,-0.1095625114672293,0.7060869565217391,0.1669565217391304
LTP269,20,7,19,QUAIL,0,0.8562906755874884,0.8562906755874884,0.0511646952239698,0.7495652173913043,0.6765217391304348
LTP269,20,7,20,SPOUSE,0,0.8660788480028614,0.8660788480028614,0.0332080344749188,0.7947826086956522,0.6295652173913043
LTP269,20,7,21,WIDOW,0,0.8292881683931109,0.8292881683931109,0.0842091777711373,0.5982608695652174,0.7756521739130435
LTP269,20,7,22,HAND,0,0.7981324768730673,0.7981324768730673,-0.0115330477579667,0.1704347826086956,0.4695652173913043
LTP269,20,7,23,CHEMIST,0,0.8495951024819127,0.8495951024819127,-0.0797240968058423,0.7269565217391305,0.2295652173913043
LTP269,20,7,24,BEAKER,0,0.851184183796273,0.851184183796273,0.0990365831001648,0.6730434782608696,0.7773913043478261
LTP269,20,8,1,HELMET,0,0.8528075479063857,0.8528075479063857,0.0442315541298463,0.5165217391304349,0.6852173913043478
LTP269,20,8,2,SUITCASE,0,0.836807787375942,0.836807787375942,-0.0524612495242976,0.3756521739130435,0.3530434782608695
LTP269,20,8,3,FOREHEAD,0,0.8043327689798004,0.8043327689798004,-0.1376576358113854,0.1165217391304347,0.1321739130434782
LTP269,20,8,4,FREEZER,0,0.8204025507771311,0.8204025507771311,0.0676617216744039,0.2052173913043478,0.7391304347826086
LTP269,20,8,5,DINER,0,0.7937834435876499,0.7937834435876499,0.0275940457169871,0.0747826086956521,0.5913043478260869
LTP269,20,8,6,RAZOR,0,0.8494851005195061,0.8494851005195061,0.0896245436035991,0.48,0.7913043478260869
LTP269,20,8,7,XEROX,0,0.860653581225476,0.860653581225476,0.0631311606355782,0.6573913043478261,0.7008695652173913
LTP269,20,8,8,COD,0,0.8004418923026246,0.8004418923026246,0.0578352791310515,0.1078260869565217,0.7356521739130435
LTP269,20,8,9,JELLY,0,0.853706661369241,0.853706661369241,-0.032932093654093,0.5408695652173914,0.3739130434782608
LTP269,20,8,10,SILK,0,0.8689102777880695,0.8689102777880695,-0.1063627889738534,0.7982608695652174,0.1547826086956522
LTP269,20,8,11,PADDING,0,0.8533070646582951,0.8533070646582951,-0.1461734048541892,0.5426086956521738,0.1008695652173913
LTP269,20,8,12,RAFT,0,0.856853932347616,0.856853932347616,-0.0303760306340544,0.6104347826086957,0.4121739130434783
LTP269,20,8,13,CARROT,0,0.8494274732103397,0.8494274732103397,-0.0059465228829467,0.4695652173913043,0.4973913043478261
LTP269,20,8,14,BUNNY,0,0.8497404588815575,0.8497404588815575,0.0057422808871349,0.4904347826086956,0.48
LTP269,20,8,15,SEAL,0,0.7742275006150396,0.7742275006150396,-0.0490420031383118,0.0208695652173912,0.3269565217391305
LTP269,20,8,16,BUTCHER,0,0.8456037263877912,0.8456037263877912,0.1408388267962501,0.4278260869565217,0.9252173913043478
LTP269,20,8,17,COCKTAIL,0,0.8593575162003194,0.8593575162003194,0.0768830429698903,0.6243478260869566,0.7495652173913043
LTP269,20,8,18,PILOT,0,0.872342987623187,0.872342987623187,-0.2055935839935338,0.8121739130434783,0.0156521739130435
LTP269,20,8,19,FRECKLE,0,0.8610563266679357,0.8610563266679357,-0.0039612505536824,0.6608695652173913,0.52
LTP269,20,8,20,HUMAN,0,0.7997007246772987,0.7997007246772987,-0.2518012852806615,0.1043478260869564,0.0069565217391304
LTP269,20,8,21,OX,0,0.7969800621004414,0.7969800621004414,0.0753650663819774,0.0852173913043478,0.7617391304347826
LTP269,20,8,22,SCARF,0,0.8645521727373404,0.8645521727373404,0.1501005085246954,0.7078260869565217,0.9304347826086956
LTP269,20,8,23,TART,0,0.8322835026589182,0.8322835026589182,0.0881227289028482,0.2782608695652173,0.8347826086956522
LTP269,20,8,24,MEAT,0,0.8549389547022658,0.8549389547022658,0.0068506944423507,0.5321739130434783,0.5443478260869565
LTP269,20,9,1,INMATE,1,0.8485628017383249,0.8485628017383249,-0.0060486254956525,0.4399999999999999,0.4504347826086956
LTP269,20,9,2,BRIEFCASE,1,0.8512066926001005,0.8512066926001005,-0.0171183036558354,0.471304347826087,0.4399999999999999
LTP269,20,9,3,ROBOT,1,0.838480667806408,0.838480667806408,-0.0588061407346529,0.3252173913043478,0.2852173913043478
LTP269,20,9,4,TWISTER,1,0.8401223943887692,0.8401223943887692,-0.2203380736134696,0.328695652173913,0.0139130434782608
LTP269,20,9,5,PIZZA,0,0.8300780772819526,0.8300780772819526,-0.0979224338599725,0.2365217391304347,0.1165217391304347
LTP269,20,9,6,PIGEON,0,0.8939994828279073,0.8939994828279073,-0.0444499804564889,0.9686956521739132,0.2921739130434783
LTP269,20,9,7,CROWN,0,0.8643227185218537,0.8643227185218537,-0.1584910634693107,0.6191304347826088,0.0504347826086956
LTP269,20,9,8,BASEMENT,0,0.8657966816140771,0.8657966816140771,0.054085081755468,0.6417391304347826,0.7408695652173913
LTP269,20,9,9,GARDEN,0,0.84106391098363,0.84106391098363,-0.1158365519886647,0.3356521739130435,0.0852173913043478
LTP269,20,9,10,BLUEPRINT,0,0.9027759888610112,0.9027759888610112,-0.0138734365166207,1.0,0.457391304347826
LTP269,20,9,11,CELLAR,0,0.8629107080369398,0.8629107080369398,-0.1032201021782219,0.5965217391304347,0.168695652173913
LTP269,20,9,12,OUTFIT,0,0.8730251030173881,0.8730251030173881,0.1552026421590946,0.7460869565217392,0.9304347826086956
LTP269,20,9,13,REBEL,1,0.8402869101535451,0.8402869101535451,0.0576959922156921,0.3339130434782609,0.7130434782608696
LTP269,20,9,14,PLAYGROUND,1,0.8570487160037923,0.8570487160037923,-0.0445169949887619,0.5426086956521738,0.328695652173913
LTP269,20,9,15,BANKER,0,0.8881477530952168,0.8881477530952168,0.0313338849693601,0.9165217391304348,0.6347826086956522
LTP269,20,9,16,LIZARD,0,0.8689997862619633,0.8689997862619633,-0.1143311276252991,0.7095652173913043,0.1060869565217391
LTP269,20,9,17,PUDDING,0,0.8795035132624622,0.8795035132624622,0.0955598252754921,0.8486956521739131,0.8208695652173913
LTP269,20,9,18,JELLO,0,0.8585797274500171,0.8585797274500171,-0.0662892996916205,0.5582608695652174,0.2347826086956521
LTP269,20,9,19,MARKET,0,0.8670475965261482,0.8670475965261482,0.1660380431021916,0.6539130434782608,0.928695652173913
LTP269,20,9,20,SUPPER,0,0.7920325300995813,0.7920325300995813,-0.1139292077794036,0.0678260869565217,0.1217391304347825
LTP269,20,9,21,DRILL,0,0.8657267502169792,0.8657267502169792,0.0416166949627324,0.6556521739130434,0.6747826086956521
LTP269,20,9,22,COIN,0,0.8388659560327786,0.8388659560327786,-0.0126687836052499,0.3199999999999999,0.4417391304347826
LTP269,20,9,23,PERCH,0,0.8892862071997513,0.8892862071997513,0.1296942816884542,0.954782608695652,0.8921739130434783
LTP269,20,9,24,TROUT,0,0.7994202596181156,0.7994202596181156,-0.0186641409781013,0.1008695652173913,0.4173913043478261
LTP269,20,10,1,SPONGE,0,0.8629401923354271,0.8629401923354271,-0.1558100011757592,0.6156521739130435,0.0539130434782608
LTP269,20,10,2,PAIL,0,0.8457415301102614,0.8457415301102614,-0.1390671213356316,0.408695652173913,0.0869565217391304
LTP269,20,10,3,BUGGY,0,0.873288126989682,0.873288126989682,-0.1057515590208669,0.751304347826087,0.1513043478260869
LTP269,20,10,4,CARRIAGE,0,0.8596762300586281,0.8596762300586281,0.0617098163018248,0.5721739130434782,0.728695652173913
LTP269,20,10,5,SLIME,0,0.8754708667472314,0.8754708667472314,-0.1277777235735581,0.7878260869565217,0.088695652173913
LTP269,20,10,6,PASSAGE,0,0.8663110440559785,0.8663110440559785,0.0730746356887318,0.64,0.7669565217391304
LTP269,20,10,7,JURY,0,0.8340268283023521,0.8340268283023521,-0.0522068454623266,0.2626086956521739,0.3078260869565217
LTP269,20,10,8,STAPLE,0,0.8571943344950567,0.8571943344950567,-0.0562082584512857,0.5391304347826087,0.28
LTP269,20,10,9,REPORT,0,0.8089890339151121,0.8089890339151121,0.0628155664674064,0.1321739130434782,0.7373913043478261
LTP269,20,10,10,COMPASS,0,0.8820608517607194,0.8820608517607194,0.1278287156764762,0.8939130434782608,0.8973913043478261
LTP269,20,10,11,ATLAS,0,0.7571279925807427,0.7571279925807427,-0.0457137704236313,0.0034782608695652,0.3234782608695652
LTP269,20,10,12,ORCHID,0,0.8552247556218924,0.8552247556218924,-0.0355358319741162,0.5234782608695652,0.3565217391304348
LTP269,20,10,13,MATTRESS,1,0.8714442526874293,0.8714442526874293,0.0106410573286755,0.7321739130434783,0.5304347826086957
LTP269,20,10,14,HERO,1,0.8621730196956618,0.8621730196956618,-0.0182448912989855,0.6121739130434782,0.4504347826086956
LTP269,20,10,15,SHELF,0,0.8169515073423529,0.8169515073423529,0.0353620042471704,0.1582608695652173,0.6417391304347826
LTP269,20,10,16,BATHTUB,0,0.850262133842693,0.850262133842693,0.0441371239457875,0.4504347826086956,0.6904347826086956
LTP269,20,10,17,LASER,0,0.7760286320698474,0.7760286320698474,-0.0393968986177625,0.0208695652173912,0.3321739130434782
LTP269,20,10,18,SOFTBALL,0,0.8704774621904494,0.8704774621904494,0.0536689075597695,0.72,0.7339130434782608
LTP269,20,10,19,BOX,0,0.7678026707671647,0.7678026707671647,0.1209210431949199,0.0086956521739129,0.8904347826086957
LTP269,20,10,20,BULLET,0,0.8673577247354922,0.8673577247354922,0.1423057788776538,0.6834782608695652,0.9321739130434784
LTP269,20,10,21,UNCLE,0,0.8012737989980828,0.8012737989980828,0.0770213452958525,0.088695652173913,0.7808695652173914
LTP269,20,10,22,MOTEL,0,0.8776884724803753,0.8776884724803753,0.0298236603649508,0.8591304347826088,0.6469565217391304
LTP269,20,10,23,CRUTCH,0,0.8802114007765003,0.8802114007765003,-0.1887484185882533,0.888695652173913,0.026086956521739
LTP269,20,10,24,TILE,0,0.8456318688890414,0.8456318688890414,0.1970189664576443,0.4,0.9686956521739132
LTP269,20,11,1,MUSTARD,1,0.7686447849798812,0.7686447849798812,-0.0866645350970068,0.0121739130434782,0.1460869565217391
LTP269,20,11,2,APPLE,1,0.8476537492190251,0.8476537492190251,0.0613192906806464,0.4278260869565217,0.751304347826087
LTP269,20,11,3,OZONE,1,0.8465178440071973,0.8465178440071973,-0.0015143712434657,0.4139130434782608,0.5043478260869565
LTP269,20,11,4,DRIVER,1,0.8310087829032455,0.8310087829032455,-0.0708291394195433,0.2556521739130435,0.2539130434782608
LTP269,20,11,5,OYSTER,0,0.8570868083866409,0.8570868083866409,-0.0298438492792294,0.5565217391304348,0.4
LTP269,20,11,6,STICKER,1,0.8601123981834808,0.8601123981834808,0.0635343123040057,0.5843478260869566,0.7652173913043478
LTP269,20,11,7,DASHBOARD,0,0.8810297721859816,0.8810297721859816,0.035862210380182,0.8869565217391304,0.6956521739130435
LTP269,20,11,8,CORAL,1,0.8399006336856647,0.8399006336856647,0.0039732429677133,0.337391304347826,0.5530434782608695
LTP269,20,11,9,CRAB,1,0.8621886829517498,0.8621886829517498,-0.1249496469012425,0.6730434782608696,0.1130434782608695
LTP269,20,11,10,MARKER,0,0.8645493612283215,0.8645493612283215,-0.0610633717735176,0.6921739130434783,0.3304347826086956
LTP269,20,11,11,GUITAR,0,0.7695094836344689,0.7695094836344689,0.0426907691613443,0.0086956521739129,0.6869565217391305
LTP269,20,11,12,PREACHER,0,0.8461223878986562,0.8461223878986562,-0.0757112501649368,0.3982608695652174,0.2486956521739131
LTP269,20,11,13,CUPBOARD,0,0.8874503305021986,0.8874503305021986,0.1197847334959123,0.9269565217391303,0.8921739130434783
LTP269,20,11,14,CITRUS,0,0.8649058473199112,0.8649058473199112,-0.1061217390183759,0.6556521739130434,0.1634782608695651
LTP269,20,11,15,LION,0,0.8336740957944001,0.8336740957944001,-0.002231496761288,0.2504347826086956,0.5147826086956522
LTP269,20,11,16,SKILLET,0,0.8898850955367229,0.8898850955367229,-0.0929202575702811,0.951304347826087,0.16
LTP269,20,11,17,CLAM,0,0.7909935488426181,0.7909935488426181,0.0259034245159719,0.0504347826086956,0.6278260869565218
LTP269,20,11,18,PEDAL,0,0.8591059843980321,0.8591059843980321,0.0050836707904773,0.5617391304347826,0.551304347826087
LTP269,20,11,19,BIKE,0,0.8766426331291333,0.8766426331291333,0.1021393552352446,0.7947826086956522,0.8678260869565217
LTP269,20,11,20,EAGLE,1,0.8415646025541322,0.8415646025541322,-0.0372698523999996,0.3269565217391305,0.3652173913043478
LTP269,20,11,21,LUNCH,1,0.8065432671604507,0.8065432671604507,-0.1534136833603566,0.1060869565217391,0.0608695652173912
LTP269,20,11,22,TWIG,0,0.8493436411078856,0.8493436411078856,-0.0454716253367129,0.4313043478260869,0.3321739130434782
LTP269,20,11,23,PASTRY,0,0.862657466401976,0.862657466401976,-0.0442606806201523,0.6052173913043478,0.3947826086956522
LTP269,20,11,24,HEART,0,0.8674918375605017,0.8674918375605017,-0.1912835890991601,0.6973913043478261,0.0365217391304347
LTP269,20,12,1,MISSILE,0,0.846163910708878,0.846163910708878,0.0362379860376044,0.3965217391304347,0.6608695652173913
LTP269,20,12,2,TAXI,0,0.8630650619503323,0.8630650619503323,0.0822316706910951,0.6156521739130435,0.8121739130434783
LTP269,20,12,3,HIKER,0,0.8656348855898044,0.8656348855898044,-0.163282407906095,0.671304347826087,0.0713043478260869
LTP269,20,12,4,MARROW,0,0.8779445345513075,0.8779445345513075,-0.004707225412465,0.8347826086956522,0.4973913043478261
LTP269,20,12,5,BODY,0,0.7445808343998522,0.7445808343998522,-0.0914114053910232,0.0017391304347825,0.1791304347826087
LTP269,20,12,6,PIMPLE,0,0.8677107294553651,0.8677107294553651,0.0135336834544386,0.6747826086956521,0.5652173913043479
LTP269,20,12,7,ISLAND,0,0.769185672446046,0.769185672446046,0.0489852247956301,0.0086956521739129,0.6852173913043478
LTP269,20,12,8,PORK,1,0.8527115690092352,0.8527115690092352,-0.018556493310669,0.5721739130434782,0.457391304347826
LTP269,20,12,9,PIANO,0,0.853042524790067,0.853042524790067,0.0409914715828444,0.5234782608695652,0.671304347826087
LTP269,20,12,10,NIGHTGOWN,0,0.8311091291948747,0.8311091291948747,-0.1157987786429972,0.2556521739130435,0.1460869565217391
LTP269,20,12,11,CLOTHES,0,0.8670770009341779,0.8670770009341779,-0.0579198565002081,0.7095652173913043,0.2973913043478261
LTP269,20,12,12,PATROL,1,0.8645801948989977,0.8645801948989977,0.0888829346461178,0.6521739130434783,0.8
LTP269,20,12,13,JOURNAL,1,0.8382801050862937,0.8382801050862937,-0.000684305651685,0.288695652173913,0.5356521739130435
LTP269,20,12,14,FOX,0,0.7980309005108591,0.7980309005108591,-0.0178610356390633,0.0817391304347826,0.4695652173913043
LTP269,20,12,15,CLAMP,1,0.798143443165667,0.798143443165667,-0.0954603882195752,0.0747826086956521,0.1530434782608696
LTP269,20,12,16,SUMMIT,0,0.839947711569055,0.839947711569055,-0.1258809846347527,0.3095652173913044,0.1182608695652174
LTP269,20,12,17,SEAGULL,0,0.8846585276445953,0.8846585276445953,-0.0467015351768472,0.9321739130434784,0.3739130434782608
LTP269,20,12,18,CABIN,0,0.8387820522798258,0.8387820522798258,-0.0500436695628703,0.3008695652173913,0.3078260869565217
LTP269,20,12,19,LONDON,0,0.8132529883235509,0.8132529883235509,0.2008814103409336,0.1321739130434782,0.9686956521739132
LTP269,20,12,20,FRANCE,0,0.8557635228979539,0.8557635228979539,0.007042876817164,0.5147826086956522,0.5304347826086957
LTP269,20,12,21,ITEM,0,0.8280840445781527,0.8280840445781527,-0.000691699200166,0.2226086956521739,0.5547826086956522
LTP269,20,12,22,GREASE,1,0.8567345976919021,0.8567345976919021,-0.1239184823759138,0.528695652173913,0.1304347826086956
LTP269,20,12,23,LIPSTICK,1,0.8719177924463737,0.8719177924463737,0.0398817164248191,0.7652173913043478,0.662608695652174
LTP269,20,12,24,TROMBONE,1,0.8793674246714024,0.8793674246714024,-0.0135834480752074,0.8556521739130435,0.4904347826086956
LTP269,20,13,1,CREATURE,0,0.8543430362841167,0.8543430362841167,0.0290871326060818,0.4956521739130435,0.6452173913043479
LTP269,20,13,2,JEANS,1,0.8601335845336644,0.8601335845336644,-0.1675633695828758,0.5843478260869566,0.0556521739130434
LTP269,20,13,3,SHORTS,1,0.8176465624228786,0.8176465624228786,-0.065901740603123,0.1478260869565217,0.2921739130434783
LTP269,20,13,4,SERVER,1,0.8179289275419824,0.8179289275419824,-0.0451076575040942,0.1460869565217391,0.3686956521739131
LTP269,20,13,5,GRAPE,0,0.7746185209930432,0.7746185209930432,-0.0426797454298945,0.0139130434782608,0.3391304347826087
LTP269,20,13,6,LADDER,1,0.8292428255895572,0.8292428255895572,-0.0635864811152338,0.2139130434782609,0.3182608695652174
LTP269,20,13,7,COBRA,1,0.8109899981525077,0.8109899981525077,-0.018698417410086,0.1217391304347825,0.4399999999999999
LTP269,20,13,8,COUNTY,0,0.8447564974528315,0.8447564974528315,0.113651023201552,0.3617391304347825,0.8921739130434783
LTP269,20,13,9,DOUGHNUT,1,0.8856394130838169,0.8856394130838169,-0.070356543588094,0.9165217391304348,0.2869565217391304
LTP269,20,13,10,CYCLONE,0,0.8819088335913653,0.8819088335913653,0.0508579670215118,0.8991304347826087,0.7165217391304348
LTP269,20,13,11,SKIRT,1,0.8545613064723094,0.8545613064723094,-0.0316963949729887,0.5043478260869565,0.4173913043478261
LTP269,20,13,12,WAGON,0,0.8471450362203885,0.8471450362203885,-0.1215561297792255,0.4,0.12
LTP269,20,13,13,COURSE,0,0.8336507425572113,0.8336507425572113,0.0474400370966898,0.24,0.7530434782608696
LTP269,20,13,14,BLOUSE,1,0.8747580247325253,0.8747580247325253,-0.0270277431406002,0.7947826086956522,0.48
LTP269,20,13,15,COUNTRY,0,0.8529202700936553,0.8529202700936553,0.303154486683553,0.5147826086956522,0.991304347826087
LTP269,20,13,16,STOMACH,1,0.8204421830769368,0.8204421830769368,-0.0375874887103059,0.168695652173913,0.4156521739130434
LTP269,20,13,17,GAZELLE,0,0.8579685694537229,0.8579685694537229,-0.087520622429287,0.568695652173913,0.2556521739130435
LTP269,20,13,18,MONSTER,0,0.8502531577722284,0.8502531577722284,-0.0730406679769052,0.4591304347826087,0.3026086956521739
LTP269,20,13,19,CHIPMUNK,0,0.8791564809985104,0.8791564809985104,-0.0785886120001439,0.84,0.2295652173913043
LTP269,20,13,20,GIFT,0,0.8486680265938349,0.8486680265938349,0.0592119279875831,0.4330434782608695,0.7217391304347827
LTP269,20,13,21,FLEET,1,0.8382255327070877,0.8382255327070877,0.0077859002140655,0.288695652173913,0.5895652173913044
LTP269,20,13,22,COLONEL,1,0.8796931041976195,0.8796931041976195,0.1501107733663921,0.8504347826086956,0.9252173913043478
LTP269,20,13,23,CONTRACT,1,0.8172789892679667,0.8172789892679667,0.1720002225119107,0.1443478260869565,0.9565217391304348
LTP269,20,13,24,ICING,1,0.8512173801296895,0.8512173801296895,-0.1000762244860266,0.4695652173913043,0.1913043478260869
LTP269,20,14,1,FRAGRANCE,1,0.8765927344474841,0.8765927344474841,0.0617834686645926,0.8069565217391305,0.7756521739130435
LTP269,20,14,2,CAPTIVE,1,0.8376905066684421,0.8376905066684421,0.0357999584220185,0.2834782608695652,0.6956521739130435
LTP269,20,14,3,CONVICT,1,0.835889761047584,0.835889761047584,0.2683228962955025,0.2678260869565217,0.9947826086956522
LTP269,20,14,4,TRANSPLANT,0,0.7963474484859101,0.7963474484859101,0.0731325164423953,0.0695652173913043,0.7860869565217391
LTP269,20,14,5,SWITCH,0,0.7800506116301158,0.7800506116301158,0.0037473844560861,0.0226086956521739,0.5582608695652174
LTP269,20,14,6,NEUTRON,0,0.8957334082735917,0.8957334082735917,0.0801711764461327,0.9878260869565216,0.7860869565217391
LTP269,20,14,7,IDOL,0,0.787250244775198,0.787250244775198,-0.0527541073552302,0.0382608695652173,0.3130434782608695
LTP269,20,14,8,PARTNER,0,0.8494648049161951,0.8494648049161951,0.0102302994367886,0.4399999999999999,0.6017391304347826
LTP269,20,14,9,GALLON,0,0.8436303846763903,0.8436303846763903,0.0370783995034806,0.36,0.6852173913043478
LTP269,20,14,10,ANTLER,0,0.865805423949764,0.865805423949764,0.0978190429594554,0.7043478260869565,0.817391304347826
LTP269,20,14,11,LOVER,0,0.7971199464424366,0.7971199464424366,0.1146247678403065,0.0834782608695652,0.8539130434782609
LTP269,20,14,12,MILDEW,0,0.8822909469931192,0.8822909469931192,-0.0509811868628226,0.9008695652173913,0.3408695652173913
LTP269,20,14,13,POLICE,1,0.8275862819408693,0.8275862819408693,-0.0612442128152137,0.2226086956521739,0.2991304347826087
LTP269,20,14,14,COMET,0,0.8422226052996529,0.8422226052996529,0.1270264288890909,0.3408695652173913,0.88
LTP269,20,14,15,THREAD,1,0.8452208638778291,0.8452208638778291,-0.0020869054606407,0.3808695652173913,0.5339130434782609
LTP269,20,14,16,JUNGLE,1,0.8790592029782228,0.8790592029782228,0.0231416859797194,0.8678260869565217,0.6226086956521739
LTP269,20,14,17,AWARD,1,0.8396888748534531,0.8396888748534531,-0.0428970826284589,0.3026086956521739,0.351304347826087
LTP269,20,14,18,SHERIFF,1,0.8818159685906144,0.8818159685906144,0.0410406977579071,0.8956521739130435,0.6765217391304348
LTP269,20,14,19,CURTAIN,0,0.8937412187061432,0.8937412187061432,-0.0819628430590783,0.9791304347826086,0.1930434782608695
LTP269,20,14,20,BADGE,1,0.837907468989059,0.837907468989059,-0.0952081276442731,0.2921739130434783,0.1652173913043478
LTP269,20,14,21,VIRUS,0,0.8173570556484518,0.8173570556484518,0.013298608509514,0.1530434782608696,0.5860869565217391
LTP269,20,14,22,CASKET,0,0.8890855525472087,0.8890855525472087,-0.0699279120507518,0.96,0.2591304347826086
LTP269,20,14,23,BOYFRIEND,0,0.872914295415852,0.872914295415852,0.0576995602535473,0.7791304347826087,0.7321739130434783
LTP269,20,14,24,FRIEND,0,0.845513496628172,0.845513496628172,0.1596007810516406,0.3791304347826086,0.9460869565217392
LTP269,20,15,1,NOVEL,1,0.8309703686246201,0.8309703686246201,0.0981799181461963,0.2417391304347825,0.8817391304347826
LTP269,20,15,2,MARSH,1,0.8705384956153398,0.8705384956153398,0.0223775926548651,0.7739130434782608,0.6173913043478261
LTP269,20,15,3,SHOVEL,1,0.8968982753762305,0.8968982753762305,0.0658510001810491,0.991304347826087,0.7495652173913043
LTP269,20,15,4,GLOVE,1,0.8879999131409334,0.8879999131409334,0.0092754214752822,0.9530434782608695,0.5617391304347826
LTP269,20,15,5,ELBOW,0,0.8535651815445516,0.8535651815445516,-0.0048743318130707,0.528695652173913,0.5026086956521739
LTP269,20,15,6,TOMBSTONE,1,0.8795629258836676,0.8795629258836676,-0.0307683755105169,0.8713043478260869,0.4121739130434783
LTP269,20,15,7,BUCKET,0,0.8616976712934159,0.8616976712934159,-0.0719898636362505,0.6330434782608696,0.2504347826086956
LTP269,20,15,8,BOARD,0,0.7883778473543913,0.7883778473543913,0.1176836212605362,0.04,0.902608695652174
LTP269,20,15,9,STREAM,0,0.8744248228500717,0.8744248228500717,-0.0530673478045585,0.8208695652173913,0.288695652173913
LTP269,20,15,10,WORLD,0,0.8137083353779606,0.8137083353779606,0.0110996172098003,0.1391304347826086,0.5704347826086957
LTP269,20,15,11,CATCHER,1,0.8698901581037612,0.8698901581037612,-0.0349156025793679,0.7443478260869565,0.4052173913043478
LTP269,20,15,12,JUDGE,1,0.8273207359162773,0.8273207359162773,0.0799966495901146,0.2347826086956521,0.8069565217391305
LTP269,20,15,13,SUSPECT,1,0.8736618249341161,0.8736618249341161,0.0800249350132486,0.7808695652173914,0.7860869565217391
LTP269,20,15,14,ANKLE,0,0.8616566800311654,0.8616566800311654,-0.0167291751772448,0.6452173913043479,0.4660869565217391
LTP269,20,15,15,PLAZA,0,0.7918372888649654,0.7918372888649654,-0.0283647396993054,0.0660869565217391,0.4069565217391304
LTP269,20,15,16,CATTLE,0,0.8855622406117044,0.8855622406117044,-0.1035291289580173,0.9356521739130436,0.1408695652173913
LTP269,20,15,17,WRENCH,0,0.8419952380143093,0.8419952380143093,0.0421948147958773,0.3878260869565217,0.7078260869565217
LTP269,20,15,18,BRANDY,0,0.8726985398145222,0.8726985398145222,0.0311089379094955,0.7947826086956522,0.6608695652173913
LTP269,20,15,19,EMPIRE,0,0.8352625348928343,0.8352625348928343,0.0150892207752995,0.2921739130434783,0.5565217391304348
LTP269,20,15,20,FRIAR,1,0.8483969159849662,0.8483969159849662,0.0236002547714632,0.4817391304347825,0.6382608695652174
LTP269,20,15,21,SHOULDER,0,0.8651580193785744,0.8651580193785744,-0.0523501286447756,0.7165217391304348,0.328695652173913
LTP269,20,15,22,CHURCH,0,0.812687651747548,0.812687651747548,0.1827087299526593,0.1478260869565217,0.951304347826087
LTP269,20,15,23,TEMPLE,0,0.869144520476563,0.869144520476563,-0.0761376618537544,0.7756521739130435,0.2556521739130435
LTP269,20,15,24,GRAVE,0,0.7809584659342704,0.7809584659342704,-0.0472433265012894,0.0347826086956521,0.3547826086956521
LTP269,20,16,1,WASP,1,0.8128803685665482,0.8128803685665482,0.072784258655174,0.2556521739130435,0.6991304347826087
LTP269,20,16,2,DRINK,1,0.787202278865247,0.787202278865247,-0.0785886448197762,0.1269565217391304,0.2782608695652173
LTP269,20,16,3,CHAMPAGNE,1,0.8235480453108808,0.8235480453108808,-0.0616955954908021,0.3321739130434782,0.2765217391304347
LTP269,20,16,4,LEOPARD,1,0.8316572648894026,0.8316572648894026,-0.0891061331092212,0.5147826086956522,0.1826086956521738
LTP269,20,16,5,DIVER,1,0.7525822141020551,0.7525822141020551,-0.035919927324865,0.048695652173913,0.3895652173913043
LTP269,20,16,6,CRICKET,1,0.8552245504018506,0.8552245504018506,0.0046850738543553,0.7304347826086957,0.5060869565217392
LTP269,20,16,7,TERMITE,1,0.8575491397179695,0.8575491397179695,-0.0937483957403842,0.7756521739130435,0.2017391304347826
LTP269,20,16,8,HONEY,1,0.8527020134772437,0.8527020134772437,0.1576810802573204,0.6747826086956521,0.8939130434782608
LTP269,20,16,9,CHEST,1,0.7645032369608943,0.7645032369608943,-0.2091799416045482,0.0591304347826087,0.026086956521739
LTP269,20,16,10,TURKEY,0,0.8342849296353372,0.8342849296353372,-0.0971107034970981,0.6678260869565218,0.1947826086956522
LTP269,20,16,11,COOK,0,0.8052899533619688,0.8052899533619688,-0.1013471560037042,0.1408695652173913,0.1843478260869565
LTP269,20,16,12,GLASS,0,0.8483851347572788,0.8483851347572788,0.024679241851556,0.5565217391304348,0.5965217391304347
LTP269,20,16,13,BANK,0,0.8576493346849828,0.8576493346849828,0.1164104594685762,0.8052173913043479,0.8382608695652174
LTP269,20,16,14,DIME,0,0.819524864524359,0.819524864524359,-0.0614697640405457,0.3252173913043478,0.3095652173913044
LTP269,20,16,15,COFFEE,0,0.8256295797473274,0.8256295797473274,-0.0530581166367862,0.5669565217391304,0.2747826086956522
LTP269,20,16,16,MESSAGE,0,0.834863836688825,0.834863836688825,-0.0325261057418896,0.337391304347826,0.4226086956521739
LTP269,20,16,17,STAMP,1,0.7698490264777074,0.7698490264777074,-0.0570085401919804,0.0817391304347826,0.3095652173913044
LTP269,20,16,18,TOASTER,0,0.8176422338295797,0.8176422338295797,-0.0472693990074477,0.3182608695652174,0.3199999999999999
LTP269,20,16,19,HORSE,0,0.8328305764427102,0.8328305764427102,-0.05342848524392,0.4608695652173913,0.3113043478260869
LTP269,20,16,20,PAPER,0,0.7666975652225645,0.7666975652225645,-0.0532064079937628,0.0556521739130434,0.2939130434782608
LTP269,20,16,21,QUEEN,0,0.8411416569666128,0.8411416569666128,0.0721579699788099,0.6991304347826087,0.7704347826086957
LTP269,20,16,22,KLEENEX,0,0.8140287408489161,0.8140287408489161,0.0188448492531657,0.3339130434782609,0.6017391304347826
LTP269,20,16,23,BROTHER,0,0.8420545562102236,0.8420545562102236,-0.130437418872517,0.6973913043478261,0.1669565217391304
LTP269,20,16,24,BINDER,1,0.8347007077042009,0.8347007077042009,-0.0602888868119998,0.3913043478260869,0.3269565217391305
LTP269,20,17,1,SHARK,1,0.7773256787869208,0.7773256787869208,-0.1644628178437817,0.0313043478260869,0.04
LTP269,20,17,2,POSSUM,1,0.8439281176416512,0.8439281176416512,0.0261608349707127,0.4104347826086957,0.6260869565217391
LTP269,20,17,3,BEAVER,1,0.8429614459954082,0.8429614459954082,-0.0382107200048383,0.3913043478260869,0.3669565217391304
LTP269,20,17,4,SCALPEL,1,0.8822247077828715,0.8822247077828715,0.0841557454202314,0.8921739130434783,0.8330434782608696
LTP269,20,17,5,DENTIST,1,0.8364090441126892,0.8364090441126892,-0.2443681819170311,0.3234782608695652,0.0069565217391304
LTP269,20,17,6,BACKBONE,1,0.8892705274305698,0.8892705274305698,0.0663147027159047,0.9460869565217392,0.7704347826086957
LTP269,20,17,7,SCOTCH,1,0.863455106066772,0.863455106066772,0.0526161112284396,0.6382608695652174,0.728695652173913
LTP269,20,17,8,WASHER,0,0.8486680162928493,0.8486680162928493,-0.043919858023756,0.471304347826087,0.3026086956521739
LTP269,20,17,9,SLOPE,0,0.8575578760760939,0.8575578760760939,-0.0444602120278742,0.5652173913043479,0.3391304347826087
LTP269,20,17,10,UMPIRE,0,0.8540428605639849,0.8540428605639849,-0.0377880730627074,0.5217391304347826,0.3182608695652174
LTP269,20,17,11,LAGOON,1,0.830463256204074,0.830463256204074,-0.1173659824185081,0.2643478260869565,0.1165217391304347
LTP269,20,17,12,VALLEY,1,0.8839445642219644,0.8839445642219644,0.1267654031637633,0.8939130434782608,0.8556521739130435
LTP269,20,17,13,WHISKERS,1,0.8678782227218036,0.8678782227218036,-0.0496300107019287,0.6817391304347826,0.3304347826086956
LTP269,20,17,14,FILM,0,0.8645937210754302,0.8645937210754302,0.0415273435490505,0.6556521739130434,0.6226086956521739
LTP269,20,17,15,OFFICE,0,0.8501381334903908,0.8501381334903908,-0.083135073049592,0.4643478260869565,0.1826086956521738
LTP269,20,17,16,CLIMBER,0,0.8341478358726772,0.8341478358726772,0.1010668361436672,0.2817391304347826,0.88
LTP269,20,17,17,APRON,0,0.8811298831193396,0.8811298831193396,0.1055864947023848,0.8556521739130435,0.8486956521739131
LTP269,20,17,18,WORKER,0,0.854449163239005,0.854449163239005,0.0473591509295661,0.5443478260869565,0.6991304347826087
LTP269,20,17,19,PADDLE,1,0.8679102190632011,0.8679102190632011,-0.1096061280433896,0.6869565217391305,0.1373913043478261
LTP269,20,17,20,PRINCE,1,0.8141638109142499,0.8141638109142499,0.0254624196112278,0.1565217391304347,0.5947826086956522
LTP269,20,17,21,PARSLEY,1,0.8714542130872784,0.8714542130872784,0.0459536803672833,0.7443478260869565,0.6730434782608696
LTP269,20,17,22,FUNGUS,1,0.8629152755997573,0.8629152755997573,-0.0307994226801335,0.6278260869565218,0.3860869565217391
LTP269,20,17,23,DORM,0,0.7860657733787261,0.7860657733787261,0.0192196170584544,0.0313043478260869,0.5756521739130435
LTP269,20,17,24,BACON,0,0.7888951188051643,0.7888951188051643,-0.1464736139832479,0.0434782608695651,0.0765217391304348
LTP269,20,18,1,LILY,0,0.80923743855243,0.80923743855243,0.0051145074078162,0.128695652173913,0.5321739130434783
LTP269,20,18,2,INFANT,0,0.868049358180393,0.868049358180393,0.0162989508553375,0.6747826086956521,0.5460869565217391
LTP269,20,18,3,NURSE,0,0.8754698785726263,0.8754698785726263,-0.0199401238825398,0.7756521739130435,0.4417391304347826
LTP269,20,18,4,CHAPEL,0,0.834615098387451,0.834615098387451,-0.0803782016776302,0.2730434782608696,0.2365217391304347
LTP269,20,18,5,CROSS,0,0.8764992613988883,0.8764992613988883,0.0964118538448463,0.7930434782608695,0.817391304347826
LTP269,20,18,6,CUSTARD,0,0.871928961482466,0.871928961482466,-0.0254848102454513,0.7426086956521739,0.3808695652173913
LTP269,20,18,7,WITNESS,0,0.8235318908072191,0.8235318908072191,0.0808854679135227,0.1930434782608695,0.7669565217391304
LTP269,20,18,8,AIRPORT,0,0.8424666182651794,0.8424666182651794,-0.0122651301722082,0.36,0.4608695652173913
LTP269,20,18,9,BISON,0,0.8686700068009614,0.8686700068009614,0.098505492664505,0.6730434782608696,0.8260869565217391
LTP269,20,18,10,YARN,0,0.8758352753767543,0.8758352753767543,0.0729156813765503,0.782608695652174,0.7495652173913043
LTP269,20,18,11,SNAKE,0,0.8997222258485956,0.8997222258485956,0.2324671585555158,0.9843478260869564,0.9860869565217392
LTP269,20,18,12,BLOCKADE,0,0.8560348851826463,0.8560348851826463,-0.0909790920209599,0.5547826086956522,0.2956521739130434
LTP269,20,18,13,BRICK,0,0.8978364951891106,0.8978364951891106,0.1657340496231371,0.9739130434782608,0.8834782608695653
LTP269,20,18,14,PUDDLE,0,0.8929062632463322,0.8929062632463322,0.0375317943362232,0.942608695652174,0.6295652173913043
LTP269,20,18,15,MUFFIN,0,0.8544638175305953,0.8544638175305953,-0.1147683563939272,0.5269565217391304,0.24
LTP269,20,18,16,PRIMATE,0,0.8349567713031228,0.8349567713031228,-0.0597030409779674,0.3321739130434782,0.4226086956521739
LTP269,20,18,17,COUSIN,0,0.87268476707374,0.87268476707374,0.0570177600021962,0.7234782608695652,0.6921739130434783
LTP269,20,18,18,BURGLAR,1,0.8822079069399916,0.8822079069399916,0.0233493080849007,0.8417391304347825,0.5756521739130435
LTP269,20,18,19,FIREMAN,0,0.8841658556496603,0.8841658556496603,0.0293239211159948,0.8591304347826088,0.6486956521739131
LTP269,20,18,20,PALACE,0,0.86248773507284,0.86248773507284,0.1281213856864844,0.6104347826086957,0.8660869565217392
LTP269,20,18,21,PRINCESS,0,0.8944288248883429,0.8944288248883429,0.4017574902764254,0.9617391304347828,1.0
LTP269,20,18,22,MASK,0,0.7971951806774695,0.7971951806774695,-0.0817308317245414,0.0904347826086956,0.2556521739130435
LTP269,20,18,23,POWDER,0,0.8302271389494641,0.8302271389494641,-0.1331894134597833,0.2469565217391304,0.1321739130434782
LTP269,20,18,24,FLOWER,1,0.8833360792391884,0.8833360792391884,0.0202069782474992,0.8730434782608696,0.5739130434782609
LTP269,20,19,1,CEILING,1,0.8425343811179853,0.8425343811179853,-0.0066788717298047,0.3530434782608695,0.4973913043478261
LTP269,20,19,2,GARBAGE,0,0.8796985541336595,0.8796985541336595,-0.0896437634534895,0.8417391304347825,0.2034782608695652
LTP269,20,19,3,CAMEL,1,0.8891531468824199,0.8891531468824199,0.1212277483800148,0.928695652173913,0.8660869565217392
LTP269,20,19,4,STOVE,1,0.8506329851806125,0.8506329851806125,-0.0053108291168844,0.4452173913043478,0.4539130434782609
LTP269,20,19,5,PISTOL,1,0.8686309695767163,0.8686309695767163,-0.0997575087901551,0.6869565217391305,0.1878260869565217
LTP269,20,19,6,EGYPT,1,0.8545847399820004,0.8545847399820004,0.0678765778950381,0.5026086956521739,0.7547826086956522
LTP269,20,19,7,SPIDER,0,0.8720056756370255,0.8720056756370255,0.1213699126060435,0.7252173913043478,0.8782608695652174
LTP269,20,19,8,COCOON,0,0.8146194969621853,0.8146194969621853,-0.1767147595701012,0.1356521739130435,0.0539130434782608
LTP269,20,19,9,TRENCH,0,0.8277842476183749,0.8277842476183749,-0.0837633324555507,0.2139130434782609,0.2608695652173913
LTP269,20,19,10,LAVA,0,0.7963498624926095,0.7963498624926095,-0.0946557112432811,0.0730434782608695,0.1565217391304347
LTP269,20,19,11,LADY,0,0.8027487533045152,0.8027487533045152,0.0464187399562232,0.0921739130434782,0.6747826086956521
LTP269,20,19,12,PLASTER,0,0.8041017229113201,0.8041017229113201,-0.0628393683006846,0.0921739130434782,0.2695652173913043
LTP269,20,19,13,MACHINE,0,0.8369371595986932,0.8369371595986932,-0.0699422573788902,0.2695652173913043,0.2191304347826087
LTP269,20,19,14,HOSTESS,0,0.8367334684724377,0.8367334684724377,0.1078561862820965,0.2678260869565217,0.8939130434782608
LTP269,20,19,15,WAITER,0,0.8459216891835049,0.8459216891835049,-0.1612208726838952,0.3860869565217391,0.0521739130434782
LTP269,20,19,16,ULCER,0,0.8441040077323351,0.8441040077323351,-0.1584300456428027,0.3686956521739131,0.0695652173913043
LTP269,20,19,17,YOLK,0,0.8700696957055698,0.8700696957055698,-0.1726055516010301,0.702608695652174,0.0295652173913043
LTP269,20,19,18,BREAST,1,0.8704828162346727,0.8704828162346727,-0.0375835427963828,0.711304347826087,0.3460869565217391
LTP269,20,19,19,CIGAR,1,0.8613345785826669,0.8613345785826669,-0.017767586579102,0.5947826086956522,0.4452173913043478
LTP269,20,19,20,MISTER,1,0.8202121622557399,0.8202121622557399,0.1819541350304017,0.1565217391304347,0.9617391304347828
LTP269,20,19,21,FINGER,0,0.8932065787918707,0.8932065787918707,0.0668550581139177,0.9686956521739132,0.7460869565217392
LTP269,20,19,22,PARROT,1,0.8491541774832392,0.8491541774832392,-0.0923360287892217,0.4121739130434783,0.1652173913043478
LTP269,20,19,23,STATUE,1,0.8074292373604298,0.8074292373604298,-0.12172178521574,0.1130434782608695,0.1078260869565217
LTP269,20,19,24,CONCERT,0,0.8081831636291191,0.8081831636291191,-0.1082951556803481,0.12,0.1391304347826086
LTP269,20,20,1,MUMMY,0,0.858301684230028,0.858301684230028,-0.0462147629032953,0.5530434782608695,0.351304347826087
LTP269,20,20,2,LUGGAGE,0,0.8877894196047389,0.8877894196047389,0.177126847620924,0.9321739130434784,0.9443478260869566
LTP269,20,20,3,CANAL,0,0.8653200682664569,0.8653200682664569,-0.0785308309049998,0.6313043478260869,0.2295652173913043
LTP269,20,20,4,RIVER,0,0.8731576570438415,0.8731576570438415,0.0174871085942142,0.7565217391304347,0.5530434782608695
LTP269,20,20,5,JUGGLER,0,0.8503013129581722,0.8503013129581722,0.0380848240765565,0.4365217391304348,0.6747826086956521
LTP269,20,20,6,CLOUD,0,0.8511017726270932,0.8511017726270932,0.0107798952728616,0.4521739130434783,0.5356521739130435
LTP269,20,20,7,DRESSER,0,0.8547313598160482,0.8547313598160482,0.1650660420583313,0.5130434782608695,0.928695652173913
LTP269,20,20,8,TOURIST,0,0.8589702814216276,0.8589702814216276,-0.142876900881428,0.5547826086956522,0.0817391304347826
LTP269,20,20,9,VICTIM,0,0.8147390538326955,0.8147390538326955,-0.0728254574532555,0.1426086956521739,0.2486956521739131
LTP269,20,20,10,SPHINX,0,0.862327353722269,0.862327353722269,-0.0766835385136521,0.6104347826086957,0.2347826086956521
LTP269,20,20,11,LODGE,0,0.8729606857497759,0.8729606857497759,0.1644538849952652,0.751304347826087,0.9252173913043478
LTP269,20,20,12,WINDOW,0,0.8381282550696462,0.8381282550696462,-0.0156077477503035,0.3008695652173913,0.457391304347826
LTP269,20,20,13,DANCER,0,0.8885917501019197,0.8885917501019197,0.0529577884264771,0.9391304347826088,0.6991304347826087
LTP269,20,20,14,LEG,0,0.8478683297127204,0.8478683297127204,0.2455413896999702,0.4104347826086957,0.9843478260869564
LTP269,20,20,15,HORNET,0,0.8727012466695386,0.8727012466695386,0.0532995238490271,0.7495652173913043,0.6956521739130435
LTP269,20,20,16,GRIZZLY,1,0.8663066225460826,0.8663066225460826,0.1993246517553346,0.6539130434782608,0.9495652173913044
LTP269,20,20,17,BEAST,1,0.8061109581260111,0.8061109581260111,0.0316061298295133,0.1165217391304347,0.6365217391304347
LTP269,20,20,18,BROOK,1,0.8425545370073502,0.8425545370073502,-0.0366936720456438,0.3617391304347825,0.3634782608695652
LTP269,20,20,19,FIREPLACE,1,0.8770297093401237,0.8770297093401237,0.0074136119524415,0.8104347826086956,0.511304347826087
LTP269,20,20,20,STAKE,1,0.8177098433132469,0.8177098433132469,-0.0625349709335462,0.1547826086956522,0.2817391304347826
LTP269,20,20,21,FIDDLE,1,0.903293139067556,0.903293139067556,0.1718736464121336,0.9982608695652174,0.9391304347826088
LTP269,20,20,22,SLIDE,0,0.8738713068402528,0.8738713068402528,0.2107286965238178,0.768695652173913,0.977391304347826
LTP269,20,20,23,SMOG,0,0.8535425015900839,0.8535425015900839,-0.1013462176363928,0.48,0.168695652173913
LTP269,20,20,24,LABEL,0,0.8548684003037176,0.8548684003037176,-0.1143580642919203,0.5130434782608695,0.1530434782608696
LTP269,20,21,1,HEDGE,0,0.8597955355726887,0.8597955355726887,0.2685750371775973,0.5669565217391304,0.9947826086956522
LTP269,20,21,2,DENIM,1,0.8598081050761995,0.8598081050761995,-0.0836062037910863,0.568695652173913,0.2330434782608695
LTP269,20,21,3,TURTLE,0,0.8963288684297559,0.8963288684297559,0.0636954907412509,0.9756521739130436,0.711304347826087
LTP269,20,21,4,SHRUB,0,0.8630012224289365,0.8630012224289365,0.152008138742538,0.6104347826086957,0.902608695652174
LTP269,20,21,5,BRANCH,0,0.8423331681337071,0.8423331681337071,-0.0969269255619905,0.3391304347826087,0.1913043478260869
LTP269,20,21,6,HOOK,0,0.8910794994259693,0.8910794994259693,0.0686006415039555,0.9460869565217392,0.711304347826087
LTP269,20,21,7,TWEEZERS,0,0.8446058388918092,0.8446058388918092,0.1022191145551755,0.36,0.8295652173913044
LTP269,20,21,8,LAMP,0,0.8380652552517511,0.8380652552517511,-0.0088744730394658,0.3043478260869565,0.4626086956521739
LTP269,20,21,9,FLASHLIGHT,0,0.847226085744792,0.847226085744792,0.1475864894615624,0.4,0.888695652173913
LTP269,20,21,10,TABLET,0,0.8724507595528865,0.8724507595528865,0.0732989209874966,0.7547826086956522,0.7252173913043478
LTP269,20,21,11,WIFE,0,0.7906017534983278,0.7906017534983278,0.074077458223133,0.0504347826086956,0.768695652173913
LTP269,20,21,12,LACE,0,0.8168591012060501,0.8168591012060501,0.0017055559878985,0.1530434782608696,0.5130434782608695
LTP269,20,21,13,PARENT,0,0.792591778892254,0.792591778892254,-0.0887032086898585,0.0626086956521738,0.2156521739130434
LTP269,20,21,14,SISTER,0,0.7954696280811011,0.7954696280811011,-0.007612013894546,0.0817391304347826,0.4747826086956521
LTP269,20,21,15,GHETTO,0,0.8804734745051888,0.8804734745051888,0.0055843642769675,0.8678260869565217,0.5182608695652173
LTP269,20,21,16,HEADBAND,0,0.8698121837425955,0.8698121837425955,0.0927225637626513,0.7078260869565217,0.7721739130434783
LTP269,20,21,17,PISTON,0,0.873936294538964,0.873936294538964,-0.0665538203979943,0.7739130434782608,0.2834782608695652
LTP269,20,21,18,HOOD,0,0.8753544545311311,0.8753544545311311,0.0782355569100362,0.7843478260869565,0.7443478260869565
LTP269,20,21,19,PIGMENT,0,0.8787652399566368,0.8787652399566368,-0.0175179083752849,0.831304347826087,0.4278260869565217
LTP269,20,21,20,KIDNEY,1,0.8609902616450985,0.8609902616450985,0.1265101779913068,0.5756521739130435,0.8626086956521739
LTP269,20,21,21,RABBIT,1,0.8300902093150548,0.8300902093150548,0.1085655784234209,0.2260869565217391,0.8278260869565217
LTP269,20,21,22,VAGRANT,1,0.8450673913793966,0.8450673913793966,-0.0332076997393956,0.3704347826086956,0.3947826086956522
LTP269,20,21,23,PICNIC,1,0.8303619397716593,0.8303619397716593,-0.0436069210445316,0.2295652173913043,0.3443478260869566
LTP269,20,21,24,KITCHEN,1,0.878573400356725,0.878573400356725,-0.0192773601813919,0.8417391304347825,0.4399999999999999
LTP269,20,22,1,SCARECROW,0,0.8903684344509324,0.8903684344509324,0.0063354240344197,0.937391304347826,0.5339130434782609
LTP269,20,22,2,PEANUT,0,0.8711821139307657,0.8711821139307657,-0.0393241688072783,0.7182608695652174,0.3669565217391304
LTP269,20,22,3,STALLION,1,0.8616269025282862,0.8616269025282862,0.0389161460068413,0.5791304347826087,0.6226086956521739
LTP269,20,22,4,SNAIL,0,0.8781259024270109,0.8781259024270109,0.064575697688076,0.8434782608695652,0.7078260869565217
LTP269,20,22,5,VELVET,0,0.870283798670901,0.870283798670901,0.0298464203156136,0.711304347826087,0.6069565217391304
LTP269,20,22,6,NOMAD,0,0.8115397447246935,0.8115397447246935,-0.0876240881774632,0.1408695652173913,0.2226086956521739
LTP269,20,22,7,COWBOY,1,0.8580141112149273,0.8580141112149273,0.017904482075687,0.5321739130434783,0.5739130434782609
LTP269,20,22,8,GLOBE,0,0.837506595091881,0.837506595091881,-0.0031557481355368,0.288695652173913,0.4852173913043478
LTP269,20,22,9,CRAYON,0,0.8892067098887659,0.8892067098887659,-0.1693472856742484,0.942608695652174,0.0852173913043478
LTP269,20,22,10,CHAUFFEUR,0,0.8442858387818074,0.8442858387818074,-0.0733987586144342,0.3721739130434782,0.2417391304347825
LTP269,20,22,11,HATCHET,1,0.8649883984294147,0.8649883984294147,0.2363702083081278,0.6330434782608696,0.9704347826086956
LTP269,20,22,12,KNIFE,0,0.833218701886879,0.833218701886879,0.1911940047728369,0.2452173913043478,0.9182608695652174
LTP269,20,22,13,DANDRUFF,0,0.8987641460456116,0.8987641460456116,0.2529435964883603,0.991304347826087,0.977391304347826
LTP269,20,22,14,HOUND,0,0.8952465130524473,0.8952465130524473,0.1019037501429353,0.9704347826086956,0.7773913043478261
LTP269,20,22,15,PUPPY,0,0.8844123167159813,0.8844123167159813,-0.0440306475105396,0.9043478260869564,0.3565217391304348
LTP269,20,22,16,SIBLING,0,0.8553908810738192,0.8553908810738192,0.0248529801612278,0.5060869565217392,0.5704347826086957
LTP269,20,22,17,SADDLE,0,0.8702520572085967,0.8702520572085967,0.1586488394431368,0.728695652173913,0.9060869565217392
LTP269,20,22,18,SURVEY,0,0.8262261311610662,0.8262261311610662,-0.138034236607995,0.1999999999999999,0.12
LTP269,20,22,19,FARMER,0,0.8160463322863882,0.8160463322863882,-0.0203070664463435,0.1530434782608696,0.4278260869565217
LTP269,20,22,20,FLESH,0,0.8473895334414683,0.8473895334414683,0.1087831442625252,0.4069565217391304,0.8260869565217391
LTP269,20,22,21,RECORD,0,0.8460463338615571,0.8460463338615571,-0.2294027768765009,0.3930434782608696,0.0226086956521739
LTP269,20,22,22,YACHT,0,0.8784390855372319,0.8784390855372319,-0.0090480900091813,0.8504347826086956,0.4434782608695652
LTP269,20,22,23,SAUSAGE,0,0.826221129798465,0.826221129798465,-0.077613029698886,0.2139130434782609,0.2139130434782609
LTP269,20,22,24,LIVER,0,0.8207249027397686,0.8207249027397686,0.0371679258813157,0.1756521739130434,0.6260869565217391
LTP269,20,23,1,BUG,0,0.8371040840831385,0.8371040840831385,0.0041313190532819,0.2765217391304347,0.5234782608695652
LTP269,20,23,2,HANDBAG,0,0.8803681231172519,0.8803681231172519,0.2203439130865433,0.8713043478260869,0.9739130434782608
LTP269,20,23,3,PENGUIN,0,0.895039449229391,0.895039449229391,-0.0469295431279887,0.9721739130434782,0.3443478260869566
LTP269,20,23,4,HUSBAND,0,0.8500186281264441,0.8500186281264441,0.1400079680411844,0.4347826086956522,0.92
LTP269,20,23,5,LETTUCE,0,0.8791298262564684,0.8791298262564684,-0.0476976683967572,0.8608695652173913,0.3113043478260869
LTP269,20,23,6,RUST,0,0.8545382390252667,0.8545382390252667,-0.059039124150608,0.4869565217391304,0.3234782608695652
LTP269,20,23,7,THRONE,0,0.8574308499616989,0.8574308499616989,0.0849037020844347,0.5269565217391304,0.7426086956521739
LTP269,20,23,8,COUCH,0,0.8399372222632331,0.8399372222632331,-0.0199893174552633,0.3182608695652174,0.4260869565217391
LTP269,20,23,9,TABLE,0,0.8465664558255469,0.8465664558255469,0.0880604638784459,0.3930434782608696,0.8226086956521739
LTP269,20,23,10,ROD,0,0.8409908786523952,0.8409908786523952,-0.0522722589867221,0.3234782608695652,0.3321739130434782
LTP269,20,23,11,SANDWICH,0,0.8938774752530039,0.8938774752530039,0.0302438001016156,0.977391304347826,0.5791304347826087
LTP269,20,23,12,TRUCK,0,0.8420227148872017,0.8420227148872017,-0.0349062317039261,0.3321739130434782,0.3704347826086956
LTP269,20,23,13,GUARD,0,0.8679449389203295,0.8679449389203295,-0.156887984325887,0.7043478260869565,0.0991304347826087
LTP269,20,23,14,POET,0,0.8136609605037094,0.8136609605037094,-0.030587891796131,0.1339130434782608,0.3913043478260869
LTP269,20,23,15,BEEF,0,0.8096906194578787,0.8096906194578787,0.0023582601894759,0.1252173913043478,0.5269565217391304
LTP269,20,23,16,TRACTOR,0,0.8387682950338208,0.8387682950338208,-0.0592432083467424,0.2939130434782608,0.3026086956521739
LTP269,20,23,17,PORTRAIT,1,0.8787670803575888,0.8787670803575888,-0.0001453331698744,0.8573913043478261,0.5182608695652173
LTP269,20,23,18,GRILL,1,0.8676555938414358,0.8676555938414358,-0.0877594588323603,0.6817391304347826,0.2226086956521739
LTP269,20,23,19,CABBAGE,1,0.8394108612149664,0.8394108612149664,-0.0994204352261381,0.3113043478260869,0.1513043478260869
LTP269,20,23,20,DUSTPAN,1,0.8822345424124198,0.8822345424124198,0.2515431437132519,0.8939130434782608,0.9860869565217392
LTP269,20,23,21,DUST,1,0.8447459006729399,0.8447459006729399,-0.0495014567742827,0.3773913043478261,0.3426086956521739
LTP269,20,23,22,WARDROBE,0,0.8942596228398739,0.8942596228398739,0.072732076846162,0.9721739130434782,0.7669565217391304
LTP269,20,23,23,SCRIBBLE,0,0.8258505961501679,0.8258505961501679,-0.0265375526707616,0.2052173913043478,0.4052173913043478
LTP269,20,23,24,SODA,1,0.7921198756552694,0.7921198756552694,-0.0804526519226606,0.0626086956521738,0.2295652173913043
LTP269,20,24,1,ASIA,0,0.7941611225836259,0.7941611225836259,0.0600232945289455,0.0521739130434782,0.728695652173913
LTP269,20,24,2,STAR,0,0.8403412498589531,0.8403412498589531,0.0697613324937585,0.3304347826086956,0.7739130434782608
LTP269,20,24,3,SHIRT,0,0.8548404599979573,0.8548404599979573,-0.0538597749724163,0.5339130434782609,0.2782608695652173
LTP269,20,24,4,LAPEL,0,0.8477279832918652,0.8477279832918652,0.0301080457118624,0.4382608695652173,0.6365217391304347
LTP269,20,24,5,SERVANT,0,0.7934483086797548,0.7934483086797548,-0.1104459731366763,0.0695652173913043,0.1060869565217391
LTP269,20,24,6,WAITRESS,0,0.8401626208840811,0.8401626208840811,0.0040889762658305,0.3321739130434782,0.5391304347826087
LTP269,20,24,7,WRIST,0,0.8681905655234695,0.8681905655234695,-0.0851895161409832,0.7408695652173913,0.2034782608695652
LTP269,20,24,8,FLAG,0,0.7868659413051375,0.7868659413051375,-0.0365098750559053,0.0434782608695651,0.3669565217391304
LTP269,20,24,9,JAPAN,0,0.7996529729963499,0.7996529729963499,0.1032937647273014,0.0782608695652173,0.8347826086956522
LTP269,20,24,10,COLLEGE,0,0.8680420941256708,0.8680420941256708,-0.0741853531128445,0.7460869565217392,0.2330434782608695
LTP269,20,24,11,GAVEL,0,0.7997019342363947,0.7997019342363947,0.2088572066310774,0.0799999999999999,0.9739130434782608
LTP269,20,24,12,DONKEY,0,0.8824122803629683,0.8824122803629683,-0.1186324070138584,0.9269565217391303,0.1182608695652174
LTP269,20,24,13,BRACES,0,0.8630323770850312,0.8630323770850312,0.0185988396174974,0.6608695652173913,0.5808695652173913
LTP269,20,24,14,CRITIC,0,0.8210387442446453,0.8210387442446453,0.0729793897354497,0.1860869565217391,0.76
LTP269,20,24,15,THIEF,0,0.8441575135507435,0.8441575135507435,0.0862950978041645,0.3860869565217391,0.817391304347826
LTP269,20,24,16,CHILD,0,0.8352229383528025,0.8352229383528025,-0.0842122585562829,0.2939130434782608,0.2069565217391304
LTP269,20,24,17,GROUND,0,0.8205545459018341,0.8205545459018341,-0.0302612843108129,0.1843478260869565,0.3843478260869565
LTP269,20,24,18,MAMMAL,1,0.7996704789102769,0.7996704789102769,-0.0730330856484441,0.097391304347826,0.2121739130434782
LTP269,20,24,19,BLADE,0,0.8728162899419606,0.8728162899419606,-0.1803589028606889,0.84,0.0330434782608696
LTP269,20,24,20,OUTLAW,1,0.8725644279123382,0.8725644279123382,0.0107794122279952,0.8226086956521739,0.5756521739130435
LTP269,20,24,21,OUTDOORS,1,0.8115261120102001,0.8115261120102001,-0.1871280624936402,0.1269565217391304,0.0278260869565217
LTP269,20,24,22,PANTHER,1,0.8496269917571844,0.8496269917571844,-0.0030627236002034,0.4886956521739131,0.5234782608695652
LTP269,20,24,23,CRIB,1,0.8474638637781153,0.8474638637781153,0.1677368526998558,0.4452173913043478,0.9686956521739132
LTP269,20,24,24,AIRPLANE,0,0.8590123099359851,0.8590123099359851,0.1112973790205617,0.6,0.9130434782608696
LTP269,12,1,1,JELLY,1,0.8508274801710035,0.8508274801710035,-0.0684565668812697,0.5495652173913044,0.2713043478260869
LTP269,12,1,2,SHORTCAKE,1,0.8613092161340847,0.8613092161340847,0.1047648509022659,0.6469565217391304,0.8608695652173913
LTP269,12,1,3,TROMBONE,0,0.8663121469272941,0.8663121469272941,-0.1323829998040142,0.7426086956521739,0.1582608695652173
LTP269,12,1,4,GUITAR,0,0.7632674171990171,0.7632674171990171,-0.0079960534022325,0.0086956521739129,0.4782608695652174
LTP269,12,1,5,FARMER,1,0.8030356722471607,0.8030356722471607,-0.0941519757831718,0.1234782608695652,0.1930434782608695
LTP269,12,1,6,PICNIC,1,0.8330256101812044,0.8330256101812044,0.0718532528741374,0.2817391304347826,0.7217391304347827
LTP269,12,1,7,MAILMAN,1,0.8757208621425352,0.8757208621425352,-0.0473284771873896,0.8591304347826088,0.3634782608695652
LTP269,12,1,8,PLUTO,1,0.8549006121177759,0.8549006121177759,-0.0417023949351475,0.5808695652173913,0.36
LTP269,12,1,9,SOFTBALL,1,0.871437064981429,0.871437064981429,0.1092899504204886,0.7965217391304348,0.8660869565217392
LTP269,12,1,10,UMPIRE,1,0.8469130205344824,0.8469130205344824,-0.1380580577039216,0.4660869565217391,0.1339130434782608
LTP269,12,1,11,SUMMIT,0,0.8409945066369153,0.8409945066369153,-0.0134394485062616,0.3791304347826086,0.4695652173913043
LTP269,12,1,12,SURVEY,0,0.8362385932304169,0.8362385932304169,0.110503424658852,0.3304347826086956,0.8260869565217391
LTP269,12,1,13,LADDER,1,0.8171815541810159,0.8171815541810159,-0.1461451690578084,0.1773913043478261,0.0678260869565217
LTP269,12,1,14,PORTRAIT,1,0.8806932586869077,0.8806932586869077,0.1067628689650525,0.8817391304347826,0.8556521739130435
LTP269,12,1,15,SKETCH,1,0.8655881514244436,0.8655881514244436,0.0905389646524131,0.6834782608695652,0.8139130434782609
LTP269,12,1,16,GIFT,0,0.8402569224668368,0.8402569224668368,-0.0336019455705914,0.3617391304347825,0.3860869565217391
LTP269,12,1,17,RATTLE,0,0.8715227724225358,0.8715227724225358,-0.0037754212188148,0.7617391304347826,0.5130434782608695
LTP269,12,1,18,TUTU,1,0.7967794591846179,0.7967794591846179,0.0098316422885828,0.1060869565217391,0.5495652173913044
LTP269,12,1,19,KEEPER,1,0.8175211479311781,0.8175211479311781,-0.0395493942654992,0.1843478260869565,0.3756521739130435
LTP269,12,1,20,SHRUB,0,0.8414773526782686,0.8414773526782686,-0.1755963494455627,0.3843478260869565,0.0313043478260869
LTP269,12,1,21,COFFEE,0,0.8649889107525476,0.8649889107525476,-0.0493838641916313,0.6782608695652175,0.2730434782608696
LTP269,12,1,22,POISON,0,0.8232880204478837,0.8232880204478837,-0.0909552690615391,0.2034782608695652,0.1443478260869565
LTP269,12,1,23,ZIPPER,0,0.7797272152700526,0.7797272152700526,-0.0557269499594343,0.04,0.3130434782608695
LTP269,12,1,24,BANQUET,0,0.8855399012931822,0.8855399012931822,0.0578173058515664,0.9269565217391303,0.6747826086956521
LTP269,12,2,1,CABIN,0,0.8380784818081284,0.8380784818081284,-0.0298776658992185,0.3095652173913044,0.3669565217391304
LTP269,12,2,2,QUAIL,0,0.8711490564140443,0.8711490564140443,0.0525711112518379,0.7269565217391305,0.6660869565217391
LTP269,12,2,3,ARM,1,0.8103657558439403,0.8103657558439403,-0.2275266655752271,0.1426086956521739,0.026086956521739
LTP269,12,2,4,HOOD,1,0.8668764809999324,0.8668764809999324,-0.0799343361564112,0.6660869565217391,0.2243478260869564
LTP269,12,2,5,SHIRT,0,0.8624894723369004,0.8624894723369004,0.0891299812231779,0.6034782608695652,0.7843478260869565
LTP269,12,2,6,FLESH,1,0.8424320547599884,0.8424320547599884,0.0365562593704716,0.36,0.6365217391304347
LTP269,12,2,7,ANKLE,1,0.8657810410624884,0.8657810410624884,0.0762262680136475,0.6521739130434783,0.76
LTP269,12,2,8,CHEST,1,0.8184937858907896,0.8184937858907896,0.0092287730996338,0.1791304347826087,0.4956521739130435
LTP269,12,2,9,FOREHEAD,0,0.826790857068381,0.826790857068381,0.0933291714007981,0.2139130434782609,0.8139130434782609
LTP269,12,2,10,TYPIST,0,0.8915556153758156,0.8915556153758156,0.0916950425336482,0.96,0.7721739130434783
LTP269,12,2,11,REBEL,1,0.843272629958295,0.843272629958295,0.134072938270039,0.3982608695652174,0.8626086956521739
LTP269,12,2,12,COWBOY,1,0.8590092249819838,0.8590092249819838,0.1097399746194168,0.5878260869565217,0.8208695652173913
LTP269,12,2,13,PIGEON,1,0.8869664222968765,0.8869664222968765,-0.1321851560320917,0.9443478260869566,0.1843478260869565
LTP269,12,2,14,PLIERS,1,0.8644138701237697,0.8644138701237697,0.0203084493606325,0.6695652173913044,0.5495652173913044
LTP269,12,2,15,TEMPLE,0,0.8734407911834478,0.8734407911834478,-0.1134487811563805,0.7773913043478261,0.2156521739130434
LTP269,12,2,16,MOP,0,0.7903623957720699,0.7903623957720699,-0.0575850525866384,0.0678260869565217,0.3043478260869565
LTP269,12,2,17,MARKET,0,0.8453278945063415,0.8453278945063415,-0.2241788415062696,0.3947826086956522,0.026086956521739
LTP269,12,2,18,BEAKER,0,0.8552168108301398,0.8552168108301398,0.0068313687938119,0.5147826086956522,0.5165217391304349
LTP269,12,2,19,NIGHTGOWN,0,0.8325687217310385,0.8325687217310385,-0.047670909527719,0.2539130434782608,0.3043478260869565
LTP269,12,2,20,SCRIBBLE,0,0.8369948613061339,0.8369948613061339,0.2326515038880848,0.2834782608695652,0.982608695652174
LTP269,12,2,21,VALVE,0,0.8684857903993367,0.8684857903993367,-0.0522303369646828,0.688695652173913,0.3026086956521739
LTP269,12,2,22,DASHBOARD,0,0.8859760119480505,0.8859760119480505,0.1457911067525891,0.9321739130434784,0.8643478260869565
LTP269,12,2,23,SCALPEL,1,0.8877839605463284,0.8877839605463284,0.1755232020322454,0.9356521739130436,0.9495652173913044
LTP269,12,2,24,CRICKET,0,0.8733537181001694,0.8733537181001694,0.0422473878298081,0.7791304347826087,0.6260869565217391
LTP269,12,3,1,GYMNAST,1,0.8674747581838417,0.8674747581838417,0.0178382396961642,0.7008695652173913,0.5321739130434783
LTP269,12,3,2,FOOTBALL,1,0.841873317694313,0.841873317694313,0.0420873668869706,0.3391304347826087,0.6678260869565218
LTP269,12,3,3,RIFLE,1,0.8643743524568486,0.8643743524568486,0.152640485991948,0.662608695652174,0.8678260869565217
LTP269,12,3,4,PEBBLE,1,0.8341915535681506,0.8341915535681506,0.2175957884948925,0.2452173913043478,0.9721739130434782
LTP269,12,3,5,VIKING,1,0.8069534810288407,0.8069534810288407,-0.0950430470953827,0.1321739130434782,0.2365217391304347
LTP269,12,3,6,BUBBLE,1,0.868090045143222,0.868090045143222,0.1118260991977354,0.8469565217391304,0.7843478260869565
LTP269,12,3,7,BATHTUB,1,0.8529346024231869,0.8529346024231869,0.1572731953460326,0.6052173913043478,0.9043478260869564
LTP269,12,3,8,GROUND,0,0.8136977683494451,0.8136977683494451,-0.0554449915310582,0.16,0.3391304347826087
LTP269,12,3,9,CONTRACT,0,0.7999455382953525,0.7999455382953525,-0.1449808815416892,0.0869565217391304,0.1026086956521739
LTP269,12,3,10,DRINK,0,0.8088978322992011,0.8088978322992011,-0.1330518924962484,0.12,0.1147826086956521
LTP269,12,3,11,BRANDY,0,0.8745086442010266,0.8745086442010266,0.050276255177317,0.8139130434782609,0.6434782608695653
LTP269,12,3,12,STONE,0,0.8420734202811153,0.8420734202811153,-0.0361309984534447,0.337391304347826,0.4139130434782608
LTP269,12,3,13,FLUTE,0,0.8274718416647598,0.8274718416647598,0.0192972057854743,0.2191304347826087,0.6139130434782609
LTP269,12,3,14,LEADER,0,0.8195862462859039,0.8195862462859039,-0.129746147639131,0.168695652173913,0.1965217391304348
LTP269,12,3,15,CASHIER,0,0.8687464384404768,0.8687464384404768,-0.0348270672614707,0.72,0.4017391304347826
LTP269,12,3,16,COIN,0,0.8322710753832062,0.8322710753832062,-0.1192921622251093,0.2417391304347825,0.1426086956521739
LTP269,12,3,17,CABBAGE,0,0.8517062627956509,0.8517062627956509,0.1848489200016398,0.4817391304347825,0.9269565217391303
LTP269,12,3,18,PALACE,0,0.8530457171787557,0.8530457171787557,-0.2007919662272569,0.4869565217391304,0.088695652173913
LTP269,12,3,19,SKIRT,0,0.8508191332509548,0.8508191332509548,-0.0453099557410122,0.4591304347826087,0.3843478260869565
LTP269,12,3,20,PEACH,1,0.8334785199204721,0.8334785199204721,-0.0962036889254016,0.2452173913043478,0.2678260869565217
LTP269,12,3,21,SUITCASE,0,0.8567346970545797,0.8567346970545797,0.1590916597066496,0.5356521739130435,0.9391304347826088
LTP269,12,3,22,SCISSORS,1,0.8249253800301084,0.8249253800301084,0.0228163768737207,0.2052173913043478,0.6278260869565218
LTP269,12,3,23,GRAVEL,0,0.7678921710623738,0.7678921710623738,0.08118886370707,0.0086956521739129,0.7426086956521739
LTP269,12,3,24,EMPIRE,0,0.8401969389084554,0.8401969389084554,0.0732616584445246,0.3165217391304348,0.7130434782608696
LTP269,12,4,1,ROBBER,1,0.8355911633142047,0.8355911633142047,0.0280624192022575,0.2747826086956522,0.671304347826087
LTP269,12,4,2,FRIAR,1,0.8495458981553862,0.8495458981553862,-0.0142923284025048,0.4469565217391305,0.4834782608695652
LTP269,12,4,3,CROSS,0,0.8727890997627267,0.8727890997627267,-0.0036278797799138,0.7773913043478261,0.5060869565217392
LTP269,12,4,4,OX,1,0.785533584769176,0.785533584769176,-0.2183778846987253,0.0382608695652173,0.0034782608695652
LTP269,12,4,5,BELLY,0,0.8744791948965467,0.8744791948965467,0.0391524049704698,0.768695652173913,0.6799999999999999
LTP269,12,4,6,EAGLE,0,0.8434838088116416,0.8434838088116416,0.0330710706410731,0.3565217391304348,0.6730434782608696
LTP269,12,4,7,STATUE,1,0.8147073709668229,0.8147073709668229,0.1091572880575679,0.1443478260869565,0.8834782608695653
LTP269,12,4,8,SCULPTURE,1,0.8557167777033983,0.8557167777033983,0.0570106087377249,0.5234782608695652,0.7252173913043478
LTP269,12,4,9,WORKER,1,0.8430482517626893,0.8430482517626893,-0.2482633365940834,0.3478260869565217,0.0086956521739129
LTP269,12,4,10,BLUEPRINT,1,0.9035739386669518,0.9035739386669518,-0.019321952898229,0.9982608695652174,0.4504347826086956
LTP269,12,4,11,MAPLE,0,0.7853675515726651,0.7853675515726651,-0.0081036926271057,0.0313043478260869,0.5060869565217392
LTP269,12,4,12,SPIDER,0,0.8688700343241046,0.8688700343241046,0.0230910789714644,0.6921739130434783,0.6156521739130435
LTP269,12,4,13,YARN,0,0.862294350676964,0.862294350676964,-0.0669173342601733,0.711304347826087,0.2782608695652173
LTP269,12,4,14,MARS,0,0.8362294835066337,0.8362294835066337,0.0554273156373643,0.2869565217391304,0.6921739130434783
LTP269,12,4,15,DAISY,0,0.8608874793195144,0.8608874793195144,0.1152423535930467,0.6086956521739131,0.831304347826087
LTP269,12,4,16,PREACHER,0,0.8491649942276105,0.8491649942276105,0.0213367052607238,0.4417391304347826,0.6017391304347826
LTP269,12,4,17,NECKLACE,0,0.8965969623872329,0.8965969623872329,-0.0292414206860256,0.9895652173913044,0.4052173913043478
LTP269,12,4,18,CARRIAGE,0,0.861869611477375,0.861869611477375,0.0882319730112945,0.6069565217391304,0.8208695652173913
LTP269,12,4,19,LOFT,1,0.8843604447349904,0.8843604447349904,-0.1419198610039255,0.902608695652174,0.0521739130434782
LTP269,12,4,20,WARDROBE,0,0.8927854643771957,0.8927854643771957,0.0266390173781466,0.9739130434782608,0.6330434782608696
LTP269,12,4,21,DENIM,0,0.8625070739597936,0.8625070739597936,-0.0236066441197922,0.6069565217391304,0.4504347826086956
LTP269,12,4,22,JEANS,0,0.8665624336640695,0.8665624336640695,0.0037185041745108,0.6730434782608696,0.5391304347826087
LTP269,12,4,23,STOMACH,0,0.8240154944659844,0.8240154944659844,0.0045360173939172,0.1895652173913043,0.5565217391304348
LTP269,12,4,24,CREVICE,0,0.8840351475162997,0.8840351475162997,0.1294879172869986,0.9043478260869564,0.8817391304347826
LTP269,12,5,1,EGYPT,1,0.8444898078567039,0.8444898078567039,-0.1061282094065138,0.3808695652173913,0.1304347826086956
LTP269,12,5,2,GOBLIN,1,0.848954769126183,0.848954769126183,-0.1447367395099105,0.4469565217391305,0.0591304347826087
LTP269,12,5,3,ATLAS,1,0.7547004021139572,0.7547004021139572,-0.1250813813030309,0.0034782608695652,0.0904347826086956
LTP269,12,5,4,WAITRESS,1,0.8443279903444864,0.8443279903444864,0.059892028731373,0.3686956521739131,0.7321739130434783
LTP269,12,5,5,SUPPER,1,0.7909430085745713,0.7909430085745713,-0.1169066700616508,0.0643478260869565,0.0921739130434782
LTP269,12,5,6,CHAPEL,0,0.8351660496595669,0.8351660496595669,-0.0172746591904044,0.2730434782608696,0.4834782608695652
LTP269,12,5,7,JUDGE,0,0.8246391530673162,0.8246391530673162,-0.0019716178058308,0.1843478260869565,0.511304347826087
LTP269,12,5,8,SPOOL,0,0.869415668785242,0.869415668785242,-0.0334316826372828,0.7304347826086957,0.3930434782608696
LTP269,12,5,9,DRESS,0,0.8739146399590465,0.8739146399590465,0.0790958809933137,0.7965217391304348,0.8243478260869566
LTP269,12,5,10,WAITER,1,0.8512270914298431,0.8512270914298431,0.0260071225566895,0.4591304347826087,0.5895652173913044
LTP269,12,5,11,HOOK,1,0.8857311851292391,0.8857311851292391,-0.0777999022729817,0.9269565217391303,0.2052173913043478
LTP269,12,5,12,VICTIM,0,0.8192437128976888,0.8192437128976888,0.0556805758972857,0.1791304347826087,0.7078260869565217
LTP269,12,5,13,CHEMIST,1,0.8774742500107671,0.8774742500107671,-0.096644135083502,0.8504347826086956,0.16
LTP269,12,5,14,MARKER,1,0.8692649432153888,0.8692649432153888,0.0228320085114581,0.7321739130434783,0.6434782608695653
LTP269,12,5,15,THRONE,0,0.8526115769217256,0.8526115769217256,-0.016000493440668,0.4939130434782608,0.4939130434782608
LTP269,12,5,16,WITNESS,1,0.8309365335808594,0.8309365335808594,0.2412831558640112,0.2330434782608695,0.9843478260869564
LTP269,12,5,17,AWARD,1,0.8435020934175527,0.8435020934175527,0.0590940723918664,0.3478260869565217,0.76
LTP269,12,5,18,LAGOON,1,0.8370279344289502,0.8370279344289502,-0.0489539682899204,0.2904347826086957,0.3147826086956522
LTP269,12,5,19,BLACKBOARD,0,0.8268293140044517,0.8268293140044517,0.0703412034756237,0.2834782608695652,0.7565217391304347
LTP269,12,5,20,SERVANT,1,0.7822709329597364,0.7822709329597364,-0.0977625690641871,0.0469565217391304,0.2208695652173913
LTP269,12,5,21,CHAMPAGNE,0,0.8493989038150017,0.8493989038150017,0.1138682492280962,0.471304347826087,0.8434782608695652
LTP269,12,5,22,COCKTAIL,0,0.849201509608696,0.849201509608696,-0.1658153756456986,0.4643478260869565,0.0799999999999999
LTP269,12,5,23,LUMBER,1,0.8785628837780419,0.8785628837780419,-0.0421376724372098,0.8747826086956522,0.3843478260869565
LTP269,12,5,24,LEG,0,0.8346132199285945,0.8346132199285945,-0.0890454600644391,0.2417391304347825,0.2260869565217391
LTP269,12,6,1,SCARF,1,0.8536514272820513,0.8536514272820513,-0.1128530064488591,0.4973913043478261,0.1321739130434782
LTP269,12,6,2,TOMBSTONE,1,0.8765503480340218,0.8765503480340218,-0.1200056030999238,0.8347826086956522,0.1443478260869565
LTP269,12,6,3,MARROW,1,0.878067303324531,0.878067303324531,-0.043642122059667,0.8539130434782609,0.3582608695652174
LTP269,12,6,4,DIVER,0,0.7949851276147646,0.7949851276147646,0.1232049822289034,0.0504347826086956,0.8852173913043478
LTP269,12,6,5,ITEM,0,0.8246897231443977,0.8246897231443977,-0.0369626308111854,0.1895652173913043,0.4034782608695652
LTP269,12,6,6,BUTCHER,1,0.8395658024048421,0.8395658024048421,-0.0346610182626244,0.2921739130434783,0.3860869565217391
LTP269,12,6,7,PAIL,1,0.8464411420358463,0.8464411420358463,-0.0964720463747304,0.408695652173913,0.2156521739130434
LTP269,12,6,8,LIZARD,0,0.8767890945870368,0.8767890945870368,0.0703962954327221,0.8347826086956522,0.7495652173913043
LTP269,12,6,9,DENTIST,1,0.8513131391474932,0.8513131391474932,0.0102987886365178,0.4678260869565217,0.5408695652173914
LTP269,12,6,10,CRATER,0,0.8729000942100038,0.8729000942100038,0.0330229091218034,0.7773913043478261,0.6556521739130434
LTP269,12,6,11,DOUGHNUT,0,0.8863300531684977,0.8863300531684977,0.0620771955408988,0.9408695652173912,0.7426086956521739
LTP269,12,6,12,KNIFE,1,0.8116309802733773,0.8116309802733773,-0.0585878427264388,0.1617391304347826,0.3217391304347826
LTP269,12,6,13,BODY,0,0.7447575709794226,0.7447575709794226,-0.0155484640460541,0.0017391304347825,0.471304347826087
LTP269,12,6,14,CASHEW,0,0.8828703462514428,0.8828703462514428,-0.1266042404914667,0.9078260869565218,0.1165217391304347
LTP269,12,6,15,BOYFRIEND,0,0.8731820800206763,0.8731820800206763,0.0782091519150501,0.7808695652173914,0.7634782608695652
LTP269,12,6,16,REPORT,0,0.800303305758266,0.800303305758266,-0.0902494675198943,0.0799999999999999,0.2521739130434782
LTP269,12,6,17,CRIB,0,0.846214955064377,0.846214955064377,0.1361875015385357,0.3808695652173913,0.9060869565217392
LTP269,12,6,18,RABBIT,1,0.8293457590017063,0.8293457590017063,0.0972363228305481,0.2104347826086956,0.7930434782608695
LTP269,12,6,19,FOX,1,0.7979798400244806,0.7979798400244806,-0.0118829014401665,0.0660869565217391,0.4869565217391304
LTP269,12,6,20,APRON,0,0.8796539588576879,0.8796539588576879,0.0676394342776247,0.8852173913043478,0.7373913043478261
LTP269,12,6,21,MUMMY,0,0.8581099907704709,0.8581099907704709,-0.0799579458145135,0.5739130434782609,0.2921739130434783
LTP269,12,6,22,SPHINX,0,0.8629208911205763,0.8629208911205763,0.0092831975758496,0.6486956521739131,0.5391304347826087
LTP269,12,6,23,SAUSAGE,0,0.8251434279458544,0.8251434279458544,-0.0995145809943152,0.1947826086956522,0.208695652173913
LTP269,12,6,24,VAGRANT,0,0.8449908873063571,0.8449908873063571,-0.0114834569020013,0.3756521739130435,0.4452173913043478
LTP269,12,7,1,LACE,0,0.8105644708171482,0.8105644708171482,-0.1291410393050226,0.1339130434782608,0.1547826086956522
LTP269,12,7,2,MACHINE,0,0.832680556692377,0.832680556692377,-0.0805019281385627,0.2626086956521739,0.2643478260869565
LTP269,12,7,3,RUST,0,0.8556590208548409,0.8556590208548409,-0.0447917965683633,0.5339130434782609,0.3895652173913043
LTP269,12,7,4,CHAUFFEUR,0,0.8361916638127036,0.8361916638127036,-0.2337237200987926,0.3026086956521739,0.026086956521739
LTP269,12,7,5,GUARD,0,0.8697571797691209,0.8697571797691209,-0.0956672053023004,0.728695652173913,0.2139130434782609
LTP269,12,7,6,NEUTRON,0,0.900009603915621,0.900009603915621,0.2023124858509966,0.9965217391304348,0.9686956521739132
LTP269,12,7,7,XEROX,0,0.8663995571690309,0.8663995571690309,0.1203439202453739,0.6695652173913044,0.8347826086956522
LTP269,12,7,8,STAR,0,0.8417992980779836,0.8417992980779836,0.087697435916245,0.337391304347826,0.8139130434782609
LTP269,12,7,9,PADDING,0,0.8682890068049576,0.8682890068049576,-0.0713906984453902,0.6921739130434783,0.3165217391304348
LTP269,12,7,10,CANYON,0,0.840485812474249,0.840485812474249,-0.0855058838172091,0.3460869565217391,0.2486956521739131
LTP269,12,7,11,ISLAND,1,0.7692968481791294,0.7692968481791294,0.0586550113463644,0.0086956521739129,0.7043478260869565
LTP269,12,7,12,CYCLONE,1,0.8854863497246632,0.8854863497246632,0.1302072417074679,0.92,0.8765217391304347
LTP269,12,7,13,COUNTRY,1,0.8318380341634511,0.8318380341634511,-0.0661916011497355,0.2539130434782608,0.3078260869565217
LTP269,12,7,14,LASER,1,0.7800713868948482,0.7800713868948482,0.0049059224001403,0.0208695652173912,0.5460869565217391
LTP269,12,7,15,PISTOL,1,0.8665445800466237,0.8665445800466237,-0.1105460738963499,0.6765217391304348,0.1878260869565217
LTP269,12,7,16,BLENDER,1,0.9004022655873463,0.9004022655873463,0.1113803106470138,0.9947826086956522,0.8608695652173913
LTP269,12,7,17,RIVER,1,0.8799851017122772,0.8799851017122772,0.1917718992125219,0.8434782608695652,0.9252173913043478
LTP269,12,7,18,DRILL,1,0.8623673756797602,0.8623673756797602,-0.0624529578835876,0.5982608695652174,0.3060869565217391
LTP269,12,7,19,PARROT,1,0.8463586195663665,0.8463586195663665,-0.0812370379041431,0.4017391304347826,0.24
LTP269,12,7,20,SEAGULL,1,0.8846629201526194,0.8846629201526194,-0.0346453675053019,0.9095652173913044,0.4139130434782608
LTP269,12,7,21,OFFICE,1,0.8543051224650039,0.8543051224650039,-0.0178507504943259,0.52,0.471304347826087
LTP269,12,7,22,OZONE,0,0.8555170717693851,0.8555170717693851,0.165334913795245,0.5478260869565217,0.9113043478260868
LTP269,12,7,23,PROTON,0,0.8394643068538933,0.8394643068538933,0.2627379529762301,0.3252173913043478,0.9808695652173912
LTP269,12,7,24,QUARTER,0,0.8394856225646261,0.8394856225646261,-0.0797242668524444,0.3217391304347826,0.2660869565217391
LTP269,12,8,1,SCOTCH,0,0.8592397235500209,0.8592397235500209,-0.0534704585319505,0.6017391304347826,0.3721739130434782
LTP269,12,8,2,SWIMMER,0,0.8002329404677747,0.8002329404677747,0.0245182425797664,0.0852173913043478,0.5947826086956522
LTP269,12,8,3,NOVEL,0,0.8326785042926398,0.8326785042926398,0.1436897030423592,0.2782608695652173,0.9130434782608696
LTP269,12,8,4,MILK,0,0.8182630765510582,0.8182630765510582,0.0116368903126062,0.1739130434782608,0.5617391304347826
LTP269,12,8,5,INMATE,0,0.8568040782112702,0.8568040782112702,0.1383894929505294,0.5930434782608696,0.8834782608695653
LTP269,12,8,6,PRINCESS,0,0.8794470588155777,0.8794470588155777,0.0376410204920251,0.8730434782608696,0.7078260869565217
LTP269,12,8,7,PLAZA,0,0.7933135608915632,0.7933135608915632,0.0232531511802605,0.0573913043478261,0.6417391304347826
LTP269,12,8,8,SISTER,0,0.79431122753072,0.79431122753072,0.028685196247423,0.0747826086956521,0.6260869565217391
LTP269,12,8,9,MUFFIN,0,0.849111284861458,0.849111284861458,-0.1462248367388527,0.4817391304347825,0.0713043478260869
LTP269,12,8,10,TURTLE,0,0.8853407038542073,0.8853407038542073,-0.1139582493837748,0.9408695652173912,0.1582608695652173
LTP269,12,8,11,PACKAGE,1,0.8461585574072957,0.8461585574072957,-0.1082603931346713,0.4347826086956522,0.1269565217391304
LTP269,12,8,12,CITRUS,0,0.8740283417778592,0.8740283417778592,0.129521853117176,0.8156521739130435,0.9043478260869564
LTP269,12,8,13,UNCLE,0,0.8000483474215654,0.8000483474215654,0.0634595881964379,0.1026086956521739,0.6921739130434783
LTP269,12,8,14,BLADE,0,0.8796524094018153,0.8796524094018153,-0.0144670507835929,0.8956521739130435,0.4817391304347825
LTP269,12,8,15,FRIEND,0,0.8400300587504043,0.8400300587504043,0.0712095099482644,0.3686956521739131,0.7634782608695652
LTP269,12,8,16,IGLOO,0,0.8388260278467297,0.8388260278467297,-0.0199422104562382,0.3582608695652174,0.4730434782608695
LTP269,12,8,17,BROOK,0,0.8363916089927215,0.8363916089927215,-0.0994141552916404,0.3234782608695652,0.1965217391304348
LTP269,12,8,18,SLIDE,0,0.8665895880494702,0.8665895880494702,0.0941590497378706,0.7373913043478261,0.8191304347826087
LTP269,12,8,19,COURSE,1,0.8254214903019527,0.8254214903019527,-0.0638572718458683,0.2260869565217391,0.2486956521739131
LTP269,12,8,20,COLLEGE,1,0.8776236072007461,0.8776236072007461,0.1577644793810872,0.8434782608695652,0.9182608695652174
LTP269,12,8,21,HEART,1,0.8674366559411544,0.8674366559411544,-0.0157060850037025,0.7547826086956522,0.4608695652173913
LTP269,12,8,22,TRANSPLANT,1,0.7928633076531125,0.7928633076531125,0.0159860531548677,0.0591304347826087,0.577391304347826
LTP269,12,8,23,POET,1,0.8024852531913527,0.8024852531913527,-0.1511826203481929,0.1095652173913043,0.1217391304347825
LTP269,12,8,24,BOX,1,0.7621348372545158,0.7621348372545158,0.0024227133871135,0.0052173913043478,0.5217391304347826
LTP269,12,9,1,SWAMP,0,0.7552163892847192,0.7552163892847192,-0.1215292228191542,0.0121739130434782,0.1408695652173913
LTP269,12,9,2,CANAL,0,0.851115228536283,0.851115228536283,-0.1135467010611441,0.5826086956521739,0.1565217391304347
LTP269,12,9,3,CHILD,0,0.8260837288520524,0.8260837288520524,-0.1206599884212081,0.2678260869565217,0.1356521739130435
LTP269,12,9,4,LIVER,0,0.8106728213697821,0.8106728213697821,-0.0142065889903122,0.1826086956521738,0.4991304347826086
LTP269,12,9,5,ROOSTER,0,0.8603871606039488,0.8603871606039488,-0.0858728534308858,0.6382608695652174,0.1878260869565217
LTP269,12,9,6,SUNRISE,1,0.8904886882774677,0.8904886882774677,0.0174180397311802,0.9669565217391304,0.6121739130434782
LTP269,12,9,7,SERVER,0,0.8034375320044059,0.8034375320044059,-0.1339254258154065,0.1165217391304347,0.0852173913043478
LTP269,12,9,8,FRAME,1,0.8757725943277548,0.8757725943277548,0.0476671998756583,0.831304347826087,0.7008695652173913
LTP269,12,9,9,PICTURE,1,0.8164285805908769,0.8164285805908769,-0.0546004698838397,0.1808695652173912,0.328695652173913
LTP269,12,9,10,PENGUIN,1,0.8885247701602903,0.8885247701602903,-0.0270711615160504,0.96,0.4156521739130434
LTP269,12,9,11,PLAYGROUND,1,0.8605174957916464,0.8605174957916464,0.0382558082689503,0.64,0.6799999999999999
LTP269,12,9,12,GRAPE,1,0.7647535740164857,0.7647535740164857,-0.1318977512574446,0.0104347826086956,0.0782608695652173
LTP269,12,9,13,FRUIT,1,0.8343117253296385,0.8343117253296385,-0.0048721830591186,0.3234782608695652,0.4904347826086956
LTP269,12,9,14,SMOG,0,0.836494858469917,0.836494858469917,-0.2081979771471362,0.36,0.0347826086956521
LTP269,12,9,15,PUDDLE,0,0.8955636823527285,0.8955636823527285,0.1574133820511679,0.9878260869565216,0.9339130434782608
LTP269,12,9,16,CATTLE,0,0.8893555378707997,0.8893555378707997,-0.0094241848311673,0.9634782608695652,0.4765217391304348
LTP269,12,9,17,DRAWING,0,0.859121249473885,0.859121249473885,0.1069357348059748,0.6086956521739131,0.8521739130434782
LTP269,12,9,18,ORANGE,1,0.8409472684861311,0.8409472684861311,-0.022972061456817,0.3895652173913043,0.4208695652173913
LTP269,12,9,19,BUCKET,1,0.8713271411941067,0.8713271411941067,0.1472643448248186,0.7478260869565218,0.902608695652174
LTP269,12,9,20,BARLEY,1,0.8731045326696749,0.8731045326696749,0.0869372923439877,0.7843478260869565,0.7617391304347826
LTP269,12,9,21,FIDDLE,0,0.9053732790342914,0.9053732790342914,0.2112182047054459,0.9982608695652174,0.9721739130434782
LTP269,12,9,22,SUNSET,0,0.8401601654036301,0.8401601654036301,-0.1072379934364663,0.3756521739130435,0.1408695652173913
LTP269,12,9,23,BADGE,0,0.8461119242755535,0.8461119242755535,0.0766847918304456,0.448695652173913,0.7704347826086957
LTP269,12,9,24,PIZZA,0,0.8352639803481717,0.8352639803481717,0.0336290877178541,0.2904347826086957,0.6330434782608696
LTP269,12,10,1,GIRL,0,0.8737384784732979,0.8737384784732979,0.0752357204551961,0.7895652173913044,0.7617391304347826
LTP269,12,10,2,OINTMENT,0,0.8497197852889368,0.8497197852889368,0.076384067297791,0.4834782608695652,0.7304347826086957
LTP269,12,10,3,LABEL,0,0.8607677780112307,0.8607677780112307,0.0856763703896485,0.6104347826086957,0.7913043478260869
LTP269,12,10,4,LODGE,0,0.8682590728828897,0.8682590728828897,0.0639440375055902,0.7147826086956521,0.711304347826087
LTP269,12,10,5,KITCHEN,0,0.8776555086443942,0.8776555086443942,0.0166132553570586,0.8486956521739131,0.5826086956521739
LTP269,12,10,6,DRUG,1,0.8694911552909974,0.8694911552909974,0.1208905340324678,0.7234782608695652,0.817391304347826
LTP269,12,10,7,TABLET,0,0.8732101211001974,0.8732101211001974,0.1496210572215663,0.7773913043478261,0.9234782608695652
LTP269,12,10,8,CUPBOARD,0,0.8743737575702011,0.8743737575702011,-0.1287933900399033,0.7895652173913044,0.097391304347826
LTP269,12,10,9,BLOCKADE,1,0.8527366741082683,0.8527366741082683,-0.1259719936863701,0.5147826086956522,0.1026086956521739
LTP269,12,10,10,TILE,0,0.8414198770775729,0.8414198770775729,0.1263287590535255,0.3495652173913043,0.902608695652174
LTP269,12,10,11,SALT,0,0.8413993794652364,0.8413993794652364,-0.0793692113037512,0.3791304347826086,0.2382608695652174
LTP269,12,10,12,AGENT,0,0.799869753069032,0.799869753069032,-0.0533859779769445,0.1078260869565217,0.3008695652173913
LTP269,12,10,13,MOTEL,1,0.8804654868285745,0.8804654868285745,0.1058479779124038,0.8608695652173913,0.8330434782608696
LTP269,12,10,14,BURGLAR,1,0.8822493640167367,0.8822493640167367,0.0572117671366679,0.8869565217391304,0.7182608695652174
LTP269,12,10,15,PUPPY,1,0.8858261987208736,0.8858261987208736,0.0417106320778174,0.9165217391304348,0.6904347826086956
LTP269,12,10,16,DONKEY,0,0.8958491637536022,0.8958491637536022,0.1579205014791735,0.991304347826087,0.9217391304347826
LTP269,12,10,17,JUGGLER,0,0.8495210795328747,0.8495210795328747,0.1005003275747189,0.5078260869565218,0.7860869565217391
LTP269,12,10,18,BABY,1,0.8501809436071508,0.8501809436071508,0.3068046952199222,0.4991304347826086,0.9895652173913044
LTP269,12,10,19,INFANT,1,0.8639913510554489,0.8639913510554489,0.0159775389466716,0.6747826086956521,0.5582608695652174
LTP269,12,10,20,SKILLET,1,0.888866377294326,0.888866377294326,-0.0253279413976824,0.9408695652173912,0.4226086956521739
LTP269,12,10,21,OYSTER,1,0.8669234668776664,0.8669234668776664,0.1265866960449956,0.7078260869565217,0.8782608695652174
LTP269,12,10,22,ATOM,0,0.7828652180478639,0.7828652180478639,0.0829118240904469,0.0347826086956521,0.7860869565217391
LTP269,12,10,23,MISSILE,0,0.8346327269210738,0.8346327269210738,-0.1277072166760603,0.2973913043478261,0.1130434782608695
LTP269,12,10,24,GRIZZLY,0,0.8592499519034626,0.8592499519034626,0.0721647074366001,0.5826086956521739,0.7547826086956522
LTP269,12,11,1,LETTUCE,0,0.8818141114286228,0.8818141114286228,0.0657649100299145,0.8730434782608696,0.7495652173913043
LTP269,12,11,2,EXPERT,0,0.8269754526184926,0.8269754526184926,-0.0105209495015826,0.2139130434782609,0.4886956521739131
LTP269,12,11,3,DORM,0,0.7841399033547924,0.7841399033547924,0.0154176211202318,0.0313043478260869,0.5565217391304348
LTP269,12,11,4,KNAPSACK,0,0.8548051559851607,0.8548051559851607,0.1240884108735411,0.5095652173913043,0.888695652173913
LTP269,12,11,5,APPLE,1,0.8476330355110825,0.8476330355110825,0.0136302163975427,0.4121739130434783,0.5495652173913044
LTP269,12,11,6,LOVER,0,0.78804864639636,0.78804864639636,-0.0601860421909391,0.0469565217391304,0.2782608695652173
LTP269,12,11,7,FRANCE,0,0.8531570394934866,0.8531570394934866,-0.0527904293983911,0.4852173913043478,0.2991304347826087
LTP269,12,11,8,PERCH,0,0.8814974609920326,0.8814974609920326,-0.1204537944704514,0.8765217391304347,0.1373913043478261
LTP269,12,11,9,SPOUSE,0,0.8768043735866894,0.8768043735866894,-0.0204350825506623,0.8139130434782609,0.4382608695652173
LTP269,12,11,10,ELBOW,0,0.8603970515163687,0.8603970515163687,0.1413935203038647,0.5895652173913044,0.8973913043478261
LTP269,12,11,11,BUG,0,0.8421796820930455,0.8421796820930455,0.1494960464666236,0.3495652173913043,0.9113043478260868
LTP269,12,11,12,SLUG,0,0.87749664967376,0.87749664967376,0.2806126752444653,0.8330434782608696,0.9965217391304348
LTP269,12,11,13,GLOBE,0,0.8389642123034473,0.8389642123034473,0.0226592866263468,0.3078260869565217,0.6121739130434782
LTP269,12,11,14,BRICK,0,0.8886885088685444,0.8886885088685444,-0.1125747588181434,0.9443478260869566,0.1478260869565217
LTP269,12,11,15,HAWK,0,0.8149252847016946,0.8149252847016946,0.1333734325640432,0.1495652173913043,0.9060869565217392
LTP269,12,11,16,NAPKIN,0,0.8357660239096735,0.8357660239096735,0.0953097713102663,0.2939130434782608,0.8156521739130435
LTP269,12,11,17,STAPLE,0,0.8580962210007858,0.8580962210007858,0.0013810383845198,0.5739130434782609,0.4973913043478261
LTP269,12,11,18,SHOULDER,0,0.867316693598839,0.867316693598839,-0.0423765169575333,0.7095652173913043,0.3408695652173913
LTP269,12,11,19,CLIMBER,0,0.8256116512594855,0.8256116512594855,-0.0429153066820116,0.2156521739130434,0.3199999999999999
LTP269,12,11,20,SLOPE,1,0.871266716631184,0.871266716631184,0.2417886402604782,0.7460869565217392,0.9756521739130436
LTP269,12,11,21,TRACTOR,1,0.8355560596282052,0.8355560596282052,-0.1031580869174924,0.2765217391304347,0.1460869565217391
LTP269,12,11,22,LAKE,1,0.8478416452601265,0.8478416452601265,-0.0121203978169028,0.4121739130434783,0.4504347826086956
LTP269,12,11,23,MONEY,1,0.8208413680481452,0.8208413680481452,-0.0947968973902884,0.1739130434782608,0.2104347826086956
LTP269,12,11,24,COLONEL,1,0.869115497434365,0.869115497434365,-0.0985230586159644,0.7130434782608696,0.1965217391304348
LTP269,12,12,1,LAVA,0,0.8115753926545916,0.8115753926545916,0.2278143069896909,0.1339130434782608,0.9843478260869564
LTP269,12,12,2,HUSBAND,0,0.8394575663618852,0.8394575663618852,-0.0637964738790891,0.3182608695652174,0.3060869565217391
LTP269,12,12,3,MARINE,0,0.8569941167884553,0.8569941167884553,-0.0958717278391428,0.5426086956521738,0.1913043478260869
LTP269,12,12,4,TROUT,0,0.8011174731298744,0.8011174731298744,0.0088520294389027,0.0939130434782609,0.5495652173913044
LTP269,12,12,5,BACON,0,0.8077619399882642,0.8077619399882642,0.170855453955097,0.1147826086956521,0.9147826086956522
LTP269,12,12,6,TUNNEL,0,0.8844348570767779,0.8844348570767779,0.0218413976409584,0.8991304347826087,0.6069565217391304
LTP269,12,12,7,LAMP,0,0.844444204374977,0.844444204374977,0.1216883962704511,0.3860869565217391,0.8939130434782608
LTP269,12,12,8,CRAB,0,0.8744081113188735,0.8744081113188735,0.0474871872942906,0.8121739130434783,0.6782608695652175
LTP269,12,12,9,BRAKE,0,0.885256182965267,0.885256182965267,-0.0778572942807693,0.9095652173913044,0.2452173913043478
LTP269,12,12,10,TAXI,0,0.859282588822827,0.859282588822827,0.0461500979626574,0.5617391304347826,0.7078260869565217
LTP269,12,12,11,NOMAD,0,0.8268576450723203,0.8268576450723203,0.2751070368214624,0.2243478260869564,0.9878260869565216
LTP269,12,12,12,AIRPLANE,0,0.8568650370117004,0.8568650370117004,0.051020803252739,0.5408695652173914,0.6660869565217391
LTP269,12,12,13,CORAL,0,0.8409180645586192,0.8409180645586192,-0.0185986018370255,0.3478260869565217,0.4347826086956522
LTP269,12,12,14,JUNGLE,0,0.8755995586287469,0.8755995586287469,-0.0423798709522722,0.8347826086956522,0.3652173913043478
LTP269,12,12,15,FLIPPER,0,0.8470792036213779,0.8470792036213779,0.1391667015679059,0.4191304347826087,0.8521739130434782
LTP269,12,12,16,MAMMAL,0,0.8108089384742774,0.8108089384742774,0.1022164504157114,0.1269565217391304,0.8243478260869566
LTP269,12,12,17,ROBOT,0,0.8436308825825283,0.8436308825825283,0.0266097459341101,0.3791304347826086,0.5982608695652174
LTP269,12,12,18,SHELTER,0,0.8340323437967879,0.8340323437967879,-0.0157439535904156,0.2660869565217391,0.4556521739130434
LTP269,12,12,19,SNACK,0,0.8674883203978357,0.8674883203978357,0.0016725847647597,0.6956521739130435,0.5426086956521738
LTP269,12,12,20,DOLPHIN,0,0.8526946874793666,0.8526946874793666,0.1191004396883515,0.4852173913043478,0.8626086956521739
LTP269,12,12,21,CASKET,0,0.885055338687665,0.885055338687665,-0.1722236921208561,0.9113043478260868,0.0643478260869565
LTP269,12,12,22,DUSTPAN,1,0.8744067685986953,0.8744067685986953,0.0244489873878784,0.8069565217391305,0.6295652173913043
LTP269,12,12,23,OMELET,1,0.8467948400014058,0.8467948400014058,-0.0404016166993408,0.4295652173913044,0.3634782608695652
LTP269,12,12,24,SCARECROW,1,0.8900954937143338,0.8900954937143338,0.031063218487578,0.96,0.6052173913043478
LTP269,12,13,1,JELLO,1,0.8641638352174079,0.8641638352174079,0.0372936491243389,0.6295652173913043,0.671304347826087
LTP269,12,13,2,TWISTER,1,0.8524819592776514,0.8524819592776514,0.0062858431026682,0.4834782608695652,0.5252173913043479
LTP269,12,13,3,HAND,1,0.8141268142465378,0.8141268142465378,-0.0736703174361172,0.1478260869565217,0.2643478260869565
LTP269,12,13,4,SNAIL,1,0.8845259651018617,0.8845259651018617,0.2231439549765403,0.8939130434782608,0.9669565217391304
LTP269,12,13,5,TWEEZERS,0,0.8416918420633559,0.8416918420633559,0.0396078774971471,0.3460869565217391,0.6539130434782608
LTP269,12,13,6,CAPTIVE,0,0.8242170172810791,0.8242170172810791,-0.2361515858812073,0.217391304347826,0.0086956521739129
LTP269,12,13,7,SALMON,0,0.8579534354098154,0.8579534354098154,0.2575749707886712,0.5408695652173914,0.9721739130434782
LTP269,12,13,8,SEAFOOD,0,0.869089811444122,0.869089811444122,0.057694936194847,0.7043478260869565,0.7165217391304348
LTP269,12,13,9,RAFT,0,0.8669914643283729,0.8669914643283729,0.045308130685699,0.6695652173913044,0.6678260869565218
LTP269,12,13,10,SPONGE,0,0.8710570287780929,0.8710570287780929,0.0743303730387807,0.7252173913043478,0.76
LTP269,12,13,11,WASHER,0,0.8557091077536328,0.8557091077536328,0.0578547689849194,0.52,0.7165217391304348
LTP269,12,13,12,LILY,0,0.8107738555259976,0.8107738555259976,0.0603693621303992,0.1408695652173913,0.7269565217391305
LTP269,12,13,13,SPOON,0,0.8730919681249741,0.8730919681249741,0.202814234838395,0.7652173913043478,0.942608695652174
LTP269,12,13,14,RECEIPT,0,0.8380023706213241,0.8380023706213241,-0.1118925381679656,0.3408695652173913,0.1426086956521739
LTP269,12,13,15,HOSTESS,0,0.8296424267305144,0.8296424267305144,-0.0253485578885318,0.2660869565217391,0.4313043478260869
LTP269,12,13,16,STAMP,0,0.8014285181759458,0.8014285181759458,-0.019422417941863,0.1078260869565217,0.4365217391304348
LTP269,12,13,17,RUG,0,0.8341946471782026,0.8341946471782026,-0.0067909457016932,0.2956521739130434,0.4904347826086956
LTP269,12,13,18,SILK,0,0.8877648095299564,0.8877648095299564,0.2334467520920655,0.9147826086956522,0.9669565217391304
LTP269,12,13,19,ORCHID,0,0.8529687040323023,0.8529687040323023,-0.0789390130463072,0.5060869565217392,0.2452173913043478
LTP269,12,13,20,CRUTCH,0,0.8924101930842928,0.8924101930842928,0.0925942826579504,0.9460869565217392,0.7860869565217391
LTP269,12,13,21,SADDLE,0,0.8697868798703411,0.8697868798703411,0.1087028032802228,0.702608695652174,0.8295652173913044
LTP269,12,13,22,GREASE,0,0.8643487950745868,0.8643487950745868,0.1065228736294771,0.6191304347826088,0.8052173913043479
LTP269,12,13,23,DRESSER,1,0.856489505541502,0.856489505541502,0.160094882009628,0.5269565217391304,0.8956521739130435
LTP269,12,13,24,SHELF,1,0.8182394573173372,0.8182394573173372,0.0431851082612533,0.168695652173913,0.6591304347826087
LTP269,12,14,1,TRENCH,0,0.8239216246294402,0.8239216246294402,-0.1149124361186519,0.2191304347826087,0.1895652173913043
LTP269,12,14,2,COMPASS,0,0.8747235534146215,0.8747235534146215,0.0071420716286785,0.7965217391304348,0.5739130434782609
LTP269,12,14,3,BACKBONE,0,0.8845064944645924,0.8845064944645924,-0.0671320461825899,0.8939130434782608,0.3304347826086956
LTP269,12,14,4,MONSTER,0,0.8493843519248258,0.8493843519248258,-0.0540193950940603,0.4521739130434783,0.3669565217391304
LTP269,12,14,5,WINDOW,0,0.8363400977652924,0.8363400977652924,7.920251226888479e-05,0.3147826086956522,0.5321739130434783
LTP269,12,14,6,CAMEL,0,0.8842897973754126,0.8842897973754126,0.0124765991144225,0.8852173913043478,0.5426086956521738
LTP269,12,14,7,FLASK,0,0.8820264053281696,0.8820264053281696,0.1638160366865703,0.8486956521739131,0.8991304347826087
LTP269,12,14,8,PLAID,0,0.8017732356920464,0.8017732356920464,-0.0579341036976834,0.1060869565217391,0.3826086956521739
LTP269,12,14,9,BUNNY,0,0.8499589251003811,0.8499589251003811,-0.0826680346828763,0.4730434782608695,0.2765217391304347
LTP269,12,14,10,SWORD,0,0.8057309498537198,0.8057309498537198,0.1550052131744378,0.128695652173913,0.9147826086956522
LTP269,12,14,11,CIGAR,0,0.8624440551001463,0.8624440551001463,0.0592135885376299,0.6139130434782609,0.6817391304347826
LTP269,12,14,12,SNAKE,0,0.9017125564298206,0.9017125564298206,0.2444327666921483,0.991304347826087,0.9739130434782608
LTP269,12,14,13,FIREPLACE,0,0.8781441126283861,0.8781441126283861,0.0287470776136255,0.817391304347826,0.5947826086956522
LTP269,12,14,14,PASTRY,0,0.8559358026459599,0.8559358026459599,-0.1244755345075252,0.5356521739130435,0.1443478260869565
LTP269,12,14,15,FRAGRANCE,0,0.8773977618867512,0.8773977618867512,0.1036246029613134,0.8278260869565217,0.8591304347826088
LTP269,12,14,16,TUBA,0,0.8496710780221182,0.8496710780221182,-0.0778302016798426,0.4539130434782609,0.24
LTP269,12,14,17,WHISTLE,0,0.879945379137548,0.879945379137548,0.0843482759109085,0.8260869565217391,0.7339130434782608
LTP269,12,14,18,HAMPER,0,0.8907351959682133,0.8907351959682133,0.1839652974500172,0.9408695652173912,0.928695652173913
LTP269,12,14,19,RADISH,0,0.8719202378588443,0.8719202378588443,0.1483763715203578,0.7617391304347826,0.9234782608695652
LTP269,12,14,20,SALAD,0,0.8705494062335989,0.8705494062335989,0.1677094029860259,0.7234782608695652,0.9113043478260868
LTP269,12,14,21,GLASS,0,0.8545110892960223,0.8545110892960223,0.037906287783188,0.528695652173913,0.6365217391304347
LTP269,12,14,22,COCOON,1,0.8119564401902991,0.8119564401902991,-0.1232027669164718,0.1513043478260869,0.1530434782608696
LTP269,12,14,23,TERMITE,1,0.8807103369881085,0.8807103369881085,-0.0191026303003481,0.8486956521739131,0.4730434782608695
LTP269,12,14,24,FIREMAN,1,0.8852593108130861,0.8852593108130861,0.0680063557855557,0.888695652173913,0.7130434782608696
LTP269,12,15,1,VIRUS,1,0.8054756913002143,0.8054756913002143,-0.1809010676586061,0.1321739130434782,0.0573913043478261
LTP269,12,15,2,WOMAN,1,0.8485446209398161,0.8485446209398161,0.0556984875134398,0.4539130434782609,0.688695652173913
LTP269,12,15,3,PASSAGE,1,0.8750260043994186,0.8750260043994186,0.2536165747562475,0.7843478260869565,0.9686956521739132
LTP269,12,15,4,JOURNAL,1,0.8312524152941932,0.8312524152941932,-0.0300146464404273,0.2939130434782608,0.3965217391304347
LTP269,12,15,5,BREAST,1,0.8757680622478344,0.8757680622478344,0.1479162552630374,0.8347826086956522,0.954782608695652
LTP269,12,15,6,CLAMP,1,0.7849615127341566,0.7849615127341566,-0.2020558983039072,0.0469565217391304,0.026086956521739
LTP269,12,15,7,RELISH,0,0.8378856580705761,0.8378856580705761,-0.0381118612209475,0.3547826086956521,0.4121739130434783
LTP269,12,15,8,FLAG,0,0.7936813815315592,0.7936813815315592,0.0415816576360643,0.0730434782608695,0.6417391304347826
LTP269,12,15,9,BANK,0,0.8745740062912254,0.8745740062912254,0.1701755541262783,0.782608695652174,0.9478260869565216
LTP269,12,15,10,PARENT,0,0.7992371521538472,0.7992371521538472,0.0639049353682544,0.0939130434782609,0.7217391304347827
LTP269,12,15,11,FOOT,0,0.7859755571758605,0.7859755571758605,0.0015119026738001,0.0365217391304347,0.5460869565217391
LTP269,12,15,12,DIME,0,0.8368320256350662,0.8368320256350662,-0.0834517545834616,0.3252173913043478,0.2730434782608696
LTP269,12,15,13,PATROL,0,0.8534797761797387,0.8534797761797387,-0.1525765358088003,0.5078260869565218,0.0626086956521738
LTP269,12,15,14,PERMIT,0,0.8617727232409162,0.8617727232409162,0.2304204953508467,0.6086956521739131,0.9530434782608695
LTP269,12,15,15,PORK,0,0.8592387967593843,0.8592387967593843,-0.0442229257534737,0.5878260869565217,0.3739130434782608
LTP269,12,15,16,PIMPLE,0,0.8586769893110002,0.8586769893110002,-0.1634726093423924,0.577391304347826,0.0834782608695652
LTP269,12,15,17,WIDOW,0,0.8389982231561102,0.8389982231561102,-0.0952530954654619,0.337391304347826,0.2434782608695652
LTP269,12,15,18,ACTOR,0,0.7829607297552066,0.7829607297552066,-0.053944311579634,0.0295652173913043,0.3947826086956522
LTP269,12,15,19,RACKET,0,0.8947021448224014,0.8947021448224014,0.2132684518568618,0.9791304347826086,0.9669565217391304
LTP269,12,15,20,BANJO,0,0.8812739204686194,0.8812739204686194,0.0899732585940219,0.8521739130434782,0.7791304347826087
LTP269,12,15,21,RECORD,0,0.8613230049540046,0.8613230049540046,0.1860195830706758,0.6,0.9339130434782608
LTP269,12,15,22,GRILL,0,0.874580439777802,0.874580439777802,0.1420225111598453,0.7843478260869565,0.8817391304347826
LTP269,12,15,23,ICEBERG,0,0.8863896984335623,0.8863896984335623,-0.00216501070332,0.9095652173913044,0.5460869565217391
LTP269,12,15,24,FREEZER,0,0.8190326597892191,0.8190326597892191,-0.0391147229183957,0.1739130434782608,0.4173913043478261
LTP269,12,16,1,POSTAGE,1,0.8683361043697511,0.8683361043697511,0.0219032066056197,0.7008695652173913,0.6295652173913043
LTP269,12,16,2,MESSAGE,0,0.8433070272357697,0.8433070272357697,-0.0080757151138122,0.4069565217391304,0.5304347826086957
LTP269,12,16,3,HONEY,0,0.851972451406387,0.851972451406387,0.0711001410575711,0.5043478260869565,0.7252173913043478
LTP269,12,16,4,ARMY,1,0.8720197344329887,0.8720197344329887,0.0922256185296926,0.7408695652173913,0.7878260869565217
LTP269,12,16,5,FLEET,1,0.8361575849228915,0.8361575849228915,0.0045530880362037,0.3199999999999999,0.5217391304347826
LTP269,12,16,6,PLATE,0,0.7892976279122946,0.7892976279122946,0.0151103976472532,0.0608695652173912,0.5617391304347826
LTP269,12,16,7,HANDBAG,0,0.874028579289728,0.874028579289728,0.0892003582135448,0.7791304347826087,0.768695652173913
LTP269,12,16,8,LUNCH,0,0.8074888050668036,0.8074888050668036,-0.080601431727923,0.128695652173913,0.2765217391304347
LTP269,12,16,9,KIDNEY,0,0.8406049446590684,0.8406049446590684,-0.1968119778526031,0.3826086956521739,0.0713043478260869
LTP269,12,16,10,TWIG,0,0.8416142797104738,0.8416142797104738,-0.1071789665577355,0.3930434782608696,0.217391304347826
LTP269,12,16,11,STICKER,0,0.8582391529512555,0.8582391529512555,0.0526261175168653,0.5895652173913044,0.6695652173913044
LTP269,12,16,12,HUMAN,0,0.8187059366763442,0.8187059366763442,0.0241555639502955,0.1826086956521738,0.5895652173913044
LTP269,12,16,13,STREAM,0,0.8853866841497154,0.8853866841497154,0.1495528720105532,0.9113043478260868,0.8730434782608696
LTP269,12,16,14,BINDER,0,0.8569242238712691,0.8569242238712691,0.1198837968862565,0.577391304347826,0.817391304347826
LTP269,12,16,15,BANKER,0,0.8944807948629133,0.8944807948629133,0.2192648334502806,0.977391304347826,0.9234782608695652
LTP269,12,16,16,MEAT,0,0.8558077869393187,0.8558077869393187,0.0236725436395445,0.5634782608695652,0.5791304347826087
LTP269,12,16,17,GLOVE,0,0.8818877117224002,0.8818877117224002,-0.0535593222373096,0.8921739130434783,0.36
LTP269,12,16,18,BUGGY,0,0.8796077728616184,0.8796077728616184,0.1054082951808748,0.8817391304347826,0.7965217391304348
LTP269,12,16,19,TEACHER,0,0.8463863286606622,0.8463863286606622,0.111033433150592,0.4434782608695652,0.8226086956521739
LTP269,12,16,20,COOKBOOK,1,0.8655963562307177,0.8655963562307177,0.2567224450549655,0.6852173913043478,0.9808695652173912
LTP269,12,16,21,COOK,1,0.828849935559208,0.828849935559208,0.1430960616734335,0.2608695652173913,0.8834782608695653
LTP269,12,16,22,BEEF,0,0.8003242536151755,0.8003242536151755,-0.0538432790135229,0.1147826086956521,0.3391304347826087
LTP269,12,16,23,TURKEY,0,0.8659265922056987,0.8659265922056987,-0.007056839389763,0.7756521739130435,0.511304347826087
LTP269,12,16,24,BASEMENT,0,0.8458559086120041,0.8458559086120041,-0.0138701090014241,0.5808695652173913,0.4643478260869565
LTP269,12,17,1,FINGER,1,0.8733925596255491,0.8733925596255491,-0.0277773114897754,0.9391304347826088,0.4104347826086957
LTP269,12,17,2,WRIST,0,0.856993105767345,0.856993105767345,-0.0315842436670827,0.7182608695652174,0.4017391304347826
LTP269,12,17,3,COUCH,0,0.8409641712807406,0.8409641712807406,0.108904512869583,0.4904347826086956,0.8747826086956522
LTP269,12,17,4,TABLE,0,0.8263409322765934,0.8263409322765934,-0.0782644496930959,0.3130434782608695,0.2365217391304347
LTP269,12,17,5,SCALLOP,0,0.8576626393844757,0.8576626393844757,0.1063159977197885,0.6382608695652174,0.8695652173913043
LTP269,12,17,6,IDOL,0,0.7922815720234373,0.7922815720234373,0.09098156769331,0.0921739130434782,0.84
LTP269,12,17,7,GALLON,0,0.850069402225016,0.850069402225016,0.2034339114775562,0.52,0.977391304347826
LTP269,12,17,8,PISTON,0,0.867575908595161,0.867575908595161,-0.0100227355599497,0.8034782608695652,0.5043478260869565
LTP269,12,17,9,FRECKLE,0,0.853431967904423,0.853431967904423,-0.0498582286235238,0.6121739130434782,0.3269565217391305
LTP269,12,17,10,YOLK,0,0.8735815959939472,0.8735815959939472,0.0933292611154175,0.8382608695652174,0.84
LTP269,12,17,11,KETCHUP,0,0.8782379703295523,0.8782379703295523,0.0449084862049804,0.9269565217391303,0.7008695652173913
LTP269,12,17,12,ONION,1,0.8255063306840693,0.8255063306840693,0.1913945765499706,0.2521739130434782,0.9704347826086956
LTP269,12,17,13,POCKET,1,0.8585451836199314,0.8585451836199314,0.1204168302275437,0.6469565217391304,0.8869565217391304
LTP269,12,17,14,PARSLEY,0,0.87342135419379,0.87342135419379,0.1462318965702826,0.8834782608695653,0.9321739130434784
LTP269,12,17,15,DINER,1,0.7982143837224268,0.7982143837224268,0.0704676332804327,0.0956521739130434,0.768695652173913
LTP269,12,17,16,MUSTARD,1,0.7769611968668666,0.7769611968668666,0.0858297752723683,0.0226086956521739,0.8052173913043479
LTP269,12,17,17,CAFE,1,0.8016579621795283,0.8016579621795283,-0.0568876358831319,0.1165217391304347,0.3252173913043478
LTP269,12,17,18,LONDON,1,0.8140093630450846,0.8140093630450846,0.1890969929534319,0.1652173913043478,0.9495652173913044
LTP269,12,17,19,GANGSTER,0,0.8510695395621705,0.8510695395621705,0.0050273356031389,0.5547826086956522,0.5565217391304348
LTP269,12,17,20,POWDER,0,0.8336560269439991,0.8336560269439991,0.0606219042723587,0.3234782608695652,0.728695652173913
LTP269,12,17,21,EUROPE,1,0.7786336344619262,0.7786336344619262,0.0246145696544776,0.0278260869565217,0.6069565217391304
LTP269,12,17,22,VALLEY,1,0.8768078383428743,0.8768078383428743,0.0415127899602861,0.8817391304347826,0.6765217391304348
LTP269,12,17,23,PUDDING,1,0.8679215646948342,0.8679215646948342,-0.0295490839656081,0.7756521739130435,0.4034782608695652
LTP269,12,17,24,SHORTS,0,0.8173885168443342,0.8173885168443342,0.0333991546034821,0.1773913043478261,0.6556521739130434
LTP269,12,18,1,GHETTO,1,0.8747655838983392,0.8747655838983392,0.046761296365953,0.8904347826086957,0.6852173913043478
LTP269,12,18,2,CARROT,1,0.8422545504970077,0.8422545504970077,-0.0049480541673521,0.4782608695652174,0.4695652173913043
LTP269,12,18,3,GARDEN,0,0.8477131099920209,0.8477131099920209,0.1000195599371201,0.5217391304347826,0.8591304347826088
LTP269,12,18,4,MILDEW,0,0.8826147035047985,0.8826147035047985,0.0467125067461648,0.9356521739130436,0.6904347826086956
LTP269,12,18,5,BOUQUET,1,0.8779321107806916,0.8779321107806916,0.1322052830783256,0.8521739130434782,0.9060869565217392
LTP269,12,18,6,STALLION,1,0.8537885833796135,0.8537885833796135,-0.0579325593654562,0.528695652173913,0.2626086956521739
LTP269,12,18,7,WAGON,0,0.8557179470658708,0.8557179470658708,0.1251459402526085,0.551304347826087,0.8817391304347826
LTP269,12,18,8,NURSE,1,0.8710906847514517,0.8710906847514517,-0.062211986333003,0.7582608695652174,0.2469565217391304
LTP269,12,18,9,GAZELLE,0,0.8687919792446661,0.8687919792446661,0.1553465015371469,0.7182608695652174,0.9321739130434784
LTP269,12,18,10,PERFUME,1,0.8750966117566814,0.8750966117566814,0.0035788229593325,0.808695652173913,0.4921739130434782
LTP269,12,18,11,RAZOR,0,0.8519998762753066,0.8519998762753066,0.0587679412287467,0.4939130434782608,0.7078260869565217
LTP269,12,18,12,WHISKERS,0,0.8676402095355057,0.8676402095355057,-0.0127037843810113,0.7426086956521739,0.457391304347826
LTP269,12,18,13,ROBIN,0,0.8232567075186104,0.8232567075186104,-0.0799902338552478,0.1999999999999999,0.1913043478260869
LTP269,12,18,14,PRIMATE,0,0.8365774683038475,0.8365774683038475,-0.0354918740431259,0.3026086956521739,0.3704347826086956
LTP269,12,18,15,BIKE,0,0.8541951197398973,0.8541951197398973,-0.2351208742879885,0.5234782608695652,0.0017391304347825
LTP269,12,18,16,PEDAL,0,0.8490219245025797,0.8490219245025797,-0.1007471898888562,0.4643478260869565,0.1773913043478261
LTP269,12,18,17,CONCERT,0,0.7985888850560772,0.7985888850560772,-0.1836839921162107,0.1043478260869564,0.017391304347826
LTP269,12,18,18,FLOWER,1,0.8856736547264611,0.8856736547264611,0.1270396013446333,0.9095652173913044,0.9269565217391303
LTP269,12,18,19,BUREAU,0,0.8469253211864136,0.8469253211864136,0.0727049541686072,0.4226086956521739,0.7530434782608696
LTP269,12,18,20,GARBAGE,0,0.887808868350569,0.887808868350569,0.2061134700387821,0.9408695652173912,0.977391304347826
LTP269,12,18,21,OUTDOORS,1,0.8257627903149001,0.8257627903149001,0.0421326589831312,0.2191304347826087,0.6765217391304348
LTP269,12,18,22,CLOTHES,0,0.8699205928793662,0.8699205928793662,0.0085665820879821,0.7408695652173913,0.5634782608695652
LTP269,12,18,23,CELLAR,0,0.863976046772025,0.863976046772025,-0.0503543031126137,0.6452173913043479,0.2991304347826087
LTP269,12,18,24,TURNIP,1,0.892033273367465,0.892033273367465,0.0146977550719174,0.9739130434782608,0.5913043478260869
LTP269,12,19,1,DANCER,0,0.8840671659879341,0.8840671659879341,-0.023913407067149,0.9565217391304348,0.4104347826086957
LTP269,12,19,2,DANDRUFF,0,0.8866890973931498,0.8866890973931498,-0.0397621478147513,0.9756521739130436,0.3739130434782608
LTP269,12,19,3,BALLOON,0,0.8838293675960259,0.8838293675960259,-0.0722626238081196,0.9217391304347826,0.2434782608695652
LTP269,12,19,4,HATCHET,0,0.8462804692142551,0.8462804692142551,-0.1168987441551228,0.4539130434782609,0.1304347826086956
LTP269,12,19,5,BRANCH,0,0.8465970173054816,0.8465970173054816,0.0357405055383792,0.4278260869565217,0.6695652173913044
LTP269,12,19,6,FILM,0,0.857706038034898,0.857706038034898,-0.1125013330819693,0.5791304347826087,0.2104347826086956
LTP269,12,19,7,OUTFIT,0,0.8567243371316726,0.8567243371316726,-0.1606183285899028,0.551304347826087,0.1165217391304347
LTP269,12,19,8,COSTUME,0,0.8779763583986929,0.8779763583986929,0.1806590365075972,0.8573913043478261,0.9739130434782608
LTP269,12,19,9,LADY,0,0.8010239749480119,0.8010239749480119,0.0319395017237035,0.088695652173913,0.6556521739130434
LTP269,12,19,10,COD,0,0.795721370404532,0.795721370404532,-0.0522425149145791,0.0626086956521738,0.3426086956521739
LTP269,12,19,11,ZEBRA,0,0.855985108223613,0.855985108223613,-0.2108897519106986,0.5443478260869565,0.0313043478260869
LTP269,12,19,12,NOTEBOOK,0,0.7896664210918105,0.7896664210918105,-0.0178234671729008,0.0382608695652173,0.4208695652173913
LTP269,12,19,13,ULCER,1,0.8458158381080972,0.8458158381080972,0.0419243900652266,0.3930434782608696,0.6243478260869566
LTP269,12,19,14,JURY,1,0.8394887943624796,0.8394887943624796,0.0721062630643513,0.3199999999999999,0.7460869565217392
LTP269,12,19,15,GAVEL,1,0.7910709683847408,0.7910709683847408,0.060451227374373,0.048695652173913,0.671304347826087
LTP269,12,19,16,BRIEFCASE,0,0.8530793781215703,0.8530793781215703,0.0499353583678146,0.5026086956521739,0.7060869565217391
LTP269,12,19,17,POPCORN,0,0.8361009756447508,0.8361009756447508,0.0069388139870892,0.2782608695652173,0.56
LTP269,12,19,18,WIFE,0,0.7856508615742716,0.7856508615742716,-0.0393971822081833,0.0313043478260869,0.3860869565217391
LTP269,12,19,19,CUSTARD,0,0.8702759416691563,0.8702759416691563,0.0158462509772811,0.7791304347826087,0.5878260869565217
LTP269,12,19,20,POLICE,1,0.8308578331366735,0.8308578331366735,0.0073191767260929,0.2382608695652174,0.5356521739130435
LTP269,12,19,21,STUDENT,1,0.8346590190903532,0.8346590190903532,0.0395205732746526,0.2608695652173913,0.5982608695652174
LTP269,12,19,22,ICING,1,0.8412678247110847,0.8412678247110847,-0.2487420788661898,0.3269565217391305,0.0226086956521739
LTP269,12,19,23,CLAM,1,0.7874565198112898,0.7874565198112898,-0.0276992722225887,0.0295652173913043,0.4
LTP269,12,19,24,SPARROW,0,0.8349675346957592,0.8349675346957592,-0.0094186762225606,0.2573913043478261,0.4782608695652174
LTP269,12,20,1,WASP,0,0.8289319555044622,0.8289319555044622,0.1003853361710732,0.217391304347826,0.7895652173913044
LTP269,12,20,2,HORNET,0,0.8675357802132053,0.8675357802132053,0.0335615612920005,0.7843478260869565,0.5843478260869566
LTP269,12,20,3,GARLIC,0,0.8444294440643424,0.8444294440643424,-0.2476176404067869,0.4052173913043478,0.0643478260869565
LTP269,12,20,4,PASTA,0,0.8610157821233292,0.8610157821233292,0.0227698579206238,0.6678260869565218,0.5565217391304348
LTP269,12,20,5,THIEF,0,0.8409170992138141,0.8409170992138141,0.0061390671497527,0.3339130434782609,0.5426086956521738
LTP269,12,20,6,SHOVEL,0,0.8945212276178941,0.8945212276178941,0.028739415358871,0.9947826086956522,0.568695652173913
LTP269,12,20,7,HEADBAND,0,0.8743325883555118,0.8743325883555118,0.2328255270159626,0.8365217391304348,0.9756521739130436
LTP269,12,20,8,BARREL,0,0.8339737508526655,0.8339737508526655,0.0155344286978579,0.2521739130434782,0.5530434782608695
LTP269,12,20,9,BLOUSE,0,0.8841944689657096,0.8841944689657096,0.2264795201507694,0.9460869565217392,0.9669565217391304
LTP269,12,20,10,HELMET,0,0.8584662281929717,0.8584662281929717,0.1000472451783456,0.6052173913043478,0.7808695652173914
LTP269,12,20,11,SUSPECT,0,0.8596870114636225,0.8596870114636225,-0.1669353906899805,0.6469565217391304,0.1808695652173912
LTP269,12,20,12,BEAVER,0,0.85244246239389,0.85244246239389,0.0894959672815664,0.4904347826086956,0.76
LTP269,12,20,13,MASK,0,0.8004743451473959,0.8004743451473959,0.0157899273008291,0.0817391304347826,0.551304347826087
LTP269,12,20,14,SHARK,0,0.7911232617360818,0.7911232617360818,0.0273570860269491,0.04,0.5860869565217391
LTP269,12,20,15,CROWN,0,0.871829051076398,0.871829051076398,0.0637838227356444,0.7860869565217391,0.7008695652173913
LTP269,12,20,16,CEILING,0,0.8406928193315494,0.8406928193315494,-0.0085482090200121,0.3304347826086956,0.448695652173913
LTP269,12,20,17,PLASTER,0,0.8085846204951775,0.8085846204951775,0.0868406201131449,0.1026086956521739,0.7443478260869565
LTP269,12,20,18,BULLET,0,0.8605712414885753,0.8605712414885753,-0.0205121557550281,0.6295652173913043,0.4330434782608695
LTP269,12,20,19,JAPAN,1,0.7994431204304026,0.7994431204304026,0.1018393863121086,0.0608695652173912,0.7791304347826087
LTP269,12,20,20,CREATURE,1,0.8516611250530918,0.8516611250530918,0.0224506727958643,0.4991304347826086,0.5565217391304348
LTP269,12,20,21,THREAD,0,0.849206587897246,0.849206587897246,0.0934477546758957,0.4695652173913043,0.7582608695652174
LTP269,12,20,22,FEMALE,0,0.8077574474653983,0.8077574474653983,0.1860046835392525,0.0991304347826087,0.9321739130434784
LTP269,12,20,23,PECAN,0,0.831999661367713,0.831999661367713,0.2061560600065754,0.24,0.9565217391304348
LTP269,12,20,24,PEPPER,0,0.8514236001956086,0.8514236001956086,0.1915181036871646,0.4817391304347825,0.942608695652174
LTP269,12,21,1,PUPIL,0,0.8563187553616268,0.8563187553616268,0.2557269005998024,0.551304347826087,0.9843478260869564
LTP269,12,21,2,SIDEWALK,0,0.8790262728482591,0.8790262728482591,0.1064204480148446,0.8869565217391304,0.831304347826087
LTP269,12,21,3,HIGHWAY,1,0.7961511236175872,0.7961511236175872,0.0692049630624395,0.0608695652173912,0.7582608695652174
LTP269,12,21,4,PADDLE,1,0.8723489163773315,0.8723489163773315,-0.0454523612324331,0.7773913043478261,0.3634782608695652
LTP269,12,21,5,SEAL,1,0.791019180723804,0.791019180723804,0.1681602381562319,0.0330434782608696,0.928695652173913
LTP269,12,21,6,EYELASH,0,0.8513896723933925,0.8513896723933925,-0.0379817627504341,0.4591304347826087,0.3947826086956522
LTP269,12,21,7,WORLD,0,0.8153667348155104,0.8153667348155104,-0.02298975197563,0.1356521739130435,0.4504347826086956
LTP269,12,21,8,MAILBOX,0,0.8590781013325346,0.8590781013325346,-0.1625551604152975,0.5756521739130435,0.0660869565217391
LTP269,12,21,9,LION,1,0.8375515838806764,0.8375515838806764,0.0735861454044417,0.2747826086956522,0.782608695652174
LTP269,12,21,10,PANTHER,1,0.8650624103969616,0.8650624103969616,0.2315550751821372,0.6556521739130434,0.982608695652174
LTP269,12,21,11,TRIBE,1,0.8609212178512539,0.8609212178512539,-0.1360335166782343,0.6313043478260869,0.1773913043478261
LTP269,12,21,12,PARTNER,0,0.8473494416398474,0.8473494416398474,0.0312355150133148,0.4,0.6313043478260869
LTP269,12,21,13,COUSIN,0,0.8700581397829587,0.8700581397829587,0.0086525736379289,0.751304347826087,0.5547826086956522
LTP269,12,21,14,CHURCH,0,0.804822942893236,0.804822942893236,0.0340616859229779,0.0921739130434782,0.6452173913043479
LTP269,12,21,15,LIPSTICK,0,0.8680174319338454,0.8680174319338454,-0.0355671161566854,0.7269565217391305,0.3947826086956522
LTP269,12,21,16,YACHT,0,0.8777474356757298,0.8777474356757298,-0.0391275100000516,0.8486956521739131,0.3982608695652174
LTP269,12,21,17,BOARD,1,0.7848316547882435,0.7848316547882435,0.009739675286374,0.0278260869565217,0.5582608695652174
LTP269,12,21,18,CATCHER,0,0.8726283686418211,0.8726283686418211,-0.0289944713452232,0.7808695652173914,0.4034782608695652
LTP269,12,21,19,PAPER,1,0.7957310280420007,0.7957310280420007,-0.0209702290538775,0.0626086956521738,0.4452173913043478
LTP269,12,21,20,PRINCE,1,0.8195665909138586,0.8195665909138586,0.1111508165101741,0.1634782608695651,0.8573913043478261
LTP269,12,21,21,QUEEN,1,0.8645739561840876,0.8645739561840876,0.1172676656883657,0.6852173913043478,0.8643478260869565
LTP269,12,21,22,MATTRESS,0,0.8665417873962492,0.8665417873962492,-0.1078356733751877,0.7060869565217391,0.1982608695652173
LTP269,12,21,23,LEOPARD,1,0.8664039981813447,0.8664039981813447,-0.0150156132107221,0.6660869565217391,0.4521739130434783
LTP269,12,21,24,STAKE,0,0.8166408426911616,0.8166408426911616,-0.0737292639818057,0.1426086956521739,0.2956521739130434
LTP269,12,22,1,FOREST,1,0.8126524428772097,0.8126524428772097,-0.0343529104962792,0.1339130434782608,0.36
LTP269,12,22,2,HEDGE,1,0.8487273680881627,0.8487273680881627,0.0082926998786419,0.4347826086956522,0.5530434782608695
LTP269,12,22,3,CRITIC,0,0.814279582964042,0.814279582964042,-0.1203277161213555,0.1495652173913043,0.1060869565217391
LTP269,12,22,4,COBRA,0,0.808391804343501,0.808391804343501,-0.0483064796502141,0.1182608695652174,0.3391304347826087
LTP269,12,22,5,LUGGAGE,0,0.8777672960914186,0.8777672960914186,-0.104034396085431,0.8347826086956522,0.1339130434782608
LTP269,12,22,6,ROCKET,0,0.8936075970705272,0.8936075970705272,-0.0251029975604801,0.977391304347826,0.4
LTP269,12,22,7,KLEENEX,0,0.8388939885296104,0.8388939885296104,-0.0278661674845641,0.2921739130434783,0.3947826086956522
LTP269,12,22,8,SWITCH,0,0.7837656229964061,0.7837656229964061,0.0187163093115383,0.026086956521739,0.5843478260869566
LTP269,12,22,9,FLASHLIGHT,0,0.8391035724534216,0.8391035724534216,-0.0714091010654478,0.3008695652173913,0.2121739130434782
LTP269,12,22,10,ASIA,0,0.8007736143628598,0.8007736143628598,0.1572679905683651,0.0956521739130434,0.9078260869565218
LTP269,12,22,11,DRAGON,0,0.885726782386653,0.885726782386653,0.0390403112883355,0.9113043478260868,0.6382608695652174
LTP269,12,22,12,FUNGUS,0,0.8676038506840974,0.8676038506840974,0.0737562537113366,0.6573913043478261,0.7356521739130435
LTP269,12,22,13,VENUS,0,0.8296959562843965,0.8296959562843965,0.1347391675298837,0.2365217391304347,0.9130434782608696
LTP269,12,22,14,SHERIFF,0,0.8834761440795406,0.8834761440795406,0.0537074877085492,0.8713043478260869,0.671304347826087
LTP269,12,22,15,COUNTY,0,0.8382035489763564,0.8382035489763564,-0.0357349139122088,0.3130434782608695,0.3895652173913043
LTP269,12,22,16,TOURIST,0,0.8638418230407332,0.8638418230407332,0.0110738873198345,0.6226086956521739,0.5426086956521738
LTP269,12,22,17,HOUND,0,0.8936670513839879,0.8936670513839879,0.0964575611713124,0.9721739130434782,0.84
LTP269,12,22,18,CURTAIN,0,0.8995625184225196,0.8995625184225196,0.0686188372522724,0.9965217391304348,0.7426086956521739
LTP269,12,22,19,PIANO,0,0.8554161093062062,0.8554161093062062,0.0090782252759029,0.52,0.528695652173913
LTP269,12,22,20,ACTRESS,0,0.8791805621642562,0.8791805621642562,-0.0145193560167458,0.8452173913043478,0.4330434782608695
LTP269,12,22,21,PILOT,0,0.8917529909542012,0.8917529909542012,0.1138484608497852,0.9443478260869566,0.8434782608695652
LTP269,12,22,22,SLIME,1,0.8770854983634114,0.8770854983634114,-0.0394090615200034,0.8208695652173913,0.3547826086956521
LTP269,12,22,23,VELVET,1,0.8706669779560879,0.8706669779560879,0.036522298228256,0.7165217391304348,0.5930434782608696
LTP269,12,22,24,LAPEL,1,0.8400464505373172,0.8400464505373172,-0.1638977035296746,0.337391304347826,0.088695652173913
LTP269,12,23,1,PEANUT,0,0.8712962326295937,0.8712962326295937,0.0133646309698366,0.728695652173913,0.5443478260869565
LTP269,12,23,2,DRIVER,0,0.8327723508147967,0.8327723508147967,-0.0005899623318281,0.2643478260869565,0.4886956521739131
LTP269,12,23,3,MATCH,0,0.850737406607065,0.850737406607065,0.0079759537458449,0.4747826086956521,0.5182608695652173
LTP269,12,23,4,HARP,0,0.8672593961627977,0.8672593961627977,-0.0267091172588666,0.6956521739130435,0.3895652173913043
LTP269,12,23,5,LIGHTNING,0,0.8813376686252191,0.8813376686252191,0.0745732843182806,0.888695652173913,0.7669565217391304
LTP269,12,23,6,SPACE,0,0.7616407491379144,0.7616407491379144,-0.2111782156354726,0.0139130434782608,0.0382608695652173
LTP269,12,23,7,DAUGHTER,0,0.8255640606526182,0.8255640606526182,0.0142186296256102,0.2069565217391304,0.5617391304347826
LTP269,12,23,8,BROTHER,0,0.8821186123621262,0.8821186123621262,0.0940106931168675,0.8695652173913043,0.7582608695652174
LTP269,12,23,9,WRENCH,0,0.839120450050637,0.839120450050637,-0.0753943125016125,0.3339130434782609,0.2852173913043478
LTP269,12,23,10,STOVE,0,0.84798959240783,0.84798959240783,-0.0251992261369232,0.4382608695652173,0.4434782608695652
LTP269,12,23,11,CLOCK,0,0.8387318832406934,0.8387318832406934,-0.165852943057767,0.3321739130434782,0.097391304347826
LTP269,12,23,12,DUST,0,0.8515866519540829,0.8515866519540829,0.1053163109515486,0.4747826086956521,0.8104347826086956
LTP269,12,23,13,COTTAGE,1,0.8719498977956428,0.8719498977956428,-0.0422663535792679,0.7426086956521739,0.3913043478260869
LTP269,12,23,14,SUBWAY,1,0.8803097079260235,0.8803097079260235,-0.0342815899837889,0.8486956521739131,0.4243478260869565
LTP269,12,23,15,SANDWICH,0,0.8907947137699006,0.8907947137699006,-0.0048281197949425,0.951304347826087,0.4834782608695652
LTP269,12,23,16,MARSH,1,0.876479696607723,0.876479696607723,0.1073918598503072,0.8052173913043479,0.8104347826086956
LTP269,12,23,17,AUTHOR,0,0.8621179798063032,0.8621179798063032,0.2320374823872178,0.6052173913043478,0.937391304347826
LTP269,12,23,18,PIGMENT,0,0.8753565526759842,0.8753565526759842,-0.0669861934743936,0.7669565217391304,0.3165217391304348
LTP269,12,23,19,CRAYON,0,0.8949035315922251,0.8949035315922251,0.0280644685361257,0.9704347826086956,0.5843478260869566
LTP269,12,23,20,BISON,0,0.8705682536363691,0.8705682536363691,0.1106463179829589,0.7217391304347827,0.8278260869565217
LTP269,12,23,21,TOASTER,0,0.8439641278154523,0.8439641278154523,-0.002021563990145,0.3686956521739131,0.4991304347826086
LTP269,12,23,22,HIKER,1,0.8696781057427271,0.8696781057427271,-0.0550551330823268,0.7217391304347827,0.328695652173913
LTP269,12,23,23,ROD,1,0.8424860783008361,0.8424860783008361,0.0113163710848622,0.36,0.5321739130434783
LTP269,12,23,24,BEAST,0,0.8071574320605103,0.8071574320605103,0.0301344573018412,0.1147826086956521,0.5895652173913044
LTP269,12,24,1,OUTLAW,1,0.8740682261989308,0.8740682261989308,-0.0054963761305564,0.8191304347826087,0.5078260869565218
LTP269,12,24,2,CONVICT,1,0.8231356380300153,0.8231356380300153,0.0299362609401531,0.2139130434782609,0.6
LTP269,12,24,3,GRAVE,1,0.7848950661994231,0.7848950661994231,0.0016280311399035,0.0382608695652173,0.5165217391304349
LTP269,12,24,4,CHIPMUNK,1,0.8658008610639469,0.8658008610639469,-0.2104023144383637,0.7217391304347827,0.0678260869565217
LTP269,12,24,5,ANTLER,0,0.8632235399302824,0.8632235399302824,0.0300211866137666,0.6782608695652175,0.64
LTP269,12,24,6,AIRPORT,1,0.8429395507316167,0.8429395507316167,0.0555351601787988,0.3860869565217391,0.7234782608695652
LTP269,12,24,7,MOTOR,0,0.8137534646896817,0.8137534646896817,0.1911704768076234,0.1391304347826086,0.9460869565217392
LTP269,12,24,8,TRUCK,0,0.8374457728153627,0.8374457728153627,-0.0522008360297055,0.3460869565217391,0.3791304347826086
LTP269,12,24,9,BRACES,0,0.8634009505696757,0.8634009505696757,0.0300680760897843,0.6991304347826087,0.6330434782608696
LTP269,12,24,10,SIBLING,0,0.8497824004731741,0.8497824004731741,-0.0502908516436794,0.5043478260869565,0.3878260869565217
LTP269,12,24,11,MEDAL,0,0.8513610122489083,0.8513610122489083,-0.0293579961198619,0.5234782608695652,0.4469565217391305
LTP269,12,24,12,POSSUM,0,0.8403080134749293,0.8403080134749293,-0.0196945691435834,0.3669565217391304,0.471304347826087
LTP269,12,24,13,CANDY,1,0.8859926213293928,0.8859926213293928,0.0099442244037294,0.9565217391304348,0.5652173913043479
LTP269,12,24,14,TART,1,0.8423465088984892,0.8423465088984892,0.2131268006564234,0.3947826086956522,0.9617391304347828
LTP269,12,24,15,SODA,0,0.8009932582717133,0.8009932582717133,0.0972551354094968,0.0921739130434782,0.7565217391304347
LTP269,12,24,16,COMET,0,0.848462332461479,0.848462332461479,0.2061202326757487,0.5060869565217392,0.9113043478260868
LTP269,12,24,17,CLOUD,0,0.8321854797140664,0.8321854797140664,-0.1986407749570427,0.3147826086956522,0.0817391304347826
LTP269,12,24,18,TORTOISE,0,0.8915724202466888,0.8915724202466888,0.0935079340427522,0.9930434782608696,0.8121739130434783
LTP269,12,24,19,PATIENT,0,0.8553417696471357,0.8553417696471357,0.1379894879862616,0.5739130434782609,0.8243478260869566
LTP269,12,24,20,DONOR,0,0.8439544259132077,0.8439544259132077,0.232960484355944,0.4295652173913044,0.9721739130434782
LTP269,12,24,21,HORSE,0,0.8455741936776953,0.8455741936776953,-0.1023728320604919,0.4539130434782609,0.2226086956521739
LTP269,12,24,22,TREAT,1,0.7378661976374219,0.7378661976374219,0.0437303647306469,0.0,0.6173913043478261
LTP269,12,24,23,MISTER,0,0.8160962588843409,0.8160962588843409,0.0769883855204187,0.1547826086956522,0.7060869565217391
LTP269,12,24,24,HERO,1,0.8627857013055877,0.8627857013055877,0.0443289057248168,0.6904347826086956,0.6834782608695652
LTP303,22,1,1,PADDING,1,0.8613156429797073,0.8613156429797073,0.0167926118283275,0.7043478260869565,0.5930434782608696
LTP303,22,1,2,CELLAR,1,0.8492803914437942,0.8492803914437942,-0.1296503749532337,0.5339130434782609,0.0678260869565217
LTP303,22,1,3,HORNET,1,0.8537164112258399,0.8537164112258399,-0.0740800693705505,0.6034782608695652,0.1808695652173912
LTP303,22,1,4,WASP,1,0.8109421573273705,0.8109421573273705,-0.0586727378687443,0.1965217391304348,0.2782608695652173
LTP303,22,1,5,PLAYGROUND,1,0.8535233363573808,0.8535233363573808,-0.0028026882969183,0.5652173913043479,0.5165217391304349
LTP303,22,1,6,SIDEWALK,1,0.8664739251845419,0.8664739251845419,-0.0424429267249183,0.7321739130434783,0.3617391304347825
LTP303,22,1,7,SEAGULL,1,0.8834418337504278,0.8834418337504278,0.0637472452541071,0.9321739130434784,0.7373913043478261
LTP303,22,1,8,TABLE,1,0.8327470061930808,0.8327470061930808,-0.0674014950114685,0.3026086956521739,0.2765217391304347
LTP303,22,1,9,SPONGE,1,0.8680088171660774,0.8680088171660774,0.0895535614424134,0.7426086956521739,0.7965217391304348
LTP303,22,1,10,COSTUME,1,0.8728127026310414,0.8728127026310414,0.093487542217614,0.8121739130434783,0.8121739130434783
LTP303,22,1,11,POWDER,1,0.8389882419765293,0.8389882419765293,0.1186708550729552,0.3530434782608695,0.8626086956521739
LTP303,22,1,12,TUTU,1,0.8068456390983647,0.8068456390983647,0.1397826441982568,0.1513043478260869,0.8904347826086957
LTP303,22,1,13,GARBAGE,1,0.8808497205079105,0.8808497205079105,0.0413130095098569,0.8991304347826087,0.6504347826086956
LTP303,22,1,14,PIANO,1,0.8560824058262317,0.8560824058262317,0.1042688292563151,0.5582608695652174,0.8208695652173913
LTP303,22,1,15,BATHTUB,1,0.8619444476945833,0.8619444476945833,0.2619743654309768,0.6556521739130434,0.9895652173913044
LTP303,22,1,16,CRAYON,1,0.8964323604997438,0.8964323604997438,0.1309068375716976,0.982608695652174,0.8626086956521739
LTP303,22,1,17,SLOPE,1,0.8549944677357885,0.8549944677357885,-0.0403486181522121,0.5565217391304348,0.3530434782608695
LTP303,22,1,18,LAVA,1,0.7876511391790566,0.7876511391790566,-0.0677736494818459,0.0904347826086956,0.2695652173913043
LTP303,22,1,19,QUARTER,1,0.8373513906966634,0.8373513906966634,0.0117050346324078,0.3582608695652174,0.5565217391304348
LTP303,22,1,20,TUBA,1,0.8677481077229966,0.8677481077229966,0.2810107284344557,0.7321739130434783,0.9860869565217392
LTP303,22,1,21,HOOK,1,0.8929741677251588,0.8929741677251588,0.1360265414463518,0.9686956521739132,0.8956521739130435
LTP303,22,1,22,BOYFRIEND,1,0.8628912651399823,0.8628912651399823,-0.0507422321141197,0.6504347826086956,0.3060869565217391
LTP303,22,1,23,HATCHET,1,0.8494600165132254,0.8494600165132254,-0.0170722247747459,0.511304347826087,0.4695652173913043
LTP303,22,1,24,KNIFE,1,0.826551538194055,0.826551538194055,0.0649121373875241,0.2521739130434782,0.7391304347826086
LTP303,22,2,1,MEAT,1,0.8519760452670567,0.8519760452670567,-0.0250717283357446,0.5130434782608695,0.4608695652173913
LTP303,22,2,2,BEEF,1,0.8002186334295209,0.8002186334295209,-0.0588962186812665,0.1078260869565217,0.3130434782608695
LTP303,22,2,3,OYSTER,1,0.8569818345623558,0.8569818345623558,-0.0453967706029541,0.5843478260869566,0.3634782608695652
LTP303,22,2,4,RIFLE,1,0.8638841226242435,0.8638841226242435,0.1444110058786466,0.7008695652173913,0.9321739130434784
LTP303,22,2,5,ANKLE,1,0.8627949544817713,0.8627949544817713,0.0562858603070934,0.7008695652173913,0.671304347826087
LTP303,22,2,6,PIMPLE,1,0.8672229107487265,0.8672229107487265,0.0573759036907387,0.7704347826086957,0.6747826086956521
LTP303,22,2,7,BLADE,1,0.875620252266368,0.875620252266368,-0.1040463881020639,0.8747826086956522,0.2278260869565217
LTP303,22,2,8,CLIMBER,1,0.8301269888588498,0.8301269888588498,0.0411092818184556,0.2382608695652174,0.671304347826087
LTP303,22,2,9,SUMMIT,1,0.8380889015848787,0.8380889015848787,-0.0932418923862256,0.3165217391304348,0.1530434782608696
LTP303,22,2,10,SISTER,1,0.7850301225452802,0.7850301225452802,-0.098137028610369,0.04,0.1530434782608696
LTP303,22,2,11,FLIPPER,1,0.8424948752987215,0.8424948752987215,0.0610456301830113,0.3721739130434782,0.7704347826086957
LTP303,22,2,12,MARKER,1,0.8635608535853861,0.8635608535853861,-0.033562242569223,0.7217391304347827,0.3930434782608696
LTP303,22,2,13,COMET,1,0.8373250020810631,0.8373250020810631,0.0232451458630474,0.3113043478260869,0.6
LTP303,22,2,14,PILOT,1,0.8834848792135341,0.8834848792135341,-0.007638084661908,0.9304347826086956,0.5078260869565218
LTP303,22,2,15,DRINK,1,0.8179049900616484,0.8179049900616484,0.0326877264850791,0.1704347826086956,0.6539130434782608
LTP303,22,2,16,MEDAL,0,0.8381896640683277,0.8381896640683277,-0.2357984094253742,0.3182608695652174,0.0278260869565217
LTP303,22,2,17,POCKET,0,0.863689741850492,0.863689741850492,0.1918558642858221,0.671304347826087,0.9721739130434782
LTP303,22,2,18,PARROT,1,0.8483439752245748,0.8483439752245748,0.0380371617180272,0.4765217391304348,0.6226086956521739
LTP303,22,2,19,FOOT,1,0.7953962375111533,0.7953962375111533,0.1535408394570216,0.0782608695652173,0.9182608695652174
LTP303,22,2,20,HEART,1,0.8591905874253405,0.8591905874253405,-0.1854015758082715,0.6382608695652174,0.0799999999999999
LTP303,22,2,21,RAZOR,1,0.8433310504094124,0.8433310504094124,-0.0131875469743983,0.4017391304347826,0.4695652173913043
LTP303,22,2,22,TWEEZERS,1,0.8416552058939037,0.8416552058939037,0.0785060081969368,0.3686956521739131,0.8069565217391305
LTP303,22,2,23,NECKLACE,1,0.89558163266979,0.89558163266979,0.0162117483582366,0.9895652173913044,0.6226086956521739
LTP303,22,2,24,BULLET,1,0.8609855731369278,0.8609855731369278,0.0220312043899081,0.6156521739130435,0.6243478260869566
LTP303,22,3,1,CRITIC,1,0.8193407848944657,0.8193407848944657,0.0463537115264817,0.1739130434782608,0.7147826086956521
LTP303,22,3,2,CUSTARD,0,0.8766059790687264,0.8766059790687264,0.1373629493934724,0.8573913043478261,0.9165217391304348
LTP303,22,3,3,TORTOISE,1,0.8886928461221302,0.8886928461221302,-0.0201952904365578,0.9686956521739132,0.4504347826086956
LTP303,22,3,4,HEADBAND,1,0.8581148971916194,0.8581148971916194,-0.0805604900394009,0.6,0.2365217391304347
LTP303,22,3,5,VIKING,1,0.8096518788255164,0.8096518788255164,-0.0364555976811288,0.1234782608695652,0.3860869565217391
LTP303,22,3,6,ARM,1,0.8242444118485871,0.8242444118485871,-0.0160390603774708,0.2034782608695652,0.4956521739130435
LTP303,22,3,7,ISLAND,1,0.7831202948361569,0.7831202948361569,0.2554010458058364,0.0243478260869565,0.9843478260869564
LTP303,22,3,8,STUDENT,1,0.8297090851219512,0.8297090851219512,-0.0004049834589969,0.2452173913043478,0.52
LTP303,22,3,9,CLAM,1,0.7882804741333727,0.7882804741333727,0.0056214912570037,0.0347826086956521,0.5356521739130435
LTP303,22,3,10,WARDROBE,1,0.8902754353716545,0.8902754353716545,0.028198003385755,0.9895652173913044,0.6173913043478261
LTP303,22,3,11,COUNTRY,1,0.8426803788428893,0.8426803788428893,0.1354606079192024,0.3773913043478261,0.9113043478260868
LTP303,22,3,12,JAPAN,1,0.8009851184348669,0.8009851184348669,0.1116461318943545,0.0817391304347826,0.8834782608695653
LTP303,22,3,13,AWARD,1,0.8392626283333056,0.8392626283333056,0.0343272746047115,0.3234782608695652,0.6556521739130434
LTP303,22,3,14,SALAD,1,0.8595895312944629,0.8595895312944629,-0.036830658485712,0.64,0.4034782608695652
LTP303,22,3,15,JURY,1,0.8371109461652898,0.8371109461652898,0.0228603448447665,0.3043478260869565,0.64
LTP303,22,3,16,PIZZA,1,0.8331165173676124,0.8331165173676124,0.0034430308324035,0.2626086956521739,0.5460869565217391
LTP303,22,3,17,SANDWICH,1,0.888775364131047,0.888775364131047,-0.0109195868207435,0.9791304347826086,0.4973913043478261
LTP303,22,3,18,FOX,1,0.7994838545784541,0.7994838545784541,0.0457199344248542,0.0799999999999999,0.6643478260869565
LTP303,22,3,19,TWISTER,1,0.8466712928762118,0.8466712928762118,-0.0521982979275824,0.4313043478260869,0.3199999999999999
LTP303,22,3,20,DORM,1,0.7925397101546809,0.7925397101546809,0.1422372747027307,0.04,0.9182608695652174
LTP303,22,3,21,SHELTER,1,0.8338207424949448,0.8338207424949448,0.018955394216088,0.2730434782608696,0.5913043478260869
LTP303,22,3,22,WRIST,1,0.8697068659146289,0.8697068659146289,-0.0144532681981438,0.7895652173913044,0.4765217391304348
LTP303,22,3,23,CARROT,1,0.8514512756077163,0.8514512756077163,-0.0025713824733663,0.5060869565217392,0.5095652173913043
LTP303,22,3,24,PISTOL,1,0.8773417109960274,0.8773417109960274,0.1635972061433747,0.8852173913043478,0.9460869565217392
LTP303,22,4,1,HERO,1,0.8566279984594595,0.8566279984594595,-0.0988899280858744,0.5443478260869565,0.2278260869565217
LTP303,22,4,2,PEACH,1,0.838255057179401,0.838255057179401,0.0163422690964011,0.3199999999999999,0.5669565217391304
LTP303,22,4,3,ROBOT,1,0.8360641522942484,0.8360641522942484,-0.1609935724687622,0.288695652173913,0.0695652173913043
LTP303,22,4,4,SAUSAGE,0,0.8319101228075029,0.8319101228075029,0.0899564251954889,0.2539130434782608,0.7913043478260869
LTP303,22,4,5,CONTRACT,1,0.8026208211997146,0.8026208211997146,-0.1250856701264102,0.0939130434782609,0.1443478260869565
LTP303,22,4,6,CANAL,1,0.8623004745484415,0.8623004745484415,-0.116602373791263,0.6226086956521739,0.168695652173913
LTP303,22,4,7,IDOL,0,0.8035411886369224,0.8035411886369224,0.2336327727322649,0.0991304347826087,0.9686956521739132
LTP303,22,4,8,COUNTY,1,0.8351320106547696,0.8351320106547696,-0.0881484997431285,0.288695652173913,0.2365217391304347
LTP303,22,4,9,SMOG,1,0.8489394278558529,0.8489394278558529,0.1085591914480638,0.662608695652174,0.76
LTP303,22,4,10,UMPIRE,1,0.8633000896624441,0.8633000896624441,0.1468072262377595,0.6852173913043478,0.8660869565217392
LTP303,22,4,11,HOOD,1,0.8758062447572411,0.8758062447572411,0.1400463990203219,0.8347826086956522,0.8678260869565217
LTP303,22,4,12,MACHINE,1,0.822451381336623,0.822451381336623,-0.2219910221269373,0.1965217391304348,0.0156521739130435
LTP303,22,4,13,COIN,1,0.8361078635830771,0.8361078635830771,-0.0175699352990823,0.3113043478260869,0.4678260869565217
LTP303,22,4,14,STAKE,1,0.8238744694442336,0.8238744694442336,0.0705172478647836,0.1930434782608695,0.7913043478260869
LTP303,22,4,15,BOARD,0,0.7779715714362287,0.7779715714362287,-0.078172382366638,0.0156521739130435,0.2608695652173913
LTP303,22,4,16,DONKEY,1,0.8936845830569076,0.8936845830569076,0.1124338407405706,0.982608695652174,0.9008695652173913
LTP303,22,4,17,FOREHEAD,1,0.8244026786464274,0.8244026786464274,0.0511248332950476,0.1947826086956522,0.7252173913043478
LTP303,22,4,18,WIDOW,0,0.8449278550126906,0.8449278550126906,-0.0153119234768746,0.3878260869565217,0.4313043478260869
LTP303,22,4,19,RELISH,1,0.8446706914758518,0.8446706914758518,0.0776126773396252,0.4052173913043478,0.7495652173913043
LTP303,22,4,20,MUSTARD,1,0.7792497849885672,0.7792497849885672,0.0914866609452377,0.0191304347826086,0.8556521739130435
LTP303,22,4,21,LACE,1,0.8059843023833783,0.8059843023833783,-0.1405522687334177,0.1147826086956521,0.0713043478260869
LTP303,22,4,22,SKIRT,1,0.8550904258952551,0.8550904258952551,-0.0027032990142889,0.5130434782608695,0.4921739130434782
LTP303,22,4,23,YOLK,1,0.8772078331304651,0.8772078331304651,0.1017195054369567,0.84,0.8573913043478261
LTP303,22,4,24,WHISTLE,0,0.8812460399872774,0.8812460399872774,0.0892549284562456,0.8939130434782608,0.8191304347826087
LTP303,22,5,1,STICKER,1,0.8603688046749407,0.8603688046749407,0.0419379008144488,0.5843478260869566,0.6730434782608696
LTP303,22,5,2,WAGON,1,0.8555985390515226,0.8555985390515226,0.0770606972185578,0.5252173913043479,0.768695652173913
LTP303,22,5,3,FINGER,1,0.8888733718213572,0.8888733718213572,-0.0716304361012975,0.942608695652174,0.2660869565217391
LTP303,22,5,4,CASKET,1,0.8919633275101787,0.8919633275101787,0.0113937969204807,0.951304347826087,0.5634782608695652
LTP303,22,5,5,GREASE,1,0.8674162091682825,0.8674162091682825,0.1761240028127282,0.662608695652174,0.9460869565217392
LTP303,22,5,6,SADDLE,1,0.8660866020584272,0.8660866020584272,0.0753413521215006,0.6539130434782608,0.76
LTP303,22,5,7,PISTON,1,0.8703413470800764,0.8703413470800764,-0.0934886203247014,0.7234782608695652,0.1756521739130434
LTP303,22,5,8,SCOTCH,1,0.8646310050079062,0.8646310050079062,0.0311340947269357,0.6417391304347826,0.6347826086956522
LTP303,22,5,9,FLASK,1,0.8858380617671715,0.8858380617671715,0.227573853167048,0.9165217391304348,0.977391304347826
LTP303,22,5,10,CAFE,1,0.8126099142289019,0.8126099142289019,0.004024826790825,0.1426086956521739,0.5356521739130435
LTP303,22,5,11,MASK,1,0.7981893379571207,0.7981893379571207,-0.0657001912273145,0.088695652173913,0.2486956521739131
LTP303,22,5,12,BLOUSE,1,0.8673113374854179,0.8673113374854179,-0.1601278565332623,0.6643478260869565,0.0295652173913043
LTP303,22,5,13,HONEY,1,0.8516661368557314,0.8516661368557314,0.0919956256634763,0.4695652173913043,0.831304347826087
LTP303,22,5,14,HORSE,1,0.8567249419532896,0.8567249419532896,0.0222682385666304,0.5304347826086957,0.6034782608695652
LTP303,22,5,15,GRIZZLY,1,0.862453659486705,0.862453659486705,0.1325222495365592,0.6104347826086957,0.8939130434782608
LTP303,22,5,16,WASHER,1,0.8604077650662636,0.8604077650662636,0.1772291123404928,0.577391304347826,0.9443478260869566
LTP303,22,5,17,FLAG,1,0.7887077146564588,0.7887077146564588,-0.0112192147526545,0.0452173913043478,0.4747826086956521
LTP303,22,5,18,SUNSET,1,0.8471524383740915,0.8471524383740915,-0.0847068543309099,0.4139130434782608,0.1826086956521738
LTP303,22,5,19,SUNRISE,1,0.8917296706448913,0.8917296706448913,-0.0955140861688207,0.96,0.1495652173913043
LTP303,22,5,20,COOK,1,0.8297041888918099,0.8297041888918099,0.1860274678919799,0.2365217391304347,0.9634782608695652
LTP303,22,5,21,PERMIT,1,0.8467039930195953,0.8467039930195953,-0.1084793608309548,0.4069565217391304,0.1547826086956522
LTP303,22,5,22,TAXI,1,0.8581993946436577,0.8581993946436577,-0.0193487977084578,0.551304347826087,0.4660869565217391
LTP303,22,5,23,DUST,1,0.8492476367441402,0.8492476367441402,0.07059597331178,0.4347826086956522,0.7460869565217392
LTP303,22,5,24,CIGAR,1,0.8609902770280418,0.8609902770280418,0.013306331517444,0.5826086956521739,0.5739130434782609
LTP303,22,6,1,CABIN,1,0.8401729257464321,0.8401729257464321,-0.0366675105014042,0.3199999999999999,0.3617391304347825
LTP303,22,6,2,TOASTER,1,0.843790369514187,0.843790369514187,0.0198403810199931,0.3495652173913043,0.6
LTP303,22,6,3,MISSILE,1,0.8440262148002383,0.8440262148002383,-0.0132038578959355,0.3878260869565217,0.4365217391304348
LTP303,22,6,4,PUDDING,1,0.8750460611788508,0.8750460611788508,-0.0381192995381723,0.7947826086956522,0.328695652173913
LTP303,22,6,5,KEEPER,1,0.826531587663421,0.826531587663421,0.017054296887888,0.2156521739130434,0.5791304347826087
LTP303,22,6,6,FRAGRANCE,1,0.8769204336447952,0.8769204336447952,0.0790607850482322,0.8278260869565217,0.7634782608695652
LTP303,22,6,7,NOMAD,1,0.8147040281928578,0.8147040281928578,0.0713963686609971,0.1530434782608696,0.7721739130434783
LTP303,22,6,8,NIGHTGOWN,1,0.837305460065973,0.837305460065973,0.0174660430007678,0.2991304347826087,0.577391304347826
LTP303,22,6,9,YACHT,1,0.8801548204360863,0.8801548204360863,0.0201267556414582,0.8608695652173913,0.5913043478260869
LTP303,22,6,10,PADDLE,1,0.8727621474777301,0.8727621474777301,-0.0383380537705739,0.7652173913043478,0.3582608695652174
LTP303,22,6,11,GALLON,1,0.8353330468076268,0.8353330468076268,0.0183890020983596,0.3339130434782609,0.537391304347826
LTP303,22,6,12,LAPEL,1,0.8351499111136301,0.8351499111136301,-0.0190020545526892,0.3756521739130435,0.4660869565217391
LTP303,22,6,13,ZIPPER,1,0.774533522636125,0.774533522636125,-0.0943656779046985,0.0208695652173912,0.2034782608695652
LTP303,22,6,14,TWIG,1,0.845320293945478,0.845320293945478,0.055652881482664,0.4643478260869565,0.6608695652173913
LTP303,22,6,15,BEAST,1,0.774730172472737,0.774730172472737,-0.2373278332968252,0.04,0.0243478260869565
LTP303,22,6,16,FRIAR,1,0.8438391404997019,0.8438391404997019,0.0411315830362698,0.4956521739130435,0.6191304347826088
LTP303,22,6,17,CROSS,1,0.8578179897808307,0.8578179897808307,-0.1336095488817455,0.6556521739130434,0.1739130434782608
LTP303,22,6,18,FRECKLE,1,0.8712654038333144,0.8712654038333144,0.1604834289652144,0.8278260869565217,0.9234782608695652
LTP303,22,6,19,EUROPE,1,0.7673870219151966,0.7673870219151966,-0.1065709605368291,0.0139130434782608,0.2069565217391304
LTP303,22,6,20,WRENCH,1,0.8481618291977414,0.8481618291977414,0.1377837930580604,0.4452173913043478,0.8678260869565217
LTP303,22,6,21,COD,1,0.7952770450748776,0.7952770450748776,-0.04160008414282,0.0730434782608695,0.3930434782608696
LTP303,22,6,22,SHORTS,1,0.82307818937273,0.82307818937273,0.0886936659646469,0.1913043478260869,0.76
LTP303,22,6,23,WHISKERS,1,0.8796258443383349,0.8796258443383349,0.1976227436372222,0.8852173913043478,0.937391304347826
LTP303,22,6,24,PERFUME,1,0.8733911824832342,0.8733911824832342,-0.0523093436115608,0.8017391304347826,0.3460869565217391
LTP303,22,7,1,CHILD,1,0.8369338069678434,0.8369338069678434,-0.1164983329483895,0.2956521739130434,0.1565217391304347
LTP303,22,7,2,FREEZER,1,0.8236495380466304,0.8236495380466304,0.0648823695869159,0.1808695652173912,0.7565217391304347
LTP303,22,7,3,PACKAGE,1,0.8487650945667821,0.8487650945667821,-0.0928959735511291,0.4434782608695652,0.1860869565217391
LTP303,22,7,4,GRAPE,1,0.7745793182815205,0.7745793182815205,-0.0309845484643982,0.017391304347826,0.4034782608695652
LTP303,22,7,5,PARSLEY,1,0.8751770631828698,0.8751770631828698,0.1227711052781038,0.8069565217391305,0.9008695652173913
LTP303,22,7,6,BROTHER,1,0.8700475796396209,0.8700475796396209,-0.1927015118555944,0.7669565217391304,0.0330434782608696
LTP303,22,7,7,EYELASH,0,0.8588444139303774,0.8588444139303774,0.1227044977617064,0.5652173913043479,0.8904347826086957
LTP303,22,7,8,STATUE,1,0.8052474784538293,0.8052474784538293,-0.0655467169469062,0.1060869565217391,0.2521739130434782
LTP303,22,7,9,MAPLE,1,0.7882439786057537,0.7882439786057537,-0.0012314018450343,0.048695652173913,0.5060869565217392
LTP303,22,7,10,SLIDE,1,0.8609313076006503,0.8609313076006503,-0.0929169583766061,0.6017391304347826,0.1791304347826087
LTP303,22,7,11,JEANS,1,0.862661929647505,0.862661929647505,-0.0395707621432237,0.6782608695652175,0.4104347826086957
LTP303,22,7,12,FRANCE,1,0.8327379630823616,0.8327379630823616,-0.160761035736368,0.3408695652173913,0.0782608695652173
LTP303,22,7,13,GIFT,1,0.8475870651502605,0.8475870651502605,0.0557889262611699,0.4452173913043478,0.7408695652173913
LTP303,22,7,14,TREAT,1,0.7269595878895552,0.7269595878895552,-0.2020977449677378,0.0,0.0139130434782608
LTP303,22,7,15,CHEST,0,0.8179726545980025,0.8179726545980025,-0.0091641606400575,0.16,0.5026086956521739
LTP303,22,7,16,GAZELLE,1,0.8630533740621268,0.8630533740621268,0.0160655081665341,0.6243478260869566,0.5930434782608696
LTP303,22,7,17,TOMBSTONE,1,0.8798100322398167,0.8798100322398167,-0.0637596325440408,0.8608695652173913,0.2765217391304347
LTP303,22,7,18,POISON,1,0.8313426587524155,0.8313426587524155,0.0180522256697854,0.24,0.6156521739130435
LTP303,22,7,19,KLEENEX,1,0.8434680960661656,0.8434680960661656,0.1228265847448815,0.36,0.8852173913043478
LTP303,22,7,20,JUGGLER,1,0.8420141152591205,0.8420141152591205,-0.1339996903776858,0.3408695652173913,0.1008695652173913
LTP303,22,7,21,ICEBERG,1,0.8849619348199448,0.8849619348199448,-0.0831304577597217,0.9217391304347826,0.1913043478260869
LTP303,22,7,22,WIFE,1,0.7929391686266347,0.7929391686266347,0.1139071104918644,0.048695652173913,0.8834782608695653
LTP303,22,7,23,SPOUSE,1,0.8776938767210501,0.8776938767210501,0.0240754926619193,0.8382608695652174,0.6417391304347826
LTP303,22,7,24,FOREST,1,0.8115244631890409,0.8115244631890409,-0.0639616004541213,0.1269565217391304,0.2678260869565217
LTP303,22,8,1,PRINCE,1,0.815381887861826,0.815381887861826,0.0274456120407449,0.1547826086956522,0.6295652173913043
LTP303,22,8,2,PALACE,1,0.861025217927747,0.861025217927747,0.0050132265271403,0.6104347826086957,0.5495652173913044
LTP303,22,8,3,COBRA,1,0.7954952402677755,0.7954952402677755,-0.2572330320337253,0.0713043478260869,0.0017391304347825
LTP303,22,8,4,LILY,1,0.816894744719892,0.816894744719892,0.1662619763565825,0.1530434782608696,0.9530434782608695
LTP303,22,8,5,BALLOON,1,0.8894090700533357,0.8894090700533357,0.0519949833913408,0.9721739130434782,0.6991304347826087
LTP303,22,8,6,OFFICE,1,0.8483672258776533,0.8483672258776533,-0.1112996244347796,0.4417391304347826,0.1460869565217391
LTP303,22,8,7,DAISY,1,0.8571390185047159,0.8571390185047159,0.0480922079020121,0.5756521739130435,0.6904347826086956
LTP303,22,8,8,TURNIP,1,0.8930942566187652,0.8930942566187652,-0.0003518098760868,0.9704347826086956,0.4921739130434782
LTP303,22,8,9,BRANCH,0,0.8552253311311543,0.8552253311311543,0.1494435309827169,0.5391304347826087,0.937391304347826
LTP303,22,8,10,BISON,1,0.8555120128171924,0.8555120128171924,-0.1579591152493714,0.5582608695652174,0.0782608695652173
LTP303,22,8,11,BOUQUET,1,0.8729910348960148,0.8729910348960148,0.0289242271711635,0.7808695652173914,0.6313043478260869
LTP303,22,8,12,BARREL,1,0.8263697891686308,0.8263697891686308,-0.1004706568060019,0.208695652173913,0.1391304347826086
LTP303,22,8,13,LOVER,1,0.7851144113562262,0.7851144113562262,-0.1426705411055061,0.0417391304347826,0.0799999999999999
LTP303,22,8,14,SPHINX,1,0.8644432970363339,0.8644432970363339,0.0506651259425393,0.6591304347826087,0.711304347826087
LTP303,22,8,15,TYPIST,1,0.8842712521801298,0.8842712521801298,-0.0898507782251373,0.9269565217391303,0.2034782608695652
LTP303,22,8,16,LAMP,1,0.8258091134643186,0.8258091134643186,-0.1827289851056903,0.2104347826086956,0.0313043478260869
LTP303,22,8,17,SURVEY,1,0.8325504545892194,0.8325504545892194,0.0577156460653115,0.2539130434782608,0.7130434782608696
LTP303,22,8,18,VICTIM,1,0.8137201626879657,0.8137201626879657,-0.0478571643266189,0.1408695652173913,0.3634782608695652
LTP303,22,8,19,CANDY,0,0.8862619601977905,0.8862619601977905,-0.059953884620235,0.9582608695652174,0.288695652173913
LTP303,22,8,20,MATCH,1,0.8461357725691735,0.8461357725691735,-0.0880711954125715,0.4034782608695652,0.1843478260869565
LTP303,22,8,21,AIRPLANE,1,0.857129000314797,0.857129000314797,0.0873699877860345,0.5791304347826087,0.8034782608695652
LTP303,22,8,22,SPOON,1,0.8606359472657096,0.8606359472657096,-0.0329796994696577,0.5982608695652174,0.3791304347826086
LTP303,22,8,23,LUNCH,1,0.8129298396194211,0.8129298396194211,0.0183734829722173,0.1426086956521739,0.5947826086956522
LTP303,22,8,24,PASTA,1,0.8637220613568469,0.8637220613568469,0.0598502822902886,0.6434782608695653,0.7426086956521739
LTP303,22,9,1,MARSH,1,0.8674540966084302,0.8674540966084302,0.0312408228333269,0.7878260869565217,0.6452173913043479
LTP303,22,9,2,LEOPARD,1,0.8635696382983183,0.8635696382983183,0.0567937669656652,0.7269565217391305,0.7165217391304348
LTP303,22,9,3,SALMON,1,0.8473466572997311,0.8473466572997311,0.0623585595318005,0.4852173913043478,0.7426086956521739
LTP303,22,9,4,BREAST,1,0.867661114454731,0.867661114454731,0.0410619181540768,0.7808695652173914,0.688695652173913
LTP303,22,9,5,BODY,1,0.7364067989100405,0.7364067989100405,-0.0741354541339358,0.0017391304347825,0.2521739130434782
LTP303,22,9,6,LIGHTNING,1,0.8679386213985703,0.8679386213985703,-0.0961924050241138,0.7704347826086957,0.1947826086956522
LTP303,22,9,7,BRACES,0,0.8613165257102403,0.8613165257102403,0.0398620874525023,0.6678260869565218,0.6747826086956521
LTP303,22,9,8,MATTRESS,1,0.8772686133051333,0.8772686133051333,0.1530946080235981,0.8573913043478261,0.9339130434782608
LTP303,22,9,9,PATIENT,1,0.8434348700678185,0.8434348700678185,-0.0394154236088908,0.4313043478260869,0.3565217391304348
LTP303,22,9,10,SCALPEL,1,0.8774846363036574,0.8774846363036574,0.0164517336666817,0.8713043478260869,0.5913043478260869
LTP303,22,9,11,PERCH,0,0.8883395463663075,0.8883395463663075,0.1328274322650678,0.9669565217391304,0.9078260869565218
LTP303,22,9,12,POSSUM,1,0.8459454306861534,0.8459454306861534,0.0606657312043009,0.4434782608695652,0.7321739130434783
LTP303,22,9,13,DIME,1,0.8360113958454946,0.8360113958454946,-0.0302444357137963,0.3199999999999999,0.3947826086956522
LTP303,22,9,14,RECEIPT,1,0.8342913194446294,0.8342913194446294,-0.0905906793183075,0.3199999999999999,0.168695652173913
LTP303,22,9,15,HAWK,1,0.8010793160269903,0.8010793160269903,-0.0401207919856345,0.0956521739130434,0.3739130434782608
LTP303,22,9,16,TRACTOR,1,0.8359487327650972,0.8359487327650972,-0.0453489610571691,0.3426086956521739,0.3356521739130435
LTP303,22,9,17,DOLPHIN,1,0.8444013017503808,0.8444013017503808,-0.0170906749614169,0.4052173913043478,0.4278260869565217
LTP303,22,9,18,PROTON,1,0.8244662994291185,0.8244662994291185,0.0030714290798415,0.2121739130434782,0.5234782608695652
LTP303,22,9,19,STOVE,0,0.8406772143282435,0.8406772143282435,-0.0774611421972789,0.3582608695652174,0.2382608695652174
LTP303,22,9,20,SHARK,1,0.7839744686233644,0.7839744686233644,-0.036687308422327,0.0382608695652173,0.3739130434782608
LTP303,22,9,21,SWAMP,1,0.7813944165377686,0.7813944165377686,0.1256072952777777,0.0295652173913043,0.9113043478260868
LTP303,22,9,22,ORANGE,1,0.8383166562412598,0.8383166562412598,-0.0520063715869252,0.3547826086956521,0.3443478260869566
LTP303,22,9,23,SEAFOOD,1,0.8668881220938542,0.8668881220938542,0.055637824372255,0.7304347826086957,0.7304347826086957
LTP303,22,9,24,EXPERT,1,0.8269377313615899,0.8269377313615899,0.0001566909494765,0.24,0.5182608695652173
LTP303,22,10,1,KIDNEY,1,0.8513120293416719,0.8513120293416719,-0.0235123402955435,0.5269565217391304,0.4260869565217391
LTP303,22,10,2,SCRIBBLE,1,0.8202014906274155,0.8202014906274155,-0.0131483054069876,0.2278260869565217,0.4695652173913043
LTP303,22,10,3,EGYPT,1,0.8517647349898141,0.8517647349898141,0.0801952976626583,0.5043478260869565,0.7808695652173914
LTP303,22,10,4,HOSTESS,1,0.8192596327310997,0.8192596327310997,-0.1201817217915947,0.2121739130434782,0.1756521739130434
LTP303,22,10,5,ICING,1,0.8514469726034516,0.8514469726034516,-0.0059810725508535,0.511304347826087,0.4852173913043478
LTP303,22,10,6,DOUGHNUT,1,0.8899783535370706,0.8899783535370706,0.1307584441837223,0.9182608695652174,0.7982608695652174
LTP303,22,10,7,MUMMY,1,0.8623488728079223,0.8623488728079223,0.1003313242561456,0.6260869565217391,0.8191304347826087
LTP303,22,10,8,GUITAR,1,0.74938796656283,0.74938796656283,-0.157377237869802,0.0086956521739129,0.1078260869565217
LTP303,22,10,9,FLUTE,1,0.8129634465516048,0.8129634465516048,-0.1264329878435376,0.1808695652173912,0.1704347826086956
LTP303,22,10,10,TURTLE,1,0.8963040282462916,0.8963040282462916,0.1086447484729959,0.977391304347826,0.8556521739130435
LTP303,22,10,11,BUREAU,1,0.8350174520701684,0.8350174520701684,-0.0895439172727634,0.3426086956521739,0.2730434782608696
LTP303,22,10,12,DRUG,1,0.8671635097611531,0.8671635097611531,0.1124679062761618,0.6834782608695652,0.8034782608695652
LTP303,22,10,13,COCOON,1,0.8115774741591024,0.8115774741591024,-0.1212614182818872,0.1565217391304347,0.1060869565217391
LTP303,22,10,14,POLICE,0,0.8262684270985953,0.8262684270985953,-0.0468179175907396,0.2243478260869564,0.3078260869565217
LTP303,22,10,15,CYCLONE,1,0.885412817448264,0.885412817448264,0.1698274349671308,0.8956521739130435,0.8817391304347826
LTP303,22,10,16,BEAKER,0,0.8467291533765341,0.8467291533765341,-0.135695910586685,0.4678260869565217,0.1043478260869564
LTP303,22,10,17,ROBIN,1,0.8285927240428722,0.8285927240428722,0.0512646125290231,0.2608695652173913,0.6573913043478261
LTP303,22,10,18,MONSTER,1,0.8588218051698937,0.8588218051698937,0.1372579127879719,0.5878260869565217,0.817391304347826
LTP303,22,10,19,CREATURE,1,0.8517560850226851,0.8517560850226851,0.0196499781043078,0.5269565217391304,0.577391304347826
LTP303,22,10,20,OUTFIT,1,0.8614542633715147,0.8614542633715147,-0.001403221035877,0.6278260869565218,0.5095652173913043
LTP303,22,10,21,LIPSTICK,1,0.8572809344234378,0.8572809344234378,-0.1419857468636307,0.5982608695652174,0.1147826086956521
LTP303,22,10,22,SIBLING,1,0.851359450936652,0.851359450936652,-0.0139669670918856,0.5252173913043479,0.4660869565217391
LTP303,22,10,23,COLONEL,1,0.8771923658878771,0.8771923658878771,0.0854323308332254,0.8226086956521739,0.76
LTP303,22,10,24,GUARD,1,0.8707488272904813,0.8707488272904813,0.0302719454907644,0.7356521739130435,0.6069565217391304
LTP303,22,11,1,EMPIRE,1,0.8300637680640948,0.8300637680640948,-0.073580772424926,0.2556521739130435,0.2591304347826086
LTP303,22,11,2,COTTAGE,1,0.8693051967686077,0.8693051967686077,0.0137178765017452,0.7269565217391305,0.5913043478260869
LTP303,22,11,3,SLUG,1,0.8652197577286134,0.8652197577286134,0.0366510542501856,0.6608695652173913,0.6313043478260869
LTP303,22,11,4,HAMPER,1,0.8854176319405579,0.8854176319405579,0.089901642562613,0.902608695652174,0.7652173913043478
LTP303,22,11,5,COMPASS,1,0.8816525336102148,0.8816525336102148,0.1620488557950073,0.8330434782608696,0.84
LTP303,22,11,6,OUTDOORS,1,0.8259693962095419,0.8259693962095419,0.0775723459668811,0.231304347826087,0.702608695652174
LTP303,22,11,7,WORKER,1,0.8582870842685856,0.8582870842685856,0.0645711344921145,0.5860869565217391,0.7043478260869565
LTP303,22,11,8,RABBIT,1,0.8192827234811921,0.8192827234811921,-0.0673390054570503,0.1930434782608695,0.337391304347826
LTP303,22,11,9,BRICK,1,0.9053943846197277,0.9053943846197277,0.3285014221415867,0.9965217391304348,0.9860869565217392
LTP303,22,11,10,CREVICE,1,0.8813048201753229,0.8813048201753229,0.0894552353937,0.8556521739130435,0.7565217391304347
LTP303,22,11,11,GLOBE,1,0.8311507666637372,0.8311507666637372,-0.0940572894934099,0.2678260869565217,0.2747826086956522
LTP303,22,11,12,DAUGHTER,1,0.812953234304788,0.812953234304788,-0.1649151642868475,0.1669565217391304,0.0852173913043478
LTP303,22,11,13,SHOULDER,1,0.8598671835531719,0.8598671835531719,-0.1540942954247346,0.6191304347826088,0.1130434782608695
LTP303,22,11,14,CRUTCH,1,0.8953047876169602,0.8953047876169602,0.1762736638096541,0.9704347826086956,0.9078260869565218
LTP303,22,11,15,BANK,1,0.8690268961259304,0.8690268961259304,0.038051420091277,0.72,0.6295652173913043
LTP303,22,11,16,BLOCKADE,1,0.8654365312736784,0.8654365312736784,0.0579766505530797,0.671304347826087,0.7078260869565217
LTP303,22,11,17,RUG,1,0.8350260685646387,0.8350260685646387,0.0418624074644726,0.2939130434782608,0.64
LTP303,22,11,18,GRAVEL,1,0.76009731588578,0.76009731588578,-0.0551659724608065,0.0086956521739129,0.3826086956521739
LTP303,22,11,19,GIRL,0,0.8680414212599303,0.8680414212599303,-0.0187525293495962,0.7043478260869565,0.408695652173913
LTP303,22,11,20,DRAWING,1,0.8669205141165355,0.8669205141165355,0.2360171445937723,0.6817391304347826,0.9460869565217392
LTP303,22,11,21,SKETCH,1,0.8571229265043113,0.8571229265043113,-0.0340359018674887,0.5826086956521739,0.457391304347826
LTP303,22,11,22,BRANDY,1,0.8691961453686877,0.8691961453686877,-0.0460229044061072,0.7095652173913043,0.3756521739130435
LTP303,22,11,23,HIGHWAY,1,0.7936108304454766,0.7936108304454766,0.0300894309383878,0.0782608695652173,0.6313043478260869
LTP303,22,11,24,MESSAGE,1,0.8448249678712525,0.8448249678712525,0.0422955905110938,0.4156521739130434,0.6747826086956521
LTP303,22,12,1,PRIMATE,1,0.8371098173218796,0.8371098173218796,0.0001656571523492,0.3234782608695652,0.5217391304347826
LTP303,22,12,2,MILK,1,0.8124058965876981,0.8124058965876981,-0.0493103285816669,0.1617391304347826,0.3426086956521739
LTP303,22,12,3,CLAMP,1,0.8146527500480611,0.8146527500480611,0.2633513924341402,0.1669565217391304,0.9860869565217392
LTP303,22,12,4,BRIEFCASE,1,0.851084707460205,0.851084707460205,0.0343949293195905,0.52,0.6608695652173913
LTP303,22,12,5,ROBBER,1,0.8396695767473116,0.8396695767473116,0.0981712287392325,0.3773913043478261,0.808695652173913
LTP303,22,12,6,PIGEON,1,0.8888995465884449,0.8888995465884449,-0.0216438731861357,0.9652173913043478,0.4591304347826087
LTP303,22,12,7,SCARECROW,1,0.887875234117053,0.887875234117053,0.0370145893292402,0.9565217391304348,0.6695652173913044
LTP303,22,12,8,KNAPSACK,1,0.8530153884093578,0.8530153884093578,0.0979379946220216,0.537391304347826,0.831304347826087
LTP303,22,12,9,SCISSORS,0,0.830020922942799,0.830020922942799,0.1536228804981032,0.2747826086956522,0.9113043478260868
LTP303,22,12,10,BRAKE,0,0.8950966741603996,0.8950966741603996,0.1641054580159392,0.991304347826087,0.9269565217391303
LTP303,22,12,11,JUNGLE,0,0.873934050225336,0.873934050225336,-0.0312199674979717,0.8017391304347826,0.4121739130434783
LTP303,22,12,12,STAR,1,0.8372078427193553,0.8372078427193553,0.0308171188326014,0.3252173913043478,0.64
LTP303,22,12,13,GANGSTER,1,0.8622269565884665,0.8622269565884665,0.1357353444577214,0.6695652173913044,0.8956521739130435
LTP303,22,12,14,BARLEY,1,0.8752289535532853,0.8752289535532853,0.079670101241303,0.8243478260869566,0.7895652173913044
LTP303,22,12,15,SHELF,1,0.8071538323344915,0.8071538323344915,-0.0824770254509895,0.1304347826086956,0.2104347826086956
LTP303,22,12,16,CHAMPAGNE,1,0.8479545561161985,0.8479545561161985,0.0815602283539117,0.4782608695652174,0.7930434782608695
LTP303,22,12,17,RADISH,1,0.868331648666492,0.868331648666492,0.0551026589393409,0.7147826086956521,0.6956521739130435
LTP303,22,12,18,MAILMAN,1,0.8800682188112677,0.8800682188112677,-0.0004570124343666,0.8765217391304347,0.511304347826087
LTP303,22,12,19,STAMP,1,0.806323025408062,0.806323025408062,0.0854526313830199,0.128695652173913,0.7652173913043478
LTP303,22,12,20,INMATE,0,0.8424647113713377,0.8424647113713377,-0.1060091619720079,0.3913043478260869,0.1860869565217391
LTP303,22,12,21,PRINCESS,1,0.875963340567772,0.875963340567772,-0.0247372914134972,0.831304347826087,0.4260869565217391
LTP303,22,12,22,GOBLIN,1,0.859213948192873,0.859213948192873,0.0842427865157735,0.5878260869565217,0.7443478260869565
LTP303,22,12,23,MARROW,0,0.883643420072958,0.883643420072958,0.1372593457196575,0.9078260869565218,0.8817391304347826
LTP303,22,12,24,BACKBONE,0,0.8877677144007325,0.8877677144007325,0.0309855481324153,0.928695652173913,0.6069565217391304
LTP303,22,13,1,OZONE,1,0.8506434630266659,0.8506434630266659,0.1294745889787522,0.5826086956521739,0.8347826086956522
LTP303,22,13,2,ROCKET,1,0.8955718342721533,0.8955718342721533,0.108128919480468,0.9860869565217392,0.8191304347826087
LTP303,22,13,3,CAMEL,1,0.8785850702190354,0.8785850702190354,0.0686690215867085,0.9217391304347826,0.7617391304347826
LTP303,22,13,4,OX,1,0.7970591285297036,0.7970591285297036,0.0777212062393825,0.1095652173913043,0.7982608695652174
LTP303,22,13,5,PLATE,1,0.7708621316273605,0.7708621316273605,-0.0999734109977321,0.0504347826086956,0.2556521739130435
LTP303,22,13,6,BLACKBOARD,1,0.8027803461199331,0.8027803461199331,-0.1890442662063352,0.1460869565217391,0.0347826086956521
LTP303,22,13,7,FRIEND,1,0.8211614970000336,0.8211614970000336,-0.13112614928799,0.2556521739130435,0.1721739130434783
LTP303,22,13,8,PARTNER,1,0.8527641626449523,0.8527641626449523,0.1399414407485899,0.5391304347826087,0.8921739130434783
LTP303,22,13,9,XEROX,1,0.8736597199284867,0.8736597199284867,0.2505833875364398,0.7878260869565217,0.9669565217391304
LTP303,22,13,10,ZEBRA,1,0.879914386287827,0.879914386287827,0.2555469670687881,0.888695652173913,0.9652173913043478
LTP303,22,13,11,SLIME,1,0.875348991357262,0.875348991357262,0.027379664454506,0.8104347826086956,0.6173913043478261
LTP303,22,13,12,GARDEN,1,0.8405714999933716,0.8405714999933716,-0.0132470944147964,0.4504347826086956,0.4991304347826086
LTP303,22,13,13,APPLE,1,0.8519241122486115,0.8519241122486115,0.1510406623342076,0.52,0.9304347826086956
LTP303,22,13,14,CONVICT,1,0.810844179668939,0.810844179668939,-0.0636600912379124,0.1826086956521738,0.3304347826086956
LTP303,22,13,15,OUTLAW,1,0.8798879374241827,0.8798879374241827,0.1744112799442031,0.8869565217391304,0.9078260869565218
LTP303,22,13,16,CLOUD,1,0.8406115798592496,0.8406115798592496,-0.0431131309898281,0.4347826086956522,0.3965217391304347
LTP303,22,13,17,JELLY,1,0.8537199851222302,0.8537199851222302,-0.018180463238106,0.5721739130434782,0.4730434782608695
LTP303,22,13,18,STREAM,1,0.8866744445333341,0.8866744445333341,0.1711209734421394,0.9391304347826088,0.9147826086956522
LTP303,22,13,19,THIEF,0,0.8234651411040388,0.8234651411040388,-0.1879938185374336,0.2486956521739131,0.0313043478260869
LTP303,22,13,20,CUPBOARD,1,0.8531232040430243,0.8531232040430243,-0.1059027326237767,0.7530434782608696,0.1617391304347826
LTP303,22,13,21,DONOR,1,0.7982041528257722,0.7982041528257722,-0.0779818345650225,0.1582608695652173,0.2365217391304347
LTP303,22,13,22,ATLAS,0,0.7597923691205347,0.7597923691205347,0.1166751830900307,0.0086956521739129,0.9165217391304348
LTP303,22,13,23,VAGRANT,0,0.8285296598248348,0.8285296598248348,0.0127330001212549,0.4452173913043478,0.6017391304347826
LTP303,22,13,24,FLASHLIGHT,1,0.8180045270654651,0.8180045270654651,0.0107962150566004,0.3582608695652174,0.5878260869565217
LTP303,22,14,1,LIZARD,1,0.8734224689166692,0.8734224689166692,0.0150037239076577,0.7930434782608695,0.5965217391304347
LTP303,22,14,2,SNAIL,1,0.8825883187553523,0.8825883187553523,0.1826505406951978,0.9043478260869564,0.954782608695652
LTP303,22,14,3,CORAL,1,0.8335235321143986,0.8335235321143986,-0.1078354864756272,0.2973913043478261,0.1373913043478261
LTP303,22,14,4,SHORTCAKE,1,0.8619276430584674,0.8619276430584674,0.0632162434961254,0.6121739130434782,0.7617391304347826
LTP303,22,14,5,FRUIT,1,0.8443722025550673,0.8443722025550673,0.0956557333261322,0.4052173913043478,0.8678260869565217
LTP303,22,14,6,MUFFIN,1,0.8561249744571936,0.8561249744571936,-0.0376420473051288,0.5391304347826087,0.36
LTP303,22,14,7,FILM,1,0.8671799973013926,0.8671799973013926,0.0930707146952869,0.6730434782608696,0.8278260869565217
LTP303,22,14,8,CURTAIN,1,0.8952963845109133,0.8952963845109133,-0.0074055431229084,0.9843478260869564,0.4991304347826086
LTP303,22,14,9,RACKET,1,0.8831531905089185,0.8831531905089185,-0.0585005472019371,0.8921739130434783,0.2678260869565217
LTP303,22,14,10,SNACK,1,0.8763760989730264,0.8763760989730264,0.1913880910776079,0.8121739130434783,0.9704347826086956
LTP303,22,14,11,SERVER,1,0.8175147177622993,0.8175147177622993,0.0147312314727752,0.1721739130434783,0.5495652173913044
LTP303,22,14,12,COFFEE,1,0.8652780147749155,0.8652780147749155,-0.0761204472849657,0.6521739130434783,0.2156521739130434
LTP303,22,14,13,SCULPTURE,0,0.8570989228094932,0.8570989228094932,0.1063490862322326,0.5460869565217391,0.8504347826086956
LTP303,22,14,14,IGLOO,0,0.8386246381296563,0.8386246381296563,-0.0403410875200071,0.3321739130434782,0.328695652173913
LTP303,22,14,15,SPOOL,1,0.8726725912979075,0.8726725912979075,0.0758221672028209,0.7739130434782608,0.808695652173913
LTP303,22,14,16,MARINE,1,0.8573695872914249,0.8573695872914249,-0.068912627875251,0.5634782608695652,0.2278260869565217
LTP303,22,14,17,ANTLER,1,0.8550169523004858,0.8550169523004858,-0.1348268562315653,0.5426086956521738,0.0504347826086956
LTP303,22,14,18,SWIMMER,0,0.8003132833925967,0.8003132833925967,-0.0271481713986059,0.1026086956521739,0.3756521739130435
LTP303,22,14,19,PIGMENT,1,0.8728705349887712,0.8728705349887712,-0.0783948421708642,0.7773913043478261,0.1895652173913043
LTP303,22,14,20,SKILLET,0,0.8934222112330222,0.8934222112330222,0.0488314589821221,0.9617391304347828,0.702608695652174
LTP303,22,14,21,STAPLE,0,0.8602662164516517,0.8602662164516517,0.0080003465937658,0.5843478260869566,0.5478260869565217
LTP303,22,14,22,VENUS,0,0.8175569011772776,0.8175569011772776,-0.0839777190197144,0.168695652173913,0.1878260869565217
LTP303,22,14,23,THREAD,1,0.8492573312547235,0.8492573312547235,0.1201177903882285,0.5495652173913044,0.9130434782608696
LTP303,22,14,24,STONE,1,0.8441067530695938,0.8441067530695938,0.0653553908050642,0.4278260869565217,0.7721739130434783
LTP303,22,15,1,ORCHID,1,0.8537958506209538,0.8537958506209538,-0.0500936393629142,0.5043478260869565,0.328695652173913
LTP303,22,15,2,FLOWER,1,0.8848837104267809,0.8848837104267809,0.0680207614467547,0.9147826086956522,0.76
LTP303,22,15,3,REPORT,1,0.8016904748257805,0.8016904748257805,-0.0569152627828339,0.1043478260869564,0.2973913043478261
LTP303,22,15,4,SHOVEL,0,0.8969669376450641,0.8969669376450641,0.0571010578938884,0.991304347826087,0.7252173913043478
LTP303,22,15,5,LIVER,0,0.7863307496031073,0.7863307496031073,-0.0131702616653565,0.1408695652173913,0.4660869565217391
LTP303,22,15,6,BUTCHER,0,0.7871625827504168,0.7871625827504168,-0.0340519231763141,0.2904347826086957,0.4139130434782608
LTP303,22,15,7,SHRUB,0,0.8586490787113811,0.8586490787113811,0.1015874586219082,0.6243478260869566,0.8278260869565217
LTP303,22,15,8,DINER,0,0.7720478000750255,0.7720478000750255,0.0841395035483808,0.1547826086956522,0.7947826086956522
LTP303,22,15,9,TRENCH,0,0.775254356406309,0.775254356406309,-0.0354889565064372,0.1999999999999999,0.3878260869565217
LTP303,22,15,10,ITEM,0,0.7827403543307886,0.7827403543307886,-0.0716031786011244,0.168695652173913,0.2660869565217391
LTP303,22,15,11,GAVEL,1,0.777172950882602,0.777172950882602,-0.1069881586221487,0.0365217391304347,0.1669565217391304
LTP303,22,15,12,JUDGE,1,0.8291073909484244,0.8291073909484244,0.0902128446655057,0.2330434782608695,0.8017391304347826
LTP303,22,15,13,PASSAGE,1,0.859361291180929,0.859361291180929,-0.0142793525455245,0.6086956521739131,0.448695652173913
LTP303,22,15,14,BINDER,1,0.8555795303616991,0.8555795303616991,0.1021127905164062,0.5634782608695652,0.8469565217391304
LTP303,22,15,15,CHEMIST,0,0.8652282517605508,0.8652282517605508,-0.2171522437271997,0.7478260869565218,0.0713043478260869
LTP303,22,15,16,DANDRUFF,1,0.8916937643049091,0.8916937643049091,0.0976267114011775,0.9808695652173912,0.8278260869565217
LTP303,22,15,17,HOUND,1,0.8786753914593213,0.8786753914593213,-0.1712807257695518,0.9078260869565218,0.088695652173913
LTP303,22,15,18,DASHBOARD,1,0.8835862579169667,0.8835862579169667,0.1321259651498151,0.9321739130434784,0.8921739130434783
LTP303,22,15,19,PLASTER,1,0.8039144304197773,0.8039144304197773,0.0159518067585012,0.1095652173913043,0.5478260869565217
LTP303,22,15,20,WITNESS,1,0.8134472467093944,0.8134472467093944,-0.0522214379652611,0.1513043478260869,0.328695652173913
LTP303,22,15,21,WINDOW,1,0.8397026945856363,0.8397026945856363,0.0628963362060056,0.3356521739130435,0.7321739130434783
LTP303,22,15,22,PUPPY,1,0.8786376606903042,0.8786376606903042,-0.1167726680865596,0.8713043478260869,0.1652173913043478
LTP303,22,15,23,TRANSPLANT,1,0.7986647018554652,0.7986647018554652,0.1046725666187393,0.0782608695652173,0.831304347826087
LTP303,22,15,24,PANTHER,1,0.8572937639273043,0.8572937639273043,0.06470176434995,0.5634782608695652,0.7217391304347827
LTP303,22,16,1,PLIERS,1,0.863576377493572,0.863576377493572,-0.0846948421057093,0.6573913043478261,0.2591304347826086
LTP303,22,16,2,LODGE,0,0.8702831550188476,0.8702831550188476,0.1060660842122764,0.7408695652173913,0.8382608695652174
LTP303,22,16,3,FIREMAN,1,0.8876011209880541,0.8876011209880541,0.1202572141933845,0.9321739130434784,0.8643478260869565
LTP303,22,16,4,STALLION,1,0.8484442511918818,0.8484442511918818,-0.1456164151463689,0.4695652173913043,0.1095652173913043
LTP303,22,16,5,CARRIAGE,1,0.8597562518622629,0.8597562518622629,0.0874433215123112,0.6278260869565218,0.8121739130434783
LTP303,22,16,6,LADDER,1,0.8296632226044999,0.8296632226044999,0.0270677461196778,0.2295652173913043,0.6469565217391304
LTP303,22,16,7,COOKBOOK,1,0.8567565739295162,0.8567565739295162,0.0924539372462093,0.56,0.8591304347826088
LTP303,22,16,8,CONCERT,1,0.800732195691204,0.800732195691204,-0.1052792544935712,0.1043478260869564,0.2052173913043478
LTP303,22,16,9,TRIBE,1,0.8596951488022306,0.8596951488022306,-0.0879226559124398,0.6034782608695652,0.1860869565217391
LTP303,22,16,10,COWBOY,1,0.8586306719519419,0.8586306719519419,0.0932777944416208,0.5826086956521739,0.8469565217391304
LTP303,22,16,11,MOTOR,1,0.8035138080226518,0.8035138080226518,0.0201227127160209,0.0991304347826087,0.6347826086956522
LTP303,22,16,12,MAILBOX,1,0.8646174314301156,0.8646174314301156,0.0177430882055849,0.671304347826087,0.5860869565217391
LTP303,22,16,13,BABY,1,0.8310330038519254,0.8310330038519254,0.0497868242458247,0.2347826086956521,0.728695652173913
LTP303,22,16,14,PENGUIN,1,0.8837924738215862,0.8837924738215862,-0.1842810011474371,0.9182608695652174,0.048695652173913
LTP303,22,16,15,DRILL,1,0.8652092019114935,0.8652092019114935,0.0397084349026797,0.6817391304347826,0.702608695652174
LTP303,22,16,16,KITCHEN,1,0.8799598758887889,0.8799598758887889,0.071028447496009,0.8869565217391304,0.7704347826086957
LTP303,22,16,17,GYMNAST,1,0.8648058960090597,0.8648058960090597,-0.0604954063891092,0.6747826086956521,0.3095652173913044
LTP303,22,16,18,COURSE,1,0.8323736496370144,0.8323736496370144,0.0394645149885684,0.2452173913043478,0.6956521739130435
LTP303,22,16,19,DRIVER,1,0.8438401525752627,0.8438401525752627,0.1975309416673942,0.3791304347826086,0.9756521739130436
LTP303,22,16,20,BANKER,1,0.8854082573583769,0.8854082573583769,0.0402625396927065,0.9217391304347826,0.6747826086956521
LTP303,22,16,21,BUGGY,1,0.8735829952581567,0.8735829952581567,0.0077301525517042,0.7982608695652174,0.5478260869565217
LTP303,22,16,22,INFANT,1,0.8615295025985497,0.8615295025985497,-0.0086795830704414,0.6417391304347826,0.5043478260869565
LTP303,22,16,23,PUPIL,1,0.8412540735310768,0.8412540735310768,-0.0295053432176569,0.3669565217391304,0.408695652173913
LTP303,22,16,24,SEAL,1,0.7590358173143681,0.7590358173143681,-0.2177766839599229,0.0139130434782608,0.026086956521739
LTP303,22,17,1,GRILL,1,0.8631000114668987,0.8631000114668987,0.0184614652265856,0.7060869565217391,0.5965217391304347
LTP303,22,17,2,QUAIL,1,0.857380754917585,0.857380754917585,-0.0653061694833834,0.662608695652174,0.2591304347826086
LTP303,22,17,3,SPARROW,1,0.8197921277669364,0.8197921277669364,-0.0984971302394603,0.2365217391304347,0.2539130434782608
LTP303,22,17,4,LOFT,1,0.8814127140881527,0.8814127140881527,-0.014210570256099,0.9182608695652174,0.4452173913043478
LTP303,22,17,5,BURGLAR,0,0.8852526598196113,0.8852526598196113,0.1205491390294045,0.9130434782608696,0.8156521739130435
LTP303,22,17,6,SUSPECT,1,0.8567580350319104,0.8567580350319104,-0.1393920365507278,0.6173913043478261,0.0817391304347826
LTP303,22,17,7,CITRUS,1,0.8723113295343581,0.8723113295343581,0.1083890866546345,0.7634782608695652,0.7843478260869565
LTP303,22,17,8,RUST,1,0.8642501753019445,0.8642501753019445,0.1448429856497177,0.6991304347826087,0.9269565217391303
LTP303,22,17,9,NOVEL,1,0.8317843236936245,0.8317843236936245,0.1323181428588817,0.3182608695652174,0.831304347826087
LTP303,22,17,10,PEANUT,1,0.8650519030863235,0.8650519030863235,-0.0455948069941109,0.6834782608695652,0.408695652173913
LTP303,22,17,11,PECAN,1,0.8205479433358215,0.8205479433358215,0.0414744914720596,0.2295652173913043,0.64
LTP303,22,17,12,ROOSTER,1,0.8563419571001876,0.8563419571001876,-0.1511948485196639,0.5878260869565217,0.1339130434782608
LTP303,22,17,13,ROD,1,0.8436765295550092,0.8436765295550092,0.0595521028318036,0.4121739130434783,0.6730434782608696
LTP303,22,17,14,TROMBONE,1,0.8779681343800927,0.8779681343800927,0.0403755872003357,0.8260869565217391,0.6295652173913043
LTP303,22,17,15,LAKE,1,0.8524183284127356,0.8524183284127356,0.1426442689791048,0.5252173913043479,0.817391304347826
LTP303,22,17,16,PAPER,1,0.7863645738266999,0.7863645738266999,-0.0875870612007184,0.0626086956521738,0.2591304347826086
LTP303,22,17,17,FIDDLE,0,0.8830607148389391,0.8830607148389391,-0.1825625022671261,0.9304347826086956,0.0347826086956521
LTP303,22,17,18,TEMPLE,1,0.883842613176345,0.883842613176345,0.1536858322238918,0.9217391304347826,0.92
LTP303,22,17,19,SUBWAY,1,0.8786835188088924,0.8786835188088924,-0.0106459784006085,0.8608695652173913,0.4869565217391304
LTP303,22,17,20,TEACHER,1,0.8399902331517101,0.8399902331517101,-0.024600919345122,0.3443478260869566,0.4399999999999999
LTP303,22,17,21,CHURCH,1,0.8020681867138743,0.8020681867138743,0.0267691953738255,0.1078260869565217,0.5791304347826087
LTP303,22,17,22,POSTAGE,1,0.8692303486623967,0.8692303486623967,0.0650650033733132,0.7321739130434783,0.72
LTP303,22,17,23,COLLEGE,1,0.8778981050914777,0.8778981050914777,0.1254813923521479,0.8452173913043478,0.8643478260869565
LTP303,22,17,24,BIKE,1,0.8683056587627506,0.8683056587627506,0.0059748273210865,0.7147826086956521,0.5391304347826087
LTP303,22,18,1,MAMMAL,0,0.8041445402954076,0.8041445402954076,0.0089299685931519,0.1078260869565217,0.5495652173913044
LTP303,22,18,2,REBEL,0,0.8399865481364946,0.8399865481364946,0.0366124466459933,0.3304347826086956,0.6104347826086957
LTP303,22,18,3,HUSBAND,1,0.842614527301212,0.842614527301212,-0.0007695796414753,0.3547826086956521,0.5026086956521739
LTP303,22,18,4,LABEL,0,0.8639840912811908,0.8639840912811908,0.1502068803484621,0.6434782608695653,0.9165217391304348
LTP303,22,18,5,BUNNY,0,0.8522583160627606,0.8522583160627606,-0.0227439269150678,0.4834782608695652,0.4243478260869565
LTP303,22,18,6,RATTLE,0,0.8731447684423849,0.8731447684423849,-0.0146989861414795,0.76,0.4626086956521739
LTP303,22,18,7,KETCHUP,0,0.8758905693085959,0.8758905693085959,-0.1346474841412244,0.8191304347826087,0.0939130434782609
LTP303,22,18,8,FIREPLACE,0,0.8774915717069671,0.8774915717069671,0.0227297560357166,0.817391304347826,0.5860869565217391
LTP303,22,18,9,PAIL,0,0.84816910024266,0.84816910024266,-0.0498246119899747,0.4156521739130434,0.3217391304347826
LTP303,22,18,10,RIVER,0,0.8728240854120637,0.8728240854120637,0.0062334540161291,0.751304347826087,0.5217391304347826
LTP303,22,18,11,LION,0,0.8318618976458534,0.8318618976458534,-0.0221471125328973,0.2556521739130435,0.4121739130434783
LTP303,22,18,12,PREACHER,0,0.8480025868302014,0.8480025868302014,0.0009105972384328,0.4226086956521739,0.5008695652173913
LTP303,22,18,13,CASHEW,0,0.8867918252861824,0.8867918252861824,-0.0007648701612012,0.951304347826087,0.551304347826087
LTP303,22,18,14,VALLEY,1,0.8861085590587813,0.8861085590587813,0.1616482182792022,0.9443478260869566,0.9234782608695652
LTP303,22,18,15,PICTURE,0,0.8208957946914882,0.8208957946914882,-0.059362612673427,0.1878260869565217,0.2782608695652173
LTP303,22,18,16,RECORD,1,0.8520369907872087,0.8520369907872087,0.028531704020231,0.4817391304347825,0.5947826086956522
LTP303,22,18,17,RAFT,1,0.8650342677941817,0.8650342677941817,-0.003211993909292,0.6556521739130434,0.5078260869565218
LTP303,22,18,18,LAGOON,0,0.8444702536569038,0.8444702536569038,0.0840757503396251,0.36,0.8069565217391305
LTP303,22,18,19,CHIPMUNK,0,0.8803741454783696,0.8803741454783696,-0.0041323008664749,0.8591304347826088,0.4834782608695652
LTP303,22,18,20,CANYON,1,0.8492823388668584,0.8492823388668584,0.1227008521884525,0.4365217391304348,0.8052173913043479
LTP303,22,18,21,COUSIN,1,0.870939659709702,0.870939659709702,0.0316628767743756,0.7460869565217392,0.6243478260869566
LTP303,22,18,22,TRUCK,1,0.8432000246620951,0.8432000246620951,0.0232442677668485,0.3582608695652174,0.5860869565217391
LTP303,22,18,23,PATROL,1,0.8648487297385867,0.8648487297385867,0.1260882139387637,0.6486956521739131,0.88
LTP303,22,18,24,CHAPEL,0,0.8487962935619638,0.8487962935619638,0.262308597853094,0.4260869565217391,0.991304347826087
LTP303,22,19,1,CRIB,1,0.849049723499877,0.849049723499877,0.1917007827406786,0.4208695652173913,0.942608695652174
LTP303,22,19,2,BLUEPRINT,1,0.9007962225224068,0.9007962225224068,-0.0922393668913497,0.9982608695652174,0.2226086956521739
LTP303,22,19,3,CLOCK,1,0.8487780923737759,0.8487780923737759,0.0301424568535238,0.4156521739130434,0.6295652173913043
LTP303,22,19,4,BELLY,1,0.8754756741149635,0.8754756741149635,0.0224933692464735,0.7895652173913044,0.5669565217391304
LTP303,22,19,5,TABLET,1,0.8719363983073442,0.8719363983073442,0.0673222242415815,0.7582608695652174,0.7634782608695652
LTP303,22,19,6,ULCER,1,0.8519786755839134,0.8519786755839134,0.1487545547345248,0.4539130434782609,0.8921739130434783
LTP303,22,19,7,GARLIC,1,0.8557446662440676,0.8557446662440676,-0.128197235531685,0.511304347826087,0.12
LTP303,22,19,8,HIKER,1,0.8734530879295621,0.8734530879295621,0.0401735152843825,0.7843478260869565,0.6817391304347826
LTP303,22,19,9,MARS,1,0.8395055334975501,0.8395055334975501,0.0813634773613102,0.2921739130434783,0.7913043478260869
LTP303,22,19,10,TART,1,0.8261904479025739,0.8261904479025739,-0.0651522384668163,0.217391304347826,0.2765217391304347
LTP303,22,19,11,SHIRT,0,0.8500702436306772,0.8500702436306772,-0.188566386279247,0.4365217391304348,0.0469565217391304
LTP303,22,19,12,WAITER,1,0.849545780457062,0.849545780457062,-0.0229327925734852,0.4243478260869565,0.4260869565217391
LTP303,22,19,13,BADGE,1,0.8435062783659469,0.8435062783659469,-0.0213567687700263,0.3408695652173913,0.408695652173913
LTP303,22,19,14,MILDEW,1,0.8888383700301545,0.8888383700301545,0.0914957275544379,0.9391304347826088,0.7808695652173914
LTP303,22,19,15,HUMAN,1,0.8191892251566086,0.8191892251566086,0.0067117016966235,0.168695652173913,0.5321739130434783
LTP303,22,19,16,ASIA,1,0.7935655913728458,0.7935655913728458,0.0223061336525145,0.0608695652173912,0.6121739130434782
LTP303,22,19,17,LONDON,1,0.8099725528908187,0.8099725528908187,0.1011979414010368,0.1269565217391304,0.817391304347826
LTP303,22,19,18,MOTEL,1,0.8829297879402979,0.8829297879402979,0.1131383511144639,0.8765217391304347,0.8521739130434782
LTP303,22,19,19,SODA,1,0.7924322249222314,0.7924322249222314,-0.1065266510963919,0.0660869565217391,0.1721739130434783
LTP303,22,19,20,AIRPORT,1,0.8445580657590644,0.8445580657590644,0.0437749060627005,0.3547826086956521,0.6504347826086956
LTP303,22,19,21,SHERIFF,0,0.8769616593366425,0.8769616593366425,-0.1764118497178351,0.8208695652173913,0.0452173913043478
LTP303,22,19,22,CABBAGE,1,0.8442882519887968,0.8442882519887968,-0.0008090234816722,0.3495652173913043,0.4747826086956521
LTP303,22,19,23,ELBOW,1,0.8564778949884818,0.8564778949884818,0.002238838903564,0.5147826086956522,0.4991304347826086
LTP303,22,19,24,LEG,1,0.8443629890399595,0.8443629890399595,0.1050112288743473,0.3478260869565217,0.8852173913043478
LTP303,22,20,1,BLENDER,1,0.8995038254598849,0.8995038254598849,0.0441807337313527,0.9947826086956522,0.64
LTP303,22,20,2,LUMBER,1,0.888728183180897,0.888728183180897,0.2060706726256341,0.937391304347826,0.9791304347826086
LTP303,22,20,3,OMELET,1,0.8551391240743762,0.8551391240743762,0.1473677865311093,0.5008695652173913,0.9530434782608695
LTP303,22,20,4,TERMITE,1,0.8852033506371824,0.8852033506371824,0.0775361642106227,0.9130434782608696,0.8208695652173913
LTP303,22,20,5,DRESS,1,0.8662728193626971,0.8662728193626971,-0.1513815773616365,0.6660869565217391,0.0608695652173912
LTP303,22,20,6,BROOK,1,0.8414442531620505,0.8414442531620505,-0.1008196457821036,0.3356521739130435,0.1130434782608695
LTP303,22,20,7,VALVE,1,0.8681880634135903,0.8681880634135903,-0.100010256008087,0.6869565217391305,0.16
LTP303,22,20,8,GROUND,1,0.8238034084670012,0.8238034084670012,-0.0333130301800502,0.1913043478260869,0.3530434782608695
LTP303,22,20,9,CEILING,1,0.8443815942756489,0.8443815942756489,0.0275891854054492,0.3739130434782608,0.5982608695652174
LTP303,22,20,10,DENIM,1,0.8709984952133663,0.8709984952133663,0.1772443041568061,0.72,0.9460869565217392
LTP303,22,20,11,HARP,1,0.8711507257992971,0.8711507257992971,0.0199536163003485,0.7269565217391305,0.6034782608695652
LTP303,22,20,12,PICNIC,1,0.8335525429161752,0.8335525429161752,0.0169799248156537,0.2434782608695652,0.5721739130434782
LTP303,22,20,13,DANCER,1,0.8889525322214542,0.8889525322214542,0.0320435929547042,0.937391304347826,0.6295652173913043
LTP303,22,20,14,BEAVER,1,0.8481704561362443,0.8481704561362443,-0.0055103602423239,0.4139130434782608,0.4765217391304348
LTP303,22,20,15,BANJO,1,0.8738168337478718,0.8738168337478718,-0.1650789773161054,0.7808695652173914,0.0365217391304347
LTP303,22,20,16,LUGGAGE,1,0.8787856111247696,0.8787856111247696,-0.1281102373596508,0.8608695652173913,0.0852173913043478
LTP303,22,20,17,DRESSER,1,0.8503630832767793,0.8503630832767793,0.0407541313723875,0.4330434782608695,0.6747826086956521
LTP303,22,20,18,ATOM,1,0.7850565095758856,0.7850565095758856,0.0962835541555068,0.0295652173913043,0.8556521739130435
LTP303,22,20,19,NEUTRON,1,0.8932656601060702,0.8932656601060702,0.0049910203298071,0.982608695652174,0.551304347826087
LTP303,22,20,20,CAPTIVE,1,0.8370293622951483,0.8370293622951483,0.0469207503679856,0.2765217391304347,0.6939130434782609
LTP303,22,20,21,CRICKET,0,0.8701658195929198,0.8701658195929198,-0.0825710762231509,0.7304347826086957,0.1999999999999999
LTP303,22,20,22,NAPKIN,0,0.8346225103700282,0.8346225103700282,0.0057883732364663,0.2486956521739131,0.5443478260869565
LTP303,22,20,23,STOMACH,1,0.8225751317523448,0.8225751317523448,-0.0055631163817759,0.1878260869565217,0.4904347826086956
LTP303,22,20,24,FLESH,1,0.8461289730770277,0.8461289730770277,0.0456211029567727,0.3704347826086956,0.6504347826086956
LTP303,22,21,1,GRAVE,1,0.7855352934981019,0.7855352934981019,-0.0486769804517586,0.0295652173913043,0.3304347826086956
LTP303,22,21,2,TOURIST,1,0.8659202548101622,0.8659202548101622,0.0679798356354052,0.6521739130434783,0.7443478260869565
LTP303,22,21,3,POPCORN,1,0.8385537748167972,0.8385537748167972,-0.0053952072616652,0.288695652173913,0.5008695652173913
LTP303,22,21,4,JOURNAL,1,0.841291568889941,0.841291568889941,0.0221007604457368,0.3234782608695652,0.6434782608695653
LTP303,22,21,5,NOTEBOOK,1,0.7903994580638756,0.7903994580638756,-0.06107672517621,0.0295652173913043,0.2869565217391304
LTP303,22,21,6,HANDBAG,1,0.8704256107217145,0.8704256107217145,-0.0713993534647567,0.7373913043478261,0.2539130434782608
LTP303,22,21,7,SOFTBALL,1,0.8665203451851211,0.8665203451851211,-0.0602648887578807,0.6591304347826087,0.2765217391304347
LTP303,22,21,8,WOMAN,1,0.8461659099138528,0.8461659099138528,-0.0389477893128764,0.3686956521739131,0.3860869565217391
LTP303,22,21,9,PEDAL,1,0.8585514367433331,0.8585514367433331,0.0311919611733641,0.5582608695652174,0.6034782608695652
LTP303,22,21,10,LASER,1,0.7837129110989313,0.7837129110989313,0.1103760552875855,0.0226086956521739,0.8852173913043478
LTP303,22,21,11,GHETTO,1,0.8780585507692509,0.8780585507692509,-0.0771406557044848,0.8452173913043478,0.2295652173913043
LTP303,22,21,12,BANQUET,1,0.8781515375213368,0.8781515375213368,-0.1138311614107964,0.8730434782608696,0.1617391304347826
LTP303,22,21,13,PARENT,1,0.8090093879558998,0.8090093879558998,0.2178760525287733,0.1043478260869564,0.9808695652173912
LTP303,22,21,14,SUITCASE,1,0.8499782291177932,0.8499782291177932,0.033325654608037,0.4556521739130434,0.64
LTP303,22,21,15,PORK,1,0.8573936311372873,0.8573936311372873,-0.0781751901789023,0.5530434782608695,0.2260869565217391
LTP303,22,21,16,BACON,1,0.803106066381628,0.803106066381628,0.0574444863489738,0.088695652173913,0.7652173913043478
LTP303,22,21,17,ACTRESS,1,0.8819015661245794,0.8819015661245794,0.0469931328720088,0.8973913043478261,0.7217391304347827
LTP303,22,21,18,DIVER,0,0.7845802983222673,0.7845802983222673,-0.1170065579539511,0.026086956521739,0.1043478260869564
LTP303,22,21,19,QUEEN,1,0.8609631301260029,0.8609631301260029,-0.013428691751744,0.6069565217391304,0.4852173913043478
LTP303,22,21,20,THRONE,1,0.8551264561581283,0.8551264561581283,0.0008531864273701,0.5217391304347826,0.5704347826086957
LTP303,22,21,21,FEMALE,1,0.8083417895430136,0.8083417895430136,0.1635348170888642,0.1095652173913043,0.9495652173913044
LTP303,22,21,22,SWITCH,1,0.7682706185647108,0.7682706185647108,-0.2525272938312052,0.0104347826086956,0.0052173913043478
LTP303,22,21,23,ACTOR,1,0.7942768284967018,0.7942768284967018,0.1739068391680425,0.0573913043478261,0.9443478260869566
LTP303,22,21,24,SUPPER,1,0.799190250881036,0.799190250881036,0.0447963952222032,0.0799999999999999,0.688695652173913
LTP303,22,22,1,EAGLE,1,0.847401734603751,0.847401734603751,0.0986805947522937,0.3930434782608696,0.8713043478260869
LTP303,22,22,2,GLASS,1,0.854523380954877,0.854523380954877,-0.0385025348701988,0.5095652173913043,0.4173913043478261
LTP303,22,22,3,LADY,1,0.8026969056205869,0.8026969056205869,0.073678096500864,0.0956521739130434,0.817391304347826
LTP303,22,22,4,MISTER,1,0.816024276585753,0.816024276585753,0.0430182986455459,0.1530434782608696,0.6956521739130435
LTP303,22,22,5,PEBBLE,1,0.8231722724512301,0.8231722724512301,-0.054934434799394,0.1773913043478261,0.2765217391304347
LTP303,22,22,6,BUBBLE,0,0.8651888618792607,0.8651888618792607,-0.1630917641923557,0.6452173913043479,0.0347826086956521
LTP303,22,22,7,WORLD,1,0.818525192455857,0.818525192455857,0.0145179043615031,0.1513043478260869,0.6121739130434782
LTP303,22,22,8,COUCH,0,0.8407367096442914,0.8407367096442914,0.0693517504817744,0.3913043478260869,0.7530434782608696
LTP303,22,22,9,PORTRAIT,0,0.8775545094196221,0.8775545094196221,-0.0513971167302876,0.8365217391304348,0.2973913043478261
LTP303,22,22,10,CATTLE,0,0.8984737936460617,0.8984737936460617,0.0949744319918744,0.9965217391304348,0.8208695652173913
LTP303,22,22,11,CLOTHES,1,0.8729822474209376,0.8729822474209376,0.0287367196165866,0.7669565217391304,0.6434782608695653
LTP303,22,22,12,APRON,1,0.8769886574067256,0.8769886574067256,-0.0436044219240546,0.8,0.3147826086956522
LTP303,22,22,13,FARMER,1,0.8137431378687108,0.8137431378687108,-0.0878394945763121,0.1391304347826086,0.1756521739130434
LTP303,22,22,14,PASTRY,1,0.8590400842995292,0.8590400842995292,-0.141042685318865,0.5617391304347826,0.0313043478260869
LTP303,22,22,15,AUTHOR,0,0.8536436082634654,0.8536436082634654,-0.1006718092938596,0.4973913043478261,0.2017391304347826
LTP303,22,22,16,TURKEY,1,0.8782235834606924,0.8782235834606924,0.0062671785895763,0.8139130434782609,0.5321739130434783
LTP303,22,22,17,CROWN,1,0.8694725967211133,0.8694725967211133,-0.0207614045472689,0.7008695652173913,0.4191304347826087
LTP303,22,22,18,TROUT,1,0.7984289315346952,0.7984289315346952,-0.0405749632092381,0.0747826086956521,0.3304347826086956
LTP303,22,22,19,SCALLOP,1,0.8540109896125881,0.8540109896125881,-0.0801069293322636,0.5008695652173913,0.1965217391304348
LTP303,22,22,20,OINTMENT,1,0.8483972027522845,0.8483972027522845,0.0024415753869917,0.4121739130434783,0.5530434782608695
LTP303,22,22,21,AGENT,1,0.8087782075896549,0.8087782075896549,0.1050300173757095,0.1182608695652174,0.8643478260869565
LTP303,22,22,22,JELLO,0,0.8627571414137892,0.8627571414137892,0.0183899658943781,0.6139130434782609,0.5913043478260869
LTP303,22,22,23,FRAME,1,0.8699052017765815,0.8699052017765815,-0.2056684939309218,0.7391304347826086,0.0139130434782608
LTP303,22,22,24,BOX,1,0.7630347580029004,0.7630347580029004,-0.018224451141064,0.0034782608695652,0.4521739130434783
LTP303,22,23,1,UNCLE,1,0.7998321132567525,0.7998321132567525,0.0422907148494943,0.0904347826086956,0.6799999999999999
LTP303,22,23,2,PLUTO,1,0.8689240723427593,0.8689240723427593,0.0952259404973305,0.7095652173913043,0.8608695652173913
LTP303,22,23,3,MOP,1,0.7948854750750377,0.7948854750750377,-0.049036767321957,0.0626086956521738,0.3321739130434782
LTP303,22,23,4,BUG,1,0.8400505237007636,0.8400505237007636,0.1104592018575573,0.3304347826086956,0.8904347826086957
LTP303,22,23,5,COCKTAIL,1,0.8520885786186313,0.8520885786186313,-0.1591074047073018,0.4782608695652174,0.0434782608695651
LTP303,22,23,6,HELMET,1,0.8570165256778466,0.8570165256778466,0.0546260056591379,0.5408695652173914,0.7373913043478261
LTP303,22,23,7,SALT,1,0.8491363657648162,0.8491363657648162,0.0461937457539134,0.4382608695652173,0.6573913043478261
LTP303,22,23,8,HEDGE,1,0.8475928371663377,0.8475928371663377,-0.0326345281056359,0.4034782608695652,0.3843478260869565
LTP303,22,23,9,DRAGON,1,0.8807410556138595,0.8807410556138595,-0.134068579855491,0.88,0.0573913043478261
LTP303,22,23,10,TILE,0,0.8403109504585635,0.8403109504585635,0.0444214915713841,0.3234782608695652,0.6834782608695652
LTP303,22,23,11,PUDDLE,1,0.8908361492217376,0.8908361492217376,-0.0043721592882734,0.9495652173913044,0.4973913043478261
LTP303,22,23,12,PEPPER,1,0.8422967369847902,0.8422967369847902,-0.0268673763754859,0.351304347826087,0.4069565217391304
LTP303,22,23,13,TUNNEL,1,0.8889698443859515,0.8889698443859515,0.1226189744435089,0.9356521739130436,0.8817391304347826
LTP303,22,23,14,SILK,1,0.8798415142583609,0.8798415142583609,0.0047137195661314,0.8504347826086956,0.5269565217391304
LTP303,22,23,15,CRATER,1,0.8695799515110364,0.8695799515110364,-0.0579954176030518,0.7130434782608696,0.2591304347826086
LTP303,22,23,16,SPIDER,1,0.8605459802596988,0.8605459802596988,-0.1775875512024296,0.5808695652173913,0.0347826086956521
LTP303,22,23,17,FLEET,1,0.8433208640157361,0.8433208640157361,0.1352747331422384,0.3495652173913043,0.9130434782608696
LTP303,22,23,18,ARMY,1,0.8638942889224404,0.8638942889224404,-0.0905726743703314,0.6191304347826088,0.1704347826086956
LTP303,22,23,19,VELVET,1,0.8727850227860025,0.8727850227860025,0.1003712449260913,0.7791304347826087,0.8521739130434782
LTP303,22,23,20,SCARF,1,0.8520063998638574,0.8520063998638574,-0.1712578074875164,0.4817391304347825,0.0434782608695651
LTP303,22,23,21,PLAZA,1,0.7932536290989151,0.7932536290989151,-0.0367543929807201,0.0626086956521738,0.3843478260869565
LTP303,22,23,22,YARN,1,0.8730849285638971,0.8730849285638971,-0.0262354620445571,0.7756521739130435,0.4139130434782608
LTP303,22,23,23,CATCHER,1,0.8749088923962315,0.8749088923962315,0.0197601061710408,0.8139130434782609,0.6208695652173912
LTP303,22,23,24,FOOTBALL,1,0.8404477724396084,0.8404477724396084,-0.046626841102657,0.3269565217391305,0.3269565217391305
LTP303,22,24,1,DUSTPAN,1,0.8655189650878061,0.8655189650878061,-0.086706422538916,0.7043478260869565,0.2243478260869564
LTP303,22,24,2,SPACE,1,0.7792471348617854,0.7792471348617854,0.0557273803898359,0.0139130434782608,0.7530434782608696
LTP303,22,24,3,BASEMENT,1,0.8616996333172502,0.8616996333172502,-0.0001119710374244,0.6486956521739131,0.528695652173913
LTP303,22,24,4,MARKET,1,0.8544087015523688,0.8544087015523688,-0.0429098800750609,0.528695652173913,0.3426086956521739
LTP303,22,24,5,ONION,1,0.8128464774100094,0.8128464774100094,-0.0357140144039206,0.1391304347826086,0.3826086956521739
LTP303,22,24,6,SERVANT,1,0.8070089601620255,0.8070089601620255,0.1223192913944325,0.1130434782608695,0.9130434782608696
LTP303,22,24,7,VIRUS,1,0.8074434768045167,0.8074434768045167,-0.0930959363843268,0.128695652173913,0.2052173913043478
LTP303,22,24,8,CRAB,1,0.8535602382783809,0.8535602382783809,-0.2380488272332064,0.5634782608695652,0.0052173913043478
LTP303,22,24,9,POET,1,0.8110598749247024,0.8110598749247024,0.0043930831627901,0.1513043478260869,0.5356521739130435
LTP303,22,24,10,SNAKE,1,0.8807138688658566,0.8807138688658566,-0.0932483320960882,0.9495652173913044,0.24
LTP303,22,24,11,CHAUFFEUR,1,0.8374776979563981,0.8374776979563981,-0.0760860636484846,0.36,0.2573913043478261
LTP303,22,24,12,GLOVE,1,0.8765464283592214,0.8765464283592214,-0.1102490485415441,0.8678260869565217,0.168695652173913
LTP303,22,24,13,HAND,0,0.8178275848827915,0.8178275848827915,0.0388620472745253,0.1895652173913043,0.6660869565217391
LTP303,22,24,14,CASHIER,1,0.8717967982074626,0.8717967982074626,0.114719700121265,0.8121739130434783,0.8660869565217392
LTP303,22,24,15,WAITRESS,1,0.8443889178827566,0.8443889178827566,0.0596750337513544,0.4156521739130434,0.768695652173913
LTP303,22,24,16,LETTUCE,0,0.8709947801858807,0.8709947801858807,-0.0440402294560237,0.8713043478260869,0.3826086956521739
LTP303,22,24,17,FUNGUS,1,0.8738346340674038,0.8738346340674038,0.200347745447549,0.84,0.9669565217391304
LTP303,22,24,18,LEADER,1,0.8184867711658339,0.8184867711658339,-0.0465189380749494,0.168695652173913,0.3408695652173913
LTP303,22,24,19,DENTIST,1,0.8537792528282507,0.8537792528282507,0.0944289670700883,0.6278260869565218,0.8469565217391304
LTP303,22,24,20,NURSE,1,0.8800014287698271,0.8800014287698271,0.1612723313279552,0.9304347826086956,0.9356521739130436
LTP303,22,24,21,PLAID,1,0.8052843138799142,0.8052843138799142,0.0513926963732666,0.128695652173913,0.7095652173913043
LTP303,22,24,22,BUCKET,1,0.8592901036281955,0.8592901036281955,0.0121071630699481,0.728695652173913,0.5704347826086957
LTP303,22,24,23,SWORD,1,0.7937138384884604,0.7937138384884604,0.0185637871175464,0.0608695652173912,0.6226086956521739
LTP303,22,24,24,MONEY,1,0.8225054269657412,0.8225054269657412,0.0417869625886548,0.2121739130434782,0.7165217391304348
LTP303,10,1,1,BOUQUET,1,0.8749011784804468,0.8749011784804468,0.0946194252733791,0.831304347826087,0.8556521739130435
LTP303,10,1,2,CLOTHES,1,0.8755950134065973,0.8755950134065973,0.143956539512655,0.8573913043478261,0.9391304347826088
LTP303,10,1,3,BRANCH,1,0.8496222690125517,0.8496222690125517,0.0959907285008153,0.5182608695652173,0.8052173913043479
LTP303,10,1,4,ZIPPER,1,0.7817397401224977,0.7817397401224977,-0.0322011175576328,0.0330434782608696,0.3669565217391304
LTP303,10,1,5,AIRPLANE,1,0.8506737901044222,0.8506737901044222,-0.0089785967690303,0.4991304347826086,0.4869565217391304
LTP303,10,1,6,BALLOON,1,0.8866156402133238,0.8866156402133238,0.0421933583467375,0.9582608695652174,0.6973913043478261
LTP303,10,1,7,PERMIT,1,0.8268853001128691,0.8268853001128691,-0.2812114874919078,0.2521739130434782,0.0104347826086956
LTP303,10,1,8,RATTLE,1,0.8687123308520428,0.8687123308520428,-0.0365742187826104,0.7460869565217392,0.3617391304347825
LTP303,10,1,9,BRIEFCASE,1,0.8554963919020652,0.8554963919020652,0.110438632181436,0.5791304347826087,0.8782608695652174
LTP303,10,1,10,DRILL,0,0.851480973642205,0.851480973642205,-0.1472982219834006,0.5252173913043479,0.0834782608695652
LTP303,10,1,11,INFANT,1,0.855716689036127,0.855716689036127,-0.0823335598345368,0.6191304347826088,0.2417391304347825
LTP303,10,1,12,POWDER,1,0.8265495882920139,0.8265495882920139,-0.0570472848850679,0.2452173913043478,0.337391304347826
LTP303,10,1,13,LUGGAGE,0,0.8740155276527513,0.8740155276527513,-0.0841152093147307,0.8417391304347825,0.1843478260869565
LTP303,10,1,14,TILE,1,0.842456852652216,0.842456852652216,0.1030222857299266,0.3686956521739131,0.888695652173913
LTP303,10,1,15,FLASK,1,0.8767486485496894,0.8767486485496894,0.0498600549573659,0.8608695652173913,0.7165217391304348
LTP303,10,1,16,KNIFE,1,0.8304498695123266,0.8304498695123266,0.1106457720583575,0.2608695652173913,0.8782608695652174
LTP303,10,1,17,LOFT,1,0.8869310457865388,0.8869310457865388,0.0318794570864032,0.96,0.6382608695652174
LTP303,10,1,18,FOREST,1,0.8115839296924272,0.8115839296924272,-0.0179691824607851,0.1530434782608696,0.4365217391304348
LTP303,10,1,19,KLEENEX,1,0.8332472698568979,0.8332472698568979,-0.0493594158533103,0.2695652173913043,0.3252173913043478
LTP303,10,1,20,FLESH,1,0.847061386366232,0.847061386366232,0.1116803908682525,0.4417391304347826,0.8991304347826087
LTP303,10,1,21,BRACES,0,0.860817103878297,0.860817103878297,0.0004751293631239,0.6486956521739131,0.5060869565217392
LTP303,10,1,22,MISTER,0,0.8083780516742416,0.8083780516742416,-0.0418617500419565,0.128695652173913,0.3043478260869565
LTP303,10,1,23,LADY,0,0.7940889622999361,0.7940889622999361,-0.0411103689801969,0.0834782608695652,0.3391304347826087
LTP303,10,1,24,COUCH,0,0.8299194622252059,0.8299194622252059,-0.132624672281024,0.2556521739130435,0.0852173913043478
LTP303,10,2,1,PIANO,1,0.841192157103646,0.841192157103646,-0.1363972490043636,0.3965217391304347,0.1252173913043478
LTP303,10,2,2,RECORD,1,0.8674541080431093,0.8674541080431093,0.2851287731686405,0.7426086956521739,0.9947826086956522
LTP303,10,2,3,COCOON,1,0.803436600629433,0.803436600629433,-0.1761890210321489,0.1321739130434782,0.0991304347826087
LTP303,10,2,4,CURTAIN,1,0.8992639948099673,0.8992639948099673,0.1141858176652294,0.9965217391304348,0.8556521739130435
LTP303,10,2,5,MARROW,1,0.873169069848894,0.873169069848894,-0.0642128646925497,0.8052173913043479,0.2730434782608696
LTP303,10,2,6,RECEIPT,1,0.8496177288357337,0.8496177288357337,0.1346508469306493,0.4956521739130435,0.8504347826086956
LTP303,10,2,7,ITEM,1,0.83252506839136,0.83252506839136,0.1220361776881007,0.2678260869565217,0.8434782608695652
LTP303,10,2,8,PILOT,0,0.890142793367573,0.890142793367573,0.1254683508696993,0.9721739130434782,0.8852173913043478
LTP303,10,2,9,GRILL,1,0.8643725579022258,0.8643725579022258,-0.0409128516410831,0.6782608695652175,0.3739130434782608
LTP303,10,2,10,SHIRT,1,0.8652260015579674,0.8652260015579674,0.1515447200977462,0.6765217391304348,0.9165217391304348
LTP303,10,2,11,SLUG,1,0.8548968390201929,0.8548968390201929,-0.1612219758511946,0.537391304347826,0.048695652173913
LTP303,10,2,12,VALLEY,1,0.8765218322386481,0.8765218322386481,-0.0214309410445713,0.8330434782608696,0.4191304347826087
LTP303,10,2,13,SKIRT,0,0.8625395012379456,0.8625395012379456,0.1635750824991415,0.6173913043478261,0.8695652173913043
LTP303,10,2,14,OMELET,1,0.8402075706534086,0.8402075706534086,-0.1573125822640838,0.3530434782608695,0.1008695652173913
LTP303,10,2,15,OUTLAW,1,0.8776100457000007,0.8776100457000007,0.0901643789286,0.8260869565217391,0.7530434782608696
LTP303,10,2,16,THIEF,1,0.8380748314952621,0.8380748314952621,-0.1005990060140338,0.2904347826086957,0.128695652173913
LTP303,10,2,17,GROUND,1,0.8252752751739573,0.8252752751739573,0.0475625422634036,0.2104347826086956,0.6852173913043478
LTP303,10,2,18,DRIVER,1,0.8357418338736562,0.8357418338736562,0.0261056226492241,0.2573913043478261,0.5826086956521739
LTP303,10,2,19,VICTIM,1,0.816033267791666,0.816033267791666,-0.0071024720123131,0.1582608695652173,0.4886956521739131
LTP303,10,2,20,TRANSPLANT,1,0.7963500735707321,0.7963500735707321,0.0799641346989183,0.0782608695652173,0.7704347826086957
LTP303,10,2,21,COSTUME,1,0.8758225562325743,0.8758225562325743,0.1174405740492328,0.8191304347826087,0.8608695652173913
LTP303,10,2,22,LODGE,0,0.8643522635862683,0.8643522635862683,-0.0133668214402284,0.6434782608695653,0.4591304347826087
LTP303,10,2,23,CRAYON,0,0.886029973866141,0.886029973866141,-0.1651669610845635,0.942608695652174,0.0713043478260869
LTP303,10,2,24,MASK,1,0.7980876554109403,0.7980876554109403,-0.0439033049760542,0.0939130434782609,0.3547826086956521
LTP303,10,3,1,PADDING,0,0.8662991212666487,0.8662991212666487,-0.0043756203455536,0.7060869565217391,0.4678260869565217
LTP303,10,3,2,LAGOON,1,0.8421231379564654,0.8421231379564654,0.0945270727858573,0.3826086956521739,0.7321739130434783
LTP303,10,3,3,SWAMP,1,0.7747974337127213,0.7747974337127213,0.023615956669948,0.017391304347826,0.5895652173913044
LTP303,10,3,4,GREASE,0,0.8647024922533256,0.8647024922533256,0.1300583138855042,0.6939130434782609,0.8278260869565217
LTP303,10,3,5,FIREPLACE,0,0.8811865337586817,0.8811865337586817,0.1175000564927655,0.92,0.8208695652173913
LTP303,10,3,6,GUITAR,1,0.7540734153794453,0.7540734153794453,-0.0924559169030297,0.0069565217391304,0.2573913043478261
LTP303,10,3,7,FRAME,1,0.8680838146653106,0.8680838146653106,-0.0728170654726822,0.7739130434782608,0.3113043478260869
LTP303,10,3,8,RUG,1,0.8389307080604321,0.8389307080604321,0.0990537603863579,0.3426086956521739,0.751304347826087
LTP303,10,3,9,PIMPLE,1,0.8813004178954302,0.8813004178954302,0.3188534784399658,0.9252173913043478,0.9947826086956522
LTP303,10,3,10,CABBAGE,1,0.847757478352685,0.847757478352685,0.1361687036233155,0.4991304347826086,0.8417391304347825
LTP303,10,3,11,WHISTLE,0,0.8733293957139382,0.8733293957139382,-0.0088123183748074,0.8278260869565217,0.48
LTP303,10,3,12,PUDDLE,0,0.8950675366397884,0.8950675366397884,0.1468910372994074,0.9965217391304348,0.8817391304347826
LTP303,10,3,13,MILDEW,1,0.8780983570095983,0.8780983570095983,-0.02707808585836,0.8973913043478261,0.4156521739130434
LTP303,10,3,14,MISSILE,0,0.8431042024771074,0.8431042024771074,0.0338426021178394,0.4052173913043478,0.6452173913043479
LTP303,10,3,15,CRUTCH,1,0.8815404801016075,0.8815404801016075,-0.1100072089656882,0.9147826086956522,0.1478260869565217
LTP303,10,3,16,LEG,1,0.8402313882210358,0.8402313882210358,0.084696957229163,0.3634782608695652,0.751304347826087
LTP303,10,3,17,PLAZA,1,0.797974078963912,0.797974078963912,0.0674235783894537,0.0730434782608695,0.7565217391304347
LTP303,10,3,18,WORKER,1,0.8453166775793827,0.8453166775793827,-0.1636047875095632,0.3913043478260869,0.097391304347826
LTP303,10,3,19,DINER,1,0.7890302845871222,0.7890302845871222,-0.0609861390655961,0.0434782608695651,0.337391304347826
LTP303,10,3,20,LAPEL,1,0.8498735847378484,0.8498735847378484,0.0837685093748281,0.4782608695652174,0.782608695652174
LTP303,10,3,21,PAIL,1,0.850013899324424,0.850013899324424,0.0222047686477762,0.4660869565217391,0.6139130434782609
LTP303,10,3,22,PICTURE,1,0.828808495352826,0.828808495352826,0.0915596246220371,0.231304347826087,0.7791304347826087
LTP303,10,3,23,SCULPTURE,1,0.8570009092151826,0.8570009092151826,0.0949656393513487,0.5756521739130435,0.8121739130434783
LTP303,10,3,24,SPARROW,1,0.8410328410395465,0.8410328410395465,0.1067128257327832,0.3321739130434782,0.8539130434782609
LTP303,10,4,1,DRAWING,1,0.8637389474946772,0.8637389474946772,0.1909050541397986,0.6747826086956521,0.9356521739130436
LTP303,10,4,2,CELLAR,0,0.8659692381585038,0.8659692381585038,-0.0026999248210373,0.7008695652173913,0.5356521739130435
LTP303,10,4,3,EAGLE,0,0.8424895514227005,0.8424895514227005,-0.0013933687838559,0.3652173913043478,0.48
LTP303,10,4,4,SCOTCH,1,0.8490306844441272,0.8490306844441272,-0.2276029262151477,0.4539130434782609,0.0313043478260869
LTP303,10,4,5,FOOTBALL,1,0.8349868706492924,0.8349868706492924,-0.0923963236531071,0.288695652173913,0.231304347826087
LTP303,10,4,6,STAPLE,1,0.8579390674978942,0.8579390674978942,-0.0359031997213607,0.5721739130434782,0.3860869565217391
LTP303,10,4,7,SKETCH,0,0.8679490081367577,0.8679490081367577,0.1262168451791745,0.7182608695652174,0.8539130434782609
LTP303,10,4,8,BELLY,1,0.869878810793828,0.869878810793828,-0.0455382833600015,0.7721739130434783,0.3756521739130435
LTP303,10,4,9,RIFLE,1,0.8545682965614386,0.8545682965614386,-0.0514922209460369,0.5147826086956522,0.2869565217391304
LTP303,10,4,10,GANGSTER,1,0.8644134301953659,0.8644134301953659,0.1645976202325312,0.6817391304347826,0.9130434782608696
LTP303,10,4,11,BREAST,1,0.8680921335166799,0.8680921335166799,0.0198571462202915,0.7304347826086957,0.6191304347826088
LTP303,10,4,12,SOFTBALL,1,0.8677071720930878,0.8677071720930878,-0.0067730437627141,0.6904347826086956,0.4886956521739131
LTP303,10,4,13,COBRA,1,0.8033029103199036,0.8033029103199036,-0.1133199567172817,0.1043478260869564,0.1843478260869565
LTP303,10,4,14,SHOVEL,1,0.8969383163943008,0.8969383163943008,0.1130379426006038,0.9791304347826086,0.831304347826087
LTP303,10,4,15,SIBLING,1,0.8474739801001603,0.8474739801001603,-0.0919894711719342,0.4278260869565217,0.231304347826087
LTP303,10,4,16,BROTHER,1,0.8715727103649865,0.8715727103649865,-0.1207244639058735,0.7530434782608696,0.1634782608695651
LTP303,10,4,17,RACKET,1,0.8813342837359791,0.8813342837359791,-0.0909257116187438,0.88,0.2452173913043478
LTP303,10,4,18,BUG,0,0.8380772439129581,0.8380772439129581,0.0696616182117949,0.3078260869565217,0.6956521739130435
LTP303,10,4,19,JELLY,0,0.8559672275059136,0.8559672275059136,-0.0691366819785667,0.5426086956521738,0.2904347826086957
LTP303,10,4,20,HAND,0,0.8195539893635666,0.8195539893635666,0.0284831191777528,0.1878260869565217,0.5304347826086957
LTP303,10,4,21,BLENDER,0,0.9014669052088656,0.9014669052088656,0.1438022829278726,0.9947826086956522,0.8608695652173913
LTP303,10,4,22,WINDOW,0,0.8393047563034339,0.8393047563034339,0.0644098273744047,0.3269565217391305,0.6799999999999999
LTP303,10,4,23,STOMACH,0,0.8286277355718052,0.8286277355718052,0.1102837738952176,0.2243478260869564,0.8
LTP303,10,4,24,POSSUM,0,0.8400736220634328,0.8400736220634328,-0.0352930307991594,0.3530434782608695,0.3739130434782608
LTP303,10,5,1,PASSAGE,0,0.8615888749414738,0.8615888749414738,0.0292953498233264,0.6173913043478261,0.5739130434782609
LTP303,10,5,2,NOVEL,0,0.8063016415236013,0.8063016415236013,-0.0539319650126244,0.1999999999999999,0.3060869565217391
LTP303,10,5,3,CATCHER,0,0.8723408087876068,0.8723408087876068,0.0579455186857889,0.8121739130434783,0.7008695652173913
LTP303,10,5,4,TABLET,0,0.8691338655325334,0.8691338655325334,0.0510620481902344,0.7130434782608696,0.6921739130434783
LTP303,10,5,5,GRAPE,0,0.7722373090242967,0.7722373090242967,-0.0382802403076966,0.017391304347826,0.3443478260869566
LTP303,10,5,6,GALLON,0,0.8410969027410649,0.8410969027410649,-0.0035287408417183,0.3652173913043478,0.4939130434782608
LTP303,10,5,7,JOURNAL,0,0.8401661352426917,0.8401661352426917,0.045399601590058,0.351304347826087,0.6817391304347826
LTP303,10,5,8,SHORTS,1,0.8172794081505751,0.8172794081505751,-0.0172502594434797,0.1756521739130434,0.4208695652173913
LTP303,10,5,9,JURY,1,0.8397135298902001,0.8397135298902001,0.0859061230788856,0.3478260869565217,0.768695652173913
LTP303,10,5,10,GAVEL,1,0.791313674137032,0.791313674137032,0.0470681844306736,0.0591304347826087,0.6782608695652175
LTP303,10,5,11,MEDAL,1,0.8570934187257402,0.8570934187257402,0.0390917157429776,0.5565217391304348,0.6504347826086956
LTP303,10,5,12,SHERIFF,1,0.8800404016631869,0.8800404016631869,0.0120948753127052,0.8782608695652174,0.537391304347826
LTP303,10,5,13,BLOCKADE,1,0.8548426901636715,0.8548426901636715,-0.0624498433499344,0.5460869565217391,0.3043478260869565
LTP303,10,5,14,BANKER,1,0.8833308755504782,0.8833308755504782,0.0131648820756498,0.9217391304347826,0.5530434782608695
LTP303,10,5,15,BINDER,1,0.8520475013034475,0.8520475013034475,0.0584612305845532,0.5147826086956522,0.6921739130434783
LTP303,10,5,16,MOTOR,1,0.7944108239315056,0.7944108239315056,-0.117068934758733,0.0869565217391304,0.1217391304347825
LTP303,10,5,17,PENGUIN,1,0.8953821185099513,0.8953821185099513,0.0639186073193618,0.9930434782608696,0.7391304347826086
LTP303,10,5,18,YARN,1,0.8713264597109581,0.8713264597109581,0.0248019705129518,0.7860869565217391,0.6017391304347826
LTP303,10,5,19,GLASS,1,0.8470339642173087,0.8470339642173087,-0.0775786747456132,0.4452173913043478,0.2591304347826086
LTP303,10,5,20,REPORT,1,0.8124086727426323,0.8124086727426323,0.1185544881457355,0.1547826086956522,0.8939130434782608
LTP303,10,5,21,HARP,0,0.872405266119073,0.872405266119073,0.1029843035276989,0.7930434782608695,0.8486956521739131
LTP303,10,5,22,TRENCH,0,0.8278639936121936,0.8278639936121936,0.0500925852499608,0.2469565217391304,0.6799999999999999
LTP303,10,5,23,CHAUFFEUR,0,0.83027459566075,0.83027459566075,-0.1677222328274779,0.2869565217391304,0.0504347826086956
LTP303,10,5,24,RELISH,0,0.8443841598267899,0.8443841598267899,0.0893028957516265,0.4104347826086957,0.8139130434782609
LTP303,10,6,1,DANDRUFF,0,0.8885677308968026,0.8885677308968026,0.0183806513861218,0.937391304347826,0.577391304347826
LTP303,10,6,2,HEADBAND,0,0.86867811821134,0.86867811821134,0.1024276776947523,0.6973913043478261,0.8017391304347826
LTP303,10,6,3,PISTOL,1,0.8741057762332488,0.8741057762332488,0.1055230703582851,0.7878260869565217,0.8469565217391304
LTP303,10,6,4,TURKEY,1,0.8746543374470571,0.8746543374470571,-0.0659815492302645,0.7895652173913044,0.2556521739130435
LTP303,10,6,5,ANTLER,1,0.8656700892127589,0.8656700892127589,0.0542804612049126,0.6660869565217391,0.6956521739130435
LTP303,10,6,6,GAZELLE,1,0.8527760452647409,0.8527760452647409,-0.1486395610235643,0.5060869565217392,0.0869565217391304
LTP303,10,6,7,HORSE,1,0.8567355317777225,0.8567355317777225,0.0233265693002599,0.5565217391304348,0.6347826086956522
LTP303,10,6,8,POISON,1,0.817048288960089,0.817048288960089,-0.1719871203631685,0.1860869565217391,0.0747826086956521
LTP303,10,6,9,TWISTER,1,0.8538328521708036,0.8538328521708036,0.101949691562105,0.5234782608695652,0.8504347826086956
LTP303,10,6,10,BUBBLE,1,0.8684878610802268,0.8684878610802268,0.0315044445317141,0.7391304347826086,0.6347826086956522
LTP303,10,6,11,WRIST,0,0.8706802359807027,0.8706802359807027,0.0261635452896589,0.7443478260869565,0.5652173913043479
LTP303,10,6,12,CLOCK,0,0.8412322569025571,0.8412322569025571,-0.044657514998576,0.3704347826086956,0.3234782608695652
LTP303,10,6,13,DRESSER,0,0.8571025192900414,0.8571025192900414,0.1782978991818224,0.5826086956521739,0.9478260869565216
LTP303,10,6,14,EGYPT,0,0.8367118813261175,0.8367118813261175,-0.0913613851398384,0.3565217391304348,0.168695652173913
LTP303,10,6,15,BRAKE,0,0.8806685051143184,0.8806685051143184,-0.0387807731389608,0.8817391304347826,0.3530434782608695
LTP303,10,6,16,LASER,1,0.7757611711867873,0.7757611711867873,-0.0293384888193358,0.0278260869565217,0.3913043478260869
LTP303,10,6,17,SPHINX,1,0.8542318248063022,0.8542318248063022,-0.076480135203083,0.5721739130434782,0.2243478260869564
LTP303,10,6,18,TYPIST,1,0.8900851485926814,0.8900851485926814,0.0922979001335217,0.9443478260869566,0.8521739130434782
LTP303,10,6,19,TUTU,1,0.7928221457035854,0.7928221457035854,-0.054193775601004,0.0799999999999999,0.3130434782608695
LTP303,10,6,20,DASHBOARD,1,0.8823789145982669,0.8823789145982669,0.1455837150167982,0.8817391304347826,0.8904347826086957
LTP303,10,6,21,BLACKBOARD,1,0.8378852931595249,0.8378852931595249,0.1657804108027945,0.337391304347826,0.96
LTP303,10,6,22,CASKET,0,0.881265070627386,0.881265070627386,-0.1347553980382586,0.902608695652174,0.0556521739130434
LTP303,10,6,23,LONDON,0,0.7784989582108635,0.7784989582108635,-0.2222513856687531,0.0347826086956521,0.0208695652173912
LTP303,10,6,24,PAPER,0,0.7890156507923907,0.7890156507923907,-0.0580376526706154,0.0608695652173912,0.2660869565217391
LTP303,10,7,1,CLAMP,1,0.7877271760893632,0.7877271760893632,-0.1715510481054461,0.04,0.0747826086956521
LTP303,10,7,2,FLAG,1,0.7811139789064145,0.7811139789064145,-0.1537061163488146,0.0243478260869565,0.1043478260869564
LTP303,10,7,3,SURVEY,1,0.8276817164919724,0.8276817164919724,-0.0346206196151967,0.2191304347826087,0.3547826086956521
LTP303,10,7,4,DENTIST,1,0.8475880836999161,0.8475880836999161,-0.0642299021283241,0.4382608695652173,0.2452173913043478
LTP303,10,7,5,WAITRESS,1,0.84232615341331,0.84232615341331,0.0213341801165218,0.351304347826087,0.5930434782608696
LTP303,10,7,6,CATTLE,1,0.8865684040627594,0.8865684040627594,-0.098412027243544,0.9739130434782608,0.2226086956521739
LTP303,10,7,7,FARMER,1,0.8225284205205706,0.8225284205205706,0.1031623051052568,0.1860869565217391,0.8591304347826088
LTP303,10,7,8,WORLD,1,0.80813285428136,0.80813285428136,-0.0836976977315031,0.1078260869565217,0.2504347826086956
LTP303,10,7,9,ACTOR,1,0.7901856417506345,0.7901856417506345,0.101252603482,0.04,0.8226086956521739
LTP303,10,7,10,ROOSTER,1,0.8759383558843472,0.8759383558843472,0.1048367085402467,0.8382608695652174,0.8243478260869566
LTP303,10,7,11,RIVER,1,0.8796032898929036,0.8796032898929036,0.1607773478665247,0.8904347826086957,0.9113043478260868
LTP303,10,7,12,CORAL,1,0.8397966599755045,0.8397966599755045,0.0067235604958548,0.3547826086956521,0.5652173913043479
LTP303,10,7,13,TWEEZERS,1,0.8282161160992999,0.8282161160992999,-0.1433640871073368,0.2365217391304347,0.1269565217391304
LTP303,10,7,14,LOVER,1,0.7991248881391355,0.7991248881391355,0.1024208286748409,0.0956521739130434,0.7947826086956522
LTP303,10,7,15,GRAVE,1,0.779463141125699,0.779463141125699,-0.0826359013414578,0.0278260869565217,0.2765217391304347
LTP303,10,7,16,MARINE,1,0.8625887234272441,0.8625887234272441,0.0677129320888026,0.7252173913043478,0.7217391304347827
LTP303,10,7,17,BUREAU,1,0.8421995252640346,0.8421995252640346,0.0034021639615023,0.3965217391304347,0.5652173913043479
LTP303,10,7,18,DORM,1,0.7900291535429619,0.7900291535429619,0.1277914094522614,0.0452173913043478,0.8730434782608696
LTP303,10,7,19,COLONEL,0,0.8748457897953552,0.8748457897953552,0.0663038372854811,0.8243478260869566,0.7356521739130435
LTP303,10,7,20,SERVER,1,0.8254130934919552,0.8254130934919552,0.1616903096152775,0.217391304347826,0.8869565217391304
LTP303,10,7,21,ICING,0,0.8501886073619018,0.8501886073619018,-0.0399505361032677,0.5008695652173913,0.3947826086956522
LTP303,10,7,22,PASTRY,0,0.8663854410247285,0.8663854410247285,0.1249054923074244,0.6817391304347826,0.8243478260869566
LTP303,10,7,23,FRIEND,1,0.8335290821961924,0.8335290821961924,-0.0444744601896225,0.2904347826086957,0.3756521739130435
LTP303,10,7,24,ARM,1,0.8339277491758902,0.8339277491758902,0.1899407245706256,0.2973913043478261,0.9234782608695652
LTP303,10,8,1,RUST,1,0.8479756432566051,0.8479756432566051,-0.1197250217239683,0.4591304347826087,0.1095652173913043
LTP303,10,8,2,SUMMIT,1,0.8453122597110933,0.8453122597110933,0.054366331599098,0.4173913043478261,0.7060869565217391
LTP303,10,8,3,XEROX,1,0.8584594626143183,0.8584594626143183,0.0238184070081485,0.6139130434782609,0.6347826086956522
LTP303,10,8,4,CASHIER,1,0.8693962480415653,0.8693962480415653,0.0221098770561714,0.7634782608695652,0.6226086956521739
LTP303,10,8,5,ROBBER,1,0.8321085276608802,0.8321085276608802,0.0289338703319019,0.2643478260869565,0.6278260869565218
LTP303,10,8,6,CANYON,1,0.8407497296895211,0.8407497296895211,-0.0003604921633771,0.3634782608695652,0.5078260869565218
LTP303,10,8,7,TOURIST,1,0.8699167039665594,0.8699167039665594,0.1725790103380251,0.8104347826086956,0.96
LTP303,10,8,8,SCARECROW,1,0.8887831563287347,0.8887831563287347,0.069374126918766,0.96,0.7408695652173913
LTP303,10,8,9,CLIMBER,1,0.8270825513898745,0.8270825513898745,0.016587750861226,0.2539130434782608,0.5965217391304347
LTP303,10,8,10,AUTHOR,1,0.8537495874407239,0.8537495874407239,-0.0108411846647432,0.5721739130434782,0.4539130434782609
LTP303,10,8,11,QUARTER,1,0.8407914760302215,0.8407914760302215,0.0468505148096259,0.3843478260869565,0.6417391304347826
LTP303,10,8,12,FLASHLIGHT,0,0.8376237984763449,0.8376237984763449,0.0125198497651448,0.3234782608695652,0.528695652173913
LTP303,10,8,13,TRACTOR,1,0.8396428607507624,0.8396428607507624,0.0432552569032612,0.3686956521739131,0.6869565217391305
LTP303,10,8,14,MEAT,1,0.8487356513145361,0.8487356513145361,-0.0495648158055428,0.4956521739130435,0.3147826086956522
LTP303,10,8,15,BUTCHER,1,0.8370434540296213,0.8370434540296213,0.0208039822838826,0.3443478260869566,0.5739130434782609
LTP303,10,8,16,SHELF,1,0.8047491014574428,0.8047491014574428,-0.0825747404936672,0.12,0.2017391304347826
LTP303,10,8,17,HONEY,0,0.8385151541217468,0.8385151541217468,-0.0603221530613036,0.351304347826087,0.2956521739130434
LTP303,10,8,18,TART,0,0.8154372738232819,0.8154372738232819,-0.1330009900771604,0.1739130434782608,0.1043478260869564
LTP303,10,8,19,SALAD,1,0.8561088563086819,0.8561088563086819,-0.041265593428981,0.6382608695652174,0.3773913043478261
LTP303,10,8,20,SEAFOOD,0,0.8592983226948117,0.8592983226948117,-0.0599933286018636,0.6643478260869565,0.2956521739130434
LTP303,10,8,21,MONSTER,0,0.8469797866876118,0.8469797866876118,-0.0175108354683411,0.471304347826087,0.4452173913043478
LTP303,10,8,22,MESSAGE,0,0.8362797330723598,0.8362797330723598,-0.0798207113678397,0.3234782608695652,0.24
LTP303,10,8,23,JAPAN,0,0.8003756636187196,0.8003756636187196,0.1092004290758399,0.1095652173913043,0.8695652173913043
LTP303,10,8,24,EUROPE,0,0.7796383992253314,0.7796383992253314,0.0346750353177039,0.0278260869565217,0.6539130434782608
LTP303,10,9,1,STAKE,1,0.8124769230108275,0.8124769230108275,0.0210577437675038,0.1895652173913043,0.5669565217391304
LTP303,10,9,2,QUAIL,1,0.8487333226366189,0.8487333226366189,-0.1243392532641972,0.5426086956521738,0.128695652173913
LTP303,10,9,3,WASHER,1,0.846145212102374,0.846145212102374,0.025646850321002,0.4869565217391304,0.6034782608695652
LTP303,10,9,4,WARDROBE,1,0.8810631206089816,0.8810631206089816,-0.0516273610002004,0.9060869565217392,0.2660869565217391
LTP303,10,9,5,SMOG,1,0.8474032266227085,0.8474032266227085,-0.0254990113094821,0.5008695652173913,0.4017391304347826
LTP303,10,9,6,PEBBLE,1,0.8252932001882918,0.8252932001882918,0.052355121425934,0.2191304347826087,0.7217391304347827
LTP303,10,9,7,PIZZA,1,0.8250006514668055,0.8250006514668055,-0.0532862084686735,0.2278260869565217,0.3060869565217391
LTP303,10,9,8,PRIMATE,1,0.8389988044044117,0.8389988044044117,0.0251076362956435,0.337391304347826,0.5878260869565217
LTP303,10,9,9,BEEF,1,0.8032477694146165,0.8032477694146165,-0.0161179215987882,0.1234782608695652,0.4434782608695652
LTP303,10,9,10,ACTRESS,1,0.8807830703041993,0.8807830703041993,0.0840750897748652,0.8660869565217392,0.7739130434782608
LTP303,10,9,11,CRICKET,1,0.8689196043316615,0.8689196043316615,-0.0331348581089509,0.7460869565217392,0.3669565217391304
LTP303,10,9,12,BROOK,1,0.8521533201969067,0.8521533201969067,0.1808626417845708,0.4904347826086956,0.9460869565217392
LTP303,10,9,13,CANDY,0,0.8831424823071694,0.8831424823071694,-0.0591538924070046,0.9147826086956522,0.2713043478260869
LTP303,10,9,14,ROBOT,1,0.839259885623007,0.839259885623007,-0.0050611834991186,0.3443478260869566,0.4869565217391304
LTP303,10,9,15,OFFICE,1,0.850439784639038,0.850439784639038,-0.0744493960766781,0.4765217391304348,0.2295652173913043
LTP303,10,9,16,THRONE,0,0.8501561386962908,0.8501561386962908,-0.0439043174317254,0.4834782608695652,0.3391304347826087
LTP303,10,9,17,FUNGUS,1,0.8602829188812076,0.8602829188812076,-0.0709701893371357,0.5895652173913044,0.2017391304347826
LTP303,10,9,18,LETTUCE,1,0.886296533601377,0.886296533601377,0.1451271829507082,0.9147826086956522,0.8939130434782608
LTP303,10,9,19,SUITCASE,1,0.8466042027681825,0.8466042027681825,-0.0323657192751543,0.4295652173913044,0.3756521739130435
LTP303,10,9,20,HAMPER,1,0.8803857862294042,0.8803857862294042,-0.0057276151483399,0.8730434782608696,0.5008695652173913
LTP303,10,9,21,HAWK,1,0.7976832704424732,0.7976832704424732,-0.1612310654819089,0.0939130434782609,0.0504347826086956
LTP303,10,9,22,CLOUD,1,0.8398275086321836,0.8398275086321836,-0.1469288007001133,0.3443478260869566,0.0782608695652173
LTP303,10,9,23,MUMMY,0,0.8607474329460761,0.8607474329460761,0.057809188532056,0.5965217391304347,0.7043478260869565
LTP303,10,9,24,BLUEPRINT,0,0.9006730975260486,0.9006730975260486,-0.0404431030638646,0.9947826086956522,0.3634782608695652
LTP303,10,10,1,NIGHTGOWN,0,0.8399278823993217,0.8399278823993217,0.0940860870005821,0.4156521739130434,0.782608695652174
LTP303,10,10,2,DRAGON,0,0.8897615696611688,0.8897615696611688,0.1756501719005787,0.9721739130434782,0.9617391304347828
LTP303,10,10,3,DIME,1,0.8275282669182759,0.8275282669182759,-0.1535528335225257,0.2678260869565217,0.0591304347826087
LTP303,10,10,4,CONTRACT,0,0.7989170605833291,0.7989170605833291,-0.0979095922597291,0.1008695652173913,0.1495652173913043
LTP303,10,10,5,COMPASS,1,0.8722240127964279,0.8722240127964279,0.0253830337602502,0.8156521739130435,0.6243478260869566
LTP303,10,10,6,POPCORN,1,0.8374011969830878,0.8374011969830878,0.0697585886620389,0.3565217391304348,0.7669565217391304
LTP303,10,10,7,PARENT,0,0.800216172047969,0.800216172047969,0.0981434982849124,0.1060869565217391,0.8330434782608696
LTP303,10,10,8,DAUGHTER,0,0.8333213463844142,0.8333213463844142,0.1606833075822879,0.3339130434782609,0.942608695652174
LTP303,10,10,9,BODY,0,0.7468882058028539,0.7468882058028539,0.0149426222334223,0.0017391304347825,0.5791304347826087
LTP303,10,10,10,TORTOISE,0,0.8881881028586684,0.8881881028586684,0.0571955898049159,0.96,0.7495652173913043
LTP303,10,10,11,PATROL,0,0.8516597855050578,0.8516597855050578,-0.0742292988440713,0.5339130434782609,0.2278260869565217
LTP303,10,10,12,SANDWICH,0,0.8832074659398036,0.8832074659398036,-0.038061755568804,0.9339130434782608,0.3982608695652174
LTP303,10,10,13,MATTRESS,0,0.8674095777996749,0.8674095777996749,-0.0054776793002209,0.7634782608695652,0.4921739130434782
LTP303,10,10,14,MOTEL,0,0.8705591813805872,0.8705591813805872,3.0231411895829103e-05,0.817391304347826,0.5060869565217392
LTP303,10,10,15,KEEPER,0,0.8125765737119499,0.8125765737119499,-0.031677335713174,0.1895652173913043,0.4139130434782608
LTP303,10,10,16,MACHINE,0,0.8027562827120519,0.8027562827120519,-0.0040859391710099,0.3547826086956521,0.5182608695652173
LTP303,10,10,17,GUARD,0,0.845917994151604,0.845917994151604,-0.0638964521413083,0.6869565217391305,0.2973913043478261
LTP303,10,10,18,SNACK,0,0.8525895076177461,0.8525895076177461,-0.0328039884978222,0.6852173913043478,0.3930434782608696
LTP303,10,10,19,AGENT,0,0.8098490330871138,0.8098490330871138,0.1459864323360142,0.1443478260869565,0.9252173913043478
LTP303,10,10,20,PEPPER,0,0.8655283034887123,0.8655283034887123,0.3448106704471421,0.9008695652173913,0.9930434782608696
LTP303,10,10,21,PICNIC,1,0.8310886820574555,0.8310886820574555,0.1115198952404904,0.3913043478260869,0.8382608695652174
LTP303,10,10,22,PADDLE,0,0.877818761609853,0.877818761609853,0.2024886475343823,0.9408695652173912,0.9443478260869566
LTP303,10,10,23,YACHT,0,0.8740910913303377,0.8740910913303377,-0.0077923155181201,0.8452173913043478,0.5060869565217392
LTP303,10,10,24,SISTER,1,0.7977057068039436,0.7977057068039436,0.0828462559965218,0.1008695652173913,0.7965217391304348
LTP303,10,11,1,LION,0,0.8316442464455706,0.8316442464455706,0.0308670416310113,0.2747826086956522,0.5895652173913044
LTP303,10,11,2,PARSLEY,0,0.8634714788092497,0.8634714788092497,-0.0841806379511573,0.6608695652173913,0.2104347826086956
LTP303,10,11,3,SILK,0,0.877111166097399,0.877111166097399,0.0202702913201761,0.8521739130434782,0.5634782608695652
LTP303,10,11,4,SWIMMER,0,0.802957339861379,0.802957339861379,0.0400685373507889,0.1078260869565217,0.6034782608695652
LTP303,10,11,5,DENIM,1,0.8628096094355612,0.8628096094355612,0.0534326475201919,0.6521739130434783,0.7008695652173913
LTP303,10,11,6,BLOUSE,0,0.8721392077579933,0.8721392077579933,0.0088334572706921,0.7791304347826087,0.5321739130434783
LTP303,10,11,7,GLOVE,0,0.8902638912707354,0.8902638912707354,0.0941210940385087,0.9652173913043478,0.8191304347826087
LTP303,10,11,8,PUDDING,0,0.8710888586853828,0.8710888586853828,-0.0494388054756683,0.7860869565217391,0.328695652173913
LTP303,10,11,9,JUGGLER,0,0.8475810872433781,0.8475810872433781,0.0187370797943235,0.4521739130434783,0.5582608695652174
LTP303,10,11,10,SIDEWALK,1,0.8705783101713748,0.8705783101713748,-0.0544969958940284,0.7373913043478261,0.3339130434782609
LTP303,10,11,11,HUMAN,1,0.8281358616931558,0.8281358616931558,0.1606228479114408,0.2382608695652174,0.9217391304347826
LTP303,10,11,12,ZEBRA,1,0.8710686376378765,0.8710686376378765,0.1195883248998972,0.7460869565217392,0.8486956521739131
LTP303,10,11,13,LIVER,1,0.8249563162115753,0.8249563162115753,0.1404807744993583,0.2121739130434782,0.8904347826086957
LTP303,10,11,14,DUSTPAN,1,0.868263348239329,0.868263348239329,-0.1111915507580982,0.7095652173913043,0.1999999999999999
LTP303,10,11,15,KETCHUP,1,0.8759333382492176,0.8759333382492176,-0.1087456948708074,0.8278260869565217,0.1565217391304347
LTP303,10,11,16,MARSH,0,0.87662202708277,0.87662202708277,0.1258100178319585,0.817391304347826,0.8573913043478261
LTP303,10,11,17,SHRUB,0,0.8518855146325509,0.8518855146325509,-0.0875091037838764,0.4904347826086956,0.2121739130434782
LTP303,10,11,18,HATCHET,0,0.8574527808563618,0.8574527808563618,0.0703788480255449,0.5913043478260869,0.7791304347826087
LTP303,10,11,19,HEART,0,0.8762820328962564,0.8762820328962564,0.1066939988250459,0.8278260869565217,0.84
LTP303,10,11,20,DONOR,1,0.8314999316725111,0.8314999316725111,0.037288365176423,0.2643478260869565,0.6382608695652174
LTP303,10,11,21,BARLEY,0,0.8617355452682016,0.8617355452682016,-0.2182206636026524,0.6208695652173912,0.0243478260869565
LTP303,10,11,22,HIGHWAY,0,0.7915806147962765,0.7915806147962765,-0.023962681779323,0.0469565217391304,0.4139130434782608
LTP303,10,11,23,PLAID,1,0.7943596448255871,0.7943596448255871,-0.1716867749273554,0.0678260869565217,0.1060869565217391
LTP303,10,11,24,TABLE,1,0.8355435199197052,0.8355435199197052,-0.1134817265990523,0.3165217391304348,0.2486956521739131
LTP303,10,12,1,PECAN,1,0.8285802958411776,0.8285802958411776,0.1555748896863756,0.2486956521739131,0.8991304347826087
LTP303,10,12,2,PEACH,1,0.8461949915721071,0.8461949915721071,0.1594217116886209,0.4313043478260869,0.9130434782608696
LTP303,10,12,3,DANCER,1,0.8860069983044067,0.8860069983044067,0.0687807795424799,0.9530434782608695,0.751304347826087
LTP303,10,12,4,CIGAR,1,0.8670543045454759,0.8670543045454759,0.1422819137510957,0.7356521739130435,0.9113043478260868
LTP303,10,12,5,BANK,1,0.872542351004579,0.872542351004579,0.1396393499443544,0.7843478260869565,0.8852173913043478
LTP303,10,12,6,COOK,1,0.8227632664736104,0.8227632664736104,0.0467822039138878,0.1947826086956522,0.7060869565217391
LTP303,10,12,7,BABY,1,0.8308676776682188,0.8308676776682188,0.0495615083362803,0.2626086956521739,0.711304347826087
LTP303,10,12,8,TREAT,0,0.7397526769103214,0.7397526769103214,0.0417547756913786,0.0,0.7008695652173913
LTP303,10,12,9,TUBA,1,0.8562675882378132,0.8562675882378132,0.077856941807364,0.56,0.7773913043478261
LTP303,10,12,10,FILM,1,0.8620930792577526,0.8620930792577526,0.0125655970223562,0.6469565217391304,0.5895652173913044
LTP303,10,12,11,BEAST,1,0.8075059288969151,0.8075059288969151,0.079967925619834,0.1130434782608695,0.7965217391304348
LTP303,10,12,12,UMPIRE,1,0.8558915365872946,0.8558915365872946,-0.003752051840378,0.5669565217391304,0.5339130434782609
LTP303,10,12,13,AIRPORT,1,0.8408763793092819,0.8408763793092819,0.0047731558508375,0.3582608695652174,0.5791304347826087
LTP303,10,12,14,CHILD,1,0.8530261722444742,0.8530261722444742,0.2040061366150868,0.511304347826087,0.954782608695652
LTP303,10,12,15,BEAVER,1,0.8472400297979783,0.8472400297979783,0.0153060750243713,0.4365217391304348,0.5756521739130435
LTP303,10,12,16,DUST,1,0.8548209493790035,0.8548209493790035,0.1531084696957626,0.5478260869565217,0.9217391304347826
LTP303,10,12,17,SHORTCAKE,1,0.8497270931068189,0.8497270931068189,-0.140778549849656,0.5026086956521739,0.1269565217391304
LTP303,10,12,18,FRUIT,1,0.8491121740286954,0.8491121740286954,0.2127074468987497,0.4591304347826087,0.9756521739130436
LTP303,10,12,19,SWITCH,1,0.7682118288918806,0.7682118288918806,-0.1611412638931217,0.0121739130434782,0.1026086956521739
LTP303,10,12,20,LAMP,1,0.8370323813441674,0.8370323813441674,0.0349340327151157,0.3199999999999999,0.6591304347826087
LTP303,10,12,21,FRANCE,1,0.8583725567484936,0.8583725567484936,0.1152474673320557,0.5913043478260869,0.8608695652173913
LTP303,10,12,22,FEMALE,1,0.7993863541098317,0.7993863541098317,0.0066614533883232,0.0904347826086956,0.5669565217391304
LTP303,10,12,23,MARKER,1,0.8524299904481785,0.8524299904481785,-0.2646908991268276,0.5269565217391304,0.0017391304347825
LTP303,10,12,24,CRIB,1,0.846028355597576,0.846028355597576,0.108951736362196,0.4104347826086957,0.8643478260869565
LTP303,10,13,1,LIZARD,1,0.8562778182394108,0.8562778182394108,-0.0057121865838234,0.7495652173913043,0.4504347826086956
LTP303,10,13,2,SNAKE,1,0.8875674011733802,0.8875674011733802,-0.0262775694051926,0.9460869565217392,0.4104347826086957
LTP303,10,13,3,CRITIC,1,0.8150814059181056,0.8150814059181056,-0.0101071688155234,0.1478260869565217,0.4469565217391305
LTP303,10,13,4,MAMMAL,1,0.7987094355643762,0.7987094355643762,-0.0464231353451974,0.1008695652173913,0.3408695652173913
LTP303,10,13,5,SLOPE,0,0.8559927172072989,0.8559927172072989,-0.0427398709015099,0.5634782608695652,0.3582608695652174
LTP303,10,13,6,TWIG,1,0.8475011195219534,0.8475011195219534,-0.0014531983391155,0.4591304347826087,0.5217391304347826
LTP303,10,13,7,TUNNEL,1,0.8771964094863789,0.8771964094863789,-0.122959736670684,0.8678260869565217,0.1391304347826086
LTP303,10,13,8,EYELASH,1,0.8523923694964429,0.8523923694964429,0.011570191018395,0.4956521739130435,0.5739130434782609
LTP303,10,13,9,CUPBOARD,1,0.8738369842842577,0.8738369842842577,-0.1665298515862751,0.8104347826086956,0.0556521739130434
LTP303,10,13,10,PISTON,1,0.851255631923884,0.851255631923884,-0.0841494497766793,0.7043478260869565,0.3026086956521739
LTP303,10,13,11,JUDGE,1,0.8001355570697084,0.8001355570697084,0.0067038378157828,0.2208695652173913,0.5130434782608695
LTP303,10,13,12,PREACHER,1,0.8409575668842265,0.8409575668842265,0.0563279527069891,0.5026086956521739,0.6434782608695653
LTP303,10,13,13,SCARF,1,0.8553006681444876,0.8553006681444876,0.0078061570413701,0.56,0.5391304347826087
LTP303,10,13,14,VALVE,1,0.8571125801523138,0.8571125801523138,-0.1355813586920193,0.6104347826086957,0.1808695652173912
LTP303,10,13,15,PERFUME,1,0.8652549254778517,0.8652549254778517,-0.1224170762319755,0.7495652173913043,0.208695652173913
LTP303,10,13,16,INMATE,1,0.8585005767243986,0.8585005767243986,0.2139116239076575,0.6260869565217391,0.9408695652173912
LTP303,10,13,17,BEAKER,1,0.8508582256834412,0.8508582256834412,-0.025220342793081,0.4852173913043478,0.4539130434782609
LTP303,10,13,18,SERVANT,1,0.7860132612322619,0.7860132612322619,-0.1266621245267634,0.0347826086956521,0.1930434782608695
LTP303,10,13,19,IDOL,1,0.7954308208810964,0.7954308208810964,0.1232470859188733,0.0678260869565217,0.8347826086956522
LTP303,10,13,20,WITNESS,0,0.8114897383418739,0.8114897383418739,-0.0383955908384227,0.1321739130434782,0.4208695652173913
LTP303,10,13,21,SCALLOP,1,0.8597845610737217,0.8597845610737217,0.0763246416190583,0.6208695652173912,0.7373913043478261
LTP303,10,13,22,COD,1,0.7913261955389786,0.7913261955389786,-0.0841159840617643,0.0556521739130434,0.2504347826086956
LTP303,10,13,23,LIPSTICK,1,0.8694577762854175,0.8694577762854175,0.039776297415296,0.7721739130434783,0.662608695652174
LTP303,10,13,24,WAITER,0,0.8382649211290434,0.8382649211290434,-0.108091262603065,0.3547826086956521,0.2295652173913043
LTP303,10,14,1,BARREL,1,0.8147506962592662,0.8147506962592662,-0.0851844809577766,0.2156521739130434,0.1930434782608695
LTP303,10,14,2,CASHEW,1,0.8868539825891237,0.8868539825891237,0.1263881211037691,0.9686956521739132,0.8695652173913043
LTP303,10,14,3,UNCLE,1,0.7889044844981685,0.7889044844981685,0.0051465775912221,0.1008695652173913,0.5008695652173913
LTP303,10,14,4,CITRUS,1,0.8451479983769217,0.8451479983769217,0.07909829958205,0.8782608695652174,0.7426086956521739
LTP303,10,14,5,PEANUT,1,0.8659223001762782,0.8659223001762782,0.1968097620226757,0.9791304347826086,0.9495652173913044
LTP303,10,14,6,PRINCE,1,0.8297039624696139,0.8297039624696139,0.2613451615602853,0.3460869565217391,0.9808695652173912
LTP303,10,14,7,CHAMPAGNE,1,0.8494575649257969,0.8494575649257969,0.1267442750792465,0.5391304347826087,0.8991304347826087
LTP303,10,14,8,STAMP,1,0.7860930216827178,0.7860930216827178,-0.0237012050811188,0.1130434782608695,0.4260869565217391
LTP303,10,14,9,VIRUS,0,0.7912872734701962,0.7912872734701962,0.0565752487108454,0.2052173913043478,0.7339130434782608
LTP303,10,14,10,LADDER,0,0.7631981363925494,0.7631981363925494,-0.1378168824531592,0.1043478260869564,0.0817391304347826
LTP303,10,14,11,GLOBE,0,0.7949353058014281,0.7949353058014281,-0.0395598030237124,0.2991304347826087,0.3739130434782608
LTP303,10,14,12,ATLAS,0,0.7260075694529643,0.7260075694529643,-0.1005589864803065,0.0017391304347825,0.1565217391304347
LTP303,10,14,13,CHEMIST,0,0.8781468594573029,0.8781468594573029,0.1498507745344064,0.9686956521739132,0.96
LTP303,10,14,14,NECKLACE,1,0.8834804036470488,0.8834804036470488,0.0250024812644273,0.9791304347826086,0.6330434782608696
LTP303,10,14,15,STUDENT,0,0.8290602201414704,0.8290602201414704,0.0424364695930144,0.288695652173913,0.702608695652174
LTP303,10,14,16,HOUND,0,0.8758983188156491,0.8758983188156491,-0.0103391986953879,0.9147826086956522,0.4608695652173913
LTP303,10,14,17,COCKTAIL,1,0.8469512434844451,0.8469512434844451,-0.020343106288559,0.5565217391304348,0.4295652173913044
LTP303,10,14,18,ONION,1,0.809104686937412,0.809104686937412,-0.0133894716919829,0.1582608695652173,0.4521739130434783
LTP303,10,14,19,MUFFIN,1,0.8521436455750648,0.8521436455750648,-0.0083186418311806,0.5878260869565217,0.4817391304347825
LTP303,10,14,20,KITCHEN,1,0.8743493128444472,0.8743493128444472,0.0410373266040142,0.8573913043478261,0.7095652173913043
LTP303,10,14,21,PRINCESS,1,0.8742319695102005,0.8742319695102005,-0.0177791152007845,0.8660869565217392,0.4504347826086956
LTP303,10,14,22,CROWN,1,0.8782040057402182,0.8782040057402182,0.1795125770631515,0.9008695652173913,0.9739130434782608
LTP303,10,14,23,ATOM,1,0.7749901893883546,0.7749901893883546,-0.0108201833269075,0.0243478260869565,0.4939130434782608
LTP303,10,14,24,ORANGE,1,0.8412563466143566,0.8412563466143566,0.0167555897289988,0.4034782608695652,0.5739130434782609
LTP303,10,15,1,POCKET,0,0.8519707812901604,0.8519707812901604,-0.0584476710560864,0.4973913043478261,0.3391304347826087
LTP303,10,15,2,BISON,0,0.8641344952492205,0.8641344952492205,0.0046580458090898,0.6365217391304347,0.5130434782608695
LTP303,10,15,3,TERMITE,0,0.8800789430837697,0.8800789430837697,0.0053191238408402,0.8330434782608696,0.5008695652173913
LTP303,10,15,4,PUPPY,0,0.8880749376138979,0.8880749376138979,0.0820763393191939,0.9217391304347826,0.8017391304347826
LTP303,10,15,5,AWARD,0,0.8324930120825178,0.8324930120825178,-0.0785599332122817,0.2904347826086957,0.2347826086956521
LTP303,10,15,6,HIKER,0,0.8712922140736097,0.8712922140736097,0.0253805471756434,0.7356521739130435,0.5652173913043479
LTP303,10,15,7,COTTAGE,0,0.8701220101874056,0.8701220101874056,-0.0537827205055031,0.7234782608695652,0.3026086956521739
LTP303,10,15,8,HUSBAND,0,0.8415597680066793,0.8415597680066793,-0.0005895996911161,0.3547826086956521,0.4904347826086956
LTP303,10,15,9,YOLK,1,0.8711902116454225,0.8711902116454225,0.0256507214898461,0.7495652173913043,0.6
LTP303,10,15,10,SPOON,1,0.8717510850894694,0.8717510850894694,0.1577166658167177,0.7495652173913043,0.9443478260869566
LTP303,10,15,11,FLIPPER,0,0.8325170185865521,0.8325170185865521,-0.1220676201585293,0.2869565217391304,0.1391304347826086
LTP303,10,15,12,BURGLAR,0,0.8814551789564478,0.8814551789564478,0.0345470651607323,0.8486956521739131,0.6034782608695652
LTP303,10,15,13,SUSPECT,1,0.8780364205782772,0.8780364205782772,0.1618105856219133,0.8347826086956522,0.888695652173913
LTP303,10,15,14,SUNSET,1,0.849403135505071,0.849403135505071,0.0301198418499433,0.4695652173913043,0.6034782608695652
LTP303,10,15,15,PLATE,1,0.7819298916577082,0.7819298916577082,-0.0744897964390797,0.0434782608695651,0.2434782608695652
LTP303,10,15,16,CUSTARD,1,0.8679011408425904,0.8679011408425904,-0.0585732170831313,0.688695652173913,0.2834782608695652
LTP303,10,15,17,JELLO,1,0.8617494719190234,0.8617494719190234,0.017291494479025,0.6,0.5443478260869565
LTP303,10,15,18,SPONGE,1,0.8718731841632432,0.8718731841632432,0.0975802157143398,0.7391304347826086,0.7860869565217391
LTP303,10,15,19,COOKBOOK,1,0.8515223205835047,0.8515223205835047,-0.0071057314505083,0.4852173913043478,0.4643478260869565
LTP303,10,15,20,PASTA,1,0.8695889919869878,0.8695889919869878,0.1861661903609787,0.7095652173913043,0.9443478260869566
LTP303,10,15,21,SAUSAGE,1,0.8301177989927708,0.8301177989927708,0.0516308377508284,0.2539130434782608,0.6539130434782608
LTP303,10,15,22,PORTRAIT,0,0.8726152528289699,0.8726152528289699,-0.0549245397079747,0.76,0.3130434782608695
LTP303,10,15,23,SKILLET,0,0.8952533892132066,0.8952533892132066,0.1164515014616039,0.9617391304347828,0.8504347826086956
LTP303,10,15,24,SADDLE,0,0.8642665534924128,0.8642665534924128,0.0363110559788079,0.6226086956521739,0.6382608695652174
LTP303,10,16,1,CONCERT,1,0.8064875680067175,0.8064875680067175,-0.031584212703076,0.1252173913043478,0.4069565217391304
LTP303,10,16,2,LILY,1,0.80870416623723,0.80870416623723,0.0164168048928534,0.1356521739130435,0.5634782608695652
LTP303,10,16,3,JUNGLE,1,0.8787876487280775,0.8787876487280775,0.0272073796127432,0.8608695652173913,0.6156521739130435
LTP303,10,16,4,CHIPMUNK,1,0.8783611311284376,0.8783611311284376,-0.0451204234160612,0.8695652173913043,0.3182608695652174
LTP303,10,16,5,SUBWAY,1,0.8851261025581612,0.8851261025581612,0.1108658358312616,0.9356521739130436,0.8556521739130435
LTP303,10,16,6,TROMBONE,1,0.8722891719016803,0.8722891719016803,-0.1218635916974664,0.8034782608695652,0.1043478260869564
LTP303,10,16,7,HERO,1,0.857537086439475,0.857537086439475,-0.0587610444936554,0.5739130434782609,0.3339130434782609
LTP303,10,16,8,PARROT,1,0.8416846501729673,0.8416846501729673,-0.1104064911333659,0.3739130434782608,0.1339130434782608
LTP303,10,16,9,SPOUSE,0,0.8795537877822613,0.8795537877822613,0.0683995163513489,0.8973913043478261,0.8017391304347826
LTP303,10,16,10,OYSTER,1,0.8619994867099456,0.8619994867099456,0.0502586557154687,0.6347826086956522,0.7356521739130435
LTP303,10,16,11,CLAM,1,0.7862764110940016,0.7862764110940016,-0.0202800237656951,0.0330434782608696,0.4834782608695652
LTP303,10,16,12,SALT,1,0.8528364176291684,0.8528364176291684,0.1332333210587038,0.5147826086956522,0.888695652173913
LTP303,10,16,13,CAPTIVE,1,0.82110721857159,0.82110721857159,-0.216018459846096,0.1843478260869565,0.0139130434782608
LTP303,10,16,14,BIKE,1,0.8626316920052836,0.8626316920052836,-0.1548063909875162,0.6382608695652174,0.048695652173913
LTP303,10,16,15,MARS,1,0.8306383341721099,0.8306383341721099,-0.0402624516363228,0.2521739130434782,0.3947826086956522
LTP303,10,16,16,FREEZER,1,0.8192309183158057,0.8192309183158057,-0.003008702258603,0.1652173913043478,0.528695652173913
LTP303,10,16,17,SODA,1,0.8016056198282255,0.8016056198282255,0.1227103707847139,0.0852173913043478,0.8713043478260869
LTP303,10,16,18,FLOWER,1,0.8808613276384168,0.8808613276384168,0.0323265290280207,0.9217391304347826,0.6660869565217391
LTP303,10,16,19,DRUG,1,0.8617152606502699,0.8617152606502699,0.0121657722746486,0.6608695652173913,0.5808695652173913
LTP303,10,16,20,PUPIL,1,0.8344931553703739,0.8344931553703739,-0.1108708478621509,0.3060869565217391,0.1791304347826087
LTP303,10,16,21,SALMON,1,0.8579291087323245,0.8579291087323245,0.2220759951111714,0.577391304347826,0.977391304347826
LTP303,10,16,22,DIVER,1,0.7903433266384065,0.7903433266384065,0.0463170387157199,0.0434782608695651,0.7252173913043478
LTP303,10,16,23,DONKEY,0,0.8859518672501915,0.8859518672501915,-0.0551855906958875,0.954782608695652,0.3356521739130435
LTP303,10,16,24,GARLIC,0,0.8584539253106332,0.8584539253106332,0.0072960472296137,0.5860869565217391,0.5826086956521739
LTP303,10,17,1,POET,0,0.8044303825656017,0.8044303825656017,-0.0148808633531639,0.1495652173913043,0.4313043478260869
LTP303,10,17,2,TURNIP,0,0.8742121668501075,0.8742121668501075,-0.1116501775293895,0.9443478260869566,0.1826086956521738
LTP303,10,17,3,VAGRANT,0,0.8313945462980029,0.8313945462980029,-0.0568478724701169,0.3078260869565217,0.2869565217391304
LTP303,10,17,4,MAILBOX,1,0.8644042514490107,0.8644042514490107,0.0791947403864989,0.8121739130434783,0.7617391304347826
LTP303,10,17,5,SCALPEL,1,0.8842669017855391,0.8842669017855391,0.174616768315859,0.9791304347826086,0.937391304347826
LTP303,10,17,6,EXPERT,1,0.8248742460477603,0.8248742460477603,0.0222410382037917,0.2486956521739131,0.5965217391304347
LTP303,10,17,7,HELMET,1,0.8620091021946223,0.8620091021946223,0.1924143233727475,0.72,0.954782608695652
LTP303,10,17,8,PEDAL,1,0.8621864108412788,0.8621864108412788,0.1549058317266085,0.7426086956521739,0.9078260869565218
LTP303,10,17,9,NAPKIN,0,0.8293357390432472,0.8293357390432472,0.0070140751277143,0.2730434782608696,0.5443478260869565
LTP303,10,17,10,GIFT,1,0.8429704931895765,0.8429704931895765,0.0181953116292851,0.3947826086956522,0.5947826086956522
LTP303,10,17,11,SHELTER,0,0.8381572117570322,0.8381572117570322,0.0916519869337044,0.3547826086956521,0.8434782608695652
LTP303,10,17,12,FLUTE,0,0.82007755416906,0.82007755416906,-0.0280799379661851,0.2069565217391304,0.3895652173913043
LTP303,10,17,13,ASIA,0,0.785617268016882,0.785617268016882,-0.0638213722306641,0.0330434782608696,0.2973913043478261
LTP303,10,17,14,POLICE,1,0.8299322699212528,0.8299322699212528,0.043976311188819,0.2678260869565217,0.711304347826087
LTP303,10,17,15,SLIME,1,0.8761831152232363,0.8761831152232363,-0.0188836846634629,0.8782608695652174,0.4626086956521739
LTP303,10,17,16,BOX,1,0.7658631211492994,0.7658631211492994,0.0908570213277978,0.0034782608695652,0.8191304347826087
LTP303,10,17,17,BOYFRIEND,1,0.8624115960863774,0.8624115960863774,-0.0971205366632378,0.662608695652174,0.2069565217391304
LTP303,10,17,18,GIRL,1,0.8689070133747593,0.8689070133747593,0.0209549071394414,0.7965217391304348,0.6052173913043478
LTP303,10,17,19,BADGE,1,0.8367813851743748,0.8367813851743748,-0.0477065487224907,0.2973913043478261,0.3756521739130435
LTP303,10,17,20,HEDGE,0,0.8496015630771775,0.8496015630771775,0.0606923542760484,0.48,0.7373913043478261
LTP303,10,17,21,CHAPEL,1,0.8401005021335473,0.8401005021335473,0.0895810470113334,0.3199999999999999,0.84
LTP303,10,17,22,TOASTER,0,0.8383976789162172,0.8383976789162172,-0.0182713672196094,0.3199999999999999,0.4556521739130434
LTP303,10,17,23,APRON,1,0.8736818728719661,0.8736818728719661,-0.0321175409030927,0.84,0.4121739130434783
LTP303,10,17,24,CAFE,1,0.8183186530824316,0.8183186530824316,0.1280063590004239,0.1791304347826087,0.8730434782608696
LTP303,10,18,1,BANJO,0,0.8790510296178253,0.8790510296178253,0.0633391768441525,0.8747826086956522,0.7478260869565218
LTP303,10,18,2,BRANDY,0,0.8712990042061589,0.8712990042061589,0.0165317921227859,0.7652173913043478,0.5617391304347826
LTP303,10,18,3,GRIZZLY,0,0.8480077336112372,0.8480077336112372,-0.1550531104004234,0.4399999999999999,0.0452173913043478
LTP303,10,18,4,SPACE,0,0.7804057672568345,0.7804057672568345,0.0657822242196211,0.0226086956521739,0.7652173913043478
LTP303,10,18,5,VIKING,1,0.8088026045154513,0.8088026045154513,-0.0494049104489771,0.1234782608695652,0.337391304347826
LTP303,10,18,6,BATHTUB,1,0.8394453105042889,0.8394453105042889,-0.1188537942273436,0.3704347826086956,0.1843478260869565
LTP303,10,18,7,STREAM,1,0.8835712940965662,0.8835712940965662,0.0849164624247154,0.92,0.7773913043478261
LTP303,10,18,8,GYMNAST,0,0.8666781845367717,0.8666781845367717,-0.003636914962655,0.7147826086956521,0.5165217391304349
LTP303,10,18,9,PATIENT,1,0.8455499454136648,0.8455499454136648,-0.0243955729025765,0.4382608695652173,0.4295652173913044
LTP303,10,18,10,BASEMENT,0,0.8659113540000942,0.8659113540000942,0.0765805530599501,0.6834782608695652,0.7078260869565217
LTP303,10,18,11,LACE,1,0.8168457593813664,0.8168457593813664,0.0088655656807135,0.1669565217391304,0.5721739130434782
LTP303,10,18,12,DRESS,1,0.8655274183760777,0.8655274183760777,-0.0485092981158311,0.702608695652174,0.3791304347826086
LTP303,10,18,13,MARKET,0,0.8544000611821647,0.8544000611821647,-0.0054410164620383,0.5495652173913044,0.4869565217391304
LTP303,10,18,14,CONVICT,1,0.8162688904602032,0.8162688904602032,-0.0634905342542104,0.1739130434782608,0.3304347826086956
LTP303,10,18,15,GOBLIN,1,0.856303194287365,0.856303194287365,0.0113465252626165,0.5739130434782609,0.5565217391304348
LTP303,10,18,16,MUSTARD,0,0.764121251764224,0.764121251764224,-0.1023462717580827,0.0069565217391304,0.217391304347826
LTP303,10,18,17,NEUTRON,0,0.8894225838800253,0.8894225838800253,0.0177458255178591,0.9478260869565216,0.5895652173913044
LTP303,10,18,18,APPLE,1,0.8417844937869229,0.8417844937869229,-0.0104434567426676,0.3878260869565217,0.4852173913043478
LTP303,10,18,19,STAR,0,0.8514897027126325,0.8514897027126325,0.2488641696111289,0.5217391304347826,0.9704347826086956
LTP303,10,18,20,ULCER,1,0.8455897798024564,0.8455897798024564,0.0042310670585608,0.4539130434782609,0.5460869565217391
LTP303,10,18,21,PROTON,0,0.8352359661220872,0.8352359661220872,0.1672500392532136,0.3304347826086956,0.8765217391304347
LTP303,10,18,22,COIN,0,0.8404934493315589,0.8404934493315589,0.0576988851710059,0.3860869565217391,0.711304347826087
LTP303,10,18,23,CROSS,0,0.8778899252147829,0.8778899252147829,0.1747082772520723,0.8469565217391304,0.8939130434782608
LTP303,10,18,24,GRAVEL,0,0.7584683790342481,0.7584683790342481,-0.0300640821779124,0.0034782608695652,0.457391304347826
LTP303,10,19,1,BULLET,1,0.8382073615992417,0.8382073615992417,0.0446439277572161,0.662608695652174,0.6678260869565218
LTP303,10,19,2,PERCH,1,0.8784137011870216,0.8784137011870216,0.0277310092802013,0.8921739130434783,0.6069565217391304
LTP303,10,19,3,BUGGY,1,0.8804487442825454,0.8804487442825454,0.1376222848927155,0.8782608695652174,0.9008695652173913
LTP303,10,19,4,BOARD,1,0.7805956105014993,0.7805956105014993,-0.0109570930950154,0.0295652173913043,0.457391304347826
LTP303,10,19,5,BUCKET,1,0.8711040519151539,0.8711040519151539,0.1184593193468689,0.728695652173913,0.8278260869565217
LTP303,10,19,6,MOP,1,0.7893400642023712,0.7893400642023712,-0.085038613789863,0.0521739130434782,0.2713043478260869
LTP303,10,19,7,DAISY,0,0.8492313213110184,0.8492313213110184,-0.0801976293083666,0.4834782608695652,0.2921739130434783
LTP303,10,19,8,SEAL,0,0.7747321647860644,0.7747321647860644,-0.0993214940204724,0.017391304347826,0.1913043478260869
LTP303,10,19,9,MILK,1,0.8047141635097765,0.8047141635097765,-0.0212546803101757,0.1617391304347826,0.4504347826086956
LTP303,10,19,10,ORCHID,1,0.8418430533596586,0.8418430533596586,-0.0340163217293147,0.4973913043478261,0.4156521739130434
LTP303,10,19,11,IGLOO,1,0.836057168359326,0.836057168359326,-0.01882069507665,0.3773913043478261,0.5060869565217392
LTP303,10,19,12,ICEBERG,1,0.8922498161236803,0.8922498161236803,0.1246915199059581,0.96,0.8939130434782608
LTP303,10,19,13,CYCLONE,1,0.8823654294737984,0.8823654294737984,0.0746561389277833,0.8713043478260869,0.7252173913043478
LTP303,10,19,14,NOMAD,1,0.8031605472419701,0.8031605472419701,-0.1755635377208178,0.1252173913043478,0.0956521739130434
LTP303,10,19,15,TRIBE,1,0.8683622314283953,0.8683622314283953,0.0536698011842992,0.6921739130434783,0.6695652173913044
LTP303,10,19,16,SNAIL,0,0.8803317408256299,0.8803317408256299,0.1397730224176231,0.831304347826087,0.8139130434782609
LTP303,10,19,17,SUPPER,1,0.7840546007560646,0.7840546007560646,-0.1638955594782904,0.048695652173913,0.12
LTP303,10,19,18,MAILMAN,1,0.884776037841723,0.884776037841723,0.0539253525182451,0.8852173913043478,0.6817391304347826
LTP303,10,19,19,LIGHTNING,1,0.8729998753817136,0.8729998753817136,-0.0882913996505939,0.7426086956521739,0.3495652173913043
LTP303,10,19,20,HOOK,1,0.8956912902360741,0.8956912902360741,0.1976219935075613,0.9704347826086956,0.942608695652174
LTP303,10,19,21,SCISSORS,1,0.8119086443545309,0.8119086443545309,-0.2367621175407513,0.1460869565217391,0.0191304347826086
LTP303,10,19,22,BACKBONE,1,0.8900629839315025,0.8900629839315025,0.0469518330175477,0.9391304347826088,0.671304347826087
LTP303,10,19,23,PARTNER,1,0.851900021163592,0.851900021163592,0.1143247390202792,0.4939130434782608,0.76
LTP303,10,19,24,TURTLE,1,0.8995645832323504,0.8995645832323504,0.1888636527810896,0.9739130434782608,0.8556521739130435
LTP303,10,20,1,OZONE,1,0.8452653945596541,0.8452653945596541,-0.0300671971566718,0.4295652173913044,0.4886956521739131
LTP303,10,20,2,COFFEE,1,0.865984944335678,0.865984944335678,-0.0268458302696358,0.6904347826086956,0.4626086956521739
LTP303,10,20,3,DRINK,1,0.8089193745944312,0.8089193745944312,-0.1211864744803698,0.1530434782608696,0.1965217391304348
LTP303,10,20,4,BRICK,1,0.8949930087834899,0.8949930087834899,0.1265859668295948,0.9669565217391304,0.808695652173913
LTP303,10,20,5,HOOD,1,0.879062401970289,0.879062401970289,0.1847496953883124,0.817391304347826,0.8921739130434783
LTP303,10,20,6,ROBIN,1,0.8215303374535865,0.8215303374535865,-0.0768903596963042,0.2121739130434782,0.3026086956521739
LTP303,10,20,7,PLAYGROUND,1,0.86079896830606,0.86079896830606,-0.0041802579007607,0.6034782608695652,0.5043478260869565
LTP303,10,20,8,SLIDE,1,0.853023660300955,0.853023660300955,-0.152490444811288,0.52,0.1234782608695652
LTP303,10,20,9,COUNTRY,1,0.8347013059863228,0.8347013059863228,-0.0069091694883632,0.3026086956521739,0.5426086956521738
LTP303,10,20,10,CHURCH,1,0.7944558005440748,0.7944558005440748,-0.0990642759022675,0.0904347826086956,0.2573913043478261
LTP303,10,20,11,WOMAN,1,0.8577619160396919,0.8577619160396919,0.2450444309441997,0.5547826086956522,0.9565217391304348
LTP303,10,20,12,PIGMENT,0,0.8728435599924077,0.8728435599924077,-0.051851937487722,0.7791304347826087,0.3895652173913043
LTP303,10,20,13,RADISH,0,0.8683492626498137,0.8683492626498137,0.0601161749891074,0.7304347826086957,0.7060869565217391
LTP303,10,20,14,PIGEON,1,0.9010728914992197,0.9010728914992197,0.1911938313567358,0.982608695652174,0.88
LTP303,10,20,15,SEAGULL,1,0.8847156669063412,0.8847156669063412,0.0102556643616206,0.8782608695652174,0.5443478260869565
LTP303,10,20,16,ROD,1,0.810756778645111,0.810756778645111,-0.1073134290846188,0.2539130434782608,0.1478260869565217
LTP303,10,20,17,GARDEN,1,0.8074867759531631,0.8074867759531631,-0.116881638251206,0.2504347826086956,0.1739130434782608
LTP303,10,20,18,SPOOL,1,0.8281342845113964,0.8281342845113964,-0.1507241618803241,0.4834782608695652,0.0730434782608695
LTP303,10,20,19,CARROT,1,0.8360326813950832,0.8360326813950832,-0.0350103352292988,0.4382608695652173,0.3704347826086956
LTP303,10,20,20,TRUCK,1,0.8353290999517741,0.8353290999517741,0.0335383784369318,0.4191304347826087,0.6260869565217391
LTP303,10,20,21,ANKLE,1,0.8399358651293336,0.8399358651293336,0.083436850592772,0.76,0.7634782608695652
LTP303,10,20,22,CABIN,0,0.8360720448059371,0.8360720448059371,0.0845039322198437,0.4313043478260869,0.8121739130434783
LTP303,10,20,23,WHISKERS,0,0.8515001269020734,0.8515001269020734,-0.0518732377044128,0.7165217391304348,0.3165217391304348
LTP303,10,20,24,WIFE,0,0.7818454793191781,0.7818454793191781,0.0098908069001395,0.0556521739130434,0.5443478260869565
LTP303,10,21,1,CANAL,1,0.8788471013941965,0.8788471013941965,0.2897627239927158,0.8069565217391305,0.9791304347826086
LTP303,10,21,2,WASP,1,0.8219246054512073,0.8219246054512073,-0.0931433942428587,0.1999999999999999,0.2660869565217391
LTP303,10,21,3,QUEEN,1,0.8689489846167371,0.8689489846167371,0.2123612849037119,0.7373913043478261,0.9565217391304348
LTP303,10,21,4,PALACE,1,0.8604610284039078,0.8604610284039078,0.0411995774882682,0.5947826086956522,0.6504347826086956
LTP303,10,21,5,HANDBAG,0,0.8740624266001991,0.8740624266001991,0.0778207915497045,0.7565217391304347,0.7095652173913043
LTP303,10,21,6,ROCKET,1,0.8898683659150162,0.8898683659150162,-0.0266431056451097,0.9669565217391304,0.3965217391304347
LTP303,10,21,7,LAVA,1,0.775959252164882,0.775959252164882,-0.1295614338869929,0.0573913043478261,0.1165217391304347
LTP303,10,21,8,HORNET,0,0.8701513767286989,0.8701513767286989,0.0333908695870971,0.751304347826087,0.6104347826086957
LTP303,10,21,9,ELBOW,0,0.8554389379615406,0.8554389379615406,0.0312178933064797,0.5339130434782609,0.5965217391304347
LTP303,10,21,10,GARBAGE,0,0.8788630693684073,0.8788630693684073,-0.0364747364016535,0.8539130434782609,0.3617391304347825
LTP303,10,21,11,TEMPLE,0,0.8862762489509892,0.8862762489509892,0.2096104143028239,0.8869565217391304,0.9078260869565218
LTP303,10,21,12,STONE,0,0.8377170099488301,0.8377170099488301,-0.1108122090003459,0.3060869565217391,0.1617391304347826
LTP303,10,21,13,COMET,0,0.8358408534917431,0.8358408534917431,-0.0465916040221879,0.2834782608695652,0.3495652173913043
LTP303,10,21,14,FRAGRANCE,0,0.8776527602921962,0.8776527602921962,0.0940356294575097,0.7947826086956522,0.782608695652174
LTP303,10,21,15,EMPIRE,1,0.8362169401990919,0.8362169401990919,0.0185563159242677,0.2973913043478261,0.5391304347826087
LTP303,10,21,16,DOLPHIN,0,0.8431868546919546,0.8431868546919546,-0.0950467820309275,0.3686956521739131,0.1565217391304347
LTP303,10,21,17,TAXI,0,0.8541886028667262,0.8541886028667262,-0.081228367896795,0.5095652173913043,0.1947826086956522
LTP303,10,21,18,NURSE,1,0.8722340256360327,0.8722340256360327,-0.0589111138431955,0.7443478260869565,0.3408695652173913
LTP303,10,21,19,OINTMENT,1,0.8493406423752576,0.8493406423752576,0.0424367708742563,0.4591304347826087,0.6365217391304347
LTP303,10,21,20,HOSTESS,1,0.8290289762517088,0.8290289762517088,-0.0290197911792656,0.2365217391304347,0.4121739130434783
LTP303,10,21,21,RAZOR,1,0.8448054864140098,0.8448054864140098,-0.0913529817141417,0.4,0.2295652173913043
LTP303,10,21,22,CREVICE,1,0.8830212965368012,0.8830212965368012,0.118437683984999,0.8521739130434782,0.7773913043478261
LTP303,10,21,23,CRATER,1,0.8760530916000161,0.8760530916000161,0.115514339769261,0.7930434782608695,0.7947826086956522
LTP303,10,21,24,FIREMAN,0,0.8874182072357772,0.8874182072357772,0.0955506671530527,0.9043478260869564,0.7269565217391305
LTP303,10,22,1,BACON,1,0.7945345425319048,0.7945345425319048,-0.1108085063755805,0.0782608695652173,0.1756521739130434
LTP303,10,22,2,BANQUET,1,0.8856932167242145,0.8856932167242145,0.0746962804301638,0.9130434782608696,0.7756521739130435
LTP303,10,22,3,CREATURE,1,0.8515532074259231,0.8515532074259231,-0.0281282286023388,0.4626086956521739,0.4156521739130434
LTP303,10,22,4,FOOT,1,0.7872474855875367,0.7872474855875367,-0.0155509610124148,0.048695652173913,0.4469565217391305
LTP303,10,22,5,FRIAR,1,0.8499269287783178,0.8499269287783178,0.0131029100840493,0.4365217391304348,0.5495652173913044
LTP303,10,22,6,OUTFIT,1,0.8749078439464575,0.8749078439464575,0.2072347054068194,0.7530434782608696,0.9495652173913044
LTP303,10,22,7,COUNTY,1,0.845552627194426,0.845552627194426,0.1195766345867987,0.3965217391304347,0.8243478260869566
LTP303,10,22,8,FINGER,1,0.8934231307133774,0.8934231307133774,0.0611018089891401,0.9565217391304348,0.7008695652173913
LTP303,10,22,9,TOMBSTONE,1,0.8845740168559774,0.8845740168559774,0.0183215272853705,0.8782608695652174,0.5739130434782609
LTP303,10,22,10,BLADE,1,0.8803201887846437,0.8803201887846437,-0.1476253431125856,0.8539130434782609,0.0469565217391304
LTP303,10,22,11,PACKAGE,1,0.8537116439724508,0.8537116439724508,0.0146219475720679,0.4956521739130435,0.56
LTP303,10,22,12,WRENCH,1,0.8423920059440053,0.8423920059440053,0.0246950304790467,0.3547826086956521,0.6052173913043478
LTP303,10,22,13,PLIERS,1,0.8622268667222802,0.8622268667222802,-0.1962632395054925,0.6156521739130435,0.0226086956521739
LTP303,10,22,14,TEACHER,1,0.8426827239122487,0.8426827239122487,-0.060325263256496,0.36,0.2817391304347826
LTP303,10,22,15,COLLEGE,1,0.8767553721658762,0.8767553721658762,0.0260424680108745,0.8156521739130435,0.6139130434782609
LTP303,10,22,16,CRAB,1,0.8721031194279538,0.8721031194279538,-0.0166910913762087,0.7217391304347827,0.4382608695652173
LTP303,10,22,17,LEOPARD,1,0.8655123881292084,0.8655123881292084,0.001337382303002,0.6347826086956522,0.5008695652173913
LTP303,10,22,18,RAFT,1,0.8745223002391831,0.8745223002391831,0.2209927352038415,0.7443478260869565,0.9669565217391304
LTP303,10,22,19,DOUGHNUT,1,0.8905053784602899,0.8905053784602899,0.0628539938420165,0.9339130434782608,0.7217391304347827
LTP303,10,22,20,VELVET,1,0.8742943892976573,0.8742943892976573,0.1198749945693205,0.7478260869565218,0.8347826086956522
LTP303,10,22,21,STOVE,0,0.8526615833682059,0.8526615833682059,0.0414887734826654,0.4747826086956521,0.6452173913043479
LTP303,10,22,22,SWORD,1,0.7889361994292293,0.7889361994292293,-0.2030538180523094,0.0504347826086956,0.0330434782608696
LTP303,10,22,23,WAGON,1,0.8528348217213557,0.8528348217213557,0.0120868458914427,0.4765217391304348,0.5547826086956522
LTP303,10,22,24,POSTAGE,1,0.8679637842681207,0.8679637842681207,0.0651744890027236,0.6904347826086956,0.7617391304347826
LTP303,10,23,1,FIDDLE,1,0.8987375777029437,0.8987375777029437,-0.0273873645756233,0.9965217391304348,0.351304347826087
LTP303,10,23,2,STATUE,1,0.8144877780263535,0.8144877780263535,0.0797474896545159,0.1443478260869565,0.7721739130434783
LTP303,10,23,3,SHOULDER,1,0.8719335053456375,0.8719335053456375,-0.0043163107254116,0.7426086956521739,0.4834782608695652
LTP303,10,23,4,MAPLE,1,0.7831883584282422,0.7831883584282422,-0.1405182634227909,0.0330434782608696,0.0573913043478261
LTP303,10,23,5,LUMBER,1,0.8852848483518921,0.8852848483518921,0.0814736127847989,0.9113043478260868,0.8069565217391305
LTP303,10,23,6,LUNCH,1,0.8200002375714316,0.8200002375714316,0.1639105521713214,0.1669565217391304,0.954782608695652
LTP303,10,23,7,LEADER,1,0.833762592179264,0.833762592179264,0.1619656002099793,0.2486956521739131,0.9304347826086956
LTP303,10,23,8,MONEY,0,0.8281899651820355,0.8281899651820355,0.0690167842575688,0.2052173913043478,0.751304347826087
LTP303,10,23,9,FRECKLE,1,0.866438106590829,0.866438106590829,0.0058853640706478,0.6608695652173913,0.5043478260869565
LTP303,10,23,10,RABBIT,1,0.8210058499712676,0.8210058499712676,-0.0897060218657042,0.1704347826086956,0.1513043478260869
LTP303,10,23,11,PORK,1,0.8611436956917801,0.8611436956917801,0.0198568767945301,0.6139130434782609,0.568695652173913
LTP303,10,23,12,CAMEL,0,0.8777504565560426,0.8777504565560426,-0.1528565514682744,0.8539130434782609,0.0939130434782609
LTP303,10,23,13,COWBOY,0,0.8585306473364944,0.8585306473364944,0.0856848438722805,0.5739130434782609,0.7895652173913044
LTP303,10,23,14,FOREHEAD,0,0.8293277396697172,0.8293277396697172,0.1340089466234215,0.2156521739130434,0.92
LTP303,10,23,15,KIDNEY,0,0.8574717555405732,0.8574717555405732,0.0772540426937887,0.5443478260869565,0.7530434782608696
LTP303,10,23,16,PLUTO,0,0.8565903188969196,0.8565903188969196,-0.1800375793503474,0.5478260869565217,0.0713043478260869
LTP303,10,23,17,VENUS,0,0.8194766878863835,0.8194766878863835,-0.0780001595648902,0.168695652173913,0.2434782608695652
LTP303,10,23,18,ISLAND,0,0.7649674183553439,0.7649674183553439,-0.0518355535437903,0.0086956521739129,0.3043478260869565
LTP303,10,23,19,LAKE,0,0.8529161443054107,0.8529161443054107,0.067473884581975,0.4782608695652174,0.711304347826087
LTP303,10,23,20,JEANS,0,0.8607248409278566,0.8607248409278566,-0.1122623773553064,0.6139130434782609,0.1669565217391304
LTP303,10,23,21,STALLION,1,0.8610909680551743,0.8610909680551743,0.0225053503982006,0.5947826086956522,0.568695652173913
LTP303,10,23,22,PANTHER,1,0.8584598581711828,0.8584598581711828,0.1038144710243605,0.5721739130434782,0.8104347826086956
LTP303,10,23,23,SPIDER,1,0.8651479978108053,0.8651479978108053,-0.0718442181464667,0.6643478260869565,0.2591304347826086
LTP303,10,23,24,THREAD,1,0.8518511968421376,0.8518511968421376,0.1313884448864818,0.4678260869565217,0.8817391304347826
LTP303,10,24,1,SCRIBBLE,1,0.8334306694168706,0.8334306694168706,0.1353405537988285,0.2747826086956522,0.8678260869565217
LTP303,10,24,2,SUNRISE,0,0.8872712218883444,0.8872712218883444,-0.1185686200626845,0.9721739130434782,0.2295652173913043
LTP303,10,24,3,MATCH,1,0.8522934781680327,0.8522934781680327,0.0748865124387424,0.5060869565217392,0.6834782608695652
LTP303,10,24,4,STICKER,0,0.8574968447733825,0.8574968447733825,0.0384012965183533,0.5930434782608696,0.5669565217391304
LTP303,10,24,5,OUTDOORS,1,0.8122712831266274,0.8122712831266274,-0.17958880977413,0.1252173913043478,0.097391304347826
LTP303,10,24,6,BUNNY,1,0.8525076121889046,0.8525076121889046,0.0270458630314736,0.511304347826087,0.5582608695652174
LTP303,10,24,7,TROUT,1,0.8092842647303056,0.8092842647303056,0.1705248620365915,0.1269565217391304,0.9339130434782608
LTP303,10,24,8,FOX,1,0.803585962977505,0.803585962977505,0.1102603025678444,0.1008695652173913,0.8539130434782609
LTP303,10,24,9,CHEST,1,0.8234301426281884,0.8234301426281884,0.1154360712825622,0.1895652173913043,0.8139130434782609
LTP303,10,24,10,REBEL,1,0.8387273155572285,0.8387273155572285,0.0323637160714453,0.3043478260869565,0.6295652173913043
LTP303,10,24,11,NOTEBOOK,0,0.7954008467407362,0.7954008467407362,0.0718345671859383,0.0782608695652173,0.6799999999999999
LTP303,10,24,12,ARMY,0,0.846946090910161,0.846946090910161,-0.2971374705732637,0.4539130434782609,0.0104347826086956
LTP303,10,24,13,FLEET,1,0.8444232411992447,0.8444232411992447,0.1519793656915239,0.4121739130434783,0.9008695652173913
LTP303,10,24,14,LABEL,0,0.845392386781675,0.845392386781675,-0.1243438972656151,0.4365217391304348,0.208695652173913
LTP303,10,24,15,COURSE,0,0.8317247194572664,0.8317247194572664,0.0105253650913639,0.2504347826086956,0.5321739130434783
LTP303,10,24,16,KNAPSACK,0,0.8441594129579716,0.8441594129579716,-0.05368423057615,0.3860869565217391,0.337391304347826
LTP303,10,24,17,COUSIN,0,0.8679131420917343,0.8679131420917343,0.015958598482262,0.7739130434782608,0.5130434782608695
LTP303,10,24,18,CARRIAGE,0,0.8454735296894488,0.8454735296894488,-0.1317088327920285,0.4347826086956522,0.1808695652173912
LTP303,10,24,19,SHARK,0,0.7948983961510132,0.7948983961510132,0.0742909650904534,0.0660869565217391,0.7565217391304347
LTP303,10,24,20,GHETTO,0,0.8651890466062112,0.8651890466062112,-0.178396641871402,0.7582608695652174,0.1269565217391304
LTP303,10,24,21,OX,0,0.7871695308956582,0.7871695308956582,-0.0673341937249281,0.0452173913043478,0.3026086956521739
LTP303,10,24,22,CEILING,0,0.8478359301405196,0.8478359301405196,0.1222102520140158,0.4469565217391305,0.88
LTP303,10,24,23,PLASTER,0,0.8030079578233704,0.8030079578233704,0.0086066469517595,0.1008695652173913,0.5217391304347826
LTP303,10,24,24,WIDOW,0,0.8412592653101537,0.8412592653101537,-0.0138436968837252,0.3704347826086956,0.4539130434782609
LTP293,22,1,1,CATTLE,1,0.8769002012539829,0.8769002012539829,-0.1082143625983337,0.9304347826086956,0.1617391304347826
LTP293,22,1,2,LIGHTNING,1,0.8652148647136497,0.8652148647136497,-0.096754484979999,0.76,0.1773913043478261
LTP293,22,1,3,GYMNAST,1,0.8612837902127651,0.8612837902127651,-0.038845267585138,0.6695652173913044,0.3460869565217391
LTP293,22,1,4,JEANS,1,0.8616787833483585,0.8616787833483585,-0.0031310551548231,0.6765217391304348,0.5060869565217392
LTP293,22,1,5,OX,1,0.7871116215590929,0.7871116215590929,-0.059044426168377,0.0521739130434782,0.3060869565217391
LTP293,22,1,6,TABLET,1,0.8594248250166627,0.8594248250166627,-0.0418696335685262,0.6452173913043479,0.351304347826087
LTP293,22,1,7,DRESSER,1,0.8511118787463918,0.8511118787463918,0.1001819327355469,0.5234782608695652,0.8660869565217392
LTP293,22,1,8,FRANCE,1,0.8378694169604136,0.8378694169604136,-0.1203356973519533,0.3739130434782608,0.1478260869565217
LTP293,22,1,9,DONOR,0,0.8216399666496096,0.8216399666496096,-0.0542313895192774,0.2139130434782609,0.3095652173913044
LTP293,22,1,10,CHEST,1,0.8190625877577475,0.8190625877577475,0.0584733275723254,0.1704347826086956,0.7739130434782608
LTP293,22,1,11,ANTLER,0,0.8709257583335371,0.8709257583335371,0.1847001146217052,0.7930434782608695,0.9739130434782608
LTP293,22,1,12,ELBOW,1,0.8627557224271648,0.8627557224271648,0.1729853724610912,0.6678260869565218,0.9669565217391304
LTP293,22,1,13,ROBOT,0,0.8322172051580445,0.8322172051580445,-0.1231362309488524,0.2834782608695652,0.0939130434782609
LTP293,22,1,14,SHOULDER,0,0.8663610445811477,0.8663610445811477,-0.023631320084636,0.7304347826086957,0.4226086956521739
LTP293,22,1,15,BEAST,1,0.8053125318731834,0.8053125318731834,0.0559045494597713,0.12,0.6782608695652175
LTP293,22,1,16,CHIPMUNK,0,0.8681156338305703,0.8681156338305703,-0.1104069069078181,0.8208695652173913,0.2052173913043478
LTP293,22,1,17,BACON,0,0.8057192353550929,0.8057192353550929,0.116698938077068,0.1095652173913043,0.84
LTP293,22,1,18,MILDEW,1,0.8838833555838,0.8838833555838,0.0719333637867725,0.9686956521739132,0.7565217391304347
LTP293,22,1,19,CABBAGE,1,0.8321719030675748,0.8321719030675748,-0.0850579201171664,0.2869565217391304,0.2643478260869565
LTP293,22,1,20,GRIZZLY,1,0.8434078984001196,0.8434078984001196,-0.114741596874947,0.4330434782608695,0.1999999999999999
LTP293,22,1,21,HAND,1,0.8075616165118651,0.8075616165118651,-0.104190494517871,0.1339130434782608,0.2121739130434782
LTP293,22,1,22,LASER,0,0.7815638397152904,0.7815638397152904,0.0663634594806479,0.0295652173913043,0.6973913043478261
LTP293,22,1,23,RIFLE,0,0.8488271746258058,0.8488271746258058,-0.0463353012050786,0.5078260869565218,0.3547826086956521
LTP293,22,1,24,SERVER,0,0.8146390239554349,0.8146390239554349,-0.0067887427766868,0.1460869565217391,0.5043478260869565
LTP293,22,2,1,RECORD,0,0.8485581898409956,0.8485581898409956,-0.0319986841602563,0.4643478260869565,0.3721739130434782
LTP293,22,2,2,COBRA,1,0.7886716136786401,0.7886716136786401,-0.206961764197334,0.0678260869565217,0.0191304347826086
LTP293,22,2,3,OUTDOORS,1,0.825597828350839,0.825597828350839,0.0685253643639425,0.217391304347826,0.7669565217391304
LTP293,22,2,4,LETTUCE,1,0.8815611315222522,0.8815611315222522,0.0492043031756274,0.8782608695652174,0.7147826086956521
LTP293,22,2,5,SALAD,1,0.8704948686591192,0.8704948686591192,0.181903249134246,0.7704347826086957,0.9565217391304348
LTP293,22,2,6,LAGOON,1,0.8315956158420909,0.8315956158420909,0.0229401296838107,0.3547826086956521,0.6104347826086957
LTP293,22,2,7,FRIAR,0,0.8444526937403875,0.8444526937403875,-0.0296159884282722,0.4330434782608695,0.4017391304347826
LTP293,22,2,8,TURKEY,1,0.870977288577634,0.870977288577634,-0.094768030897697,0.7582608695652174,0.1930434782608695
LTP293,22,2,9,PORTRAIT,1,0.8761940982025,0.8761940982025,-0.047571617590981,0.8139130434782609,0.3304347826086956
LTP293,22,2,10,SNAIL,1,0.8684911585616693,0.8684911585616693,-0.1195889493139823,0.728695652173913,0.1547826086956522
LTP293,22,2,11,FLEET,0,0.8354875091836053,0.8354875091836053,-0.0128885966777413,0.288695652173913,0.4434782608695652
LTP293,22,2,12,TROMBONE,0,0.8757773073015637,0.8757773073015637,-0.0554069915971887,0.808695652173913,0.2939130434782608
LTP293,22,2,13,SHOVEL,0,0.8918842722358065,0.8918842722358065,-0.050966342774001,0.9530434782608695,0.2991304347826087
LTP293,22,2,14,SERVANT,0,0.7909524698377102,0.7909524698377102,-0.1552928878895651,0.0556521739130434,0.0417391304347826
LTP293,22,2,15,SCRIBBLE,1,0.8338514220078418,0.8338514220078418,0.1302880069843341,0.2643478260869565,0.8991304347826087
LTP293,22,2,16,GARDEN,1,0.8441798829819703,0.8441798829819703,-0.0538999959612531,0.3930434782608696,0.3217391304347826
LTP293,22,2,17,SKETCH,0,0.8606734206532449,0.8606734206532449,-0.0034123015917831,0.5878260869565217,0.4921739130434782
LTP293,22,2,18,ORCHID,1,0.8573745751785876,0.8573745751785876,0.0057491301794589,0.5582608695652174,0.5234782608695652
LTP293,22,2,19,FLIPPER,0,0.8501197315206506,0.8501197315206506,0.1866620926608441,0.4834782608695652,0.9460869565217392
LTP293,22,2,20,DAUGHTER,0,0.824229650433967,0.824229650433967,-0.0368944553407978,0.2017391304347826,0.3617391304347825
LTP293,22,2,21,PIMPLE,0,0.870569394172925,0.870569394172925,0.1163519825001548,0.7530434782608696,0.88
LTP293,22,2,22,FRECKLE,0,0.8771756930569954,0.8771756930569954,0.2339437175805907,0.8260869565217391,0.9808695652173912
LTP293,22,2,23,PEDAL,0,0.85272532362474,0.85272532362474,-0.0246630851823772,0.52,0.4156521739130434
LTP293,22,2,24,PICTURE,1,0.8202028882206225,0.8202028882206225,-0.0493557826702088,0.1860869565217391,0.3339130434782609
LTP293,22,3,1,PEPPER,1,0.8438889394934235,0.8438889394934235,0.0210650665650425,0.3982608695652174,0.5704347826086957
LTP293,22,3,2,TURNIP,1,0.8971714750967542,0.8971714750967542,0.1138166909101027,0.9895652173913044,0.8139130434782609
LTP293,22,3,3,STICKER,1,0.8463158584696223,0.8463158584696223,-0.1422258079145833,0.4399999999999999,0.1008695652173913
LTP293,22,3,4,DOLPHIN,1,0.8588538884539797,0.8588538884539797,0.2520355034770777,0.6660869565217391,0.991304347826087
LTP293,22,3,5,DANDRUFF,0,0.8972542531470478,0.8972542531470478,0.1983811228125733,0.9930434782608696,0.9460869565217392
LTP293,22,3,6,VALVE,0,0.8649428136685223,0.8649428136685223,-0.07349630111389,0.6834782608695652,0.2643478260869565
LTP293,22,3,7,BURGLAR,1,0.8777377032061998,0.8777377032061998,-0.0162712778177592,0.8504347826086956,0.4260869565217391
LTP293,22,3,8,MAMMAL,1,0.80544891806095,0.80544891806095,0.0432481742011608,0.12,0.6278260869565218
LTP293,22,3,9,STALLION,0,0.8612823739311731,0.8612823739311731,0.0844842788587351,0.6434782608695653,0.7217391304347827
LTP293,22,3,10,QUEEN,1,0.8537624684080976,0.8537624684080976,-0.1136473303451356,0.5252173913043479,0.1913043478260869
LTP293,22,3,11,IGLOO,1,0.8401907924767291,0.8401907924767291,0.0377554392705016,0.3530434782608695,0.6208695652173912
LTP293,22,3,12,STATUE,1,0.808958339253574,0.808958339253574,0.0170110805918914,0.1234782608695652,0.5721739130434782
LTP293,22,3,13,IDOL,1,0.7890999632496885,0.7890999632496885,0.0291492292152688,0.0434782608695651,0.6017391304347826
LTP293,22,3,14,PLASTER,0,0.801582370902095,0.801582370902095,-0.0198437258845791,0.1060869565217391,0.4295652173913044
LTP293,22,3,15,SUNSET,0,0.8413532374044455,0.8413532374044455,-0.0959623406378576,0.3739130434782608,0.24
LTP293,22,3,16,VIRUS,1,0.8221916819698478,0.8221916819698478,0.1275594475929859,0.1843478260869565,0.8278260869565217
LTP293,22,3,17,PRINCESS,1,0.8817646137262258,0.8817646137262258,0.063762828405048,0.9078260869565218,0.702608695652174
LTP293,22,3,18,SPHINX,1,0.8667074122605681,0.8667074122605681,0.12279132793165,0.702608695652174,0.8695652173913043
LTP293,22,3,19,MARROW,0,0.8718008829326345,0.8718008829326345,-0.0920210970889152,0.7878260869565217,0.2278260869565217
LTP293,22,3,20,KIDNEY,0,0.8564393105357742,0.8564393105357742,0.0778103979136894,0.5617391304347826,0.7495652173913043
LTP293,22,3,21,JUNGLE,1,0.8768250461511355,0.8768250461511355,-0.0076388757435769,0.8434782608695652,0.4626086956521739
LTP293,22,3,22,PRIMATE,1,0.8492102507866098,0.8492102507866098,0.2030215810446277,0.4626086956521739,0.942608695652174
LTP293,22,3,23,CONVICT,1,0.8271806023317082,0.8271806023317082,0.0734226072614246,0.2191304347826087,0.7339130434782608
LTP293,22,3,24,CRUTCH,1,0.8882333865875066,0.8882333865875066,0.0116991452406439,0.9617391304347828,0.56
LTP293,22,4,1,ROCKET,1,0.8939875190930202,0.8939875190930202,0.0043113561856416,0.9669565217391304,0.5130434782608695
LTP293,22,4,2,LOFT,1,0.885350746917396,0.885350746917396,-0.056317842123017,0.902608695652174,0.2713043478260869
LTP293,22,4,3,HARP,1,0.870517772959514,0.870517772959514,0.0651983891182969,0.7530434782608696,0.7547826086956522
LTP293,22,4,4,CAPTIVE,1,0.8346594802721936,0.8346594802721936,0.0184461613662112,0.2869565217391304,0.568695652173913
LTP293,22,4,5,MARS,0,0.8301001365551737,0.8301001365551737,-0.0641793634780588,0.2469565217391304,0.2504347826086956
LTP293,22,4,6,ROBBER,0,0.8394400788968289,0.8394400788968289,0.1236211845780923,0.3339130434782609,0.8695652173913043
LTP293,22,4,7,COTTAGE,0,0.8744235606743763,0.8744235606743763,0.0100200482924276,0.7965217391304348,0.5391304347826087
LTP293,22,4,8,DORM,1,0.782165921883828,0.782165921883828,-0.0019540957591221,0.04,0.4904347826086956
LTP293,22,4,9,HOOD,0,0.8693084679227504,0.8693084679227504,-0.0558210042028711,0.7147826086956521,0.2643478260869565
LTP293,22,4,10,HELMET,0,0.8496520286228927,0.8496520286228927,-0.03748480253306,0.448695652173913,0.3321739130434782
LTP293,22,4,11,CHEMIST,0,0.8794717294614887,0.8794717294614887,0.0128253611814706,0.8486956521739131,0.5391304347826087
LTP293,22,4,12,BEAKER,0,0.8589825964441933,0.8589825964441933,0.0996906943618334,0.5878260869565217,0.8382608695652174
LTP293,22,4,13,PEACH,0,0.8394259470359272,0.8394259470359272,0.0279294616896222,0.3321739130434782,0.5930434782608696
LTP293,22,4,14,LEG,1,0.8338056758032214,0.8338056758032214,-0.0857626562519738,0.2539130434782608,0.1565217391304347
LTP293,22,4,15,GRILL,0,0.8686750636595051,0.8686750636595051,-0.0142705654833549,0.7165217391304348,0.4313043478260869
LTP293,22,4,16,BRANCH,0,0.8475558424710724,0.8475558424710724,0.0273566280436297,0.4104347826086957,0.6434782608695653
LTP293,22,4,17,TOASTER,0,0.839301008955781,0.839301008955781,-0.0608670426992421,0.3182608695652174,0.2765217391304347
LTP293,22,4,18,DIME,0,0.8372183067962216,0.8372183067962216,-0.0730645997671372,0.2956521739130434,0.2330434782608695
LTP293,22,4,19,MASK,0,0.7927561106786032,0.7927561106786032,-0.0960953450473523,0.0817391304347826,0.1443478260869565
LTP293,22,4,20,POPCORN,0,0.834541739148363,0.834541739148363,-0.0313497925971659,0.28,0.3773913043478261
LTP293,22,4,21,BINDER,1,0.8544946500802718,0.8544946500802718,0.0492007619129511,0.5078260869565218,0.6573913043478261
LTP293,22,4,22,ORANGE,1,0.8408848598189113,0.8408848598189113,-0.0887318371227369,0.3391304347826087,0.1965217391304348
LTP293,22,4,23,TOMBSTONE,0,0.883460086509589,0.883460086509589,0.0254022630471021,0.8973913043478261,0.56
LTP293,22,4,24,PADDING,1,0.8742279030467797,0.8742279030467797,0.139779173408138,0.8034782608695652,0.9130434782608696
LTP293,22,5,1,ACTOR,1,0.7868228009988119,0.7868228009988119,0.0048714200411828,0.0417391304347826,0.5147826086956522
LTP293,22,5,2,WHISKERS,0,0.8648309527438383,0.8648309527438383,-0.1821997991532759,0.6591304347826087,0.0382608695652173
LTP293,22,5,3,PENGUIN,0,0.8901962555653944,0.8901962555653944,-0.1333930129957896,0.9652173913043478,0.0904347826086956
LTP293,22,5,4,COMET,0,0.8405192970321755,0.8405192970321755,0.0711225637626652,0.3269565217391305,0.7565217391304347
LTP293,22,5,5,HERO,0,0.8685606783982286,0.8685606783982286,0.1238039828258504,0.7095652173913043,0.8991304347826087
LTP293,22,5,6,MISSILE,1,0.8353303799463817,0.8353303799463817,-0.1863963004327968,0.2730434782608696,0.0278260869565217
LTP293,22,5,7,ROOSTER,0,0.8699352041366578,0.8699352041366578,-0.0195807929236845,0.7269565217391305,0.4226086956521739
LTP293,22,5,8,TWEEZERS,1,0.835556699493269,0.835556699493269,-0.0853151800379847,0.2713043478260869,0.2208695652173913
LTP293,22,5,9,LEADER,0,0.836067290458508,0.836067290458508,0.199440550778521,0.2782608695652173,0.9565217391304348
LTP293,22,5,10,BRICK,0,0.8884330736093322,0.8884330736093322,-0.0757378123945645,0.9321739130434784,0.2573913043478261
LTP293,22,5,11,BULLET,1,0.8559567933560901,0.8559567933560901,-0.0993404181179289,0.551304347826087,0.2156521739130434
LTP293,22,5,12,COUCH,1,0.8403798450769566,0.8403798450769566,-0.0042044014126792,0.3147826086956522,0.5043478260869565
LTP293,22,5,13,TABLE,0,0.8368234346339761,0.8368234346339761,-0.1437020276843753,0.2939130434782608,0.097391304347826
LTP293,22,5,14,CLOTHES,0,0.8762729426159439,0.8762729426159439,0.1444292977763275,0.7965217391304348,0.8939130434782608
LTP293,22,5,15,PASTRY,0,0.8613582711581546,0.8613582711581546,-0.0281785459307745,0.6173913043478261,0.3913043478260869
LTP293,22,5,16,SHELTER,1,0.8344531233712272,0.8344531233712272,-0.0208294010263468,0.2626086956521739,0.4226086956521739
LTP293,22,5,17,BABY,0,0.8337048354194735,0.8337048354194735,0.0747241222920234,0.2469565217391304,0.7634782608695652
LTP293,22,5,18,FOREHEAD,1,0.8247362598358023,0.8247362598358023,0.0169205789187275,0.2069565217391304,0.5617391304347826
LTP293,22,5,19,SODA,0,0.7869428409121979,0.7869428409121979,-0.1681006696906358,0.0452173913043478,0.0678260869565217
LTP293,22,5,20,BARLEY,0,0.8770603378112348,0.8770603378112348,0.0831898731753678,0.8208695652173913,0.7860869565217391
LTP293,22,5,21,WORKER,1,0.8586940500506618,0.8586940500506618,0.1341192135419048,0.5860869565217391,0.8713043478260869
LTP293,22,5,22,BADGE,0,0.8420407410791432,0.8420407410791432,-0.0129035072414432,0.3565217391304348,0.457391304347826
LTP293,22,5,23,GUARD,0,0.8772245298730235,0.8772245298730235,0.1371604638386021,0.8191304347826087,0.8817391304347826
LTP293,22,5,24,CHAUFFEUR,1,0.8395880839441185,0.8395880839441185,-0.0760467808782152,0.3408695652173913,0.2608695652173913
LTP293,22,6,1,KITCHEN,1,0.8806007785448456,0.8806007785448456,0.0151294237559036,0.8521739130434782,0.5669565217391304
LTP293,22,6,2,NOMAD,0,0.8199901228726911,0.8199901228726911,0.1464413451569838,0.1965217391304348,0.8521739130434782
LTP293,22,6,3,YACHT,1,0.8823444025567949,0.8823444025567949,0.1052436170172452,0.8765217391304347,0.7982608695652174
LTP293,22,6,4,MARINE,1,0.8653527858218426,0.8653527858218426,0.0877454378363925,0.6643478260869565,0.751304347826087
LTP293,22,6,5,CLAM,1,0.7801605709343541,0.7801605709343541,-0.1463035674417372,0.0330434782608696,0.1026086956521739
LTP293,22,6,6,PREACHER,0,0.8462593837851097,0.8462593837851097,-0.0662163548346638,0.4191304347826087,0.2208695652173913
LTP293,22,6,7,TEMPLE,0,0.8815142471452215,0.8815142471452215,0.0619002660818516,0.8417391304347825,0.6695652173913044
LTP293,22,6,8,COLONEL,1,0.8836969768782368,0.8836969768782368,0.2582383291947038,0.8817391304347826,0.9895652173913044
LTP293,22,6,9,SPIDER,0,0.8580003719565334,0.8580003719565334,-0.2247937953218608,0.568695652173913,0.0556521739130434
LTP293,22,6,10,ICEBERG,1,0.8877482790355519,0.8877482790355519,-0.0426907763280661,0.928695652173913,0.3269565217391305
LTP293,22,6,11,CELLAR,1,0.8661720316799304,0.8661720316799304,-0.039260557061266,0.6521739130434783,0.4104347826086957
LTP293,22,6,12,QUARTER,0,0.8495207002686668,0.8495207002686668,0.1628881854699451,0.4399999999999999,0.8852173913043478
LTP293,22,6,13,TRACTOR,1,0.8371157073030296,0.8371157073030296,-0.1305143559757759,0.2939130434782608,0.1373913043478261
LTP293,22,6,14,CRAYON,1,0.8969411154613323,0.8969411154613323,0.0525873242922294,0.9895652173913044,0.7060869565217391
LTP293,22,6,15,COURSE,0,0.834660066354953,0.834660066354953,0.0839009821554234,0.2834782608695652,0.7339130434782608
LTP293,22,6,16,BLOUSE,0,0.8667039559769562,0.8667039559769562,-0.1650590683228434,0.662608695652174,0.1095652173913043
LTP293,22,6,17,VALLEY,0,0.8830966372690745,0.8830966372690745,0.0762627706889889,0.8782608695652174,0.7895652173913044
LTP293,22,6,18,JAPAN,0,0.7924757000568533,0.7924757000568533,-0.0676874447621151,0.0591304347826087,0.2921739130434783
LTP293,22,6,19,PLIERS,0,0.867701890643562,0.867701890643562,-0.0477353731256378,0.6747826086956521,0.408695652173913
LTP293,22,6,20,COLLEGE,0,0.8827101891765987,0.8827101891765987,0.2518641196660238,0.8782608695652174,0.982608695652174
LTP293,22,6,21,TERMITE,0,0.8873521204327806,0.8873521204327806,0.1452292066702974,0.8939130434782608,0.8608695652173913
LTP293,22,6,22,BODY,1,0.7496005659370263,0.7496005659370263,0.0001583666731984,0.0017391304347825,0.48
LTP293,22,6,23,STOVE,1,0.8465275256398391,0.8465275256398391,-0.1222658398568895,0.4034782608695652,0.1078260869565217
LTP293,22,6,24,PIGMENT,0,0.8763705963844789,0.8763705963844789,-0.074577177016301,0.7982608695652174,0.231304347826087
LTP293,22,7,1,QUAIL,1,0.8723529602326379,0.8723529602326379,0.0776129157444327,0.7426086956521739,0.751304347826087
LTP293,22,7,2,PASSAGE,0,0.8674031468601051,0.8674031468601051,0.1057987246245258,0.6799999999999999,0.8626086956521739
LTP293,22,7,3,FINGER,1,0.8914881832770043,0.8914881832770043,0.0397811516560834,0.9652173913043478,0.662608695652174
LTP293,22,7,4,PERCH,1,0.885692854068701,0.885692854068701,0.014930554805928,0.9252173913043478,0.551304347826087
LTP293,22,7,5,HORSE,0,0.8544743756824367,0.8544743756824367,-0.0402907176078916,0.5182608695652173,0.3652173913043478
LTP293,22,7,6,SPACE,1,0.7772874310706073,0.7772874310706073,-0.0199613795845787,0.017391304347826,0.4121739130434783
LTP293,22,7,7,WORLD,1,0.8110954278013,0.8110954278013,-0.1097917042333177,0.1269565217391304,0.1321739130434782
LTP293,22,7,8,GRAVE,1,0.7888494103088877,0.7888494103088877,-0.0053605689019066,0.0417391304347826,0.511304347826087
LTP293,22,7,9,DINER,1,0.7983407146150424,0.7983407146150424,0.0600428376687983,0.0765217391304348,0.7252173913043478
LTP293,22,7,10,SANDWICH,1,0.8954749468379344,0.8954749468379344,0.1195507314812096,0.9843478260869564,0.8904347826086957
LTP293,22,7,11,CUPBOARD,0,0.8828031490570961,0.8828031490570961,-0.0217651527943435,0.8660869565217392,0.4226086956521739
LTP293,22,7,12,MUFFIN,1,0.8609718383910671,0.8609718383910671,0.0261877630564831,0.6139130434782609,0.6260869565217391
LTP293,22,7,13,HAWK,1,0.8036832586547435,0.8036832586547435,-0.0854743718685901,0.1147826086956521,0.2365217391304347
LTP293,22,7,14,TUBA,0,0.8471550876519915,0.8471550876519915,-0.1231743097232997,0.4121739130434783,0.1060869565217391
LTP293,22,7,15,GIFT,0,0.8450617827544747,0.8450617827544747,-0.0215344895893205,0.3913043478260869,0.4330434782608695
LTP293,22,7,16,SOFTBALL,0,0.8679986264392178,0.8679986264392178,-0.0333121568626107,0.6939130434782609,0.3965217391304347
LTP293,22,7,17,FRUIT,1,0.8388508421505292,0.8388508421505292,0.0095323390727353,0.3199999999999999,0.5478260869565217
LTP293,22,7,18,COIN,1,0.8368898320105038,0.8368898320105038,-0.0185010552592337,0.3113043478260869,0.4695652173913043
LTP293,22,7,19,BOX,1,0.7563981439640508,0.7563981439640508,-0.0828552309514404,0.0052173913043478,0.2434782608695652
LTP293,22,7,20,SPARROW,0,0.8338850401300005,0.8338850401300005,-0.0382964728000729,0.2765217391304347,0.3652173913043478
LTP293,22,7,21,SIDEWALK,1,0.8724393446763488,0.8724393446763488,-0.0701822615312029,0.7617391304347826,0.2643478260869565
LTP293,22,7,22,KETCHUP,1,0.8848963104592003,0.8848963104592003,0.0864812845618241,0.9095652173913044,0.817391304347826
LTP293,22,7,23,MUSTARD,1,0.7745196937482626,0.7745196937482626,0.024836298150824,0.017391304347826,0.6173913043478261
LTP293,22,7,24,EMPIRE,0,0.8312758213619513,0.8312758213619513,-0.0675610786799086,0.2539130434782608,0.2521739130434782
LTP293,22,8,1,NEUTRON,1,0.8834100301642998,0.8834100301642998,-0.0379659873552808,0.942608695652174,0.3339130434782609
LTP293,22,8,2,CABIN,1,0.8476328497038178,0.8476328497038178,0.1917291962691279,0.5652173913043479,0.951304347826087
LTP293,22,8,3,PERMIT,0,0.8424283981789104,0.8424283981789104,-0.1197461670505521,0.3773913043478261,0.1478260869565217
LTP293,22,8,4,FRAGRANCE,0,0.8666337184599123,0.8666337184599123,-0.1087003834580414,0.7095652173913043,0.1739130434782608
LTP293,22,8,5,WIDOW,0,0.84150105299091,0.84150105299091,-0.0398265090081295,0.3565217391304348,0.3547826086956521
LTP293,22,8,6,COOK,0,0.8298893159441703,0.8298893159441703,0.1369326917997144,0.2539130434782608,0.8817391304347826
LTP293,22,8,7,FOREST,0,0.8158413019025819,0.8158413019025819,0.0166464545767973,0.1634782608695651,0.5617391304347826
LTP293,22,8,8,COCOON,1,0.8266870259567188,0.8266870259567188,0.1179740780844589,0.2121739130434782,0.8782608695652174
LTP293,22,8,9,CRATER,0,0.8646778718257878,0.8646778718257878,-0.083600451275081,0.6921739130434783,0.2347826086956521
LTP293,22,8,10,FEMALE,1,0.7950794573362159,0.7950794573362159,-0.0564319053944355,0.0817391304347826,0.2991304347826087
LTP293,22,8,11,LOVER,1,0.7802435624235903,0.7802435624235903,-0.0717110833410386,0.0626086956521738,0.2660869565217391
LTP293,22,8,12,WAITRESS,0,0.8410589478802859,0.8410589478802859,0.0013471560542174,0.3617391304347825,0.5217391304347826
LTP293,22,8,13,CANYON,1,0.8500727864755363,0.8500727864755363,0.1155284584069018,0.4817391304347825,0.88
LTP293,22,8,14,CROWN,0,0.8673048155916087,0.8673048155916087,-0.0067429962635231,0.7495652173913043,0.5078260869565218
LTP293,22,8,15,GARLIC,0,0.8546766090236877,0.8546766090236877,-0.0532607292411118,0.5634782608695652,0.3304347826086956
LTP293,22,8,16,BUGGY,0,0.870700039905053,0.870700039905053,-0.0462293627582862,0.7634782608695652,0.3426086956521739
LTP293,22,8,17,DONKEY,1,0.8921044523065987,0.8921044523065987,0.1075570747321515,0.954782608695652,0.8295652173913044
LTP293,22,8,18,KEEPER,1,0.8244151965383314,0.8244151965383314,0.034169713534113,0.208695652173913,0.6434782608695653
LTP293,22,8,19,PERFUME,0,0.8753212766707443,0.8753212766707443,0.0285058035896726,0.831304347826087,0.6208695652173912
LTP293,22,8,20,LUNCH,1,0.8062852958510381,0.8062852958510381,-0.0771631161706696,0.1252173913043478,0.2208695652173913
LTP293,22,8,21,LADDER,1,0.8229509075509884,0.8229509075509884,-0.0431411862117128,0.2191304347826087,0.3704347826086956
LTP293,22,8,22,ATOM,1,0.7775958638776287,0.7775958638776287,0.0039587743925578,0.0295652173913043,0.5426086956521738
LTP293,22,8,23,PEANUT,1,0.8775801203549093,0.8775801203549093,0.1520571238915521,0.8660869565217392,0.928695652173913
LTP293,22,8,24,CASHEW,0,0.8978498898970919,0.8978498898970919,0.234591374317535,0.9860869565217392,0.9843478260869564
LTP293,22,9,1,POET,1,0.7959946230672733,0.7959946230672733,-0.1217513174982462,0.1234782608695652,0.1234782608695652
LTP293,22,9,2,CHAPEL,1,0.826732950412462,0.826732950412462,-0.0180995216354143,0.2678260869565217,0.448695652173913
LTP293,22,9,3,PUDDLE,1,0.8790632195789638,0.8790632195789638,-0.0413525730474618,0.937391304347826,0.3565217391304348
LTP293,22,9,4,SWIMMER,1,0.7937367641414036,0.7937367641414036,-0.0152360548922696,0.0991304347826087,0.4608695652173913
LTP293,22,9,5,MARSH,1,0.8720023264422675,0.8720023264422675,0.0791721130053789,0.8139130434782609,0.8226086956521739
LTP293,22,9,6,CAMEL,1,0.8814113222362356,0.8814113222362356,0.0417401106499782,0.9217391304347826,0.6939130434782609
LTP293,22,9,7,HOUND,1,0.8750878403362691,0.8750878403362691,-0.095711397520285,0.8869565217391304,0.1721739130434783
LTP293,22,9,8,COUSIN,1,0.8681648400582289,0.8681648400582289,0.0174048912246688,0.7478260869565218,0.6139130434782609
LTP293,22,9,9,PAIL,1,0.8244613506436281,0.8244613506436281,0.0098089604559329,0.4852173913043478,0.56
LTP293,22,9,10,ROD,0,0.8360959948841581,0.8360959948841581,0.0731976755301665,0.4556521739130434,0.808695652173913
LTP293,22,9,11,BALLOON,0,0.8746287610233563,0.8746287610233563,-0.1304445619152307,0.8678260869565217,0.0834782608695652
LTP293,22,9,12,SUITCASE,1,0.8493009022164117,0.8493009022164117,0.0128862128344895,0.4643478260869565,0.5669565217391304
LTP293,22,9,13,BRIEFCASE,1,0.8465610633399594,0.8465610633399594,-0.0628913116605484,0.4452173913043478,0.2573913043478261
LTP293,22,9,14,JELLY,1,0.8486242481765075,0.8486242481765075,-0.1385061261451629,0.4921739130434782,0.0747826086956521
LTP293,22,9,15,DANCER,1,0.8893966715656519,0.8893966715656519,0.1127463920337969,0.9756521739130436,0.9147826086956522
LTP293,22,9,16,SCOTCH,1,0.8579195479929075,0.8579195479929075,-0.0278550637406531,0.6121739130434782,0.4104347826086957
LTP293,22,9,17,DIVER,0,0.7899981604123137,0.7899981604123137,0.0715027594636023,0.0591304347826087,0.7860869565217391
LTP293,22,9,18,DRIVER,0,0.8273561449642615,0.8273561449642615,-0.0496321935157674,0.2417391304347825,0.337391304347826
LTP293,22,9,19,MARKET,1,0.8566622428528159,0.8566622428528159,0.0354307839576234,0.577391304347826,0.6869565217391305
LTP293,22,9,20,CONCERT,1,0.8104500812189877,0.8104500812189877,0.0481668740759544,0.1443478260869565,0.7356521739130435
LTP293,22,9,21,RECEIPT,0,0.8363176400023412,0.8363176400023412,-0.043126246364216,0.3408695652173913,0.3582608695652174
LTP293,22,9,22,RUG,0,0.8255243906374491,0.8255243906374491,-0.0831644620354592,0.2121739130434782,0.217391304347826
LTP293,22,9,23,PLAZA,1,0.7968323626173884,0.7968323626173884,0.0836261609155293,0.0782608695652173,0.8243478260869566
LTP293,22,9,24,SLIDE,0,0.8591885099651374,0.8591885099651374,-0.009902454730102,0.6347826086956522,0.4991304347826086
LTP293,22,10,1,XEROX,1,0.8624822139890268,0.8624822139890268,0.0664162100054378,0.6660869565217391,0.76
LTP293,22,10,2,GAVEL,1,0.7883419651071188,0.7883419651071188,0.0609737069599963,0.0469565217391304,0.7408695652173913
LTP293,22,10,3,ATLAS,1,0.7744685115115325,0.7744685115115325,0.2289602101131278,0.0086956521739129,0.9878260869565216
LTP293,22,10,4,MISTER,1,0.8051597375958087,0.8051597375958087,-0.0640146523885782,0.1147826086956521,0.3043478260869565
LTP293,22,10,5,HORNET,0,0.8639191019174075,0.8639191019174075,-0.0793082837352967,0.6782608695652175,0.2521739130434782
LTP293,22,10,6,BLADE,0,0.8702032049063603,0.8702032049063603,-0.1548811267895308,0.8104347826086956,0.0939130434782609
LTP293,22,10,7,PARTNER,0,0.8465164344173151,0.8465164344173151,-0.0027248312258626,0.4173913043478261,0.5147826086956522
LTP293,22,10,8,WOMAN,0,0.8307069950135524,0.8307069950135524,-0.1810818755096294,0.2852173913043478,0.0539130434782608
LTP293,22,10,9,PISTON,0,0.8697138278959844,0.8697138278959844,-0.0204640069417212,0.8017391304347826,0.4399999999999999
LTP293,22,10,10,TAXI,1,0.8548838736753964,0.8548838736753964,-0.0152503428810454,0.5495652173913044,0.4626086956521739
LTP293,22,10,11,SWAMP,1,0.7554056838304143,0.7554056838304143,-0.1546817645258608,0.0017391304347825,0.097391304347826
LTP293,22,10,12,CANAL,1,0.8600322673227174,0.8600322673227174,-0.1276144443345149,0.6278260869565218,0.1373913043478261
LTP293,22,10,13,HATCHET,0,0.853722064240415,0.853722064240415,0.0229338439337422,0.5217391304347826,0.6139130434782609
LTP293,22,10,14,SLOPE,0,0.8610543737808077,0.8610543737808077,0.0009893481839314,0.6382608695652174,0.5443478260869565
LTP293,22,10,15,NOTEBOOK,0,0.7915766449967512,0.7915766449967512,0.0143387897780171,0.0382608695652173,0.5878260869565217
LTP293,22,10,16,KLEENEX,0,0.8379685223665273,0.8379685223665273,0.0403633980001571,0.3199999999999999,0.6452173913043479
LTP293,22,10,17,LAMP,1,0.8292272055169303,0.8292272055169303,-0.0320670003486981,0.2626086956521739,0.3982608695652174
LTP293,22,10,18,BACKBONE,0,0.8802996045042569,0.8802996045042569,-0.0567411242849258,0.9321739130434784,0.3113043478260869
LTP293,22,10,19,LIZARD,0,0.8676726539020753,0.8676726539020753,-0.0627567703796746,0.7721739130434783,0.3165217391304348
LTP293,22,10,20,AIRPLANE,1,0.8542433105690393,0.8542433105690393,0.036383096248469,0.5339130434782609,0.6573913043478261
LTP293,22,10,21,SUMMIT,0,0.8398700447205852,0.8398700447205852,-0.0564383859462839,0.3478260869565217,0.2939130434782608
LTP293,22,10,22,TREAT,0,0.7351660782780584,0.7351660782780584,-0.0302263917265004,0.0,0.4121739130434783
LTP293,22,10,23,AIRPORT,1,0.8396555167092328,0.8396555167092328,0.0036677167235372,0.3443478260869566,0.5408695652173914
LTP293,22,10,24,PATROL,0,0.8606051577601299,0.8606051577601299,0.0435793687416388,0.6347826086956522,0.7008695652173913
LTP293,22,11,1,DRESS,1,0.8666539554154712,0.8666539554154712,-0.0844491980404449,0.662608695652174,0.2139130434782609
LTP293,22,11,2,COD,1,0.7962627163520458,0.7962627163520458,-0.0303936677761954,0.0799999999999999,0.3913043478260869
LTP293,22,11,3,INMATE,1,0.8482605862396669,0.8482605862396669,0.0238755580628291,0.4452173913043478,0.5843478260869566
LTP293,22,11,4,GRAPE,1,0.7704107028406888,0.7704107028406888,-0.0703683558834865,0.0139130434782608,0.2417391304347825
LTP293,22,11,5,LODGE,0,0.8645894542183993,0.8645894542183993,-0.062118803640027,0.6452173913043479,0.2956521739130434
LTP293,22,11,6,PASTA,1,0.8668923163463316,0.8668923163463316,0.1168876032438571,0.6660869565217391,0.8678260869565217
LTP293,22,11,7,STAMP,1,0.8013725222156098,0.8013725222156098,-0.0272324630507676,0.1043478260869564,0.3843478260869565
LTP293,22,11,8,TYPIST,1,0.8891488782013223,0.8891488782013223,0.0255142456124126,0.954782608695652,0.6295652173913043
LTP293,22,11,9,FIDDLE,0,0.8996535032287559,0.8996535032287559,0.0461328131501881,0.9965217391304348,0.7060869565217391
LTP293,22,11,10,PARSLEY,0,0.8667442883418522,0.8667442883418522,-0.0593935753734373,0.671304347826087,0.3182608695652174
LTP293,22,11,11,LEOPARD,1,0.8653820157872666,0.8653820157872666,0.0224732582615882,0.6469565217391304,0.6156521739130435
LTP293,22,11,12,ONION,1,0.8137033285604904,0.8137033285604904,-0.0034866992855451,0.1513043478260869,0.5043478260869565
LTP293,22,11,13,SALT,1,0.8515046119830922,0.8515046119830922,0.083510841025138,0.4869565217391304,0.7704347826086957
LTP293,22,11,14,BANK,0,0.8669687268456082,0.8669687268456082,0.005937826984848,0.6869565217391305,0.551304347826087
LTP293,22,11,15,TRUCK,0,0.8447330172590324,0.8447330172590324,0.0284453270890679,0.4034782608695652,0.5895652173913044
LTP293,22,11,16,SHIRT,0,0.8595011204421594,0.8595011204421594,0.0258973196975203,0.5704347826086957,0.6121739130434782
LTP293,22,11,17,HOOK,1,0.8882894833245737,0.8882894833245737,-0.0039197310509367,0.937391304347826,0.4695652173913043
LTP293,22,11,18,NAPKIN,1,0.8301947157240906,0.8301947157240906,-0.0498507762671936,0.2417391304347825,0.3304347826086956
LTP293,22,11,19,PAPER,1,0.8037741584514397,0.8037741584514397,0.1332768463422455,0.111304347826087,0.9043478260869564
LTP293,22,11,20,OFFICE,1,0.8567783126204522,0.8567783126204522,0.0345240557979723,0.551304347826087,0.6382608695652174
LTP293,22,11,21,FILM,0,0.8689390876434948,0.8689390876434948,0.1010416508233883,0.6939130434782609,0.8052173913043479
LTP293,22,11,22,SPOOL,0,0.8731515893935342,0.8731515893935342,0.0675378502883015,0.782608695652174,0.76
LTP293,22,11,23,BUCKET,0,0.8647642848131114,0.8647642848131114,-0.0361702686381171,0.6469565217391304,0.4052173913043478
LTP293,22,11,24,RAFT,1,0.8653656927576253,0.8653656927576253,0.0555256429130281,0.6643478260869565,0.7234782608695652
LTP293,22,12,1,PALACE,1,0.8472960781113609,0.8472960781113609,-0.1597701057037124,0.4591304347826087,0.1078260869565217
LTP293,22,12,2,ZIPPER,1,0.787425878814927,0.787425878814927,0.0241866812317387,0.04,0.6486956521739131
LTP293,22,12,3,SADDLE,1,0.8684140806801569,0.8684140806801569,0.1313986434116273,0.76,0.8765217391304347
LTP293,22,12,4,BUBBLE,0,0.8639618363161757,0.8639618363161757,-0.0883859239178133,0.6539130434782608,0.2226086956521739
LTP293,22,12,5,SLIME,1,0.8820547147320678,0.8820547147320678,0.0546077972484656,0.8939130434782608,0.7373913043478261
LTP293,22,12,6,PRINCE,1,0.8146312277593,0.8146312277593,0.0435040732500757,0.1460869565217391,0.6660869565217391
LTP293,22,12,7,FOOTBALL,0,0.8336542117124539,0.8336542117124539,-0.0865163981696817,0.2765217391304347,0.2208695652173913
LTP293,22,12,8,BOYFRIEND,0,0.856965613555456,0.856965613555456,-0.2436960262505654,0.5669565217391304,0.0139130434782608
LTP293,22,12,9,SCALPEL,1,0.8872296690962632,0.8872296690962632,0.173186781110237,0.937391304347826,0.9565217391304348
LTP293,22,12,10,BUTCHER,1,0.8395950703831274,0.8395950703831274,-0.0027069933802254,0.3269565217391305,0.5147826086956522
LTP293,22,12,11,TOURIST,0,0.8561621185737186,0.8561621185737186,-0.121931297823373,0.5478260869565217,0.0921739130434782
LTP293,22,12,12,CRITIC,0,0.8225713611787563,0.8225713611787563,0.120261179106609,0.1843478260869565,0.8504347826086956
LTP293,22,12,13,ACTRESS,0,0.8780682619226601,0.8780682619226601,-0.0238517248039929,0.8573913043478261,0.4347826086956522
LTP293,22,12,14,PADDLE,0,0.8773969666843596,0.8773969666843596,0.121859695744557,0.8643478260869565,0.8643478260869565
LTP293,22,12,15,VIKING,0,0.8143708615957919,0.8143708615957919,0.05105638887175,0.1408695652173913,0.7321739130434783
LTP293,22,12,16,GRAVEL,1,0.7695882417982816,0.7695882417982816,0.1043275228975261,0.0086956521739129,0.8208695652173913
LTP293,22,12,17,BEEF,0,0.8063397905019419,0.8063397905019419,-0.0200390399947766,0.1043478260869564,0.4626086956521739
LTP293,22,12,18,DUSTPAN,0,0.8705568715750782,0.8705568715750782,-0.055595649955252,0.7443478260869565,0.3182608695652174
LTP293,22,12,19,CITRUS,0,0.8643863571344562,0.8643863571344562,-0.0940603348390868,0.6313043478260869,0.1669565217391304
LTP293,22,12,20,FLAG,0,0.7941048462709195,0.7941048462709195,0.0848026493274452,0.0521739130434782,0.8069565217391305
LTP293,22,12,21,CASKET,0,0.8917163894737437,0.8917163894737437,-0.0363333282393862,0.9843478260869564,0.3739130434782608
LTP293,22,12,22,DUST,1,0.8456092147992057,0.8456092147992057,-0.0394334012150906,0.4,0.36
LTP293,22,12,23,LAPEL,1,0.8555617560975012,0.8555617560975012,0.1751201946853514,0.5460869565217391,0.9252173913043478
LTP293,22,12,24,MEAT,0,0.8617980867322483,0.8617980867322483,0.1246089746093722,0.6086956521739131,0.8921739130434783
LTP293,22,13,1,POSSUM,1,0.8460909975479747,0.8460909975479747,0.0847271424755189,0.3895652173913043,0.8295652173913044
LTP293,22,13,2,PORK,0,0.8631521441820083,0.8631521441820083,0.0805144470498071,0.6034782608695652,0.8295652173913044
LTP293,22,13,3,LION,1,0.8410611583216013,0.8410611583216013,0.1896854774710971,0.3165217391304348,0.9582608695652174
LTP293,22,13,4,LONDON,1,0.8101852628498705,0.8101852628498705,0.1161584493913962,0.1130434782608695,0.9008695652173913
LTP293,22,13,5,CLAMP,0,0.7956986400529265,0.7956986400529265,-0.1063233884687024,0.0626086956521738,0.1304347826086956
LTP293,22,13,6,BROTHER,1,0.8699691542688233,0.8699691542688233,-0.188221398818646,0.7652173913043478,0.0417391304347826
LTP293,22,13,7,SMOG,1,0.8564994889711116,0.8564994889711116,0.0254160060180306,0.5321739130434783,0.6347826086956522
LTP293,22,13,8,CLOUD,1,0.848906560309932,0.848906560309932,-0.0116834696028786,0.4330434782608695,0.4834782608695652
LTP293,22,13,9,PIZZA,1,0.8346519339355383,0.8346519339355383,-0.0258889363035395,0.2608695652173913,0.4139130434782608
LTP293,22,13,10,BEAVER,0,0.8421339969314965,0.8421339969314965,-0.1215615269458194,0.3408695652173913,0.1652173913043478
LTP293,22,13,11,MOP,0,0.7999749634626757,0.7999749634626757,0.0916362511919143,0.0747826086956521,0.8626086956521739
LTP293,22,13,12,STAKE,1,0.8236469609609944,0.8236469609609944,0.0718849725082036,0.1878260869565217,0.7773913043478261
LTP293,22,13,13,FIREMAN,1,0.8864551812426538,0.8864551812426538,0.0282349156033865,0.9408695652173912,0.662608695652174
LTP293,22,13,14,FARMER,1,0.8121593373194061,0.8121593373194061,-0.0367916663000771,0.1252173913043478,0.4278260869565217
LTP293,22,13,15,PECAN,0,0.8231660306179241,0.8231660306179241,0.0272522764511583,0.1895652173913043,0.6452173913043479
LTP293,22,13,16,NIGHTGOWN,1,0.8334720942404857,0.8334720942404857,-0.0449960229588528,0.2765217391304347,0.3965217391304347
LTP293,22,13,17,MATTRESS,1,0.8592736131518623,0.8592736131518623,-0.2138698167319653,0.5860869565217391,0.0156521739130435
LTP293,22,13,18,BANQUET,0,0.8741438804895267,0.8741438804895267,-0.1542865573746078,0.84,0.0852173913043478
LTP293,22,13,19,SCALLOP,0,0.8479507863026066,0.8479507863026066,-0.1824182467931262,0.4278260869565217,0.0208695652173912
LTP293,22,13,20,ARMY,0,0.8653770875622617,0.8653770875622617,-0.0393754112259324,0.702608695652174,0.4121739130434783
LTP293,22,13,21,ASIA,0,0.8022507993787193,0.8022507993787193,0.1825621669094647,0.0799999999999999,0.96
LTP293,22,13,22,PLATE,0,0.7864387456124756,0.7864387456124756,-0.0900350307722791,0.026086956521739,0.1999999999999999
LTP293,22,13,23,THIEF,0,0.8397772271284067,0.8397772271284067,-0.0131919494206441,0.3391304347826087,0.4765217391304348
LTP293,22,13,24,COUNTRY,1,0.8311779427649943,0.8311779427649943,-0.0527440256094258,0.2591304347826086,0.351304347826087
LTP293,22,14,1,SWORD,1,0.8054002034281899,0.8054002034281899,0.1544673839489323,0.1060869565217391,0.9669565217391304
LTP293,22,14,2,SNAKE,1,0.8982449879041562,0.8982449879041562,0.1410303081461922,0.9982608695652174,0.9339130434782608
LTP293,22,14,3,MILK,0,0.8206805286258851,0.8206805286258851,0.0455151715672294,0.1773913043478261,0.6678260869565218
LTP293,22,14,4,SUSPECT,0,0.8633221176684307,0.8633221176684307,-0.0027579747945963,0.7460869565217392,0.4991304347826086
LTP293,22,14,5,PUDDING,1,0.8580960302535943,0.8580960302535943,0.061439892084826,0.8713043478260869,0.7391304347826086
LTP293,22,14,6,COCKTAIL,1,0.8496657292177633,0.8496657292177633,-0.0531450356043121,0.5078260869565218,0.2956521739130434
LTP293,22,14,7,FLASK,1,0.8803733349700483,0.8803733349700483,0.0828838064842443,0.8678260869565217,0.8052173913043479
LTP293,22,14,8,SHORTS,0,0.8192648732706886,0.8192648732706886,-0.0418142473430113,0.1669565217391304,0.2921739130434783
LTP293,22,14,9,FRAME,0,0.8776089540035805,0.8776089540035805,0.0334427785495451,0.8382608695652174,0.6678260869565218
LTP293,22,14,10,CATCHER,0,0.8674091454266795,0.8674091454266795,-0.1159620894937295,0.7078260869565217,0.1252173913043478
LTP293,22,14,11,PACKAGE,1,0.8484874395660804,0.8484874395660804,-0.0861585204540687,0.448695652173913,0.217391304347826
LTP293,22,14,12,SEAL,1,0.7825049733088967,0.7825049733088967,0.0080187039015931,0.0243478260869565,0.5878260869565217
LTP293,22,14,13,CHILD,1,0.8409047306653067,0.8409047306653067,-0.0233339785517264,0.3495652173913043,0.4695652173913043
LTP293,22,14,14,PLAYGROUND,1,0.8574758106313954,0.8574758106313954,-0.061192291875557,0.5460869565217391,0.2973913043478261
LTP293,22,14,15,POLICE,0,0.8283808472676818,0.8283808472676818,-0.0713062746802557,0.2139130434782609,0.1982608695652173
LTP293,22,14,16,JUDGE,1,0.826055230153208,0.826055230153208,0.0228051458045998,0.2034782608695652,0.6313043478260869
LTP293,22,14,17,RAZOR,1,0.8451339218686869,0.8451339218686869,-0.0947143062124139,0.3947826086956522,0.1565217391304347
LTP293,22,14,18,KNIFE,0,0.8269075132296222,0.8269075132296222,0.0253997604397009,0.208695652173913,0.6608695652173913
LTP293,22,14,19,BRANDY,0,0.8690287903952506,0.8690287903952506,-0.1160457237693643,0.7060869565217391,0.0834782608695652
LTP293,22,14,20,DRAWING,1,0.8546496351673011,0.8546496351673011,0.0189308575108896,0.5234782608695652,0.6365217391304347
LTP293,22,14,21,OUTFIT,0,0.8620493369525217,0.8620493369525217,-0.0967272666166652,0.6104347826086957,0.1495652173913043
LTP293,22,14,22,SURVEY,0,0.8345613850213666,0.8345613850213666,0.0937069190457895,0.2817391304347826,0.8591304347826088
LTP293,22,14,23,ARM,0,0.8220698001478448,0.8220698001478448,-0.0324241056491745,0.1826086956521738,0.4139130434782608
LTP293,22,14,24,JELLO,1,0.8590714595144145,0.8590714595144145,-0.0788518611130711,0.5669565217391304,0.2139130434782609
LTP293,22,15,1,PLUTO,0,0.8598305967788454,0.8598305967788454,-0.0673990544276704,0.5930434782608696,0.2869565217391304
LTP293,22,15,2,BLUEPRINT,1,0.9096136785756346,0.9096136785756346,0.1608102418385771,0.9982608695652174,0.9408695652173912
LTP293,22,15,3,BLENDER,0,0.9007815869471104,0.9007815869471104,0.1116146037113079,0.9982608695652174,0.8904347826086957
LTP293,22,15,4,SPONGE,0,0.8676721495733968,0.8676721495733968,0.0133335142314225,0.6939130434782609,0.551304347826087
LTP293,22,15,5,BROOK,0,0.8468415031076821,0.8468415031076821,0.0724311942604364,0.448695652173913,0.7582608695652174
LTP293,22,15,6,AUTHOR,0,0.853485357008315,0.853485357008315,-0.026298888664275,0.5060869565217392,0.4017391304347826
LTP293,22,15,7,FLOWER,1,0.8852214306501996,0.8852214306501996,0.0844437846774855,0.9252173913043478,0.8
LTP293,22,15,8,GOBLIN,0,0.8537281280670102,0.8537281280670102,-0.0143397127203479,0.5060869565217392,0.4330434782608695
LTP293,22,15,9,CRAB,1,0.8725991444727341,0.8725991444727341,-0.0275927092476013,0.7547826086956522,0.3686956521739131
LTP293,22,15,10,CLIMBER,0,0.8270895102719844,0.8270895102719844,-0.0581560176344456,0.208695652173913,0.2417391304347825
LTP293,22,15,11,NOVEL,0,0.8230333909372364,0.8230333909372364,-0.0701600964438734,0.1826086956521738,0.2295652173913043
LTP293,22,15,12,SHRUB,0,0.8565961497901423,0.8565961497901423,0.0009607232194321,0.5443478260869565,0.4921739130434782
LTP293,22,15,13,SAUSAGE,0,0.808610027053772,0.808610027053772,-0.1932574031762807,0.1530434782608696,0.0417391304347826
LTP293,22,15,14,PICNIC,0,0.8266024943462269,0.8266024943462269,-0.0800960093039588,0.2260869565217391,0.2330434782608695
LTP293,22,15,15,WAITER,0,0.836481885761096,0.836481885761096,-0.2114018084342004,0.3199999999999999,0.0156521739130435
LTP293,22,15,16,MACHINE,0,0.8352961022264728,0.8352961022264728,-0.0247582760641549,0.2765217391304347,0.3773913043478261
LTP293,22,15,17,COMPASS,0,0.8789763388785412,0.8789763388785412,0.0515995119105934,0.8226086956521739,0.6730434782608696
LTP293,22,15,18,REBEL,0,0.8375098217618714,0.8375098217618714,0.0104490167582935,0.3043478260869565,0.5478260869565217
LTP293,22,15,19,VENUS,0,0.8164468659039994,0.8164468659039994,-0.0886625624725406,0.1704347826086956,0.1895652173913043
LTP293,22,15,20,MONSTER,0,0.8537231870254384,0.8537231870254384,0.0182283451901792,0.5026086956521739,0.5791304347826087
LTP293,22,15,21,BASEMENT,0,0.8606091860592261,0.8606091860592261,-0.073625943932597,0.5860869565217391,0.2104347826086956
LTP293,22,15,22,WASHER,1,0.8434860162506032,0.8434860162506032,-0.1658005891776348,0.3947826086956522,0.0539130434782608
LTP293,22,15,23,CIGAR,1,0.8606977003058983,0.8606977003058983,0.0149135810464958,0.5913043478260869,0.5634782608695652
LTP293,22,15,24,GIRL,0,0.8753881220238363,0.8753881220238363,0.098533847237285,0.808695652173913,0.8660869565217392
LTP293,22,16,1,VAGRANT,0,0.8412348496513894,0.8412348496513894,0.0094842682134554,0.3982608695652174,0.5478260869565217
LTP293,22,16,2,GHETTO,1,0.8784379587024076,0.8784379587024076,0.0613343204593308,0.8834782608695653,0.7269565217391305
LTP293,22,16,3,RELISH,0,0.8393103294000733,0.8393103294000733,0.0178879666706495,0.3756521739130435,0.5791304347826087
LTP293,22,16,4,SHELF,0,0.8182071634487619,0.8182071634487619,0.0942886390963612,0.1878260869565217,0.8330434782608696
LTP293,22,16,5,ICING,0,0.8401164735611435,0.8401164735611435,-0.1206789446535773,0.3982608695652174,0.1547826086956522
LTP293,22,16,6,LILY,0,0.8117910860594475,0.8117910860594475,0.1111967423787428,0.1443478260869565,0.84
LTP293,22,16,7,MAILBOX,1,0.8649297488878224,0.8649297488878224,0.042590062385928,0.6904347826086956,0.6695652173913044
LTP293,22,16,8,FRIEND,0,0.8344486719337695,0.8344486719337695,-0.0348897239315904,0.3008695652173913,0.3773913043478261
LTP293,22,16,9,HANDBAG,0,0.8715271520585339,0.8715271520585339,0.0477673470324827,0.7930434782608695,0.6747826086956521
LTP293,22,16,10,MAILMAN,1,0.8809780933614415,0.8809780933614415,-0.0035100726647728,0.9095652173913044,0.4782608695652174
LTP293,22,16,11,GANGSTER,1,0.8649894992479304,0.8649894992479304,0.1627364722613474,0.7008695652173913,0.9304347826086956
LTP293,22,16,12,POWDER,1,0.8184584156001647,0.8184584156001647,-0.1521460531880698,0.1756521739130434,0.0643478260869565
LTP293,22,16,13,GAZELLE,1,0.8672223982562007,0.8672223982562007,0.1266023308100246,0.7130434782608696,0.8852173913043478
LTP293,22,16,14,SEAGULL,1,0.8849069458149567,0.8849069458149567,0.0647991906382833,0.9704347826086956,0.7426086956521739
LTP293,22,16,15,SLUG,0,0.8632106523853673,0.8632106523853673,0.0004520614037355,0.6591304347826087,0.5182608695652173
LTP293,22,16,16,TURTLE,0,0.87996047679391,0.87996047679391,-0.1757777600782513,0.9217391304347826,0.0191304347826086
LTP293,22,16,17,THREAD,1,0.8409842651114707,0.8409842651114707,-0.0254942211913072,0.3982608695652174,0.4678260869565217
LTP293,22,16,18,EYELASH,0,0.8591570589332758,0.8591570589332758,0.1571919969552757,0.6052173913043478,0.9304347826086956
LTP293,22,16,19,LIPSTICK,0,0.8698432318244941,0.8698432318244941,0.0482306021571322,0.7617391304347826,0.7008695652173913
LTP293,22,16,20,GUITAR,0,0.7644933601106976,0.7644933601106976,-0.0017204916078335,0.0069565217391304,0.5095652173913043
LTP293,22,16,21,SHORTCAKE,0,0.8630743873379492,0.8630743873379492,0.0969035251871888,0.6486956521739131,0.831304347826087
LTP293,22,16,22,HIGHWAY,0,0.7911584314684367,0.7911584314684367,0.0129099162341006,0.0678260869565217,0.5808695652173913
LTP293,22,16,23,SPOUSE,1,0.8675544032977718,0.8675544032977718,-0.0776134564857422,0.7860869565217391,0.28
LTP293,22,16,24,UNCLE,0,0.7902335776772926,0.7902335776772926,-0.0850487006790449,0.0573913043478261,0.1930434782608695
LTP293,22,17,1,CEILING,1,0.8418523745712848,0.8418523745712848,0.1344707428633809,0.5269565217391304,0.9078260869565218
LTP293,22,17,2,OINTMENT,1,0.8331325687747103,0.8331325687747103,0.0021291584236731,0.4156521739130434,0.528695652173913
LTP293,22,17,3,VICTIM,0,0.8036337094644894,0.8036337094644894,-0.0260252275591132,0.1426086956521739,0.3982608695652174
LTP293,22,17,4,TORTOISE,0,0.8709105746643686,0.8709105746643686,-0.0976208979148083,0.9008695652173913,0.16
LTP293,22,17,5,CORAL,0,0.8247719814348231,0.8247719814348231,-0.0976288697649089,0.2678260869565217,0.1808695652173912
LTP293,22,17,6,MATCH,0,0.839277023305809,0.839277023305809,0.0091301624896355,0.4730434782608695,0.5582608695652174
LTP293,22,17,7,DRILL,1,0.8728542562575995,0.8728542562575995,0.2269501116763199,0.9408695652173912,0.9791304347826086
LTP293,22,17,8,STONE,0,0.8221354160945833,0.8221354160945833,-0.058443701447209,0.2747826086956522,0.2956521739130434
LTP293,22,17,9,DRUG,1,0.8633808143431191,0.8633808143431191,0.0877909032297472,0.7234782608695652,0.8295652173913044
LTP293,22,17,10,BLACKBOARD,1,0.8257734181995742,0.8257734181995742,0.0046843005298016,0.2278260869565217,0.5356521739130435
LTP293,22,17,11,FLASHLIGHT,1,0.838125865010836,0.838125865010836,0.0275383949182361,0.3721739130434782,0.6452173913043479
LTP293,22,17,12,JURY,0,0.8319287949761635,0.8319287949761635,-0.0151319998674587,0.2991304347826087,0.4695652173913043
LTP293,22,17,13,TRENCH,0,0.8313751986887111,0.8313751986887111,0.0848931710806325,0.2695652173913043,0.8156521739130435
LTP293,22,17,14,BOARD,1,0.7949363007113004,0.7949363007113004,0.187288740543075,0.088695652173913,0.9565217391304348
LTP293,22,17,15,SIBLING,0,0.8501917901937303,0.8501917901937303,0.0128459154913813,0.4973913043478261,0.5547826086956522
LTP293,22,17,16,CROSS,1,0.8706033824040315,0.8706033824040315,0.0401169363894565,0.8069565217391305,0.6591304347826087
LTP293,22,17,17,ROBIN,0,0.8197979180694925,0.8197979180694925,-0.0921523940192918,0.1947826086956522,0.2104347826086956
LTP293,22,17,18,TILE,0,0.8328356969251103,0.8328356969251103,0.0113536290658663,0.2782608695652173,0.5443478260869565
LTP293,22,17,19,FLESH,1,0.8358916246327934,0.8358916246327934,-0.0536669445010591,0.3165217391304348,0.337391304347826
LTP293,22,17,20,TROUT,0,0.8011766705604285,0.8011766705604285,0.0535644606781965,0.1078260869565217,0.7043478260869565
LTP293,22,17,21,AWARD,0,0.848123867445465,0.848123867445465,0.1619388762521171,0.4417391304347826,0.9478260869565216
LTP293,22,17,22,MEDAL,0,0.8559245281717022,0.8559245281717022,0.0687031261196427,0.5843478260869566,0.76
LTP293,22,17,23,NECKLACE,0,0.8927947768186795,0.8927947768186795,-0.0099894137517504,0.9860869565217392,0.4608695652173913
LTP293,22,17,24,WHISTLE,0,0.8700478429125792,0.8700478429125792,-0.0591064055047048,0.7947826086956522,0.3339130434782609
LTP293,22,18,1,OYSTER,1,0.8687119589263211,0.8687119589263211,0.1770836268726304,0.7339130434782608,0.9617391304347828
LTP293,22,18,2,SEAFOOD,1,0.8638823631660418,0.8638823631660418,-0.0628525344701457,0.6417391304347826,0.2382608695652174
LTP293,22,18,3,REPORT,1,0.8027281818442247,0.8027281818442247,-0.0237686742981577,0.0921739130434782,0.448695652173913
LTP293,22,18,4,CURTAIN,0,0.8898709274106399,0.8898709274106399,-0.1556995145496424,0.9634782608695652,0.0469565217391304
LTP293,22,18,5,OZONE,0,0.8523753939536672,0.8523753939536672,0.099094708907014,0.5008695652173913,0.8643478260869565
LTP293,22,18,6,FOX,0,0.8006746733743421,0.8006746733743421,0.082433501837593,0.0939130434782609,0.8278260869565217
LTP293,22,18,7,BUNNY,0,0.8550596480411302,0.8550596480411302,0.0067915506332,0.537391304347826,0.5791304347826087
LTP293,22,18,8,PATIENT,0,0.850332046768072,0.850332046768072,-0.0174056076383309,0.4660869565217391,0.448695652173913
LTP293,22,18,9,GROUND,1,0.8210960561137165,0.8210960561137165,-0.0322452062728194,0.1808695652173912,0.3913043478260869
LTP293,22,18,10,WITNESS,0,0.818189565257233,0.818189565257233,0.0413645419155211,0.168695652173913,0.6747826086956521
LTP293,22,18,11,WASP,0,0.8228063927296123,0.8228063927296123,-0.0296312695982902,0.1930434782608695,0.3739130434782608
LTP293,22,18,12,ULCER,0,0.8470943721981133,0.8470943721981133,0.0309434472257042,0.4226086956521739,0.6678260869565218
LTP293,22,18,13,HUMAN,0,0.8221880782474258,0.8221880782474258,0.0712110571155215,0.1860869565217391,0.7965217391304348
LTP293,22,18,14,SPOON,0,0.8604295888604575,0.8604295888604575,-0.0790480878942772,0.6034782608695652,0.231304347826087
LTP293,22,18,15,GLASS,0,0.8582580748914325,0.8582580748914325,0.0625067821614053,0.5721739130434782,0.7617391304347826
LTP293,22,18,16,NURSE,0,0.8745776946778899,0.8745776946778899,-0.0068683017220883,0.8121739130434783,0.5060869565217392
LTP293,22,18,17,GLOBE,0,0.837468058567653,0.837468058567653,0.0276336141918794,0.3026086956521739,0.6417391304347826
LTP293,22,18,18,SHARK,0,0.7873381855201964,0.7873381855201964,-0.0445424113504615,0.0330434782608696,0.3617391304347825
LTP293,22,18,19,BOUQUET,0,0.8677972430332793,0.8677972430332793,-0.1099528659794481,0.7130434782608696,0.1339130434782608
LTP293,22,18,20,CAFE,1,0.8153542536884093,0.8153542536884093,0.064265003261787,0.1530434782608696,0.7443478260869565
LTP293,22,18,21,BUG,1,0.8447083764178791,0.8447083764178791,0.2153292089066593,0.3947826086956522,0.9756521739130436
LTP293,22,18,22,CRICKET,1,0.8720011418731192,0.8720011418731192,-0.0158982656032297,0.7669565217391304,0.4521739130434783
LTP293,22,18,23,PANTHER,0,0.8509456784394286,0.8509456784394286,-0.0829858695635142,0.4765217391304348,0.2278260869565217
LTP293,22,18,24,LACE,1,0.8155821038106547,0.8155821038106547,-0.0148617180791979,0.1460869565217391,0.4608695652173913
LTP293,22,19,1,LAVA,1,0.8026674744779486,0.8026674744779486,0.0956996888216589,0.1078260869565217,0.8365217391304348
LTP293,22,19,2,PEBBLE,1,0.822629306939478,0.822629306939478,-0.025877445553921,0.1878260869565217,0.4434782608695652
LTP293,22,19,3,EGYPT,0,0.8529768281216052,0.8529768281216052,0.0958040465979768,0.4939130434782608,0.8278260869565217
LTP293,22,19,4,JUGGLER,0,0.8423593236539971,0.8423593236539971,-0.0985453559998372,0.3808695652173913,0.168695652173913
LTP293,22,19,5,CANDY,0,0.8894784522950524,0.8894784522950524,0.0592355622354639,0.954782608695652,0.7547826086956522
LTP293,22,19,6,BISON,1,0.8722157807826879,0.8722157807826879,0.1813005296021338,0.7773913043478261,0.9460869565217392
LTP293,22,19,7,HEART,0,0.8724547048799411,0.8724547048799411,0.0244528582440488,0.7878260869565217,0.64
LTP293,22,19,8,BIKE,0,0.8737311595042853,0.8737311595042853,0.0824651377431796,0.7930434782608695,0.8052173913043479
LTP293,22,19,9,CREATURE,0,0.8540464831337256,0.8540464831337256,0.0423864756840043,0.5060869565217392,0.7095652173913043
LTP293,22,19,10,BLOCKADE,1,0.8516977354914214,0.8516977354914214,-0.1781942610323795,0.4939130434782608,0.0539130434782608
LTP293,22,19,11,SNACK,0,0.8783054831162235,0.8783054831162235,0.2579494515851457,0.8539130434782609,0.9808695652173912
LTP293,22,19,12,HOSTESS,0,0.8305656126443137,0.8305656126443137,-0.0294714355079029,0.2539130434782608,0.4191304347826087
LTP293,22,19,13,SILK,1,0.8743078216808117,0.8743078216808117,-0.0535338766264281,0.8139130434782609,0.337391304347826
LTP293,22,19,14,SCARECROW,0,0.8882985601464064,0.8882985601464064,0.0312412141920967,0.942608695652174,0.6034782608695652
LTP293,22,19,15,CARROT,0,0.8590885487041121,0.8590885487041121,0.1544710842750212,0.577391304347826,0.9304347826086956
LTP293,22,19,16,RABBIT,0,0.8285331365460697,0.8285331365460697,0.0745713817323848,0.2191304347826087,0.8
LTP293,22,19,17,CYCLONE,0,0.8761116289543778,0.8761116289543778,-0.0258002255061907,0.8295652173913044,0.4330434782608695
LTP293,22,19,18,MONEY,0,0.8216878321123856,0.8216878321123856,-0.0336586905492056,0.1913043478260869,0.4121739130434783
LTP293,22,19,19,BARREL,0,0.8312115884065405,0.8312115884065405,-0.0533878090707939,0.2521739130434782,0.3582608695652174
LTP293,22,19,20,APRON,1,0.8788452046970897,0.8788452046970897,0.0457360073976686,0.8626086956521739,0.688695652173913
LTP293,22,19,21,SKILLET,1,0.8905932623036154,0.8905932623036154,0.0020017076041268,0.9617391304347828,0.537391304347826
LTP293,22,19,22,AGENT,0,0.8010705487448191,0.8010705487448191,-0.0233655062613796,0.097391304347826,0.4521739130434783
LTP293,22,19,23,RACKET,1,0.8925423558936589,0.8925423558936589,0.1616213367171306,0.9617391304347828,0.9217391304347826
LTP293,22,19,24,TART,1,0.8301083596783663,0.8301083596783663,-0.0019968830125909,0.2504347826086956,0.4939130434782608
LTP293,22,20,1,DASHBOARD,1,0.8788181575357938,0.8788181575357938,0.0560778156302922,0.9008695652173913,0.7460869565217392
LTP293,22,20,2,PARENT,1,0.8008132898699922,0.8008132898699922,0.0885979508349498,0.0782608695652173,0.7408695652173913
LTP293,22,20,3,WIFE,1,0.7849146285612382,0.7849146285612382,0.000812993892511,0.04,0.5234782608695652
LTP293,22,20,4,HUSBAND,1,0.8444959639401027,0.8444959639401027,0.0472651993558069,0.3930434782608696,0.6973913043478261
LTP293,22,20,5,SCULPTURE,0,0.8438578431553766,0.8438578431553766,-0.1538801380198274,0.3930434782608696,0.0678260869565217
LTP293,22,20,6,HEDGE,0,0.8411508590024778,0.8411508590024778,-0.1088209077497433,0.3460869565217391,0.1530434782608696
LTP293,22,20,7,PROTON,0,0.8272568639851863,0.8272568639851863,0.0171459755088519,0.2139130434782609,0.6121739130434782
LTP293,22,20,8,ZEBRA,1,0.857186262117084,0.857186262117084,-0.1714962287745497,0.5826086956521739,0.1269565217391304
LTP293,22,20,9,COOKBOOK,0,0.8518043899874274,0.8518043899874274,-0.0098253360550307,0.4921739130434782,0.5060869565217392
LTP293,22,20,10,WARDROBE,0,0.8875272927530595,0.8875272927530595,-0.1366353223755319,0.9617391304347828,0.0834782608695652
LTP293,22,20,11,RATTLE,0,0.8694013666919375,0.8694013666919375,-0.1132607420097174,0.7530434782608696,0.1617391304347826
LTP293,22,20,12,CASHIER,1,0.8747681607934384,0.8747681607934384,0.1325023185907198,0.8434782608695652,0.8591304347826088
LTP293,22,20,13,BANKER,1,0.8752745239221752,0.8752745239221752,-0.1648884519728334,0.8469565217391304,0.1356521739130435
LTP293,22,20,14,GALLON,0,0.8321853893920861,0.8321853893920861,-0.1831380449031622,0.2521739130434782,0.0278260869565217
LTP293,22,20,15,SUPPER,0,0.8010695110592406,0.8010695110592406,0.089033691067183,0.0747826086956521,0.8469565217391304
LTP293,22,20,16,KNAPSACK,0,0.8510847059091826,0.8510847059091826,0.0397304401505611,0.4852173913043478,0.6591304347826087
LTP293,22,20,17,POCKET,0,0.8575535703321197,0.8575535703321197,0.0082945926868059,0.5565217391304348,0.5495652173913044
LTP293,22,20,18,APPLE,0,0.8352184108633803,0.8352184108633803,-0.1774892577790485,0.2608695652173913,0.1165217391304347
LTP293,22,20,19,STAR,0,0.8319446325712793,0.8319446325712793,-0.1099226184367828,0.2521739130434782,0.1617391304347826
LTP293,22,20,20,SCARF,1,0.8529275971610725,0.8529275971610725,-0.0959767661449497,0.5043478260869565,0.2052173913043478
LTP293,22,20,21,SISTER,1,0.7966166677565746,0.7966166677565746,0.0478049566460086,0.0608695652173912,0.6834782608695652
LTP293,22,20,22,MOTOR,0,0.8091835450603218,0.8091835450603218,0.1133147052588684,0.1165217391304347,0.8991304347826087
LTP293,22,20,23,LUGGAGE,1,0.8766403679010641,0.8766403679010641,-0.0736618642915138,0.8504347826086956,0.2539130434782608
LTP293,22,20,24,COSTUME,0,0.8719564495661867,0.8719564495661867,0.0020997957888689,0.7721739130434783,0.5617391304347826
LTP293,22,21,1,POISON,1,0.8324626907387181,0.8324626907387181,0.0081923970367348,0.2382608695652174,0.5895652173913044
LTP293,22,21,2,PIANO,1,0.8553178770954476,0.8553178770954476,0.0256676233768559,0.5147826086956522,0.6521739130434783
LTP293,22,21,3,FIREPLACE,1,0.8782510301615347,0.8782510301615347,-0.0248493467226179,0.8417391304347825,0.4104347826086957
LTP293,22,21,4,DRAGON,0,0.8806168982389668,0.8806168982389668,-0.1195733675110425,0.888695652173913,0.1982608695652173
LTP293,22,21,5,FOOT,1,0.7916241735891912,0.7916241735891912,0.1369842792018899,0.0452173913043478,0.9113043478260868
LTP293,22,21,6,TWIG,1,0.8493098392425253,0.8493098392425253,-0.0635777619436043,0.4382608695652173,0.3147826086956522
LTP293,22,21,7,MAPLE,0,0.7790950769452546,0.7790950769452546,-0.1681400007422168,0.017391304347826,0.0365217391304347
LTP293,22,21,8,OMELET,0,0.8500836774198915,0.8500836774198915,0.0323027936517756,0.4678260869565217,0.6365217391304347
LTP293,22,21,9,DAISY,0,0.8563280436337721,0.8563280436337721,0.0193455851652459,0.5321739130434783,0.5634782608695652
LTP293,22,21,10,TUNNEL,1,0.8796871567322248,0.8796871567322248,-0.0402007361109951,0.8852173913043478,0.3843478260869565
LTP293,22,21,11,INFANT,0,0.8677670553313733,0.8677670553313733,0.0273316210214138,0.7008695652173913,0.6539130434782608
LTP293,22,21,12,CONTRACT,0,0.8076712421942173,0.8076712421942173,-0.0381830598860997,0.12,0.36
LTP293,22,21,13,CHURCH,0,0.8036326272194204,0.8036326272194204,0.0197572466960695,0.0939130434782609,0.5947826086956522
LTP293,22,21,14,MESSAGE,1,0.8468319625488845,0.8468319625488845,0.0491653692998585,0.3895652173913043,0.6956521739130435
LTP293,22,21,15,SUNRISE,0,0.8919573100179817,0.8919573100179817,-0.0767055588003707,0.9721739130434782,0.2260869565217391
LTP293,22,21,16,ISLAND,1,0.7680672964263245,0.7680672964263245,0.0399756417660307,0.0069565217391304,0.6260869565217391
LTP293,22,21,17,YOLK,0,0.8676505529719928,0.8676505529719928,-0.1078610814969263,0.7147826086956521,0.1999999999999999
LTP293,22,21,18,SWITCH,0,0.7871834422944329,0.7871834422944329,0.0707691618446157,0.0382608695652173,0.7634782608695652
LTP293,22,21,19,HEADBAND,1,0.8698399430207839,0.8698399430207839,0.1194933002371763,0.711304347826087,0.8904347826086957
LTP293,22,21,20,POSTAGE,1,0.8687052083583605,0.8687052083583605,0.0296179888588582,0.7321739130434783,0.6017391304347826
LTP293,22,21,21,PARROT,1,0.8514831768973736,0.8514831768973736,-0.0035837759879161,0.4660869565217391,0.5391304347826087
LTP293,22,21,22,BANJO,1,0.8721420250294414,0.8721420250294414,-0.1132030053810612,0.7669565217391304,0.1339130434782608
LTP293,22,21,23,MARKER,1,0.8623659545256132,0.8623659545256132,-0.1921986956428208,0.6260869565217391,0.0295652173913043
LTP293,22,21,24,SUBWAY,0,0.8800881748328064,0.8800881748328064,-0.0688811757475894,0.8643478260869565,0.28
LTP293,22,22,1,RADISH,0,0.8666398546711874,0.8666398546711874,-0.0627833314068036,0.6591304347826087,0.2817391304347826
LTP293,22,22,2,TUTU,1,0.8045504679350307,0.8045504679350307,0.0929948498025292,0.1008695652173913,0.7895652173913044
LTP293,22,22,3,RUST,1,0.8476817901560705,0.8476817901560705,-0.2561329605220401,0.4104347826086957,0.0121739130434782
LTP293,22,22,4,TRANSPLANT,0,0.7876980295430581,0.7876980295430581,-0.1231094445772243,0.0556521739130434,0.1443478260869565
LTP293,22,22,5,SKIRT,0,0.8376779397319309,0.8376779397319309,-0.0422120219029601,0.471304347826087,0.36
LTP293,22,22,6,PIGEON,0,0.862167487195553,0.862167487195553,-0.03301444867075,0.9147826086956522,0.4121739130434783
LTP293,22,22,7,WAGON,1,0.8405477675861559,0.8405477675861559,0.0224728924669399,0.5078260869565218,0.6469565217391304
LTP293,22,22,8,EUROPE,1,0.7753067974966109,0.7753067974966109,-0.0587706761071754,0.0208695652173912,0.2573913043478261
LTP293,22,22,9,GREASE,0,0.8573888872914479,0.8573888872914479,-0.0650288921618299,0.5443478260869565,0.231304347826087
LTP293,22,22,10,COFFEE,0,0.8723244231156874,0.8723244231156874,0.0715538287662807,0.76,0.7634782608695652
LTP293,22,22,11,MUMMY,0,0.8623480148864517,0.8623480148864517,0.0814339284865425,0.6121739130434782,0.8156521739130435
LTP293,22,22,12,COUNTY,0,0.8458283349723957,0.8458283349723957,0.1301686495646086,0.3773913043478261,0.8991304347826087
LTP293,22,22,13,EXPERT,0,0.83188812469172,0.83188812469172,0.0872182749883714,0.24,0.8243478260869566
LTP293,22,22,14,TEACHER,1,0.8495237075056369,0.8495237075056369,0.1147138815031984,0.4243478260869565,0.8539130434782609
LTP293,22,22,15,THRONE,0,0.8548687797611784,0.8548687797611784,-0.0087091116827697,0.5130434782608695,0.4747826086956521
LTP293,22,22,16,LADY,0,0.8029814574491062,0.8029814574491062,0.0676812552394278,0.1026086956521739,0.7147826086956521
LTP293,22,22,17,SALMON,1,0.8444853005370673,0.8444853005370673,-0.0589414165822116,0.3565217391304348,0.2852173913043478
LTP293,22,22,18,ITEM,0,0.8275706899053699,0.8275706899053699,-0.0091500145240485,0.2191304347826087,0.4973913043478261
LTP293,22,22,19,HONEY,0,0.8543245357543839,0.8543245357543839,0.1155458656524662,0.4956521739130435,0.8713043478260869
LTP293,22,22,20,BELLY,0,0.8787197869091724,0.8787197869091724,0.1124434661954262,0.8295652173913044,0.8556521739130435
LTP293,22,22,21,STOMACH,0,0.8254642352929645,0.8254642352929645,0.0375511850704921,0.2017391304347826,0.6799999999999999
LTP293,22,22,22,BATHTUB,0,0.8522418116983302,0.8522418116983302,0.0840525933127652,0.4695652173913043,0.7947826086956522
LTP293,22,22,23,LAKE,0,0.847695203147353,0.847695203147353,-0.0128127640837559,0.4121739130434783,0.4504347826086956
LTP293,22,22,24,PLAID,0,0.7953404178759431,0.7953404178759431,-0.245973457969561,0.0678260869565217,0.0104347826086956
LTP293,22,23,1,FREEZER,1,0.8174645776334594,0.8174645776334594,-0.0997856770530583,0.168695652173913,0.2452173913043478
LTP293,22,23,2,JOURNAL,1,0.8411710878524148,0.8411710878524148,0.0593485630732476,0.3321739130434782,0.7182608695652174
LTP293,22,23,3,BRAKE,0,0.896515802791242,0.896515802791242,0.2007423388390788,0.9791304347826086,0.9234782608695652
LTP293,22,23,4,BUREAU,0,0.8473322461480931,0.8473322461480931,0.0419779781813276,0.4191304347826087,0.6330434782608696
LTP293,22,23,5,HIKER,1,0.8776748537085727,0.8776748537085727,0.1001328633214087,0.7982608695652174,0.7443478260869565
LTP293,22,23,6,LUMBER,0,0.8859810073963941,0.8859810073963941,0.083950720440895,0.8904347826086957,0.7217391304347827
LTP293,22,23,7,LABEL,0,0.864401225153873,0.864401225153873,0.1503809933155835,0.6243478260869566,0.9147826086956522
LTP293,22,23,8,CHAMPAGNE,0,0.8377983789836883,0.8377983789836883,-0.1639167781603961,0.3095652173913044,0.0991304347826087
LTP293,22,23,9,DENIM,0,0.8671918358597561,0.8671918358597561,0.0686589365990102,0.6539130434782608,0.7373913043478261
LTP293,22,23,10,PUPPY,1,0.88466248696849,0.88466248696849,-0.0241537744603762,0.8747826086956522,0.457391304347826
LTP293,22,23,11,OUTLAW,0,0.8778449451114428,0.8778449451114428,0.0351967344627903,0.8139130434782609,0.6017391304347826
LTP293,22,23,12,HAMPER,1,0.8846507525259406,0.8846507525259406,0.0530012914207176,0.8817391304347826,0.6678260869565218
LTP293,22,23,13,VELVET,0,0.8746687925927527,0.8746687925927527,0.133807657736837,0.7739130434782608,0.8834782608695653
LTP293,22,23,14,GARBAGE,0,0.8856018922407033,0.8856018922407033,0.1470684903294817,0.8921739130434783,0.8834782608695653
LTP293,22,23,15,BRACES,0,0.8619131259926791,0.8619131259926791,-0.0658299760371669,0.5947826086956522,0.28
LTP293,22,23,16,DENTIST,0,0.8541965026514986,0.8541965026514986,0.0453560200953354,0.4991304347826086,0.6365217391304347
LTP293,22,23,17,EAGLE,0,0.8387645230555864,0.8387645230555864,-0.1040953339535159,0.3130434782608695,0.1860869565217391
LTP293,22,23,18,FLUTE,0,0.8188719775585754,0.8188719775585754,-0.1621694753793777,0.1860869565217391,0.0991304347826087
LTP293,22,23,19,FUNGUS,1,0.864182418253996,0.864182418253996,-0.0256234825974454,0.6156521739130435,0.4504347826086956
LTP293,22,23,20,ANKLE,0,0.8608771891175653,0.8608771891175653,-0.0824437949619575,0.5878260869565217,0.2052173913043478
LTP293,22,23,21,STAPLE,1,0.8581030413306268,0.8581030413306268,-0.0668401122629173,0.56,0.3304347826086956
LTP293,22,23,22,PISTOL,1,0.8670969143462736,0.8670969143462736,-0.1034423744147707,0.662608695652174,0.231304347826087
LTP293,22,23,23,DRINK,0,0.8145011312840582,0.8145011312840582,-0.046561789644724,0.1565217391304347,0.3878260869565217
LTP293,22,23,24,WRENCH,0,0.8430659565283806,0.8430659565283806,0.020683000378397,0.3808695652173913,0.5756521739130435
LTP293,22,24,1,SHERIFF,0,0.8729870016423481,0.8729870016423481,-0.0210430826568912,0.8052173913043479,0.4
LTP293,22,24,2,CARRIAGE,1,0.855753877144757,0.855753877144757,0.0524812101903266,0.5721739130434782,0.6208695652173912
LTP293,22,24,3,GLOVE,1,0.8940472763603832,0.8940472763603832,0.1561837760820666,0.96,0.8539130434782609
LTP293,22,24,4,CLOCK,1,0.8310925863209996,0.8310925863209996,-0.2207914492448771,0.2782608695652173,0.0330434782608696
LTP293,22,24,5,COWBOY,1,0.8519378064361713,0.8519378064361713,-0.0358785708407256,0.4852173913043478,0.3495652173913043
LTP293,22,24,6,TRIBE,1,0.8691542572059999,0.8691542572059999,0.0822321944551225,0.7043478260869565,0.7843478260869565
LTP293,22,24,7,SCISSORS,1,0.8156074112810405,0.8156074112810405,-0.1026047308801614,0.1739130434782608,0.1634782608695651
LTP293,22,24,8,CRIB,0,0.8420169601933385,0.8420169601933385,0.0229921336873421,0.3826086956521739,0.5739130434782609
LTP293,22,24,9,STUDENT,0,0.827428356733233,0.827428356733233,-0.0361758784991796,0.2347826086956521,0.36
LTP293,22,24,10,PUPIL,0,0.8358632437469788,0.8358632437469788,-0.1217766684923804,0.3147826086956522,0.1408695652173913
LTP293,22,24,11,UMPIRE,0,0.8592607556784417,0.8592607556784417,0.0733606041490308,0.5913043478260869,0.7443478260869565
LTP293,22,24,12,STREAM,0,0.8781089958183004,0.8781089958183004,0.0054806498387993,0.8243478260869566,0.4921739130434782
LTP293,22,24,13,TWISTER,1,0.8499523529229471,0.8499523529229471,0.0152357186006821,0.4886956521739131,0.5165217391304349
LTP293,22,24,14,WINDOW,0,0.8332045086750641,0.8332045086750641,-0.0356786707644653,0.2747826086956522,0.3686956521739131
LTP293,22,24,15,MOTEL,1,0.8677548618513639,0.8677548618513639,-0.1760913781648344,0.7043478260869565,0.048695652173913
LTP293,22,24,16,CUSTARD,0,0.8696109642919652,0.8696109642919652,-0.0337013611331598,0.7060869565217391,0.4017391304347826
LTP293,22,24,17,DOUGHNUT,0,0.8773818197106977,0.8773818197106977,-0.1510985192862952,0.7913043478260869,0.1356521739130435
LTP293,22,24,18,RIVER,0,0.8846601997690549,0.8846601997690549,0.2955941952292935,0.8852173913043478,0.9947826086956522
LTP293,22,24,19,WRIST,1,0.8855534789079846,0.8855534789079846,0.3063572008540512,0.8904347826086957,0.991304347826087
LTP293,22,24,20,YARN,0,0.8748559932278523,0.8748559932278523,0.0694826647967179,0.7617391304347826,0.7008695652173913
LTP293,22,24,21,LIVER,0,0.8215334568132495,0.8215334568132495,0.0865814087344721,0.1999999999999999,0.7217391304347827
LTP293,22,24,22,BREAST,1,0.8738963947804593,0.8738963947804593,0.1076294377266169,0.7634782608695652,0.8121739130434783
LTP293,22,24,23,PILOT,0,0.8868629927343635,0.8868629927343635,0.0778481333187054,0.9060869565217392,0.7165217391304348
LTP293,22,24,24,CREVICE,0,0.8857104520925104,0.8857104520925104,0.1723753389806253,0.9043478260869564,0.88
LTP293,5,1,1,AUTHOR,1,0.8652750112257778,0.8652750112257778,0.1942662226654608,0.6799999999999999,0.9756521739130436
LTP293,5,1,2,JOURNAL,1,0.8388046043252276,0.8388046043252276,0.0669644113621439,0.3739130434782608,0.7443478260869565
LTP293,5,1,3,VIKING,1,0.793366588961728,0.793366588961728,-0.2068645538223058,0.097391304347826,0.0156521739130435
LTP293,5,1,4,CRAB,1,0.85617545840907,0.85617545840907,-0.1458265401284662,0.5930434782608696,0.1026086956521739
LTP293,5,1,5,YACHT,0,0.8793937820517705,0.8793937820517705,0.0486533109079452,0.8747826086956522,0.7008695652173913
LTP293,5,1,6,CASKET,1,0.8862367150692737,0.8862367150692737,-0.0091596360027081,0.9565217391304348,0.4991304347826086
LTP293,5,1,7,PARTNER,0,0.8498839691513964,0.8498839691513964,0.1219352338460787,0.4817391304347825,0.8573913043478261
LTP293,5,1,8,SHELTER,1,0.8385009432496723,0.8385009432496723,0.0950296996000548,0.3252173913043478,0.8486956521739131
LTP293,5,1,9,KEEPER,0,0.8154843520992084,0.8154843520992084,-0.0358422445023523,0.1947826086956522,0.3460869565217391
LTP293,5,1,10,RAFT,1,0.8467218411187966,0.8467218411187966,-0.0285555243227791,0.5982608695652174,0.3843478260869565
LTP293,5,1,11,SCALPEL,0,0.8830313783255481,0.8830313783255481,0.0961639096225427,0.9321739130434784,0.8156521739130435
LTP293,5,1,12,SERVER,0,0.8204024992091955,0.8204024992091955,0.0770903553247041,0.1913043478260869,0.7669565217391304
LTP293,5,1,13,EMPIRE,1,0.8333446762686971,0.8333446762686971,0.0116105347062326,0.2834782608695652,0.5826086956521739
LTP293,5,1,14,PADDLE,1,0.8717775216749111,0.8717775216749111,0.024734238280883,0.7930434782608695,0.6173913043478261
LTP293,5,1,15,FUNGUS,0,0.857748930446633,0.857748930446633,-0.0756602151449876,0.5843478260869566,0.2260869565217391
LTP293,5,1,16,TOASTER,1,0.8388652163249397,0.8388652163249397,-0.0409112715547276,0.3182608695652174,0.3182608695652174
LTP293,5,1,17,SUITCASE,1,0.8504388167748779,0.8504388167748779,0.0738136093318966,0.4921739130434782,0.7617391304347826
LTP293,5,1,18,CHEST,0,0.8182608568764987,0.8182608568764987,0.0462466984970233,0.1773913043478261,0.6643478260869565
LTP293,5,1,19,PALACE,1,0.8616175180338947,0.8616175180338947,0.0519088606487201,0.6417391304347826,0.688695652173913
LTP293,5,1,20,PATIENT,0,0.8556905611150013,0.8556905611150013,0.1087598205241194,0.5460869565217391,0.8643478260869565
LTP293,5,1,21,GROUND,1,0.8203514804885268,0.8203514804885268,-0.0076139551433611,0.1878260869565217,0.4869565217391304
LTP293,5,1,22,COFFEE,1,0.8648903231966061,0.8648903231966061,-0.0390369882693759,0.6921739130434783,0.3582608695652174
LTP293,5,1,23,CASHIER,1,0.8719001729228621,0.8719001729228621,0.1001849298729819,0.768695652173913,0.8556521739130435
LTP293,5,1,24,FLAG,0,0.7811476479785481,0.7811476479785481,-0.1091399080462599,0.0295652173913043,0.168695652173913
LTP293,5,2,1,AIRPLANE,1,0.8546082321703888,0.8546082321703888,0.0125423433929853,0.5182608695652173,0.5582608695652174
LTP293,5,2,2,LUMBER,0,0.8797630709129138,0.8797630709129138,-0.0175200314505089,0.8713043478260869,0.448695652173913
LTP293,5,2,3,AIRPORT,1,0.8360749717182966,0.8360749717182966,-0.1181724428595438,0.2747826086956522,0.1408695652173913
LTP293,5,2,4,OFFICE,1,0.8497401792986004,0.8497401792986004,-0.0753973116971824,0.4399999999999999,0.2486956521739131
LTP293,5,2,5,NIGHTGOWN,1,0.8456927415717149,0.8456927415717149,0.1950389966851276,0.3947826086956522,0.9582608695652174
LTP293,5,2,6,POSTAGE,0,0.8698341325887057,0.8698341325887057,0.081570116935181,0.7373913043478261,0.7547826086956522
LTP293,5,2,7,COWBOY,1,0.8602253412210544,0.8602253412210544,0.1294568469983469,0.5947826086956522,0.8695652173913043
LTP293,5,2,8,DORM,1,0.7737450118913547,0.7737450118913547,-0.1475029241474494,0.0208695652173912,0.0782608695652173
LTP293,5,2,9,TWISTER,0,0.8593489304721718,0.8593489304721718,0.1757415397618601,0.5826086956521739,0.9408695652173912
LTP293,5,2,10,JUGGLER,0,0.8508644706976449,0.8508644706976449,0.1002993080567512,0.4556521739130434,0.8104347826086956
LTP293,5,2,11,BASEMENT,0,0.8641174018480787,0.8641174018480787,0.0314798508234126,0.6608695652173913,0.6504347826086956
LTP293,5,2,12,PLUTO,0,0.8668363711571332,0.8668363711571332,0.0644772085154602,0.6852173913043478,0.7530434782608696
LTP293,5,2,13,HEDGE,0,0.8505344116792427,0.8505344116792427,0.0425909278372984,0.4399999999999999,0.6452173913043479
LTP293,5,2,14,TWIG,0,0.8602345004870792,0.8602345004870792,0.2240625632040622,0.5947826086956522,0.977391304347826
LTP293,5,2,15,BROOK,0,0.8451504733687182,0.8451504733687182,0.0352077975109805,0.3843478260869565,0.6173913043478261
LTP293,5,2,16,KIDNEY,0,0.8616933569055265,0.8616933569055265,0.1477149902308576,0.6226086956521739,0.8852173913043478
LTP293,5,2,17,PLAID,1,0.8027728002838067,0.8027728002838067,-0.0475695317782789,0.1147826086956521,0.3634782608695652
LTP293,5,2,18,TABLE,1,0.8428560382169489,0.8428560382169489,-0.0273415178626808,0.3686956521739131,0.4313043478260869
LTP293,5,2,19,COUCH,1,0.8436300600744193,0.8436300600744193,0.0774632727006344,0.3704347826086956,0.7565217391304347
LTP293,5,2,20,STAKE,1,0.8158145447072404,0.8158145447072404,-0.0925805659247552,0.1582608695652173,0.217391304347826
LTP293,5,2,21,DAUGHTER,1,0.8367755673325404,0.8367755673325404,0.2206560508601812,0.2852173913043478,0.96
LTP293,5,2,22,HUSBAND,0,0.8510041397058508,0.8510041397058508,0.1829592607261729,0.4539130434782609,0.9391304347826088
LTP293,5,2,23,WIDOW,0,0.8603509646414352,0.8603509646414352,0.3029788254643582,0.6,0.9895652173913044
LTP293,5,2,24,TYPIST,1,0.8843192565314923,0.8843192565314923,-0.0471864157834277,0.92,0.3634782608695652
LTP293,5,3,1,FIDDLE,0,0.9043359064644986,0.9043359064644986,0.160447810395398,0.9982608695652174,0.9078260869565218
LTP293,5,3,2,BATHTUB,1,0.8569179984653654,0.8569179984653654,0.178898780336988,0.56,0.9530434782608695
LTP293,5,3,3,TROUT,0,0.8062350215480647,0.8062350215480647,0.1265360905440777,0.1147826086956521,0.8521739130434782
LTP293,5,3,4,CURTAIN,0,0.9034046561063472,0.9034046561063472,0.1755323954511924,0.9965217391304348,0.9165217391304348
LTP293,5,3,5,TORTOISE,0,0.8923495054671642,0.8923495054671642,0.0660007908830221,0.954782608695652,0.7234782608695652
LTP293,5,3,6,STOMACH,1,0.83063823022746,0.83063823022746,0.1626304476561977,0.2521739130434782,0.9008695652173913
LTP293,5,3,7,CRICKET,1,0.8716563993539704,0.8716563993539704,0.0237016895755011,0.76,0.6139130434782609
LTP293,5,3,8,SLUG,1,0.8704538048584167,0.8704538048584167,0.1193548882841962,0.7582608695652174,0.8434782608695652
LTP293,5,3,9,PILOT,1,0.8839815029850532,0.8839815029850532,-0.0363867993003297,0.8956521739130435,0.3704347826086956
LTP293,5,3,10,SMOG,1,0.8574355608268317,0.8574355608268317,0.0473520343851425,0.5634782608695652,0.711304347826087
LTP293,5,3,11,CLOUD,1,0.8552180021175553,0.8552180021175553,0.1120034502958314,0.511304347826087,0.8243478260869566
LTP293,5,3,12,BOUQUET,0,0.8702987347261043,0.8702987347261043,-0.0183008524704421,0.7426086956521739,0.4330434782608695
LTP293,5,3,13,POPCORN,0,0.8345589162923713,0.8345589162923713,-0.0143974072885056,0.2973913043478261,0.4678260869565217
LTP293,5,3,14,CRITIC,1,0.8231271946291339,0.8231271946291339,0.1088519507908665,0.1947826086956522,0.808695652173913
LTP293,5,3,15,MILDEW,1,0.8904908819714713,0.8904908819714713,0.1163097606203837,0.9460869565217392,0.831304347826087
LTP293,5,3,16,SHORTCAKE,1,0.865501714524532,0.865501714524532,0.1618339839606139,0.671304347826087,0.9391304347826088
LTP293,5,3,17,LIVER,1,0.8143394118523265,0.8143394118523265,-0.0577347918440522,0.16,0.3304347826086956
LTP293,5,3,18,SLIME,1,0.8836507683440271,0.8836507683440271,0.1123028685736861,0.8921739130434783,0.817391304347826
LTP293,5,3,19,MAMMAL,1,0.8053112569901238,0.8053112569901238,0.0131809770094935,0.1130434782608695,0.5808695652173913
LTP293,5,3,20,CABBAGE,1,0.8421683904638999,0.8421683904638999,0.001951833722476,0.3739130434782608,0.5304347826086957
LTP293,5,3,21,SNAIL,1,0.8736839797139895,0.8736839797139895,-0.0333458919322073,0.7930434782608695,0.3756521739130435
LTP293,5,3,22,DRAWING,1,0.8549784554929031,0.8549784554929031,0.0083091301526552,0.528695652173913,0.5669565217391304
LTP293,5,3,23,BOYFRIEND,1,0.8699087670216533,0.8699087670216533,0.0277105938588938,0.7391304347826086,0.5860869565217391
LTP293,5,3,24,STATUE,0,0.8132129545571644,0.8132129545571644,0.0741676125727831,0.1408695652173913,0.768695652173913
LTP293,5,4,1,TREAT,1,0.7387884831575653,0.7387884831575653,0.0398349015646444,0.0,0.6295652173913043
LTP293,5,4,2,CHILD,1,0.8473446609453701,0.8473446609453701,0.0764521953203459,0.4260869565217391,0.7165217391304348
LTP293,5,4,3,BANK,1,0.8679738352796005,0.8679738352796005,-0.0017908812740859,0.6904347826086956,0.5252173913043479
LTP293,5,4,4,CHAUFFEUR,0,0.8472840529311416,0.8472840529311416,-0.0100135292723294,0.4173913043478261,0.4626086956521739
LTP293,5,4,5,LILY,1,0.8027969764729657,0.8027969764729657,-0.1170830643129765,0.0991304347826087,0.1269565217391304
LTP293,5,4,6,FRAGRANCE,0,0.8765646135288275,0.8765646135288275,0.0808158693541872,0.8017391304347826,0.751304347826087
LTP293,5,4,7,WHISTLE,0,0.8762931258921597,0.8762931258921597,-0.0135682118486386,0.808695652173913,0.457391304347826
LTP293,5,4,8,FLASK,1,0.8764387034256148,0.8764387034256148,0.002948970019896,0.8052173913043479,0.511304347826087
LTP293,5,4,9,SCOTCH,1,0.8606156569409662,0.8606156569409662,-0.0818692274437583,0.5808695652173913,0.1843478260869565
LTP293,5,4,10,BUCKET,1,0.8675508435541079,0.8675508435541079,0.0473721310716607,0.6921739130434783,0.6660869565217391
LTP293,5,4,11,GRAVE,0,0.7858513174784784,0.7858513174784784,-0.0482370070933467,0.0382608695652173,0.3252173913043478
LTP293,5,4,12,MARKET,0,0.8593891194032781,0.8593891194032781,0.0550726694846267,0.5878260869565217,0.6869565217391305
LTP293,5,4,13,TART,1,0.8335457304848425,0.8335457304848425,0.0725623359483496,0.2713043478260869,0.7391304347826086
LTP293,5,4,14,HAWK,0,0.8079301197043361,0.8079301197043361,-0.0014925449574553,0.111304347826087,0.5356521739130435
LTP293,5,4,15,ROBIN,1,0.8322574053119367,0.8322574053119367,0.071067489936236,0.2626086956521739,0.72
LTP293,5,4,16,GRILL,1,0.871650940316221,0.871650940316221,0.0642746077478617,0.7617391304347826,0.7617391304347826
LTP293,5,4,17,HORNET,0,0.8728849929686983,0.8728849929686983,0.0764555121143684,0.8034782608695652,0.7930434782608695
LTP293,5,4,18,PORK,1,0.8581925327989359,0.8581925327989359,-0.0579328178873295,0.5808695652173913,0.3234782608695652
LTP293,5,4,19,PORTRAIT,0,0.8809785721728971,0.8809785721728971,0.0566548435895361,0.8817391304347826,0.688695652173913
LTP293,5,4,20,RIVER,1,0.8728406132806623,0.8728406132806623,0.0042625502634133,0.7756521739130435,0.5321739130434783
LTP293,5,4,21,PERMIT,1,0.8489682677517087,0.8489682677517087,-0.0772396833614452,0.4539130434782609,0.2382608695652174
LTP293,5,4,22,STICKER,1,0.8578178685788234,0.8578178685788234,0.0181309259678849,0.5791304347826087,0.6086956521739131
LTP293,5,4,23,PANTHER,1,0.8533348002888229,0.8533348002888229,-0.0486076163038681,0.511304347826087,0.3339130434782609
LTP293,5,4,24,MONSTER,1,0.852670567189313,0.852670567189313,-0.0034532242228637,0.4956521739130435,0.5130434782608695
LTP293,5,5,1,FRUIT,0,0.8465049091349194,0.8465049091349194,0.1727125079968686,0.4365217391304348,0.9530434782608695
LTP293,5,5,2,SUNSET,1,0.8506776630937388,0.8506776630937388,0.0534691939472674,0.4834782608695652,0.6765217391304348
LTP293,5,5,3,SPARROW,0,0.8367577834431799,0.8367577834431799,0.0350541787517738,0.2939130434782608,0.6486956521739131
LTP293,5,5,4,BEEF,1,0.8098026889771628,0.8098026889771628,0.0269098303866974,0.1147826086956521,0.6052173913043478
LTP293,5,5,5,SUNRISE,1,0.8972162732521253,0.8972162732521253,0.0971663990382798,0.9982608695652174,0.8365217391304348
LTP293,5,5,6,DIVER,1,0.7927697953881945,0.7927697953881945,0.1096767528307821,0.048695652173913,0.8556521739130435
LTP293,5,5,7,RADISH,1,0.8648498630852829,0.8648498630852829,-0.0304343853722957,0.6643478260869565,0.4191304347826087
LTP293,5,5,8,SALAD,1,0.864921356573248,0.864921356573248,0.0450481782907148,0.6939130434782609,0.6730434782608696
LTP293,5,5,9,PLATE,1,0.7747300893067605,0.7747300893067605,-0.2477399159227542,0.0139130434782608,0.0121739130434782
LTP293,5,5,10,SWORD,1,0.8035123537386547,0.8035123537386547,0.1153630676191189,0.0939130434782609,0.8730434782608696
LTP293,5,5,11,HUMAN,1,0.8185617769999919,0.8185617769999919,-0.016853542749935,0.1495652173913043,0.4521739130434783
LTP293,5,5,12,BLENDER,1,0.8907567204642743,0.8907567204642743,-0.1721743617335321,0.977391304347826,0.0556521739130434
LTP293,5,5,13,TAXI,1,0.8496171261477414,0.8496171261477414,-0.1902221674763966,0.4660869565217391,0.048695652173913
LTP293,5,5,14,GALLON,1,0.8365484272460979,0.8365484272460979,-0.1070111687541261,0.3043478260869565,0.1913043478260869
LTP293,5,5,15,SLIDE,0,0.8644889561726119,0.8644889561726119,0.009912236429187,0.6643478260869565,0.5652173913043479
LTP293,5,5,16,FLESH,1,0.8397580092873064,0.8397580092873064,-0.0537130800155566,0.328695652173913,0.3773913043478261
LTP293,5,5,17,DUST,1,0.8473454934184027,0.8473454934184027,0.0193962332942143,0.4121739130434783,0.6
LTP293,5,5,18,PIANO,0,0.8439583451030244,0.8439583451030244,-0.1770945098247975,0.3895652173913043,0.0817391304347826
LTP293,5,5,19,MOTOR,1,0.8069836674433508,0.8069836674433508,0.0741572397161798,0.0991304347826087,0.7895652173913044
LTP293,5,5,20,INFANT,0,0.868821858775603,0.868821858775603,0.0972177906190298,0.7321739130434783,0.8365217391304348
LTP293,5,5,21,FOOT,0,0.786270520618906,0.786270520618906,-0.0006993709310976,0.026086956521739,0.5321739130434783
LTP293,5,5,22,GANGSTER,1,0.8562840637207526,0.8562840637207526,-0.0025129927628249,0.56,0.5391304347826087
LTP293,5,5,23,REPORT,1,0.8028060146566464,0.8028060146566464,-0.0066543702421865,0.0904347826086956,0.5060869565217392
LTP293,5,5,24,BRIEFCASE,1,0.8459305062973904,0.8459305062973904,-0.1217876661571265,0.4191304347826087,0.1826086956521738
LTP293,5,6,1,NOMAD,1,0.8064221718347443,0.8064221718347443,-0.0767635573449859,0.1060869565217391,0.2156521739130434
LTP293,5,6,2,ACTOR,0,0.79231985301904,0.79231985301904,0.1007098315176089,0.0469565217391304,0.8521739130434782
LTP293,5,6,3,ACTRESS,0,0.8812842392788864,0.8812842392788864,0.0598068718545649,0.8991304347826087,0.7078260869565217
LTP293,5,6,4,PARSLEY,1,0.8698560138556545,0.8698560138556545,0.0046276263914138,0.7408695652173913,0.5617391304347826
LTP293,5,6,5,MARKER,0,0.8563569305124729,0.8563569305124729,0.0274567295900088,0.7669565217391304,0.5704347826086957
LTP293,5,6,6,FRECKLE,0,0.8292056875827613,0.8292056875827613,-0.031966582633307,0.5965217391304347,0.3930434782608696
LTP293,5,6,7,CONCERT,1,0.8183374690466595,0.8183374690466595,0.1366058468366669,0.1843478260869565,0.9234782608695652
LTP293,5,6,8,GIRL,1,0.8611609811743557,0.8611609811743557,-0.125439164649412,0.6695652173913044,0.1147826086956521
LTP293,5,6,9,INMATE,1,0.84895450591876,0.84895450591876,-0.002409935629639,0.4608695652173913,0.5391304347826087
LTP293,5,6,10,BACON,1,0.8087295400238576,0.8087295400238576,0.2030567752858452,0.1217391304347825,0.9791304347826086
LTP293,5,6,11,SURVEY,0,0.8298638126310072,0.8298638126310072,0.0030750295457094,0.2330434782608695,0.568695652173913
LTP293,5,6,12,ISLAND,0,0.7718432449994937,0.7718432449994937,0.0915300359290094,0.0104347826086956,0.8539130434782609
LTP293,5,6,13,CONTRACT,0,0.8157038698647009,0.8157038698647009,0.157203823526728,0.1391304347826086,0.9408695652173912
LTP293,5,6,14,BEAKER,1,0.8531048222118363,0.8531048222118363,-0.0268165363441714,0.5182608695652173,0.3878260869565217
LTP293,5,6,15,BACKBONE,0,0.8832068431502437,0.8832068431502437,-0.104316211345566,0.9234782608695652,0.1356521739130435
LTP293,5,6,16,CELLAR,1,0.8709436259182407,0.8709436259182407,0.0874362327375565,0.782608695652174,0.8469565217391304
LTP293,5,6,17,TILE,1,0.8385755484931982,0.8385755484931982,0.0296179596332569,0.3078260869565217,0.6365217391304347
LTP293,5,6,18,SALMON,0,0.8524271508527008,0.8524271508527008,0.0823799225899271,0.4817391304347825,0.8434782608695652
LTP293,5,6,19,FLIPPER,1,0.8384217447787607,0.8384217447787607,-0.0248046733506714,0.3165217391304348,0.4365217391304348
LTP293,5,6,20,PLAYGROUND,1,0.8514591959122927,0.8514591959122927,-0.1967052887426006,0.4765217391304348,0.0139130434782608
LTP293,5,6,21,CHEMIST,1,0.8744282894696281,0.8744282894696281,-0.1515327837649647,0.8208695652173913,0.0643478260869565
LTP293,5,6,22,CABIN,1,0.8383802999317279,0.8383802999317279,-0.0509416198780854,0.3026086956521739,0.3060869565217391
LTP293,5,6,23,OUTLAW,1,0.8661360720997964,0.8661360720997964,-0.1637940769185517,0.6973913043478261,0.0643478260869565
LTP293,5,6,24,SCISSORS,0,0.8279298552844777,0.8279298552844777,0.0838929326379438,0.217391304347826,0.8417391304347825
LTP293,5,7,1,COIN,1,0.8381781707802675,0.8381781707802675,0.0072569713395826,0.3043478260869565,0.5530434782608695
LTP293,5,7,2,COUNTRY,1,0.8355582294836996,0.8355582294836996,-0.0319489696081176,0.2869565217391304,0.3878260869565217
LTP293,5,7,3,THREAD,1,0.8450365702136806,0.8450365702136806,-0.0753864241705408,0.3808695652173913,0.2208695652173913
LTP293,5,7,4,ASIA,0,0.8019071527761302,0.8019071527761302,0.1956906328137485,0.1026086956521739,0.9530434782608695
LTP293,5,7,5,TRIBE,0,0.8682459373663809,0.8682459373663809,0.0358908682366513,0.6939130434782609,0.6765217391304348
LTP293,5,7,6,LAGOON,0,0.8350820392542809,0.8350820392542809,-0.1220345218779613,0.2747826086956522,0.1269565217391304
LTP293,5,7,7,STONE,0,0.8493372180380726,0.8493372180380726,0.1259410307747805,0.4382608695652173,0.8730434782608696
LTP293,5,7,8,PEACH,0,0.8367367242865869,0.8367367242865869,-0.0668302747989176,0.2904347826086957,0.2382608695652174
LTP293,5,7,9,HAMPER,1,0.8844604529249889,0.8844604529249889,-0.0005774611290037,0.9008695652173913,0.5182608695652173
LTP293,5,7,10,SCARF,0,0.861974669230526,0.861974669230526,0.0724820310029206,0.6052173913043478,0.7947826086956522
LTP293,5,7,11,CRAYON,0,0.8938677626383649,0.8938677626383649,-0.0269538740381965,0.977391304347826,0.4243478260869565
LTP293,5,7,12,RIFLE,0,0.8534013183345005,0.8534013183345005,-0.0829591057188272,0.4904347826086956,0.1930434782608695
LTP293,5,7,13,STAPLE,0,0.8594343711774278,0.8594343711774278,-0.0179581614491366,0.5652173913043479,0.4886956521739131
LTP293,5,7,14,HELMET,0,0.8536325091671351,0.8536325091671351,-0.0273211915955235,0.4834782608695652,0.4191304347826087
LTP293,5,7,15,PEBBLE,0,0.8233261145891431,0.8233261145891431,-0.0222412568331326,0.2034782608695652,0.4399999999999999
LTP293,5,7,16,LONDON,0,0.800782633065924,0.800782633065924,-0.0499436725577295,0.0956521739130434,0.3008695652173913
LTP293,5,7,17,PEPPER,1,0.8427547215291288,0.8427547215291288,0.022401454468494,0.3565217391304348,0.6504347826086956
LTP293,5,7,18,SALT,1,0.8517334238834583,0.8517334238834583,0.1171921925052715,0.4782608695652174,0.8539130434782609
LTP293,5,7,19,BRACES,0,0.8677078909251821,0.8677078909251821,0.0877857830816985,0.7095652173913043,0.8034782608695652
LTP293,5,7,20,FIREPLACE,0,0.8756844031173705,0.8756844031173705,-0.0314011542239612,0.817391304347826,0.4139130434782608
LTP293,5,7,21,SEAFOOD,0,0.8635632925823524,0.8635632925823524,-0.0808035137398007,0.6173913043478261,0.1808695652173912
LTP293,5,7,22,BURGLAR,0,0.8807698276789591,0.8807698276789591,-0.0127917329228474,0.8817391304347826,0.4852173913043478
LTP293,5,7,23,BRICK,1,0.8902331827309621,0.8902331827309621,-0.0270269451554473,0.96,0.4399999999999999
LTP293,5,7,24,ANTLER,1,0.8684151567350742,0.8684151567350742,0.1115613682029468,0.7060869565217391,0.8817391304347826
LTP293,5,8,1,VENUS,1,0.8176005507831943,0.8176005507831943,-0.051061438821075,0.1860869565217391,0.328695652173913
LTP293,5,8,2,HORSE,1,0.8591874476180367,0.8591874476180367,0.0753880870201858,0.5895652173913044,0.7408695652173913
LTP293,5,8,3,XEROX,0,0.8684680530065217,0.8684680530065217,0.1822734964505314,0.7304347826086957,0.9443478260869566
LTP293,5,8,4,ROBOT,0,0.8283473615116451,0.8283473615116451,-0.0048872360204514,0.3391304347826087,0.4869565217391304
LTP293,5,8,5,PIGMENT,0,0.8184541545028364,0.8184541545028364,-0.0656880241908585,0.6260869565217391,0.3078260869565217
LTP293,5,8,6,BREAST,0,0.8286056822105237,0.8286056822105237,-0.1202834809690759,0.5878260869565217,0.1878260869565217
LTP293,5,8,7,PUPPY,1,0.8697046828900984,0.8697046828900984,-0.0770312171753168,0.8869565217391304,0.2834782608695652
LTP293,5,8,8,FOX,1,0.7960185026624765,0.7960185026624765,-0.0149320001302586,0.0939130434782609,0.4678260869565217
LTP293,5,8,9,PIGEON,1,0.8961839764363029,0.8961839764363029,0.0145251495906139,0.9878260869565216,0.5808695652173913
LTP293,5,8,10,SIBLING,0,0.8461001373142893,0.8461001373142893,-0.101367350354853,0.4313043478260869,0.168695652173913
LTP293,5,8,11,MARROW,0,0.8793186677375876,0.8793186677375876,0.0603192568063621,0.8730434782608696,0.711304347826087
LTP293,5,8,12,GHETTO,0,0.8823542332058943,0.8823542332058943,0.0828273057480235,0.8991304347826087,0.8069565217391305
LTP293,5,8,13,DONOR,0,0.8241158788219444,0.8241158788219444,-0.0924696450387119,0.2226086956521739,0.2278260869565217
LTP293,5,8,14,HEART,0,0.8741015452049652,0.8741015452049652,0.044455869436591,0.8017391304347826,0.6730434782608696
LTP293,5,8,15,MATCH,0,0.8472537816742737,0.8472537816742737,-0.0288933580346438,0.4313043478260869,0.3965217391304347
LTP293,5,8,16,CATTLE,1,0.8854427116022467,0.8854427116022467,-0.1318930513763845,0.8852173913043478,0.1304347826086956
LTP293,5,8,17,CLOCK,0,0.8333339561654974,0.8333339561654974,-0.1543149044544804,0.3008695652173913,0.0817391304347826
LTP293,5,8,18,SUPPER,0,0.7954770664678761,0.7954770664678761,0.0072093750723335,0.0765217391304348,0.5478260869565217
LTP293,5,8,19,WASHER,1,0.8506518360536549,0.8506518360536549,-0.0223775285096026,0.4695652173913043,0.3982608695652174
LTP293,5,8,20,BROTHER,0,0.8830838916921303,0.8830838916921303,0.1151603530382777,0.9008695652173913,0.88
LTP293,5,8,21,JURY,1,0.824215272121705,0.824215272121705,-0.1557384161288559,0.231304347826087,0.0765217391304348
LTP293,5,8,22,SILK,1,0.876349058287924,0.876349058287924,0.0071108296819266,0.8486956521739131,0.5304347826086957
LTP293,5,8,23,LAVA,1,0.7879667162416545,0.7879667162416545,-0.1192754217739869,0.0713043478260869,0.16
LTP293,5,8,24,FOREHEAD,1,0.8241125957177261,0.8241125957177261,0.026635676153678,0.217391304347826,0.6139130434782609
LTP293,5,9,1,AWARD,1,0.8240416691174605,0.8240416691174605,-0.0216104249091059,0.3182608695652174,0.4260869565217391
LTP293,5,9,2,NURSE,0,0.8694789616573005,0.8694789616573005,0.0732648351538233,0.8330434782608696,0.7234782608695652
LTP293,5,9,3,GREASE,1,0.8382982707983722,0.8382982707983722,-0.1080533042835468,0.457391304347826,0.1669565217391304
LTP293,5,9,4,PISTON,0,0.8770168697360738,0.8770168697360738,0.1398424365331145,0.8747826086956522,0.8834782608695653
LTP293,5,9,5,KNIFE,0,0.8269488172978661,0.8269488172978661,0.0930899431197229,0.2782608695652173,0.782608695652174
LTP293,5,9,6,TUNNEL,1,0.8795894554598803,0.8795894554598803,0.0290038120402109,0.8939130434782608,0.6417391304347826
LTP293,5,9,7,GARBAGE,1,0.875531862944696,0.875531862944696,0.0407790380023383,0.8504347826086956,0.6313043478260869
LTP293,5,9,8,PLIERS,1,0.873038122728886,0.873038122728886,0.142970535773873,0.7947826086956522,0.9060869565217392
LTP293,5,9,9,PISTOL,0,0.8772823823695273,0.8772823823695273,0.1880055715353102,0.8347826086956522,0.9321739130434784
LTP293,5,9,10,SHORTS,0,0.8177282365573769,0.8177282365573769,0.0083431610467187,0.208695652173913,0.5147826086956522
LTP293,5,9,11,LASER,0,0.7691008330730201,0.7691008330730201,-0.0673476228146132,0.026086956521739,0.2695652173913043
LTP293,5,9,12,JELLY,1,0.8575390802370816,0.8575390802370816,0.0028127342144969,0.5739130434782609,0.4921739130434782
LTP293,5,9,13,GOBLIN,0,0.8461878028428649,0.8461878028428649,-0.1031145023313683,0.471304347826087,0.1739130434782608
LTP293,5,9,14,BLOUSE,0,0.8723015463840841,0.8723015463840841,0.0207408137707008,0.7443478260869565,0.5582608695652174
LTP293,5,9,15,MARINE,1,0.8507865832197449,0.8507865832197449,-0.1151171268736991,0.5130434782608695,0.1321739130434782
LTP293,5,9,16,CRIB,0,0.8336365950460882,0.8336365950460882,-0.0866418835044246,0.3078260869565217,0.2121739130434782
LTP293,5,9,17,CANAL,1,0.8675855815538548,0.8675855815538548,0.0202595767331291,0.6869565217391305,0.5721739130434782
LTP293,5,9,18,HOOK,0,0.8893065811468951,0.8893065811468951,0.053917345303125,0.9478260869565216,0.6765217391304348
LTP293,5,9,19,SADDLE,1,0.8626769595024952,0.8626769595024952,0.0409694986471715,0.6243478260869566,0.6243478260869566
LTP293,5,9,20,STALLION,1,0.8479077578268711,0.8479077578268711,-0.1348922540344287,0.4782608695652174,0.1182608695652174
LTP293,5,9,21,HATCHET,0,0.8547114111048482,0.8547114111048482,0.0033556128573901,0.5391304347826087,0.4869565217391304
LTP293,5,9,22,MAILBOX,0,0.8693976411704135,0.8693976411704135,0.0990648994946531,0.7373913043478261,0.808695652173913
LTP293,5,9,23,GIFT,1,0.8409238920767369,0.8409238920767369,-0.0254433427839528,0.3756521739130435,0.3808695652173913
LTP293,5,9,24,KETCHUP,1,0.870539894063471,0.870539894063471,-0.1390274639410605,0.7530434782608696,0.1026086956521739
LTP293,5,10,1,ANKLE,1,0.8666812118562648,0.8666812118562648,0.0982591900195634,0.7095652173913043,0.8208695652173913
LTP293,5,10,2,LACE,0,0.8197840426250512,0.8197840426250512,0.0959467598111125,0.1913043478260869,0.7808695652173914
LTP293,5,10,3,SHIRT,1,0.8551099807979818,0.8551099807979818,-0.0243432475632906,0.537391304347826,0.4104347826086957
LTP293,5,10,4,UMPIRE,1,0.8438983756888225,0.8438983756888225,-0.1754697933997038,0.4173913043478261,0.0591304347826087
LTP293,5,10,5,DRESS,1,0.8625697565153273,0.8625697565153273,-0.1471291507275254,0.6469565217391304,0.097391304347826
LTP293,5,10,6,BUREAU,0,0.8417081476784538,0.8417081476784538,-0.0103596145599382,0.3930434782608696,0.4956521739130435
LTP293,5,10,7,HAND,1,0.811177877516872,0.811177877516872,-0.1041344508872782,0.1408695652173913,0.1669565217391304
LTP293,5,10,8,FRIAR,0,0.8412355964273509,0.8412355964273509,-0.0852674872453008,0.3843478260869565,0.2695652173913043
LTP293,5,10,9,TEMPLE,0,0.866872071841029,0.866872071841029,-0.1752141909959756,0.7078260869565217,0.0573913043478261
LTP293,5,10,10,SCARECROW,0,0.887955666841015,0.887955666841015,0.0045281834390863,0.9634782608695652,0.537391304347826
LTP293,5,10,11,DOLPHIN,0,0.8457872737049028,0.8457872737049028,0.022527330383854,0.4417391304347826,0.5930434782608696
LTP293,5,10,12,CLAMP,0,0.8081363817491809,0.8081363817491809,0.1462205769229871,0.1252173913043478,0.9339130434782608
LTP293,5,10,13,DASHBOARD,1,0.8756931952484979,0.8756931952484979,-0.035054889975046,0.8104347826086956,0.3652173913043478
LTP293,5,10,14,BARLEY,0,0.8781411560020713,0.8781411560020713,0.1346134050835522,0.8747826086956522,0.8747826086956522
LTP293,5,10,15,SLOPE,0,0.8632683773920046,0.8632683773920046,0.0600410779817664,0.6486956521739131,0.7339130434782608
LTP293,5,10,16,SHOULDER,1,0.8657653966686369,0.8657653966686369,-0.0580039667357518,0.6591304347826087,0.3008695652173913
LTP293,5,10,17,SWAMP,1,0.7830516960191815,0.7830516960191815,0.1689481323976825,0.0313043478260869,0.9234782608695652
LTP293,5,10,18,GRAPE,0,0.7725691211036744,0.7725691211036744,-0.0185773852272771,0.0121739130434782,0.4695652173913043
LTP293,5,10,19,BRANCH,1,0.8425983568521749,0.8425983568521749,-0.0724349705202739,0.3721739130434782,0.2208695652173913
LTP293,5,10,20,CONVICT,1,0.8182059361258017,0.8182059361258017,-0.0727097180816958,0.1826086956521738,0.2226086956521739
LTP293,5,10,21,SUSPECT,1,0.8600969567037259,0.8600969567037259,-0.228706412660736,0.6017391304347826,0.0104347826086956
LTP293,5,10,22,BUBBLE,1,0.8689228230776986,0.8689228230776986,0.0087706907614982,0.7443478260869565,0.5495652173913044
LTP293,5,10,23,BLACKBOARD,1,0.8278886141306966,0.8278886141306966,-0.0079339399181912,0.2278260869565217,0.4765217391304348
LTP293,5,10,24,SKIRT,1,0.8555106003721067,0.8555106003721067,0.0550383647033067,0.5321739130434783,0.6869565217391305
LTP293,5,11,1,APRON,1,0.8722183230923805,0.8722183230923805,-0.0025108330944562,0.8243478260869566,0.4991304347826086
LTP293,5,11,2,GARLIC,0,0.8524445210833476,0.8524445210833476,-0.1018447826539089,0.5217391304347826,0.2417391304347825
LTP293,5,11,3,PUPIL,1,0.8368099365220097,0.8368099365220097,-0.0689348817997142,0.3269565217391305,0.2973913043478261
LTP293,5,11,4,EAGLE,0,0.8452465890763236,0.8452465890763236,0.0617434849930051,0.4330434782608695,0.702608695652174
LTP293,5,11,5,KNAPSACK,0,0.8498509250628422,0.8498509250628422,0.0492306865583765,0.4747826086956521,0.688695652173913
LTP293,5,11,6,MEAT,0,0.8599107942131113,0.8599107942131113,0.079495083778057,0.6,0.7252173913043478
LTP293,5,11,7,BISON,0,0.8631452038333655,0.8631452038333655,0.0212664866775158,0.6834782608695652,0.5652173913043479
LTP293,5,11,8,MUFFIN,0,0.8701916078138904,0.8701916078138904,0.2124511484808153,0.76,0.9495652173913044
LTP293,5,11,9,TUTU,1,0.8009945991533238,0.8009945991533238,0.0324682619610244,0.0921739130434782,0.6052173913043478
LTP293,5,11,10,JEANS,1,0.8580518781065011,0.8580518781065011,-0.1023931927046754,0.5947826086956522,0.2539130434782608
LTP293,5,11,11,ZIPPER,1,0.791070088840103,0.791070088840103,0.1005139915210398,0.048695652173913,0.768695652173913
LTP293,5,11,12,TROMBONE,0,0.8830368740742419,0.8830368740742419,0.1001323918282332,0.9095652173913044,0.7982608695652174
LTP293,5,11,13,VAGRANT,1,0.8543109343450365,0.8543109343450365,0.1877721147907475,0.537391304347826,0.9304347826086956
LTP293,5,11,14,TURKEY,1,0.8707196656787268,0.8707196656787268,-0.0765814087449113,0.8,0.3147826086956522
LTP293,5,11,15,COCOON,1,0.8190237974076284,0.8190237974076284,0.0143556155935635,0.1826086956521738,0.5391304347826087
LTP293,5,11,16,OMELET,1,0.8519582737686686,0.8519582737686686,0.0757426821062718,0.4852173913043478,0.7095652173913043
LTP293,5,11,17,BARREL,1,0.8381014433815012,0.8381014433815012,0.104860345278616,0.3234782608695652,0.8226086956521739
LTP293,5,11,18,CHAMPAGNE,0,0.8633076951602471,0.8633076951602471,0.3518752107275511,0.6521739130434783,0.9965217391304348
LTP293,5,11,19,MATTRESS,0,0.8699072537638002,0.8699072537638002,0.0074850146238387,0.7756521739130435,0.5147826086956522
LTP293,5,11,20,ATOM,1,0.7870345601519084,0.7870345601519084,0.1182462222981243,0.0347826086956521,0.8730434782608696
LTP293,5,11,21,MISSILE,1,0.8481039317493793,0.8481039317493793,0.0753106326061707,0.4539130434782609,0.7426086956521739
LTP293,5,11,22,GUITAR,0,0.7708091260147296,0.7708091260147296,0.0874670913614885,0.0104347826086956,0.8260869565217391
LTP293,5,11,23,BEAST,1,0.8075139125680101,0.8075139125680101,0.0564246199278857,0.111304347826087,0.6591304347826087
LTP293,5,11,24,PENGUIN,1,0.8977490021199086,0.8977490021199086,0.0883935116671061,0.9947826086956522,0.7634782608695652
LTP293,5,12,1,TWEEZERS,1,0.8388868741913009,0.8388868741913009,0.0033997095597282,0.3078260869565217,0.5252173913043479
LTP293,5,12,2,CRUTCH,0,0.8861651825503689,0.8861651825503689,-0.0673100515605462,0.9269565217391303,0.2695652173913043
LTP293,5,12,3,CHIPMUNK,1,0.8840090227282006,0.8840090227282006,0.0725161300639065,0.9078260869565218,0.7756521739130435
LTP293,5,12,4,PIMPLE,1,0.8703085002111207,0.8703085002111207,0.1022773535724043,0.7391304347826086,0.8782608695652174
LTP293,5,12,5,BUGGY,1,0.8782841573592557,0.8782841573592557,0.0723520054856977,0.8556521739130435,0.7878260869565217
LTP293,5,12,6,COTTAGE,0,0.8768162889420504,0.8768162889420504,0.0696984816328365,0.831304347826087,0.7704347826086957
LTP293,5,12,7,POLICE,1,0.8300726875862878,0.8300726875862878,-0.0011209938774629,0.2382608695652174,0.4834782608695652
LTP293,5,12,8,NOTEBOOK,1,0.7943652628866176,0.7943652628866176,0.0373255070588106,0.0608695652173912,0.6608695652173913
LTP293,5,12,9,MESSAGE,1,0.8458545844517803,0.8458545844517803,0.0464211384891141,0.408695652173913,0.688695652173913
LTP293,5,12,10,ORCHID,0,0.8550784802049637,0.8550784802049637,-0.0325520226036797,0.5252173913043479,0.3686956521739131
LTP293,5,12,11,RATTLE,0,0.8713215214433063,0.8713215214433063,-0.0456214440455281,0.7739130434782608,0.3617391304347825
LTP293,5,12,12,GUARD,1,0.8730181863071753,0.8730181863071753,0.0520491061973875,0.7913043478260869,0.7147826086956521
LTP293,5,12,13,COOK,0,0.8179013318538451,0.8179013318538451,-0.0751265999773896,0.1704347826086956,0.2104347826086956
LTP293,5,12,14,CUPBOARD,0,0.8833151386305487,0.8833151386305487,0.0542399056868571,0.9113043478260868,0.72
LTP293,5,12,15,CARRIAGE,0,0.8579981938199103,0.8579981938199103,0.0633032694633139,0.5669565217391304,0.751304347826087
LTP293,5,12,16,JUDGE,0,0.8289530257809427,0.8289530257809427,0.0876863869705225,0.2278260869565217,0.8243478260869566
LTP293,5,12,17,SERVANT,0,0.8027263964648662,0.8027263964648662,0.021165202517835,0.1026086956521739,0.5791304347826087
LTP293,5,12,18,DRINK,0,0.8092497439071513,0.8092497439071513,-0.1234016199197269,0.1321739130434782,0.128695652173913
LTP293,5,12,19,SEAL,0,0.7715165024438585,0.7715165024438585,-0.1465492997839506,0.0156521739130435,0.0817391304347826
LTP293,5,12,20,VIRUS,1,0.8120528693549437,0.8120528693549437,-0.0737480170701133,0.1478260869565217,0.2556521739130435
LTP293,5,12,21,CAMEL,1,0.8795541947841243,0.8795541947841243,-0.0835762569821013,0.8730434782608696,0.1947826086956522
LTP293,5,12,22,CIGAR,0,0.8643545898719865,0.8643545898719865,0.0842243167942863,0.6365217391304347,0.8139130434782609
LTP293,5,12,23,POET,0,0.81400159665118,0.81400159665118,-0.0100636344588834,0.1513043478260869,0.4608695652173913
LTP293,5,12,24,FOOTBALL,0,0.8324368641399399,0.8324368641399399,-0.1510199466615264,0.2626086956521739,0.0869565217391304
LTP293,5,13,1,SODA,0,0.7770411673173852,0.7770411673173852,-0.1795949962783596,0.0278260869565217,0.0191304347826086
LTP293,5,13,2,PLAZA,1,0.7873699245993082,0.7873699245993082,0.088452141858412,0.1339130434782608,0.831304347826087
LTP293,5,13,3,APPLE,1,0.8227754607841758,0.8227754607841758,-0.0526666096886543,0.3234782608695652,0.3547826086956521
LTP293,5,13,4,FLOWER,1,0.8907083832107546,0.8907083832107546,0.2208794049924021,0.9791304347826086,0.9739130434782608
LTP293,5,13,5,PREACHER,0,0.8619534289150069,0.8619534289150069,0.2359594515296579,0.6156521739130435,0.9878260869565216
LTP293,5,13,6,PECAN,0,0.8170808640856674,0.8170808640856674,-0.054482508365511,0.1843478260869565,0.3982608695652174
LTP293,5,13,7,ITEM,0,0.823831849851731,0.823831849851731,-0.0950350185516605,0.1947826086956522,0.1704347826086956
LTP293,5,13,8,WRIST,0,0.8756483788410367,0.8756483788410367,0.0932265662575411,0.7843478260869565,0.7930434782608695
LTP293,5,13,9,BANQUET,1,0.8852540212485172,0.8852540212485172,0.0189452654999832,0.9008695652173913,0.56
LTP293,5,13,10,RELISH,1,0.8354725273527754,0.8354725273527754,-0.1338541700295401,0.3113043478260869,0.1826086956521738
LTP293,5,13,11,DAISY,1,0.8580648314685462,0.8580648314685462,0.0318637348601144,0.5426086956521738,0.6313043478260869
LTP293,5,13,12,WRENCH,0,0.8380586366624893,0.8380586366624893,-0.0704245052408931,0.3339130434782609,0.3773913043478261
LTP293,5,13,13,CHAPEL,0,0.8348971221186393,0.8348971221186393,-0.0317478396390352,0.2852173913043478,0.4504347826086956
LTP293,5,13,14,GARDEN,0,0.8608050246766514,0.8608050246766514,0.3131411260898528,0.5895652173913044,0.9843478260869564
LTP293,5,13,15,SCALLOP,0,0.8467710479970786,0.8467710479970786,-0.2230213354519894,0.448695652173913,0.0382608695652173
LTP293,5,13,16,TUBA,0,0.8570675784089069,0.8570675784089069,0.0794208294513862,0.5478260869565217,0.6939130434782609
LTP293,5,13,17,ROOSTER,0,0.8645184595513223,0.8645184595513223,-0.1224981380218849,0.6365217391304347,0.2260869565217391
LTP293,5,13,18,YOLK,0,0.87233071553969,0.87233071553969,-0.0052760834480104,0.7252173913043478,0.551304347826087
LTP293,5,13,19,FRAME,0,0.8789444218489211,0.8789444218489211,0.0669057258783384,0.8260869565217391,0.7217391304347827
LTP293,5,13,20,JELLO,0,0.8595241809455866,0.8595241809455866,-0.0513432396102338,0.5791304347826087,0.4452173913043478
LTP293,5,13,21,FINGER,0,0.8979486123666851,0.8979486123666851,0.21332838236333,0.982608695652174,0.9147826086956522
LTP293,5,13,22,BLADE,1,0.8850431330705831,0.8850431330705831,0.0501130823356843,0.8973913043478261,0.6608695652173913
LTP293,5,13,23,RAZOR,1,0.8461944158110453,0.8461944158110453,-0.092340572850774,0.4208695652173913,0.2486956521739131
LTP293,5,13,24,GRAVEL,1,0.7591159918204831,0.7591159918204831,-0.0850302035317065,0.0052173913043478,0.3460869565217391
LTP293,5,14,1,CRATER,1,0.87752440679492,0.87752440679492,0.1497961853588394,0.7791304347826087,0.8052173913043479
LTP293,5,14,2,CREATURE,1,0.8488918749830592,0.8488918749830592,-0.061013459953463,0.4678260869565217,0.3478260869565217
LTP293,5,14,3,PACKAGE,1,0.8520622371277796,0.8520622371277796,-0.0329642443205669,0.5130434782608695,0.4139130434782608
LTP293,5,14,4,EGYPT,0,0.8495655279989976,0.8495655279989976,0.0276149611814496,0.4660869565217391,0.5965217391304347
LTP293,5,14,5,RECORD,0,0.8531491875668051,0.8531491875668051,0.0327485665976236,0.511304347826087,0.6904347826086956
LTP293,5,14,6,HARP,0,0.8494611759716824,0.8494611759716824,0.0174854341671152,0.6904347826086956,0.5652173913043479
LTP293,5,14,7,WORLD,1,0.8168594872536885,0.8168594872536885,0.0315393627944905,0.168695652173913,0.6539130434782608
LTP293,5,14,8,SWIMMER,0,0.7975952395061828,0.7975952395061828,-0.0500322129636452,0.088695652173913,0.4139130434782608
LTP293,5,14,9,DINER,1,0.7910828478153207,0.7910828478153207,-0.0258267385357082,0.0695652173913043,0.4817391304347825
LTP293,5,14,10,CYCLONE,0,0.8255316519868962,0.8255316519868962,-0.1093046444387786,0.6434782608695653,0.1234782608695652
LTP293,5,14,11,SAUSAGE,1,0.8091688251357594,0.8091688251357594,-0.0163162495843273,0.1999999999999999,0.4452173913043478
LTP293,5,14,12,PASTA,1,0.8567945557872295,0.8567945557872295,0.0220024640901926,0.6417391304347826,0.6243478260869566
LTP293,5,14,13,SIDEWALK,0,0.8700454250508398,0.8700454250508398,-0.0615738465977038,0.728695652173913,0.2713043478260869
LTP293,5,14,14,OINTMENT,0,0.8455725734434505,0.8455725734434505,-0.0450938762062968,0.4139130434782608,0.3634782608695652
LTP293,5,14,15,MAILMAN,1,0.8836569454119665,0.8836569454119665,-0.0061184495530605,0.8713043478260869,0.5008695652173913
LTP293,5,14,16,COMPASS,1,0.8792882717545989,0.8792882717545989,0.0944795828757702,0.8191304347826087,0.7530434782608696
LTP293,5,14,17,PUDDING,0,0.8799309671531129,0.8799309671531129,0.1025188052688666,0.808695652173913,0.7234782608695652
LTP293,5,14,18,VALLEY,0,0.8786356785765911,0.8786356785765911,0.0288513912257725,0.8191304347826087,0.5808695652173913
LTP293,5,14,19,DENTIST,0,0.8522835427479551,0.8522835427479551,-0.0032574258590998,0.5043478260869565,0.5182608695652173
LTP293,5,14,20,DRILL,0,0.8754903751066656,0.8754903751066656,0.2421870380882692,0.7791304347826087,0.9756521739130436
LTP293,5,14,21,WOMAN,0,0.8491168730602383,0.8491168730602383,0.0203307879715981,0.4382608695652173,0.5878260869565217
LTP293,5,14,22,POSSUM,1,0.8409246102324918,0.8409246102324918,-0.0850619770127713,0.36,0.2713043478260869
LTP293,5,14,23,FRANCE,0,0.8629857937258615,0.8629857937258615,0.2197433645793483,0.6243478260869566,0.9617391304347828
LTP293,5,14,24,GAVEL,0,0.7810785590515699,0.7810785590515699,-0.1451452808082259,0.0417391304347826,0.1547826086956522
LTP293,5,15,1,UNCLE,1,0.7997657985536323,0.7997657985536323,0.049029285732362,0.1060869565217391,0.6295652173913043
LTP293,5,15,2,KITCHEN,1,0.8810902044481402,0.8810902044481402,0.0605807323168714,0.8626086956521739,0.7460869565217392
LTP293,5,15,3,ROBBER,0,0.8342781866948791,0.8342781866948791,0.0081596799296357,0.2747826086956522,0.5669565217391304
LTP293,5,15,4,PEANUT,0,0.8643423375556192,0.8643423375556192,-0.0142510165724594,0.7304347826086957,0.4521739130434783
LTP293,5,15,5,OYSTER,1,0.8176318868423815,0.8176318868423815,-0.0910164801090413,0.4243478260869565,0.1739130434782608
LTP293,5,15,6,FARMER,0,0.7877511413511973,0.7877511413511973,-0.0810110403004108,0.1182608695652174,0.2104347826086956
LTP293,5,15,7,FLEET,0,0.8348381093168215,0.8348381093168215,0.0044003948600971,0.3217391304347826,0.5391304347826087
LTP293,5,15,8,BOARD,1,0.7842342032793904,0.7842342032793904,0.0080806676583441,0.0278260869565217,0.5756521739130435
LTP293,5,15,9,PRINCE,0,0.8090689362432686,0.8090689362432686,-0.1209715932173549,0.1234782608695652,0.0799999999999999
LTP293,5,15,10,DOUGHNUT,0,0.891026313501979,0.891026313501979,0.0725101374657389,0.9495652173913044,0.8139130434782609
LTP293,5,15,11,HOUND,0,0.8927130092118939,0.8927130092118939,0.0749882251035459,0.96,0.7808695652173914
LTP293,5,15,12,CLAM,1,0.7761625792399179,0.7761625792399179,-0.2561103615930332,0.0243478260869565,0.0104347826086956
LTP293,5,15,13,TEACHER,1,0.8487467170874289,0.8487467170874289,0.104784335072108,0.4313043478260869,0.8521739130434782
LTP293,5,15,14,COLLEGE,1,0.8784441893566227,0.8784441893566227,0.0667949555375511,0.84,0.7721739130434783
LTP293,5,15,15,CREVICE,1,0.8789705685658337,0.8789705685658337,0.0038514216202398,0.8626086956521739,0.5234782608695652
LTP293,5,15,16,COUNTY,1,0.8474652719505876,0.8474652719505876,0.1532778796749763,0.4121739130434783,0.8991304347826087
LTP293,5,15,17,MACHINE,0,0.842501324208434,0.842501324208434,0.1269315243400585,0.3234782608695652,0.9078260869565218
LTP293,5,15,18,MUMMY,0,0.8653718016628349,0.8653718016628349,0.1288760023155067,0.6608695652173913,0.9252173913043478
LTP293,5,15,19,SPHINX,0,0.852123509653898,0.852123509653898,-0.2325270837650273,0.5043478260869565,0.0156521739130435
LTP293,5,15,20,THIEF,1,0.8364814752949893,0.8364814752949893,-0.1251675751862124,0.2991304347826087,0.1408695652173913
LTP293,5,15,21,CAFE,0,0.8113418459591492,0.8113418459591492,-0.0251915481499228,0.1443478260869565,0.4208695652173913
LTP293,5,15,22,OUTFIT,1,0.8638150074867181,0.8638150074867181,-0.0140105676007247,0.662608695652174,0.4765217391304348
LTP293,5,15,23,RABBIT,0,0.8193345394975449,0.8193345394975449,-0.0712741152015788,0.1826086956521738,0.24
LTP293,5,15,24,LETTUCE,0,0.8854776240062694,0.8854776240062694,0.122684609537726,0.9008695652173913,0.8608695652173913
LTP293,5,16,1,BUNNY,1,0.858412560202302,0.858412560202302,0.1213047128817232,0.6139130434782609,0.8956521739130435
LTP293,5,16,2,GYMNAST,1,0.8648066079536415,0.8648066079536415,-0.0226420012689565,0.6939130434782609,0.4017391304347826
LTP293,5,16,3,WHISKERS,0,0.8714493800914278,0.8714493800914278,0.0270393914605853,0.8,0.6121739130434782
LTP293,5,16,4,SCULPTURE,0,0.8344188725571902,0.8344188725571902,-0.1639655846141993,0.3252173913043478,0.0504347826086956
LTP293,5,16,5,COOKBOOK,0,0.8203119022225831,0.8203119022225831,-0.0618761648438747,0.4434782608695652,0.3008695652173913
LTP293,5,16,6,ICING,0,0.8225351719143472,0.8225351719143472,-0.2218247950023394,0.231304347826087,0.0573913043478261
LTP293,5,16,7,SKILLET,0,0.8861796630929538,0.8861796630929538,-0.02298173794834,0.9686956521739132,0.4730434782608695
LTP293,5,16,8,STUDENT,0,0.8275579975886592,0.8275579975886592,-0.0436076438793541,0.2278260869565217,0.3547826086956521
LTP293,5,16,9,STOVE,0,0.8442189161187125,0.8442189161187125,-0.0787055172865358,0.3739130434782608,0.1826086956521738
LTP293,5,16,10,DRESSER,0,0.8452498431422817,0.8452498431422817,-0.0267850014255131,0.3878260869565217,0.3808695652173913
LTP293,5,16,11,WARDROBE,0,0.8948046205044742,0.8948046205044742,0.101714815239534,0.982608695652174,0.8573913043478261
LTP293,5,16,12,MILK,1,0.8133533960941953,0.8133533960941953,-0.0783904659697615,0.1478260869565217,0.2104347826086956
LTP293,5,16,13,CEILING,0,0.8414738131861828,0.8414738131861828,0.023460693730139,0.3495652173913043,0.6208695652173912
LTP293,5,16,14,CARROT,1,0.8428124494451158,0.8428124494451158,-0.1122851826700186,0.3791304347826086,0.1443478260869565
LTP293,5,16,15,MUSTARD,0,0.7755417079959267,0.7755417079959267,0.0670015573531964,0.0208695652173912,0.7739130434782608
LTP293,5,16,16,WAITER,1,0.8537898089332132,0.8537898089332132,0.089453856420948,0.5321739130434783,0.7965217391304348
LTP293,5,16,17,ORANGE,0,0.8355456133279641,0.8355456133279641,-0.100994065815567,0.3147826086956522,0.1582608695652173
LTP293,5,16,18,BLOCKADE,0,0.8629895437889367,0.8629895437889367,0.0433126483574264,0.6539130434782608,0.6799999999999999
LTP293,5,16,19,PERFUME,1,0.8685129356965109,0.8685129356965109,-0.1144402028308925,0.7478260869565218,0.1373913043478261
LTP293,5,16,20,ONION,1,0.8112848795666767,0.8112848795666767,-0.0368461188487846,0.1339130434782608,0.3878260869565217
LTP293,5,16,21,BADGE,0,0.8425929365489929,0.8425929365489929,0.0292092949893302,0.3565217391304348,0.6695652173913044
LTP293,5,16,22,REBEL,0,0.836259898029227,0.836259898029227,0.0031164715525291,0.3026086956521739,0.5339130434782609
LTP293,5,16,23,ROD,1,0.8297828532134488,0.8297828532134488,-0.1557278891355189,0.2591304347826086,0.0573913043478261
LTP293,5,16,24,BUTCHER,1,0.8442153765769235,0.8442153765769235,0.0776826113025,0.3808695652173913,0.8417391304347825
LTP293,5,17,1,TURTLE,1,0.9003420063030898,0.9003420063030898,0.2432450668055032,0.9843478260869564,0.9408695652173912
LTP293,5,17,2,STREAM,1,0.8793735536171539,0.8793735536171539,0.1015460341849655,0.8626086956521739,0.7895652173913044
LTP293,5,17,3,CANYON,1,0.8192495271445652,0.8192495271445652,-0.131770336546783,0.2834782608695652,0.1704347826086956
LTP293,5,17,4,HIKER,1,0.8766057351703022,0.8766057351703022,0.1338234345123665,0.84,0.8556521739130435
LTP293,5,17,5,MARSH,0,0.8716668760295907,0.8716668760295907,0.1078338431504383,0.7756521739130435,0.7582608695652174
LTP293,5,17,6,EYELASH,0,0.8491224622977337,0.8491224622977337,0.002574362305942,0.511304347826087,0.528695652173913
LTP293,5,17,7,LIPSTICK,1,0.850588391747806,0.850588391747806,-0.1717726155541988,0.5460869565217391,0.0817391304347826
LTP293,5,17,8,WORKER,0,0.8592202212703991,0.8592202212703991,0.1391880445530419,0.6382608695652174,0.8834782608695653
LTP293,5,17,9,ZEBRA,1,0.8647070646699379,0.8647070646699379,0.0806722509797501,0.7095652173913043,0.7165217391304348
LTP293,5,17,10,TRUCK,0,0.8366958763563593,0.8366958763563593,-0.0190465022414525,0.3982608695652174,0.4678260869565217
LTP293,5,17,11,COBRA,1,0.7902511487430302,0.7902511487430302,-0.1435550321509009,0.1043478260869564,0.1356521739130435
LTP293,5,17,12,DANCER,0,0.8874608043732191,0.8874608043732191,0.1028884196327624,0.92,0.7721739130434783
LTP293,5,17,13,SNAKE,1,0.9003763318716144,0.9003763318716144,0.2139084547823225,0.9843478260869564,0.9304347826086956
LTP293,5,17,14,LIZARD,0,0.8670912283398289,0.8670912283398289,-0.0253532788937765,0.711304347826087,0.457391304347826
LTP293,5,17,15,RACKET,0,0.8906931495636378,0.8906931495636378,0.1607814408012756,0.937391304347826,0.8660869565217392
LTP293,5,17,16,OX,1,0.7881454786165212,0.7881454786165212,-0.0693439393596224,0.0782608695652173,0.3060869565217391
LTP293,5,17,17,CATCHER,0,0.8783971560628023,0.8783971560628023,0.150678844859782,0.8260869565217391,0.8521739130434782
LTP293,5,17,18,QUEEN,1,0.8662279511240327,0.8662279511240327,0.1489502786519571,0.6973913043478261,0.8991304347826087
LTP293,5,17,19,LEADER,1,0.8215990734252288,0.8215990734252288,-0.006346234792938,0.2260869565217391,0.52
LTP293,5,17,20,FOREST,0,0.8007193243642914,0.8007193243642914,-0.1597191390100223,0.1234782608695652,0.0817391304347826
LTP293,5,17,21,HEADBAND,1,0.8531584204711818,0.8531584204711818,-0.1496761505294359,0.537391304347826,0.1060869565217391
LTP293,5,17,22,TRANSPLANT,0,0.7834713805522777,0.7834713805522777,-0.0692153948888555,0.0626086956521738,0.3095652173913044
LTP293,5,17,23,THRONE,1,0.8548982200585243,0.8548982200585243,0.0481969666884837,0.5460869565217391,0.6817391304347826
LTP293,5,17,24,YARN,1,0.8844815818332836,0.8844815818332836,0.2296127060604585,0.8904347826086957,0.96
LTP293,5,18,1,POISON,1,0.8261383911896328,0.8261383911896328,-0.0497154944648456,0.2295652173913043,0.3182608695652174
LTP293,5,18,2,BRANDY,1,0.8728879833187874,0.8728879833187874,-0.0039909925427184,0.7860869565217391,0.5060869565217392
LTP293,5,18,3,KLEENEX,0,0.834708467603624,0.834708467603624,-0.0088969256673894,0.2921739130434783,0.48
LTP293,5,18,4,TRENCH,0,0.828021934235351,0.828021934235351,0.0135276025910071,0.2434782608695652,0.5460869565217391
LTP293,5,18,5,NEUTRON,0,0.8871717517742889,0.8871717517742889,-0.0476050580955625,0.9582608695652174,0.3321739130434782
LTP293,5,18,6,SPIDER,1,0.8669033820207869,0.8669033820207869,0.0133054362920312,0.6921739130434783,0.5460869565217391
LTP293,5,18,7,BUG,1,0.8359325441785479,0.8359325441785479,0.0270490662678344,0.28,0.6
LTP293,5,18,8,CITRUS,0,0.8605152027818296,0.8605152027818296,-0.104697345903503,0.6226086956521739,0.1860869565217391
LTP293,5,18,9,MOP,1,0.7966196103289475,0.7966196103289475,0.0219556441188137,0.0834782608695652,0.6034782608695652
LTP293,5,18,10,DRUG,0,0.8615076391572748,0.8615076391572748,-0.0681340518209203,0.6260869565217391,0.2660869565217391
LTP293,5,18,11,MEDAL,1,0.851964494538451,0.851964494538451,-0.0435385203854053,0.4730434782608695,0.3565217391304348
LTP293,5,18,12,COSTUME,0,0.8667439364315531,0.8667439364315531,-0.0585950567479833,0.671304347826087,0.2626086956521739
LTP293,5,18,13,PADDING,0,0.866955076494914,0.866955076494914,0.0232162160702891,0.7217391304347827,0.5565217391304348
LTP293,5,18,14,GRIZZLY,0,0.847673842982967,0.847673842982967,-0.1511352352477204,0.4278260869565217,0.1008695652173913
LTP293,5,18,15,LEOPARD,0,0.8603790043300922,0.8603790043300922,-0.0740509811138007,0.5895652173913044,0.1930434782608695
LTP293,5,18,16,COCKTAIL,0,0.8519289390176309,0.8519289390176309,-0.0938645209284081,0.4956521739130435,0.1373913043478261
LTP293,5,18,17,PEDAL,0,0.8624823551574434,0.8624823551574434,0.1463842994761242,0.6486956521739131,0.8921739130434783
LTP293,5,18,18,TOMBSTONE,0,0.8756004043061567,0.8756004043061567,-0.0813556951471771,0.8452173913043478,0.2556521739130435
LTP293,5,18,19,TRACTOR,1,0.8440823905281355,0.8440823905281355,0.0748243310711503,0.3895652173913043,0.8017391304347826
LTP293,5,18,20,RUG,1,0.8365364369137496,0.8365364369137496,0.006724905027877,0.2713043478260869,0.4939130434782608
LTP293,5,18,21,ATLAS,1,0.7531267213409615,0.7531267213409615,-0.0633157458603748,0.0052173913043478,0.2991304347826087
LTP293,5,18,22,TURNIP,1,0.8894434531551467,0.8894434531551467,-0.0398904323244926,0.977391304347826,0.3634782608695652
LTP293,5,18,23,CROWN,1,0.8687240914664879,0.8687240914664879,0.0086526265276918,0.7426086956521739,0.5147826086956522
LTP293,5,18,24,PRINCESS,1,0.8694577152725826,0.8694577152725826,-0.1871464103042357,0.7634782608695652,0.1043478260869564
LTP293,5,19,1,SWITCH,1,0.788068854500361,0.788068854500361,0.1236469032874571,0.04,0.8713043478260869
LTP293,5,19,2,DRIVER,0,0.8311959664378675,0.8311959664378675,-0.0536221935353783,0.231304347826087,0.3217391304347826
LTP293,5,19,3,WIFE,1,0.7870429489261249,0.7870429489261249,-0.0123677091656062,0.0347826086956521,0.4191304347826087
LTP293,5,19,4,SPOON,0,0.8738016387749845,0.8738016387749845,0.2412993265179144,0.8295652173913044,0.9686956521739132
LTP293,5,19,5,BINDER,1,0.8569019202595757,0.8569019202595757,0.1323873772017207,0.5704347826086957,0.808695652173913
LTP293,5,19,6,PAPER,1,0.8046165403181419,0.8046165403181419,0.1545772078222566,0.1026086956521739,0.9008695652173913
LTP293,5,19,7,FEMALE,1,0.8010906477658232,0.8010906477658232,-0.0040353793953436,0.0834782608695652,0.4921739130434782
LTP293,5,19,8,BLUEPRINT,0,0.9014975460313654,0.9014975460313654,-0.0349451897409374,1.0,0.3582608695652174
LTP293,5,19,9,STAMP,0,0.8066284345414235,0.8066284345414235,0.0786337405755256,0.1026086956521739,0.6695652173913044
LTP293,5,19,10,LADDER,0,0.8372584184343654,0.8372584184343654,0.1332721814961673,0.2782608695652173,0.8295652173913044
LTP293,5,19,11,MOTEL,0,0.8841601883054531,0.8841601883054531,0.1726009373226327,0.9408695652173912,0.888695652173913
LTP293,5,19,12,ULCER,0,0.8453089365507274,0.8453089365507274,0.020410499084744,0.3808695652173913,0.5704347826086957
LTP293,5,19,13,BULLET,0,0.8678256409818287,0.8678256409818287,0.1304913160119238,0.7460869565217392,0.8139130434782609
LTP293,5,19,14,WAGON,0,0.8519454531205324,0.8519454531205324,0.0755326456497112,0.5060869565217392,0.688695652173913
LTP293,5,19,15,LEG,0,0.8407726910086111,0.8407726910086111,0.0582909807754098,0.3199999999999999,0.6782608695652175
LTP293,5,19,16,MONEY,1,0.825439805401264,0.825439805401264,0.0408632696534068,0.1895652173913043,0.5756521739130435
LTP293,5,19,17,QUARTER,0,0.8313211860861937,0.8313211860861937,-0.1782721109594024,0.2365217391304347,0.1739130434782608
LTP293,5,19,18,SPOUSE,1,0.8874214734363691,0.8874214734363691,0.2545869812793889,0.9634782608695652,0.977391304347826
LTP293,5,19,19,BODY,0,0.7550195068178197,0.7550195068178197,0.1081329707382245,0.0017391304347825,0.7843478260869565
LTP293,5,19,20,COURSE,0,0.8285564134114088,0.8285564134114088,-0.0621462672567655,0.2121739130434782,0.3321739130434782
LTP293,5,19,21,PICNIC,1,0.8361394332813857,0.8361394332813857,0.0906565202288803,0.2660869565217391,0.728695652173913
LTP293,5,19,22,BELLY,0,0.876584179725335,0.876584179725335,0.0688395295032366,0.8660869565217392,0.662608695652174
LTP293,5,19,23,SPACE,0,0.7848031019394287,0.7848031019394287,0.1411162540072478,0.0243478260869565,0.8347826086956522
LTP293,5,19,24,PIZZA,0,0.8319197174338417,0.8319197174338417,-0.0306772809406452,0.2295652173913043,0.3895652173913043
LTP293,5,20,1,WITNESS,1,0.8200999890339049,0.8200999890339049,0.0333386799493748,0.1617391304347826,0.6260869565217391
LTP293,5,20,2,CUSTARD,1,0.8644056267288069,0.8644056267288069,-0.1547994144294656,0.6747826086956521,0.1773913043478261
LTP293,5,20,3,NAPKIN,1,0.8327741360395169,0.8327741360395169,-0.0275602517093538,0.2330434782608695,0.4034782608695652
LTP293,5,20,4,FREEZER,1,0.8221542236216004,0.8221542236216004,0.0003853776317873,0.1669565217391304,0.471304347826087
LTP293,5,20,5,OZONE,0,0.8485004216488923,0.8485004216488923,0.0546622102535333,0.4313043478260869,0.6799999999999999
LTP293,5,20,6,SUMMIT,0,0.8474152460476745,0.8474152460476745,0.0484126511667296,0.4191304347826087,0.6260869565217391
LTP293,5,20,7,SHARK,1,0.7895495048001356,0.7895495048001356,-0.0210608548353605,0.04,0.4191304347826087
LTP293,5,20,8,COD,1,0.801211738401878,0.801211738401878,0.0108461616240084,0.0782608695652173,0.5252173913043479
LTP293,5,20,9,FLUTE,1,0.8292720257342524,0.8292720257342524,0.0661090662605399,0.2208695652173913,0.7165217391304348
LTP293,5,20,10,EXPERT,0,0.8272161506973188,0.8272161506973188,-0.0516806749375962,0.1982608695652173,0.337391304347826
LTP293,5,20,11,DUSTPAN,0,0.8721512702217858,0.8721512702217858,-0.0151899594770439,0.7773913043478261,0.4539130434782609
LTP293,5,20,12,SPONGE,0,0.8731209604469831,0.8731209604469831,0.1227898866342197,0.8278260869565217,0.7878260869565217
LTP293,5,20,13,FILM,0,0.8582165328263189,0.8582165328263189,-0.1122941764358009,0.5913043478260869,0.2365217391304347
LTP293,5,20,14,BALLOON,0,0.8885979014931961,0.8885979014931961,0.0095755180480134,0.954782608695652,0.5391304347826087
LTP293,5,20,15,DONKEY,0,0.8919619843114784,0.8919619843114784,0.0424059812587957,0.9878260869565216,0.6243478260869566
LTP293,5,20,16,ROCKET,0,0.8860633062829901,0.8860633062829901,-0.2190836278357642,0.9391304347826088,0.0713043478260869
LTP293,5,20,17,COMET,0,0.8370470241713415,0.8370470241713415,-0.0316896297600304,0.2591304347826086,0.3965217391304347
LTP293,5,20,18,PARROT,0,0.849080085961964,0.849080085961964,-0.009007731507751,0.4434782608695652,0.4782608695652174
LTP293,5,20,19,MISTER,0,0.812803346270858,0.812803346270858,-0.0216632421823407,0.1356521739130435,0.4399999999999999
LTP293,5,20,20,LAMP,0,0.8424289672622195,0.8424289672622195,0.1204462702383077,0.3199999999999999,0.8156521739130435
LTP293,5,20,21,HOOD,0,0.8704338327849287,0.8704338327849287,0.0087665967909304,0.7495652173913043,0.5217391304347826
LTP293,5,20,22,HONEY,0,0.8515337969630239,0.8515337969630239,0.0603480007347516,0.4782608695652174,0.6643478260869565
LTP293,5,20,23,ELBOW,1,0.8569602343336671,0.8569602343336671,0.0739517638516337,0.5460869565217391,0.7426086956521739
LTP293,5,20,24,FLASHLIGHT,0,0.8489592699685795,0.8489592699685795,0.1597411456768578,0.4295652173913044,0.8869565217391304
LTP293,5,21,1,WINDOW,1,0.8442679757775592,0.8442679757775592,0.1365133365763886,0.3669565217391304,0.9113043478260868
LTP293,5,21,2,CLOTHES,1,0.8740922693507024,0.8740922693507024,0.0433137673496636,0.7860869565217391,0.6591304347826087
LTP293,5,21,3,LUNCH,1,0.8171349166576033,0.8171349166576033,0.094812660776388,0.1513043478260869,0.8017391304347826
LTP293,5,21,4,SANDWICH,1,0.8876926020035494,0.8876926020035494,-0.0657683127245872,0.9721739130434782,0.3113043478260869
LTP293,5,21,5,PERCH,0,0.8798568265472234,0.8798568265472234,-0.1236461016253014,0.8660869565217392,0.1478260869565217
LTP293,5,21,6,DANDRUFF,0,0.8832087950304377,0.8832087950304377,-0.1626126431853286,0.9217391304347826,0.1217391304347825
LTP293,5,21,7,MAPLE,1,0.7848312830269084,0.7848312830269084,-0.0434552570389138,0.0295652173913043,0.3547826086956521
LTP293,5,21,8,SCRIBBLE,1,0.8235649647438401,0.8235649647438401,-0.0756882559327258,0.1826086956521738,0.2452173913043478
LTP293,5,21,9,SHRUB,0,0.8562456092784538,0.8562456092784538,-0.0370842634593721,0.537391304347826,0.3460869565217391
LTP293,5,21,10,CASHEW,0,0.8844920157282318,0.8844920157282318,-0.0552975979396389,0.937391304347826,0.3443478260869566
LTP293,5,21,11,CAPTIVE,1,0.8356917719637188,0.8356917719637188,0.016104055120082,0.2643478260869565,0.5756521739130435
LTP293,5,21,12,LAPEL,0,0.8507991022815345,0.8507991022815345,0.0555365620236635,0.4556521739130434,0.7060869565217391
LTP293,5,21,13,SPOOL,0,0.8751133406136747,0.8751133406136747,0.1309000725488965,0.8,0.88
LTP293,5,21,14,NOVEL,1,0.8219668933680208,0.8219668933680208,-0.0971276268585035,0.1739130434782608,0.1895652173913043
LTP293,5,21,15,ARMY,1,0.8670429737021595,0.8670429737021595,-0.0500323354853473,0.6730434782608696,0.3147826086956522
LTP293,5,21,16,COLONEL,1,0.8737495831927529,0.8737495831927529,-0.0316569693384573,0.8243478260869566,0.408695652173913
LTP293,5,21,17,CHURCH,0,0.8048032247969648,0.8048032247969648,0.0472538527685091,0.088695652173913,0.6782608695652175
LTP293,5,21,18,PAIL,0,0.8485704654243716,0.8485704654243716,-0.0810426770885942,0.4295652173913044,0.2347826086956521
LTP293,5,21,19,LOFT,0,0.8911862979087493,0.8911862979087493,0.0742373943953082,0.9652173913043478,0.7965217391304348
LTP293,5,21,20,TERMITE,0,0.8766431043382877,0.8766431043382877,-0.1390603148780541,0.8556521739130435,0.1408695652173913
LTP293,5,21,21,PROTON,0,0.8210173870106615,0.8210173870106615,-0.1288652189040599,0.1739130434782608,0.0660869565217391
LTP293,5,21,22,SHERIFF,0,0.8843054083607262,0.8843054083607262,0.0568205375169966,0.8991304347826087,0.751304347826087
LTP293,5,21,23,SKETCH,1,0.862922737215082,0.862922737215082,0.0032441472990406,0.6382608695652174,0.4904347826086956
LTP293,5,21,24,SHELF,1,0.8255034598929996,0.8255034598929996,0.1623280310544488,0.208695652173913,0.9565217391304348
LTP293,5,22,1,LION,1,0.8336448789046136,0.8336448789046136,-0.0040698573415364,0.2486956521739131,0.5252173913043479
LTP293,5,22,2,HANDBAG,1,0.8664748265220888,0.8664748265220888,-0.1163945923246077,0.6782608695652175,0.1321739130434782
LTP293,5,22,3,BANKER,0,0.8803151232809633,0.8803151232809633,-0.1735249523941164,0.8678260869565217,0.0365217391304347
LTP293,5,22,4,PARENT,1,0.7961907533252407,0.7961907533252407,-0.0268804877401905,0.0747826086956521,0.3686956521739131
LTP293,5,22,5,VELVET,1,0.8669962924731873,0.8669962924731873,-0.0514470686163011,0.6799999999999999,0.3165217391304348
LTP293,5,22,6,PICTURE,1,0.8224878889633527,0.8224878889633527,-0.0528041647325211,0.1756521739130434,0.3304347826086956
LTP293,5,22,7,BOX,0,0.7569332268733854,0.7569332268733854,-0.1527410529276343,0.0034782608695652,0.04
LTP293,5,22,8,MARS,0,0.8322006364432544,0.8322006364432544,-0.0839051347084669,0.24,0.1582608695652173
LTP293,5,22,9,HOSTESS,1,0.834994058525138,0.834994058525138,0.041069213343829,0.2608695652173913,0.7008695652173913
LTP293,5,22,10,WAITRESS,1,0.8350897192676111,0.8350897192676111,-0.1736959636694105,0.2573913043478261,0.0382608695652173
LTP293,5,22,11,POWDER,0,0.8344333329005669,0.8344333329005669,-0.094348101583936,0.2626086956521739,0.1721739130434783
LTP293,5,22,12,FIREMAN,0,0.8824275195920476,0.8824275195920476,-0.0472150545432933,0.8973913043478261,0.3321739130434782
LTP293,5,22,13,SISTER,0,0.8023137283969275,0.8023137283969275,0.1625137808964309,0.0921739130434782,0.9304347826086956
LTP293,5,22,14,IDOL,0,0.7817079655846393,0.7817079655846393,-0.0530224534213609,0.0539130434782608,0.3356521739130435
LTP293,5,22,15,CLIMBER,0,0.8202420056056953,0.8202420056056953,-0.0958386709531049,0.1843478260869565,0.1808695652173912
LTP293,5,22,16,COUSIN,1,0.84589246179129,0.84589246179129,-0.1004755325892813,0.6156521739130435,0.2260869565217391
LTP293,5,22,17,GLOBE,0,0.8081967388914704,0.8081967388914704,0.0814522622248119,0.4747826086956521,0.7565217391304347
LTP293,5,22,18,PLASTER,1,0.7811749829920794,0.7811749829920794,-0.0378698429670442,0.1026086956521739,0.4278260869565217
LTP293,5,22,19,AGENT,1,0.8047184951095073,0.8047184951095073,0.0956362240856139,0.1478260869565217,0.8191304347826087
LTP293,5,22,20,JAPAN,0,0.7996384551891853,0.7996384551891853,0.1206878489102275,0.0730434782608695,0.8765217391304347
LTP293,5,22,21,EUROPE,0,0.7905896771918574,0.7905896771918574,0.1769791675959153,0.0382608695652173,0.951304347826087
LTP293,5,22,22,DRAGON,1,0.8794867056872401,0.8794867056872401,-0.029739911010888,0.8643478260869565,0.4399999999999999
LTP293,5,22,23,SEAGULL,1,0.8827866815641409,0.8827866815641409,-0.0187062659187019,0.928695652173913,0.4695652173913043
LTP293,5,22,24,BABY,1,0.8294675292769361,0.8294675292769361,0.0185617929342542,0.2208695652173913,0.6295652173913043
LTP293,5,23,1,PASSAGE,0,0.8742589334740001,0.8742589334740001,0.2580260848035665,0.76,0.9721739130434782
LTP293,5,23,2,OUTDOORS,0,0.8313907045180163,0.8313907045180163,0.1672819362290839,0.24,0.88
LTP293,5,23,3,HERO,1,0.8687910390560486,0.8687910390560486,0.133061220257489,0.6921739130434783,0.8330434782608696
LTP293,5,23,4,DENIM,0,0.8685481505314319,0.8685481505314319,0.1594698635288619,0.688695652173913,0.8521739130434782
LTP293,5,23,5,POCKET,0,0.8486120538890545,0.8486120538890545,-0.2101162124306097,0.448695652173913,0.0295652173913043
LTP293,5,23,6,WASP,0,0.8201923603159726,0.8201923603159726,-0.1110614306282805,0.1756521739130434,0.1408695652173913
LTP293,5,23,7,GLOVE,0,0.8965321367022387,0.8965321367022387,0.2051339441904781,0.9930434782608696,0.96
LTP293,5,23,8,PRIMATE,1,0.8365885846475151,0.8365885846475151,-0.1020831129645021,0.2991304347826087,0.2521739130434782
LTP293,5,23,9,JUNGLE,0,0.874751940695026,0.874751940695026,-0.0978633984264221,0.7756521739130435,0.2260869565217391
LTP293,5,23,10,MASK,0,0.7956194681190907,0.7956194681190907,-0.0965272952493823,0.0643478260869565,0.2278260869565217
LTP293,5,23,11,TABLET,0,0.8616518262390578,0.8616518262390578,-0.136998800050111,0.6017391304347826,0.1756521739130434
LTP293,5,23,12,BRAKE,0,0.8961063593253777,0.8961063593253777,0.2174530977197772,0.9878260869565216,0.9356521739130436
LTP293,5,23,13,LABEL,0,0.8636360288966469,0.8636360288966469,0.1485865844955964,0.6347826086956522,0.8452173913043478
LTP293,5,23,14,BANJO,1,0.878818952334441,0.878818952334441,0.0568083567042903,0.8191304347826087,0.688695652173913
LTP293,5,23,15,ARM,0,0.8382268037651542,0.8382268037651542,0.282981413079878,0.3234782608695652,0.9634782608695652
LTP293,5,23,16,SOFTBALL,0,0.8599537134378571,0.8599537134378571,-0.1715576836013821,0.5791304347826087,0.111304347826087
LTP293,5,23,17,DIME,1,0.8465725384685191,0.8465725384685191,0.0959837594793087,0.4295652173913044,0.7356521739130435
LTP293,5,23,18,RUST,0,0.8562649277066913,0.8562649277066913,-0.0477132555245558,0.5426086956521738,0.4
LTP293,5,23,19,LADY,1,0.8034471161865314,0.8034471161865314,0.070248102832217,0.1026086956521739,0.7043478260869565
LTP293,5,23,20,RECEIPT,0,0.8326594574115656,0.8326594574115656,-0.1792833660739372,0.2782608695652173,0.1078260869565217
LTP293,5,23,21,VALVE,0,0.8803715282553329,0.8803715282553329,0.2513710075543475,0.8347826086956522,0.9495652173913044
LTP293,5,23,22,SUBWAY,1,0.8839287215244173,0.8839287215244173,0.0492196693951659,0.888695652173913,0.6521739130434783
LTP293,5,23,23,QUAIL,1,0.8774541714995256,0.8774541714995256,0.1882269685177941,0.8034782608695652,0.8765217391304347
LTP293,5,23,24,LAKE,1,0.8557955398185705,0.8557955398185705,0.1843979518018647,0.5304347826086957,0.8973913043478261
LTP293,5,24,1,SHOVEL,1,0.8916977827523401,0.8916977827523401,0.0031576962454502,0.9634782608695652,0.5426086956521738
LTP293,5,24,2,BIKE,1,0.8817617766810805,0.8817617766810805,0.280771203006924,0.8730434782608696,0.9808695652173912
LTP293,5,24,3,LOVER,0,0.7900135712078455,0.7900135712078455,-0.0795425813441948,0.0573913043478261,0.2591304347826086
LTP293,5,24,4,FRIEND,0,0.8314500126944969,0.8314500126944969,-0.0840929613363877,0.2695652173913043,0.2434782608695652
LTP293,5,24,5,CANDY,0,0.8947296868085702,0.8947296868085702,0.1825080804135432,0.977391304347826,0.9408695652173912
LTP293,5,24,6,CORAL,1,0.8378842777993606,0.8378842777993606,-0.0351494862175979,0.3217391304347826,0.3878260869565217
LTP293,5,24,7,PATROL,0,0.8492691489853671,0.8492691489853671,-0.1381047386313296,0.4869565217391304,0.1721739130434783
LTP293,5,24,8,GLASS,0,0.8497445293599969,0.8497445293599969,-0.0413818770818679,0.4765217391304348,0.4034782608695652
LTP293,5,24,9,VICTIM,0,0.7999433121737183,0.7999433121737183,-0.1970825039400699,0.1095652173913043,0.0539130434782608
LTP293,5,24,10,LODGE,1,0.8711064109764968,0.8711064109764968,0.137603083424777,0.768695652173913,0.8591304347826088
LTP293,5,24,11,BEAVER,0,0.8403389241788112,0.8403389241788112,-0.0449945685872342,0.3947826086956522,0.3721739130434782
LTP293,5,24,12,TOURIST,0,0.8505392052532006,0.8505392052532006,-0.1066585486668386,0.52,0.1930434782608695
LTP293,5,24,13,LUGGAGE,0,0.8932675506140579,0.8932675506140579,0.2728299823491214,0.9791304347826086,0.9843478260869564
LTP293,5,24,14,CROSS,0,0.8729591444741986,0.8729591444741986,0.0933444695981121,0.8139130434782609,0.7791304347826087
LTP293,5,24,15,HIGHWAY,0,0.7998021743335856,0.7998021743335856,0.1410751331523163,0.1026086956521739,0.8608695652173913
LTP293,5,24,16,PASTRY,0,0.8498466929580826,0.8498466929580826,-0.1699852573794808,0.5078260869565218,0.097391304347826
LTP293,5,24,17,ICEBERG,1,0.8931503772971874,0.8931503772971874,0.1620833500959388,0.9617391304347828,0.9008695652173913
LTP293,5,24,18,PUDDLE,0,0.8883487078810017,0.8883487078810017,0.0065621090955303,0.9269565217391303,0.5460869565217391
LTP293,5,24,19,GAZELLE,1,0.8591964399190157,0.8591964399190157,-0.0388073114195887,0.6052173913043478,0.3982608695652174
LTP293,5,24,20,LIGHTNING,1,0.8759878990065367,0.8759878990065367,0.0232881653484597,0.8486956521739131,0.5826086956521739
LTP293,5,24,21,STAR,1,0.8461714114825319,0.8461714114825319,0.1848409995269032,0.457391304347826,0.928695652173913
LTP293,5,24,22,SNACK,0,0.8686385908321683,0.8686385908321683,0.0897211974889452,0.728695652173913,0.7356521739130435
LTP293,5,24,23,NECKLACE,1,0.8988972271997359,0.8988972271997359,0.0749929669347288,0.9878260869565216,0.7130434782608696
LTP293,5,24,24,IGLOO,1,0.8408314526140581,0.8408314526140581,0.0158044915719566,0.3808695652173913,0.5756521739130435
LTP299,6,1,1,DIME,1,0.8367402744036367,0.8367402744036367,-0.0171967608637025,0.3443478260869566,0.4052173913043478
LTP299,6,1,2,SCISSORS,1,0.8113919697283256,0.8113919697283256,-0.118796754435645,0.1495652173913043,0.0626086956521738
LTP299,6,1,3,MISSILE,1,0.8441347733378952,0.8441347733378952,0.0273933892656231,0.4121739130434783,0.6452173913043479
LTP299,6,1,4,LETTUCE,1,0.8763131034300642,0.8763131034300642,0.0038579613483534,0.8417391304347825,0.5165217391304349
LTP299,6,1,5,NAPKIN,1,0.8222713397353361,0.8222713397353361,-0.113110396798226,0.2034782608695652,0.1182608695652174
LTP299,6,1,6,LAMP,0,0.8282459487628528,0.8282459487628528,-0.1027038428647805,0.2469565217391304,0.1252173913043478
LTP299,6,1,7,BRANDY,1,0.8666238226817979,0.8666238226817979,-0.0706744120945234,0.7165217391304348,0.2208695652173913
LTP299,6,1,8,GIRL,1,0.86542268662794,0.86542268662794,-0.0516563023979224,0.6991304347826087,0.2921739130434783
LTP299,6,1,9,PARTNER,0,0.8447029530414666,0.8447029530414666,-0.0172570922233205,0.4121739130434783,0.4156521739130434
LTP299,6,1,10,BANQUET,1,0.8786904645503127,0.8786904645503127,-0.0364456649996921,0.8608695652173913,0.3495652173913043
LTP299,6,1,11,WAITER,1,0.8471297134480915,0.8471297134480915,-0.0046458742124509,0.448695652173913,0.4973913043478261
LTP299,6,1,12,PERCH,1,0.8805165668639787,0.8805165668639787,-0.0513026417604886,0.888695652173913,0.2852173913043478
LTP299,6,1,13,ROBIN,1,0.8206854262249017,0.8206854262249017,-0.0961924172975712,0.1895652173913043,0.16
LTP299,6,1,14,PEDAL,0,0.8536924378159337,0.8536924378159337,-0.025033375839824,0.5339130434782609,0.3878260869565217
LTP299,6,1,15,TRANSPLANT,1,0.7941918420602847,0.7941918420602847,0.0610653675895647,0.088695652173913,0.7617391304347826
LTP299,6,1,16,CAPTIVE,0,0.8406323014969768,0.8406323014969768,0.1337467963275148,0.3721739130434782,0.9043478260869564
LTP299,6,1,17,STREAM,1,0.8781369779263901,0.8781369779263901,-0.0453866924555813,0.8573913043478261,0.3095652173913044
LTP299,6,1,18,COCKTAIL,0,0.8522421335214051,0.8522421335214051,-0.0713773373536752,0.5078260869565218,0.2330434782608695
LTP299,6,1,19,LUMBER,0,0.8773473262937868,0.8773473262937868,-0.0120682421896436,0.8504347826086956,0.457391304347826
LTP299,6,1,20,BULLET,0,0.8607164168344215,0.8607164168344215,0.0450655689913602,0.6295652173913043,0.6730434782608696
LTP299,6,1,21,INMATE,0,0.8514098104805058,0.8514098104805058,0.07068533609005,0.5078260869565218,0.7704347826086957
LTP299,6,1,22,TOASTER,1,0.8365200090296124,0.8365200090296124,-0.0763511165159103,0.3113043478260869,0.1791304347826087
LTP299,6,1,23,MARSH,1,0.8749582190338743,0.8749582190338743,0.0935731727965638,0.8295652173913044,0.8278260869565217
LTP299,6,1,24,VICTIM,0,0.82019369027289,0.82019369027289,0.0782078306832089,0.1843478260869565,0.7982608695652174
LTP299,6,2,1,CROWN,1,0.8663610254370386,0.8663610254370386,-0.0783289219519928,0.6782608695652175,0.2243478260869564
LTP299,6,2,2,PALACE,1,0.8546691686515392,0.8546691686515392,-0.0909426315721709,0.5269565217391304,0.1826086956521738
LTP299,6,2,3,LIZARD,1,0.8758770451474075,0.8758770451474075,0.08529951567583,0.8139130434782609,0.8104347826086956
LTP299,6,2,4,DUSTPAN,0,0.8689402390505842,0.8689402390505842,-0.0890840275247942,0.688695652173913,0.1669565217391304
LTP299,6,2,5,JEANS,0,0.8668529822539363,0.8668529822539363,0.035287514746909,0.6869565217391305,0.6347826086956522
LTP299,6,2,6,MISTER,0,0.815939529290478,0.815939529290478,0.0165001394806739,0.1460869565217391,0.5808695652173913
LTP299,6,2,7,BINDER,0,0.8512010159221357,0.8512010159221357,-0.0509714964630751,0.4765217391304348,0.288695652173913
LTP299,6,2,8,BRIEFCASE,1,0.8519175124805705,0.8519175124805705,0.029753183547474,0.4921739130434782,0.6504347826086956
LTP299,6,2,9,SHORTS,0,0.8167298627113856,0.8167298627113856,-0.0654081599618368,0.1547826086956522,0.24
LTP299,6,2,10,SMOG,0,0.858912207458583,0.858912207458583,0.0631798990017349,0.5756521739130435,0.751304347826087
LTP299,6,2,11,MARKER,0,0.8710171817641602,0.8710171817641602,0.0676219504298494,0.7234782608695652,0.7756521739130435
LTP299,6,2,12,PIGEON,1,0.8917885394798705,0.8917885394798705,-0.1078701664903298,0.9721739130434782,0.1339130434782608
LTP299,6,2,13,SHOVEL,0,0.8990454494193085,0.8990454494193085,0.1775888470927772,0.9930434782608696,0.9495652173913044
LTP299,6,2,14,EAGLE,1,0.8350533164158286,0.8350533164158286,-0.1557689691888657,0.2660869565217391,0.0434782608695651
LTP299,6,2,15,DENIM,0,0.864833919931714,0.864833919931714,0.0429611327054086,0.6486956521739131,0.6782608695652175
LTP299,6,2,16,PLAID,0,0.8052246627233944,0.8052246627233944,-0.0280100056050264,0.1182608695652174,0.4
LTP299,6,2,17,CLOUD,1,0.8524013216154708,0.8524013216154708,0.0719673370135075,0.4921739130434782,0.782608695652174
LTP299,6,2,18,DRESSER,1,0.858276988142435,0.858276988142435,0.2237396549253038,0.5495652173913044,0.9756521739130436
LTP299,6,2,19,STUDENT,1,0.8311104501488737,0.8311104501488737,-0.0217821835919057,0.2365217391304347,0.4469565217391305
LTP299,6,2,20,HOOK,0,0.8842678469656081,0.8842678469656081,-0.1473039114432818,0.9078260869565218,0.0608695652173912
LTP299,6,2,21,SWITCH,0,0.7835332833633337,0.7835332833633337,0.0137387256798667,0.0243478260869565,0.5652173913043479
LTP299,6,2,22,TURKEY,1,0.8695860611301124,0.8695860611301124,-0.1782418468255501,0.7165217391304348,0.0208695652173912
LTP299,6,2,23,BLOUSE,1,0.8772531891306536,0.8772531891306536,0.0600425116587684,0.8434782608695652,0.7408695652173913
LTP299,6,2,24,ZIPPER,1,0.7885859105773354,0.7885859105773354,0.0358245283759491,0.0382608695652173,0.6608695652173913
LTP299,6,3,1,ONION,1,0.8094215670628487,0.8094215670628487,-0.1562618716135397,0.1234782608695652,0.0852173913043478
LTP299,6,3,2,CLOTHES,1,0.8719005370013418,0.8719005370013418,0.0228922657570343,0.7739130434782608,0.6295652173913043
LTP299,6,3,3,BRACES,0,0.8634389442849619,0.8634389442849619,-0.0272248358173461,0.64,0.4017391304347826
LTP299,6,3,4,CHILD,1,0.837141268156751,0.837141268156751,-0.1497889568659792,0.2765217391304347,0.0904347826086956
LTP299,6,3,5,SHORTCAKE,0,0.8564793661324259,0.8564793661324259,-0.1012480064907155,0.5356521739130435,0.088695652173913
LTP299,6,3,6,DONOR,0,0.8291586134887955,0.8291586134887955,-0.0346819978212501,0.2139130434782609,0.3808695652173913
LTP299,6,3,7,SPIDER,0,0.8747685835590545,0.8747685835590545,0.1441425436589549,0.8226086956521739,0.9078260869565218
LTP299,6,3,8,SHERIFF,0,0.8813249251990679,0.8813249251990679,-0.0286150218502545,0.88,0.36
LTP299,6,3,9,BUREAU,0,0.8350824634836925,0.8350824634836925,-0.2011858210395814,0.2678260869565217,0.0382608695652173
LTP299,6,3,10,PEACH,0,0.8343747566938038,0.8343747566938038,-0.1114817551642756,0.2539130434782608,0.1756521739130434
LTP299,6,3,11,SOFTBALL,0,0.8634418060221819,0.8634418060221819,-0.1579590327576792,0.6278260869565218,0.0191304347826086
LTP299,6,3,12,GAZELLE,1,0.8608903120508147,0.8608903120508147,-0.0275140779306975,0.6034782608695652,0.4104347826086957
LTP299,6,3,13,LAPEL,0,0.8449833091564013,0.8449833091564013,-0.0384326163987681,0.3843478260869565,0.3860869565217391
LTP299,6,3,14,LOFT,1,0.888007077402394,0.888007077402394,-0.0659834071564147,0.9408695652173912,0.2956521739130434
LTP299,6,3,15,DORM,0,0.7852132341052979,0.7852132341052979,0.0106604325460347,0.0278260869565217,0.5913043478260869
LTP299,6,3,16,DRILL,0,0.863142598947298,0.863142598947298,-0.0504630670576032,0.6434782608695653,0.337391304347826
LTP299,6,3,17,CREATURE,0,0.8512248378293419,0.8512248378293419,-0.0753256991840651,0.4539130434782609,0.1704347826086956
LTP299,6,3,18,BABY,1,0.8259538813749834,0.8259538813749834,-0.1308213360604684,0.2017391304347826,0.1321739130434782
LTP299,6,3,19,TUBA,1,0.8471637706013654,0.8471637706013654,-0.1748210953916618,0.4173913043478261,0.0417391304347826
LTP299,6,3,20,FIDDLE,0,0.898018627368579,0.898018627368579,-3.533786770944923e-05,0.9982608695652174,0.5043478260869565
LTP299,6,3,21,SLIME,1,0.8810496600691811,0.8810496600691811,0.0315770956048856,0.8747826086956522,0.6539130434782608
LTP299,6,3,22,CITRUS,0,0.8636103985873389,0.8636103985873389,-0.1602915690376458,0.6434782608695653,0.0695652173913043
LTP299,6,3,23,SPACE,0,0.7801877413351884,0.7801877413351884,0.08167157830824,0.0208695652173912,0.8347826086956522
LTP299,6,3,24,KNIFE,0,0.82732035551285,0.82732035551285,0.0166551000110282,0.217391304347826,0.5965217391304347
LTP299,6,4,1,TRACTOR,1,0.8461865359246531,0.8461865359246531,0.0818383918657638,0.3913043478260869,0.8104347826086956
LTP299,6,4,2,OINTMENT,0,0.84828897237034,0.84828897237034,0.0054263088726743,0.4243478260869565,0.5408695652173914
LTP299,6,4,3,FRANCE,1,0.8506963502783298,0.8506963502783298,-0.1039753830312436,0.4591304347826087,0.1947826086956522
LTP299,6,4,4,BLADE,1,0.8902681895847968,0.8902681895847968,0.1491077771487512,0.9460869565217392,0.9356521739130436
LTP299,6,4,5,PORK,1,0.8594217618655582,0.8594217618655582,-0.0255305608019044,0.5860869565217391,0.4017391304347826
LTP299,6,4,6,KEEPER,1,0.821496723274632,0.821496723274632,-0.0851258570202532,0.1739130434782608,0.1739130434782608
LTP299,6,4,7,PEBBLE,1,0.8258328280894777,0.8258328280894777,0.0151790685143813,0.2034782608695652,0.5913043478260869
LTP299,6,4,8,MOTOR,0,0.8054277164126655,0.8054277164126655,0.0204115028250522,0.1060869565217391,0.6226086956521739
LTP299,6,4,9,LASER,1,0.7798827167985918,0.7798827167985918,0.0080558832924843,0.017391304347826,0.56
LTP299,6,4,10,STONE,0,0.8443036265735713,0.8443036265735713,0.0332643880980847,0.3582608695652174,0.6643478260869565
LTP299,6,4,11,JELLO,1,0.8590295175965568,0.8590295175965568,-0.0735650387907935,0.5739130434782609,0.208695652173913
LTP299,6,4,12,TURTLE,1,0.8902667162230536,0.8902667162230536,-0.0945498214859354,0.9495652173913044,0.1478260869565217
LTP299,6,4,13,RABBIT,1,0.8305075607871394,0.8305075607871394,0.1115353260881434,0.2365217391304347,0.8817391304347826
LTP299,6,4,14,CUPBOARD,1,0.8843740409977499,0.8843740409977499,0.0038794040292472,0.9147826086956522,0.5704347826086957
LTP299,6,4,15,CARROT,1,0.8591674121593922,0.8591674121593922,0.1516096944253517,0.5756521739130435,0.942608695652174
LTP299,6,4,16,BUNNY,1,0.8595010341034913,0.8595010341034913,0.1236340574000675,0.5721739130434782,0.8869565217391304
LTP299,6,4,17,CAFE,1,0.8178403874051849,0.8178403874051849,0.1295568412190206,0.16,0.8852173913043478
LTP299,6,4,18,TRENCH,1,0.8332255168017065,0.8332255168017065,0.0676658956738889,0.2347826086956521,0.7339130434782608
LTP299,6,4,19,CREVICE,1,0.8739850800775274,0.8739850800775274,-0.1352328050692314,0.8052173913043479,0.0573913043478261
LTP299,6,4,20,STAKE,1,0.8216154499374715,0.8216154499374715,0.003792176459826,0.1808695652173912,0.5478260869565217
LTP299,6,4,21,MATCH,0,0.8445674736361106,0.8445674736361106,-0.1542898131952062,0.3704347826086956,0.1234782608695652
LTP299,6,4,22,BUGGY,1,0.8751568137172222,0.8751568137172222,-0.052609814083868,0.8243478260869566,0.3426086956521739
LTP299,6,4,23,SUNSET,1,0.8500519572070316,0.8500519572070316,0.0253271605582504,0.4504347826086956,0.5965217391304347
LTP299,6,4,24,FRIEND,1,0.8325651032576361,0.8325651032576361,-0.1231791876527791,0.24,0.1304347826086956
LTP299,6,5,1,SKETCH,1,0.8637002521713802,0.8637002521713802,0.0184059383721123,0.6226086956521739,0.5895652173913044
LTP299,6,5,2,PORTRAIT,1,0.8790680550474897,0.8790680550474897,-0.0363026093766408,0.8417391304347825,0.3878260869565217
LTP299,6,5,3,SCULPTURE,1,0.8511782937159318,0.8511782937159318,-0.0832715614476165,0.4539130434782609,0.2330434782608695
LTP299,6,5,4,ORANGE,1,0.8461729785539602,0.8461729785539602,-0.0027833098901567,0.3843478260869565,0.528695652173913
LTP299,6,5,5,DANCER,1,0.8849497754710414,0.8849497754710414,-0.0095549873235275,0.9165217391304348,0.4921739130434782
LTP299,6,5,6,WASHER,1,0.8519652201998251,0.8519652201998251,-0.007718228717882,0.4660869565217391,0.4747826086956521
LTP299,6,5,7,TILE,1,0.8399068938386376,0.8399068938386376,0.0373302368423976,0.3060869565217391,0.6660869565217391
LTP299,6,5,8,COOK,1,0.8298556919041948,0.8298556919041948,0.1597567484151666,0.2208695652173913,0.9391304347826088
LTP299,6,5,9,KITCHEN,1,0.8805746167042714,0.8805746167042714,0.0509792634258351,0.8730434782608696,0.7217391304347827
LTP299,6,5,10,COTTAGE,1,0.8805728382935307,0.8805728382935307,0.1789199462820383,0.8591304347826088,0.9652173913043478
LTP299,6,5,11,BLUEPRINT,1,0.9065063636720948,0.9065063636720948,0.0672047545025389,1.0,0.7565217391304347
LTP299,6,5,12,HATCHET,1,0.857255200892933,0.857255200892933,-0.0005093112006854,0.5391304347826087,0.5478260869565217
LTP299,6,5,13,LAVA,0,0.7994393961238434,0.7994393961238434,-0.0163592055070142,0.0852173913043478,0.4660869565217391
LTP299,6,5,14,COMET,0,0.8401877118118181,0.8401877118118181,0.0446405333545709,0.3095652173913044,0.7008695652173913
LTP299,6,5,15,WIDOW,1,0.8432336008794016,0.8432336008794016,-0.0617156842438271,0.3565217391304348,0.2417391304347825
LTP299,6,5,16,PUDDING,0,0.8751437188324966,0.8751437188324966,-0.0319001804707181,0.7982608695652174,0.3965217391304347
LTP299,6,5,17,FLASK,1,0.8769394705412943,0.8769394705412943,-0.0157816050572818,0.8365217391304348,0.4747826086956521
LTP299,6,5,18,PADDING,0,0.8699911656708761,0.8699911656708761,-0.0051809943739971,0.7147826086956521,0.5234782608695652
LTP299,6,5,19,CUSTARD,0,0.8699594692022908,0.8699594692022908,-0.0599933389503,0.7165217391304348,0.2660869565217391
LTP299,6,5,20,LONDON,0,0.8045345089334875,0.8045345089334875,0.0057607137075963,0.1060869565217391,0.5669565217391304
LTP299,6,5,21,ROD,0,0.8456878846255091,0.8456878846255091,0.0535691134623819,0.3826086956521739,0.7078260869565217
LTP299,6,5,22,ROBOT,0,0.8488757564375551,0.8488757564375551,0.1174869079838795,0.4278260869565217,0.8782608695652174
LTP299,6,5,23,COUNTY,0,0.8446986525067199,0.8446986525067199,0.1114750181500501,0.3704347826086956,0.8643478260869565
LTP299,6,5,24,GOBLIN,1,0.8575690680034248,0.8575690680034248,0.0034946496051285,0.537391304347826,0.5391304347826087
LTP299,6,6,1,PIGMENT,1,0.8758671064220809,0.8758671064220809,-0.0725516841273826,0.7982608695652174,0.2521739130434782
LTP299,6,6,2,BACON,1,0.801880569937767,0.801880569937767,0.065490745310815,0.097391304347826,0.7530434782608696
LTP299,6,6,3,FRUIT,1,0.8372331795628617,0.8372331795628617,-0.0489679688840569,0.288695652173913,0.3078260869565217
LTP299,6,6,4,GRAPE,1,0.7808541015779231,0.7808541015779231,0.0920010430651623,0.0208695652173912,0.817391304347826
LTP299,6,6,5,CANAL,0,0.869257316175258,0.869257316175258,0.0046048839061801,0.6973913043478261,0.551304347826087
LTP299,6,6,6,HIKER,0,0.8698569122668264,0.8698569122668264,-0.0744200324264289,0.7217391304347827,0.2626086956521739
LTP299,6,6,7,PLAYGROUND,0,0.8624596370520207,0.8624596370520207,-0.0369260540121876,0.6086956521739131,0.3530434782608695
LTP299,6,6,8,SERVER,1,0.8081256087848033,0.8081256087848033,-0.2438012373281937,0.111304347826087,0.0069565217391304
LTP299,6,6,9,POISON,1,0.8288066303857644,0.8288066303857644,0.0433264674158209,0.2660869565217391,0.6730434782608696
LTP299,6,6,10,SEAGULL,1,0.8806161335760601,0.8806161335760601,0.033106106901496,0.937391304347826,0.6643478260869565
LTP299,6,6,11,BUCKET,1,0.8639841506349841,0.8639841506349841,0.0110119614207465,0.7078260869565217,0.5913043478260869
LTP299,6,6,12,RACKET,0,0.8882258770634899,0.8882258770634899,0.0537358859863895,0.937391304347826,0.7443478260869565
LTP299,6,6,13,APRON,0,0.8743443410524786,0.8743443410524786,-0.1211398786642074,0.7930434782608695,0.0939130434782609
LTP299,6,6,14,PLATE,1,0.7955395967361172,0.7955395967361172,0.058358490593439,0.0660869565217391,0.7269565217391305
LTP299,6,6,15,MASK,0,0.79801667154584,0.79801667154584,-0.0489323618532844,0.0765217391304348,0.3234782608695652
LTP299,6,6,16,BUBBLE,1,0.8703800164464324,0.8703800164464324,0.0040301207509696,0.7147826086956521,0.528695652173913
LTP299,6,6,17,JURY,0,0.8363145064632719,0.8363145064632719,-0.0233364907937034,0.2782608695652173,0.4347826086956522
LTP299,6,6,18,BANJO,0,0.880300542774819,0.880300542774819,0.0723403720084099,0.8504347826086956,0.8121739130434783
LTP299,6,6,19,WHISTLE,1,0.8757171837282655,0.8757171837282655,-0.0871117705156088,0.7878260869565217,0.2069565217391304
LTP299,6,6,20,FINGER,1,0.8913096351480936,0.8913096351480936,0.0060498171277007,0.937391304347826,0.528695652173913
LTP299,6,6,21,GLOVE,1,0.8907818558229941,0.8907818558229941,0.0323879511789599,0.9391304347826088,0.6556521739130434
LTP299,6,6,22,JAPAN,1,0.7977638127316851,0.7977638127316851,0.0340057831571911,0.0782608695652173,0.6591304347826087
LTP299,6,6,23,SKILLET,0,0.8937910756186166,0.8937910756186166,0.0274288435326758,0.9634782608695652,0.6208695652173912
LTP299,6,6,24,RIVER,0,0.8765801453574642,0.8765801453574642,0.0968332634653678,0.8017391304347826,0.8226086956521739
LTP299,6,7,1,FOX,0,0.7968044942177177,0.7968044942177177,-0.0806436259282895,0.0817391304347826,0.2556521739130435
LTP299,6,7,2,BARLEY,0,0.8726368246911185,0.8726368246911185,-0.055594463793341,0.7391304347826086,0.2591304347826086
LTP299,6,7,3,EGYPT,1,0.8555163711224633,0.8555163711224633,0.1632614782857923,0.5060869565217392,0.8973913043478261
LTP299,6,7,4,MOTEL,1,0.8770680786063394,0.8770680786063394,-0.060173100045217,0.8,0.2695652173913043
LTP299,6,7,5,CASKET,0,0.890757738360359,0.890757738360359,-0.0569020399825869,0.942608695652174,0.2643478260869565
LTP299,6,7,6,GRAVE,0,0.7876480732837615,0.7876480732837615,-0.0363920530310589,0.0452173913043478,0.4034782608695652
LTP299,6,7,7,LOVER,1,0.7872889199971838,0.7872889199971838,-0.1380061882187185,0.0417391304347826,0.1147826086956521
LTP299,6,7,8,WOMAN,1,0.8525501066259809,0.8525501066259809,0.1436451382652569,0.4852173913043478,0.9078260869565218
LTP299,6,7,9,COFFEE,0,0.862329094540371,0.862329094540371,-0.207615498767168,0.6,0.026086956521739
LTP299,6,7,10,SEAL,1,0.7823436571440721,0.7823436571440721,-0.0066231756744748,0.0278260869565217,0.4556521739130434
LTP299,6,7,11,SPHINX,1,0.8705650809555067,0.8705650809555067,0.1331033569738953,0.711304347826087,0.8469565217391304
LTP299,6,7,12,MUMMY,1,0.8663333004927809,0.8663333004927809,0.1528417122547671,0.6486956521739131,0.9339130434782608
LTP299,6,7,13,TERMITE,1,0.8863094166993432,0.8863094166993432,0.0972831439270721,0.9008695652173913,0.8139130434782609
LTP299,6,7,14,STATUE,1,0.8048527846669601,0.8048527846669601,-0.1322067242744275,0.1182608695652174,0.1252173913043478
LTP299,6,7,15,HELMET,0,0.8488540729009861,0.8488540729009861,-0.1289400445062749,0.448695652173913,0.1391304347826086
LTP299,6,7,16,CYCLONE,0,0.8852254108617715,0.8852254108617715,0.13946400488854,0.9008695652173913,0.92
LTP299,6,7,17,MAILMAN,1,0.8782468773746926,0.8782468773746926,-0.1478973746617609,0.8208695652173913,0.0921739130434782
LTP299,6,7,18,UNCLE,1,0.7886392576954749,0.7886392576954749,-0.1936267689690028,0.04,0.0347826086956521
LTP299,6,7,19,MARROW,0,0.880078260676343,0.880078260676343,-0.0011851921682908,0.8434782608695652,0.4921739130434782
LTP299,6,7,20,SWIMMER,0,0.8078393558894289,0.8078393558894289,0.128486302984256,0.128695652173913,0.8486956521739131
LTP299,6,7,21,BROOK,1,0.8387423418691748,0.8387423418691748,0.1068931822798113,0.5930434782608696,0.8678260869565217
LTP299,6,7,22,ISLAND,1,0.7565023995711877,0.7565023995711877,-0.0222436568985745,0.0017391304347825,0.4121739130434783
LTP299,6,7,23,LEOPARD,0,0.8607327333418116,0.8607327333418116,-0.0095482797785565,0.671304347826087,0.471304347826087
LTP299,6,7,24,CRAYON,1,0.8982175651907698,0.8982175651907698,0.1241960656678894,0.991304347826087,0.8939130434782608
LTP299,6,8,1,PUDDLE,1,0.8935976265887209,0.8935976265887209,0.1022237685379011,0.9617391304347828,0.7947826086956522
LTP299,6,8,2,SNAKE,1,0.8881691164505533,0.8881691164505533,-0.0566657279743118,0.9339130434782608,0.2852173913043478
LTP299,6,8,3,HAWK,1,0.8113764314291249,0.8113764314291249,0.0543427188020419,0.1391304347826086,0.7217391304347827
LTP299,6,8,4,DUST,1,0.8416237342324612,0.8416237342324612,-0.0697703560744257,0.3530434782608695,0.2278260869565217
LTP299,6,8,5,RIFLE,1,0.8471662008370221,0.8471662008370221,-0.177721331124063,0.4347826086956522,0.0556521739130434
LTP299,6,8,6,FLASHLIGHT,0,0.833686902521701,0.833686902521701,-0.1220121233437451,0.2834782608695652,0.1513043478260869
LTP299,6,8,7,GLASS,0,0.8450334837348105,0.8450334837348105,-0.1799696018844278,0.4104347826086957,0.0539130434782608
LTP299,6,8,8,SWAMP,0,0.7731995859237234,0.7731995859237234,0.0386782566859546,0.0208695652173912,0.5913043478260869
LTP299,6,8,9,HOOD,0,0.8715992823397943,0.8715992823397943,0.0431284623258379,0.7478260869565218,0.6747826086956521
LTP299,6,8,10,STAPLE,0,0.8597039052150284,0.8597039052150284,0.0234962673790956,0.6017391304347826,0.5808695652173913
LTP299,6,8,11,PENGUIN,1,0.8998543275022398,0.8998543275022398,0.1491613989904107,0.9947826086956522,0.9269565217391303
LTP299,6,8,12,PLIERS,0,0.8664544067049049,0.8664544067049049,-0.0145305746304524,0.6869565217391305,0.4591304347826087
LTP299,6,8,13,COCOON,0,0.8113247981697876,0.8113247981697876,-0.1610369429376806,0.1443478260869565,0.0643478260869565
LTP299,6,8,14,PIANO,0,0.8537539900434261,0.8537539900434261,0.0203482252839929,0.5078260869565218,0.5808695652173913
LTP299,6,8,15,TROMBONE,0,0.8825125520086053,0.8825125520086053,0.0889078848305443,0.8852173913043478,0.817391304347826
LTP299,6,8,16,TRIBE,0,0.869208009907652,0.869208009907652,0.0744596633043433,0.7008695652173913,0.7252173913043478
LTP299,6,8,17,QUARTER,0,0.8467625457746089,0.8467625457746089,0.0999680516574974,0.4365217391304348,0.8156521739130435
LTP299,6,8,18,SPARROW,0,0.8378630816415065,0.8378630816415065,0.0570521378335036,0.3147826086956522,0.7321739130434783
LTP299,6,8,19,THRONE,1,0.8592901925547983,0.8592901925547983,0.0928827213724175,0.5808695652173913,0.808695652173913
LTP299,6,8,20,PRINCESS,1,0.8824341283300589,0.8824341283300589,0.0775061210078802,0.8869565217391304,0.7530434782608696
LTP299,6,8,21,PISTOL,1,0.872510129257796,0.872510129257796,0.0515207558458098,0.7669565217391304,0.6852173913043478
LTP299,6,8,22,HUMAN,0,0.8128112313940219,0.8128112313940219,-0.1344181691438906,0.1426086956521739,0.1078260869565217
LTP299,6,8,23,PRIMATE,0,0.8401004160611252,0.8401004160611252,0.0244608964123891,0.3582608695652174,0.5478260869565217
LTP299,6,8,24,DOLPHIN,0,0.8560716586524291,0.8560716586524291,0.2074997783094059,0.5460869565217391,0.954782608695652
LTP299,6,9,1,DRAWING,1,0.8257875552520845,0.8257875552520845,-0.2261329897971191,0.2626086956521739,0.0104347826086956
LTP299,6,9,2,RELISH,1,0.8361001227259968,0.8361001227259968,0.0245142971028352,0.337391304347826,0.6347826086956522
LTP299,6,9,3,ZEBRA,1,0.8585153934855294,0.8585153934855294,-0.0512670100680297,0.6417391304347826,0.3130434782608695
LTP299,6,9,4,FRAME,1,0.8628035257177961,0.8628035257177961,-0.1111307152312062,0.7565217391304347,0.1565217391304347
LTP299,6,9,5,MUSTARD,0,0.7561035902826975,0.7561035902826975,-0.1661601179951728,0.0086956521739129,0.0243478260869565
LTP299,6,9,6,POWDER,0,0.8260035771256293,0.8260035771256293,-0.0673658099106924,0.2556521739130435,0.2904347826086957
LTP299,6,9,7,HERO,0,0.8559722383881624,0.8559722383881624,-0.0782305786007333,0.5860869565217391,0.2208695652173913
LTP299,6,9,8,IDOL,0,0.781059764620613,0.781059764620613,-0.0951582782840471,0.0330434782608696,0.1513043478260869
LTP299,6,9,9,STOMACH,1,0.7982215820850853,0.7982215820850853,-0.2456902210053095,0.1008695652173913,0.0086956521739129
LTP299,6,9,10,BELLY,1,0.8562539812330913,0.8562539812330913,-0.1909754635522849,0.6,0.0469565217391304
LTP299,6,9,11,LION,1,0.8237716776744188,0.8237716776744188,-0.1007576379642658,0.2069565217391304,0.1582608695652173
LTP299,6,9,12,REPORT,0,0.8064992952216795,0.8064992952216795,0.0845946681437764,0.1252173913043478,0.7930434782608695
LTP299,6,9,13,TAXI,0,0.8560902021121781,0.8560902021121781,0.024371916208513,0.5860869565217391,0.6347826086956522
LTP299,6,9,14,PROTON,1,0.8295684564879341,0.8295684564879341,0.0892539380550917,0.2817391304347826,0.768695652173913
LTP299,6,9,15,FOOTBALL,1,0.8281154975865808,0.8281154975865808,-0.1600005813416187,0.2539130434782608,0.097391304347826
LTP299,6,9,16,THIEF,1,0.8272779615955369,0.8272779615955369,-0.1548952841944581,0.2539130434782608,0.0956521739130434
LTP299,6,9,17,ULCER,1,0.8424324180022751,0.8424324180022751,-0.0012849670508286,0.3860869565217391,0.471304347826087
LTP299,6,9,18,PERMIT,0,0.8524804183672939,0.8524804183672939,0.0671265304659173,0.511304347826087,0.7478260869565218
LTP299,6,9,19,CRIB,0,0.8347733520364861,0.8347733520364861,-0.0691676182655223,0.3043478260869565,0.2747826086956522
LTP299,6,9,20,PLAZA,0,0.7882585778520262,0.7882585778520262,-0.0312940671191748,0.04,0.4017391304347826
LTP299,6,9,21,BOX,0,0.7614680855627318,0.7614680855627318,0.055885929680752,0.0104347826086956,0.6852173913043478
LTP299,6,9,22,RADISH,0,0.8639975410712677,0.8639975410712677,0.0118398198648721,0.6730434782608696,0.5339130434782609
LTP299,6,9,23,GARBAGE,1,0.8882324302016996,0.8882324302016996,0.1689619094635028,0.9565217391304348,0.9060869565217392
LTP299,6,9,24,KNAPSACK,1,0.8300443007853711,0.8300443007853711,-0.2483466478132256,0.2539130434782608,0.0104347826086956
LTP299,6,10,1,JOURNAL,0,0.8423077811879865,0.8423077811879865,0.1255087916261368,0.4382608695652173,0.8765217391304347
LTP299,6,10,2,SODA,0,0.7942738047011711,0.7942738047011711,0.0176636133731354,0.0643478260869565,0.6121739130434782
LTP299,6,10,3,PAPER,0,0.808322942184128,0.808322942184128,0.1924599764844097,0.1426086956521739,0.9321739130434784
LTP299,6,10,4,PATIENT,0,0.8527983688162872,0.8527983688162872,0.1037405537681836,0.5565217391304348,0.8747826086956522
LTP299,6,10,5,BOARD,0,0.7924988763585142,0.7924988763585142,0.1459678159351067,0.0834782608695652,0.8521739130434782
LTP299,6,10,6,PERFUME,0,0.8694989682731566,0.8694989682731566,-0.0536256853216381,0.7791304347826087,0.3339130434782609
LTP299,6,10,7,GARLIC,1,0.857480332975616,0.857480332975616,0.0178948045963601,0.5913043478260869,0.5878260869565217
LTP299,6,10,8,MONEY,0,0.821697241415234,0.821697241415234,0.0062267628820874,0.2034782608695652,0.5756521739130435
LTP299,6,10,9,OFFICE,0,0.8610303484491141,0.8610303484491141,0.1511087354813143,0.6556521739130434,0.9304347826086956
LTP299,6,10,10,GAVEL,0,0.7623051555972271,0.7623051555972271,-0.2704415900688172,0.0191304347826086,0.026086956521739
LTP299,6,10,11,LABEL,0,0.8674844531278697,0.8674844531278697,0.2143108697223112,0.7373913043478261,0.9704347826086956
LTP299,6,10,12,LAKE,1,0.8314338009222255,0.8314338009222255,-0.1609068060681855,0.3060869565217391,0.0956521739130434
LTP299,6,10,13,BALLOON,0,0.8917619440436165,0.8917619440436165,0.1494318315872017,0.9739130434782608,0.8695652173913043
LTP299,6,10,14,GUITAR,1,0.7601236146677944,0.7601236146677944,-0.0348994906435845,0.0156521739130435,0.448695652173913
LTP299,6,10,15,FLUTE,1,0.8159463550262327,0.8159463550262327,-0.1256588882009622,0.1860869565217391,0.1582608695652173
LTP299,6,10,16,AUTHOR,0,0.8640989775974115,0.8640989775974115,0.2121879524552893,0.6573913043478261,0.942608695652174
LTP299,6,10,17,BANK,0,0.872910658302897,0.872910658302897,0.1364481258658262,0.7982608695652174,0.902608695652174
LTP299,6,10,18,TYPIST,0,0.8859587473809144,0.8859587473809144,0.0115364472386871,0.9443478260869566,0.6017391304347826
LTP299,6,10,19,PACKAGE,0,0.8691329200519587,0.8691329200519587,0.3174031358952259,0.7269565217391305,0.982608695652174
LTP299,6,10,20,NIGHTGOWN,0,0.82101811760604,0.82101811760604,-0.2262407977269895,0.2104347826086956,0.0295652173913043
LTP299,6,10,21,COLONEL,0,0.8758234401240321,0.8758234401240321,0.0705128838119347,0.8052173913043479,0.7234782608695652
LTP299,6,10,22,HORNET,0,0.8549270609128358,0.8549270609128358,-0.2281029883930972,0.5530434782608695,0.0452173913043478
LTP299,6,10,23,FLOWER,0,0.8797480646745118,0.8797480646745118,0.0062759654174897,0.8643478260869565,0.5565217391304348
LTP299,6,10,24,SHRUB,1,0.8362738212170804,0.8362738212170804,-0.2625198674355795,0.3617391304347825,0.0243478260869565
LTP299,6,11,1,HANDBAG,1,0.876194420265515,0.876194420265515,0.1165931010582363,0.8243478260869566,0.8504347826086956
LTP299,6,11,2,BADGE,0,0.8506526880166982,0.8506526880166982,0.1832443400094232,0.4626086956521739,0.9408695652173912
LTP299,6,11,3,BRICK,1,0.8901964147852226,0.8901964147852226,-0.0349497643569302,0.9686956521739132,0.3913043478260869
LTP299,6,11,4,PLASTER,0,0.8036264431024248,0.8036264431024248,0.0076986434858989,0.1043478260869564,0.5356521739130435
LTP299,6,11,5,POCKET,0,0.8629017976389703,0.8629017976389703,0.1812162046436717,0.6347826086956522,0.9356521739130436
LTP299,6,11,6,RAFT,0,0.8581849117503262,0.8581849117503262,-0.130753706764558,0.5669565217391304,0.1234782608695652
LTP299,6,11,7,DIVER,0,0.7794731767277393,0.7794731767277393,-0.1503878198493882,0.026086956521739,0.0869565217391304
LTP299,6,11,8,CHEMIST,1,0.881483215452793,0.881483215452793,0.0202055401592797,0.8782608695652174,0.6191304347826088
LTP299,6,11,9,TRUCK,0,0.8439793160957558,0.8439793160957558,-0.007053265062012,0.3634782608695652,0.4817391304347825
LTP299,6,11,10,PILOT,0,0.8849301920087524,0.8849301920087524,-0.0281811397049296,0.9060869565217392,0.4278260869565217
LTP299,6,11,11,MACHINE,0,0.8473172852747656,0.8473172852747656,0.2017337864164124,0.4017391304347826,0.96
LTP299,6,11,12,CANYON,0,0.8452954580090019,0.8452954580090019,0.0408415644646676,0.3982608695652174,0.6852173913043478
LTP299,6,11,13,ROCKET,1,0.8921838345565022,0.8921838345565022,-0.0647293048715414,0.9739130434782608,0.2573913043478261
LTP299,6,11,14,FOREHEAD,1,0.8150357569057615,0.8150357569057615,-0.180208725321831,0.1582608695652173,0.0452173913043478
LTP299,6,11,15,JELLY,1,0.8580644504411918,0.8580644504411918,-0.0464081172097804,0.5756521739130435,0.3634782608695652
LTP299,6,11,16,BLOCKADE,1,0.8662957126089273,0.8662957126089273,0.0870975839676082,0.6799999999999999,0.808695652173913
LTP299,6,11,17,MAMMAL,1,0.8136775182640389,0.8136775182640389,0.1818527501558497,0.1391304347826086,0.9443478260869566
LTP299,6,11,18,CHIPMUNK,1,0.8800263265027969,0.8800263265027969,-0.0767541713617276,0.8765217391304347,0.2486956521739131
LTP299,6,11,19,BUG,1,0.8377322292526381,0.8377322292526381,0.0312557342392837,0.2973913043478261,0.6208695652173912
LTP299,6,11,20,WASP,1,0.8172874451023926,0.8172874451023926,-0.1645636547283581,0.1547826086956522,0.0521739130434782
LTP299,6,11,21,COUSIN,0,0.8643658549695532,0.8643658549695532,-0.1246664296977591,0.6417391304347826,0.088695652173913
LTP299,6,11,22,FEMALE,1,0.8009401712930783,0.8009401712930783,-0.024340774952105,0.088695652173913,0.457391304347826
LTP299,6,11,23,BEAST,1,0.8068285310565665,0.8068285310565665,0.0269572554505025,0.1095652173913043,0.6226086956521739
LTP299,6,11,24,PREACHER,1,0.8491237693618234,0.8491237693618234,-0.0306445304427999,0.4417391304347826,0.3930434782608696
LTP299,6,12,1,CELLAR,1,0.8690624348424879,0.8690624348424879,0.0323836873476061,0.6991304347826087,0.6243478260869566
LTP299,6,12,2,SEAFOOD,1,0.8664076405455262,0.8664076405455262,-0.0110574427049615,0.6643478260869565,0.48
LTP299,6,12,3,OYSTER,1,0.8662392362316161,0.8662392362316161,0.1061381592144096,0.6504347826086956,0.8052173913043479
LTP299,6,12,4,PATROL,1,0.8567338027157335,0.8567338027157335,-0.1161238763671897,0.5339130434782609,0.1356521739130435
LTP299,6,12,5,OZONE,1,0.8508361768568321,0.8508361768568321,0.0927369242245635,0.457391304347826,0.782608695652174
LTP299,6,12,6,PECAN,1,0.8288986632653083,0.8288986632653083,0.1612398319941773,0.2260869565217391,0.9460869565217392
LTP299,6,12,7,GUARD,1,0.8733750237127202,0.8733750237127202,0.0250866576031438,0.7582608695652174,0.6226086956521739
LTP299,6,12,8,LILY,0,0.8046959626566288,0.8046959626566288,-0.0844846488396031,0.1095652173913043,0.1791304347826087
LTP299,6,12,9,GARDEN,0,0.8465456233821996,0.8465456233821996,-0.0208256557649761,0.408695652173913,0.4156521739130434
LTP299,6,12,10,COWBOY,1,0.8528207734265444,0.8528207734265444,-0.0166589364276967,0.4939130434782608,0.4730434782608695
LTP299,6,12,11,CLAMP,0,0.7913862445299762,0.7913862445299762,-0.1796485540751803,0.0591304347826087,0.0365217391304347
LTP299,6,12,12,CASHEW,1,0.8859811800007371,0.8859811800007371,-0.0483638706416792,0.9165217391304348,0.3113043478260869
LTP299,6,12,13,RATTLE,0,0.8682829872052554,0.8682829872052554,-0.1601661941933255,0.688695652173913,0.0469565217391304
LTP299,6,12,14,BANKER,0,0.8874620589214028,0.8874620589214028,0.0231012625433699,0.9321739130434784,0.5982608695652174
LTP299,6,12,15,VALVE,0,0.8647205843592979,0.8647205843592979,-0.1111440195187987,0.6643478260869565,0.1582608695652173
LTP299,6,12,16,SUBWAY,0,0.8805095488086085,0.8805095488086085,-0.0459168369430216,0.8660869565217392,0.3495652173913043
LTP299,6,12,17,CRICKET,0,0.8704008299410353,0.8704008299410353,-0.045088368242808,0.7269565217391305,0.3304347826086956
LTP299,6,12,18,PASSAGE,0,0.8510995604725656,0.8510995604725656,-0.2738886412148307,0.4643478260869565,0.0034782608695652
LTP299,6,12,19,COBRA,0,0.817811976398911,0.817811976398911,0.1248403627729523,0.1460869565217391,0.8973913043478261
LTP299,6,12,20,NOVEL,0,0.8256291064639195,0.8256291064639195,-0.0353780480211113,0.2017391304347826,0.3860869565217391
LTP299,6,12,21,STICKER,0,0.8550671086741579,0.8550671086741579,-0.0899380663799308,0.5269565217391304,0.1513043478260869
LTP299,6,12,22,WRENCH,0,0.8420817086846495,0.8420817086846495,-0.0126742998288746,0.3565217391304348,0.4695652173913043
LTP299,6,12,23,BRANCH,1,0.843245473818534,0.843245473818534,-0.1007500507253991,0.3686956521739131,0.1478260869565217
LTP299,6,12,24,SLIDE,1,0.8504223282051152,0.8504223282051152,-0.3020578187534626,0.457391304347826,0.0
LTP299,6,13,1,VIRUS,1,0.8213475241117455,0.8213475241117455,0.0894164257675392,0.1756521739130434,0.7930434782608695
LTP299,6,13,2,SALMON,1,0.8485714626101607,0.8485714626101607,0.0527975555799116,0.4278260869565217,0.6678260869565218
LTP299,6,13,3,BEEF,1,0.8209773504438322,0.8209773504438322,0.2767645566207188,0.1652173913043478,0.9860869565217392
LTP299,6,13,4,CONVICT,1,0.8170072803600342,0.8170072803600342,-0.1078828400501835,0.1530434782608696,0.24
LTP299,6,13,5,LACE,0,0.8184904735234264,0.8184904735234264,0.0291617063503861,0.1495652173913043,0.6243478260869566
LTP299,6,13,6,HEADBAND,1,0.8588221995148703,0.8588221995148703,-0.1063011213482299,0.5930434782608696,0.2365217391304347
LTP299,6,13,7,DANDRUFF,1,0.893062367862792,0.893062367862792,0.0899102516343237,0.9895652173913044,0.7965217391304348
LTP299,6,13,8,COUNTRY,0,0.8350751895758719,0.8350751895758719,-0.0401475952461782,0.2765217391304347,0.3773913043478261
LTP299,6,13,9,ASIA,1,0.789760394260147,0.789760394260147,-0.0400236438461357,0.0452173913043478,0.3652173913043478
LTP299,6,13,10,SCARF,1,0.864221088915954,0.864221088915954,0.1566009150759957,0.6504347826086956,0.8747826086956522
LTP299,6,13,11,OX,1,0.8001690166805049,0.8001690166805049,0.0765191003308631,0.0730434782608695,0.7321739130434783
LTP299,6,13,12,WINDOW,1,0.8319140129403654,0.8319140129403654,-0.0742947233087262,0.2539130434782608,0.3078260869565217
LTP299,6,13,13,BEAKER,1,0.8626240503198943,0.8626240503198943,0.1670432101710489,0.6139130434782609,0.9130434782608696
LTP299,6,13,14,APPLE,1,0.8345884744851356,0.8345884744851356,-0.1827527773939001,0.288695652173913,0.0939130434782609
LTP299,6,13,15,CHAMPAGNE,1,0.8434089640019994,0.8434089640019994,-0.0153137033032665,0.3756521739130435,0.4886956521739131
LTP299,6,13,16,SWORD,1,0.8087240833903845,0.8087240833903845,0.2194147387408407,0.111304347826087,0.9408695652173912
LTP299,6,13,17,FRIAR,1,0.8560465198062979,0.8560465198062979,0.1482837380874203,0.5530434782608695,0.8452173913043478
LTP299,6,13,18,TUTU,1,0.7976427571932582,0.7976427571932582,-0.0191440102520216,0.0608695652173912,0.4834782608695652
LTP299,6,13,19,DRESS,1,0.8595870905856496,0.8595870905856496,-0.2553210904337262,0.5860869565217391,0.0086956521739129
LTP299,6,13,20,EMPIRE,1,0.8396521435473748,0.8396521435473748,0.0833425361834533,0.3321739130434782,0.7269565217391305
LTP299,6,13,21,RUST,1,0.8661249181121454,0.8661249181121454,0.1964041627275941,0.6817391304347826,0.942608695652174
LTP299,6,13,22,RECORD,0,0.8424879508510648,0.8424879508510648,-0.1834884990228563,0.3634782608695652,0.1147826086956521
LTP299,6,13,23,POET,0,0.8123031014923165,0.8123031014923165,-0.0485473822919484,0.1252173913043478,0.3669565217391304
LTP299,6,13,24,CURTAIN,0,0.8859953303684337,0.8859953303684337,-0.1953020578060499,0.9652173913043478,0.0817391304347826
LTP299,6,14,1,BISON,0,0.8645471648549148,0.8645471648549148,-0.0152470720442477,0.6695652173913044,0.4852173913043478
LTP299,6,14,2,MILK,0,0.8203138650663184,0.8203138650663184,0.0118299973495689,0.1617391304347826,0.5808695652173913
LTP299,6,14,3,CRUTCH,0,0.8775299792628173,0.8775299792628173,-0.2678620099153938,0.8904347826086957,0.0121739130434782
LTP299,6,14,4,LEG,0,0.840682880641982,0.840682880641982,0.0406468566528367,0.3252173913043478,0.6678260869565218
LTP299,6,14,5,HEDGE,1,0.8561458126901582,0.8561458126901582,0.1781441854770469,0.5304347826086957,0.9321739130434784
LTP299,6,14,6,TWIG,1,0.8575224299592161,0.8575224299592161,0.1591501823720253,0.568695652173913,0.88
LTP299,6,14,7,HONEY,0,0.8475144492550556,0.8475144492550556,0.0061326541625544,0.4104347826086957,0.5443478260869565
LTP299,6,14,8,WAGON,0,0.8534255891632625,0.8534255891632625,0.0355784584797354,0.4973913043478261,0.6556521739130434
LTP299,6,14,9,OMELET,0,0.8478072059239178,0.8478072059239178,-0.0333701015022622,0.4156521739130434,0.4139130434782608
LTP299,6,14,10,FOREST,1,0.8208387406197533,0.8208387406197533,0.1058917679975571,0.1652173913043478,0.7547826086956522
LTP299,6,14,11,DENTIST,0,0.8541699388823638,0.8541699388823638,0.0241156865337172,0.5026086956521739,0.5913043478260869
LTP299,6,14,12,YARN,0,0.8725173319015631,0.8725173319015631,0.0005347868222408,0.84,0.5321739130434783
LTP299,6,14,13,SHARK,0,0.7894803743735322,0.7894803743735322,-0.0041062092863031,0.0417391304347826,0.4973913043478261
LTP299,6,14,14,SPOUSE,0,0.8732830689551951,0.8732830689551951,-0.0512143108904722,0.8417391304347825,0.3878260869565217
LTP299,6,14,15,MAPLE,1,0.7888028457070629,0.7888028457070629,0.0340627618617002,0.0330434782608696,0.6121739130434782
LTP299,6,14,16,WARDROBE,1,0.890875095893383,0.890875095893383,0.0884709572493186,0.9930434782608696,0.7356521739130435
LTP299,6,14,17,REBEL,0,0.8399756557454267,0.8399756557454267,0.0862519599461054,0.3652173913043478,0.7860869565217391
LTP299,6,14,18,CORAL,1,0.848301471986481,0.848301471986481,0.130529569170146,0.4608695652173913,0.7982608695652174
LTP299,6,14,19,HUSBAND,1,0.8447811293357019,0.8447811293357019,0.053383244032292,0.3826086956521739,0.6765217391304348
LTP299,6,14,20,ROOSTER,0,0.8715884070541963,0.8715884070541963,0.0329408370669175,0.8382608695652174,0.5982608695652174
LTP299,6,14,21,WHISKERS,1,0.8721370100977827,0.8721370100977827,0.0110712876499215,0.8260869565217391,0.5739130434782609
LTP299,6,14,22,JUDGE,1,0.8248200244739079,0.8248200244739079,0.0231506729322139,0.1930434782608695,0.5860869565217391
LTP299,6,14,23,BACKBONE,1,0.87667574031669,0.87667574031669,-0.2014809832795647,0.8991304347826087,0.0730434782608695
LTP299,6,14,24,GANGSTER,0,0.861187627913138,0.861187627913138,0.0838903036160556,0.6139130434782609,0.7895652173913044
LTP299,6,15,1,SERVANT,1,0.8054760362615213,0.8054760362615213,0.0900817197789434,0.1060869565217391,0.8017391304347826
LTP299,6,15,2,SIDEWALK,1,0.875180500531376,0.875180500531376,0.0214597022096596,0.84,0.5982608695652174
LTP299,6,15,3,HIGHWAY,1,0.799594694700982,0.799594694700982,0.136674845672627,0.0713043478260869,0.8678260869565217
LTP299,6,15,4,SNAIL,1,0.8743777822586732,0.8743777822586732,-0.0638596072102259,0.8208695652173913,0.328695652173913
LTP299,6,15,5,PUPIL,0,0.8401924430423019,0.8401924430423019,-0.0486260164142307,0.3478260869565217,0.3321739130434782
LTP299,6,15,6,FLIPPER,1,0.8314662796671053,0.8314662796671053,-0.1633402654327143,0.2591304347826086,0.0660869565217391
LTP299,6,15,7,INFANT,0,0.865938147247547,0.865938147247547,0.039804747833058,0.6782608695652175,0.6643478260869565
LTP299,6,15,8,NOMAD,0,0.8089164396778714,0.8089164396778714,-0.042638088856139,0.1269565217391304,0.3704347826086956
LTP299,6,15,9,ACTRESS,0,0.8804029172514904,0.8804029172514904,0.0065801930855109,0.8904347826086957,0.5652173913043479
LTP299,6,15,10,MATTRESS,0,0.8660418461783095,0.8660418461783095,-0.103358844343582,0.6695652173913044,0.1704347826086956
LTP299,6,15,11,KETCHUP,0,0.8735740837385337,0.8735740837385337,-0.1990966861208041,0.8052173913043479,0.0469565217391304
LTP299,6,15,12,KLEENEX,0,0.8344176647836249,0.8344176647836249,-0.0249437315928031,0.2834782608695652,0.3965217391304347
LTP299,6,15,13,SLUG,1,0.8649367300777292,0.8649367300777292,0.0332894063599539,0.6504347826086956,0.6069565217391304
LTP299,6,15,14,COD,0,0.7901823112373466,0.7901823112373466,-0.1612822147108237,0.0539130434782608,0.0782608695652173
LTP299,6,15,15,LIVER,0,0.8213405788577872,0.8213405788577872,0.069240940336964,0.1756521739130434,0.7704347826086957
LTP299,6,15,16,BODY,0,0.7402744463316162,0.7402744463316162,0.0017856585293027,0.0,0.5008695652173913
LTP299,6,15,17,TROUT,0,0.7978533466838392,0.7978533466838392,0.0616536712894252,0.0904347826086956,0.7669565217391304
LTP299,6,15,18,HAND,0,0.8202610001698697,0.8202610001698697,0.0724273945743746,0.1826086956521738,0.8017391304347826
LTP299,6,15,19,TOMBSTONE,1,0.8860016604028462,0.8860016604028462,0.0952200640653329,0.9617391304347828,0.8365217391304348
LTP299,6,15,20,PIZZA,0,0.8242447658250379,0.8242447658250379,-0.1599498554599871,0.1930434782608695,0.0834782608695652
LTP299,6,15,21,ARM,0,0.8224746741845657,0.8224746741845657,-0.0262526667501538,0.1791304347826087,0.4399999999999999
LTP299,6,15,22,MILDEW,1,0.8839549555374275,0.8839549555374275,-0.0202082465214281,0.9252173913043478,0.4434782608695652
LTP299,6,15,23,FRAGRANCE,0,0.863459853352259,0.863459853352259,-0.1751049263593196,0.6608695652173913,0.0521739130434782
LTP299,6,15,24,STALLION,0,0.8645643994538779,0.8645643994538779,0.118962575308691,0.6747826086956521,0.8591304347826088
LTP299,6,16,1,PICTURE,1,0.8296989487513792,0.8296989487513792,0.1201653936067386,0.2852173913043478,0.8208695652173913
LTP299,6,16,2,WITNESS,0,0.8255064701708585,0.8255064701708585,0.1565451881276032,0.2486956521739131,0.8765217391304347
LTP299,6,16,3,GRAVEL,1,0.7497129450615639,0.7497129450615639,-0.1414471226133036,0.0017391304347825,0.1234782608695652
LTP299,6,16,4,SIBLING,1,0.8546420201060687,0.8546420201060687,0.0548228144255527,0.5443478260869565,0.72
LTP299,6,16,5,SISTER,1,0.795067958831363,0.795067958831363,0.0441195142147166,0.0921739130434782,0.6678260869565218
LTP299,6,16,6,AWARD,1,0.8447984012858651,0.8447984012858651,0.1362213668942402,0.4052173913043478,0.902608695652174
LTP299,6,16,7,LIPSTICK,0,0.8639114744649937,0.8639114744649937,-0.0148849649256965,0.7304347826086957,0.4695652173913043
LTP299,6,16,8,SLOPE,0,0.8567287823447122,0.8567287823447122,0.0268151664608144,0.6643478260869565,0.6156521739130435
LTP299,6,16,9,STAMP,0,0.8051806939168701,0.8051806939168701,0.074101256262591,0.1130434782608695,0.7930434782608695
LTP299,6,16,10,LIGHTNING,0,0.8830558614598543,0.8830558614598543,0.1357809294324855,0.9408695652173912,0.8747826086956522
LTP299,6,16,11,EYELASH,0,0.848241872574771,0.848241872574771,-0.0243750386516948,0.4608695652173913,0.4156521739130434
LTP299,6,16,12,MEDAL,1,0.8581410337434621,0.8581410337434621,0.1063166384055033,0.6052173913043478,0.8243478260869566
LTP299,6,16,13,BLACKBOARD,0,0.8212938969717826,0.8212938969717826,-0.0543973549753384,0.2034782608695652,0.3269565217391305
LTP299,6,16,14,OUTFIT,0,0.8764615984129178,0.8764615984129178,0.2354110989086103,0.8382608695652174,0.977391304347826
LTP299,6,16,15,COSTUME,0,0.8751528493474982,0.8751528493474982,0.1350535306155613,0.8208695652173913,0.8852173913043478
LTP299,6,16,16,EXPERT,0,0.8355141146046317,0.8355141146046317,0.1575823633389581,0.3234782608695652,0.9008695652173913
LTP299,6,16,17,TEACHER,0,0.8501229163721673,0.8501229163721673,0.1687995458570311,0.4834782608695652,0.9113043478260868
LTP299,6,16,18,LODGE,0,0.8594570807150873,0.8594570807150873,-0.0573157634627068,0.6104347826086957,0.3060869565217391
LTP299,6,16,19,COURSE,0,0.8361286744724278,0.8361286744724278,0.1052902597169539,0.3252173913043478,0.8139130434782609
LTP299,6,16,20,TOURIST,0,0.8719471655360274,0.8719471655360274,0.2045132883549473,0.7791304347826087,0.954782608695652
LTP299,6,16,21,TABLET,0,0.8744722146313513,0.8744722146313513,0.1498790593818554,0.8347826086956522,0.8869565217391304
LTP299,6,16,22,OUTDOORS,1,0.8333785627224871,0.8333785627224871,0.1879122040597332,0.3043478260869565,0.937391304347826
LTP299,6,16,23,RAZOR,1,0.8341736016476812,0.8341736016476812,-0.1846063374584559,0.3165217391304348,0.0660869565217391
LTP299,6,16,24,BIKE,1,0.8605079881953986,0.8605079881953986,-0.0896288816925846,0.64,0.2226086956521739
LTP299,6,17,1,FARMER,1,0.7914791247676097,0.7914791247676097,-0.090308441802071,0.1078260869565217,0.1147826086956521
LTP299,6,17,2,PICNIC,1,0.8263343426750943,0.8263343426750943,0.0680190443222689,0.3478260869565217,0.768695652173913
LTP299,6,17,3,MUFFIN,1,0.8533578405797003,0.8533578405797003,0.0403513894894395,0.6382608695652174,0.751304347826087
LTP299,6,17,4,CHEST,0,0.7997665449148489,0.7997665449148489,-0.0684149117396998,0.1373913043478261,0.2434782608695652
LTP299,6,17,5,FILM,0,0.8496431506208117,0.8496431506208117,-0.0509930894538324,0.5895652173913044,0.2991304347826087
LTP299,6,17,6,LAGOON,0,0.8245370333248198,0.8245370333248198,-0.0669248970532248,0.2765217391304347,0.2469565217391304
LTP299,6,17,7,POSSUM,0,0.8359272630205227,0.8359272630205227,-0.0292464952746543,0.3478260869565217,0.4052173913043478
LTP299,6,17,8,LADDER,1,0.8105195190511096,0.8105195190511096,-0.1496165805113864,0.1739130434782608,0.0504347826086956
LTP299,6,17,9,PEANUT,1,0.8697039830673555,0.8697039830673555,0.0694553221937458,0.7965217391304348,0.8052173913043479
LTP299,6,17,10,PADDLE,1,0.8639481024500134,0.8639481024500134,-0.0744777056372855,0.7043478260869565,0.2226086956521739
LTP299,6,17,11,MARINE,1,0.8496841481222571,0.8496841481222571,-0.0837024633548535,0.5217391304347826,0.1617391304347826
LTP299,6,17,12,CHURCH,0,0.8072909440050688,0.8072909440050688,0.1046360404394479,0.1513043478260869,0.8817391304347826
LTP299,6,17,13,MONSTER,1,0.8438365501662138,0.8438365501662138,-0.0768736527548565,0.4278260869565217,0.2434782608695652
LTP299,6,17,14,WRIST,1,0.8619275871711819,0.8619275871711819,-0.1140142672109466,0.6504347826086956,0.0991304347826087
LTP299,6,17,15,SANDWICH,1,0.8932073473259471,0.8932073473259471,0.1159286025565637,0.9704347826086956,0.8765217391304347
LTP299,6,17,16,AIRPLANE,1,0.8568757195075184,0.8568757195075184,0.0738477029857863,0.5739130434782609,0.7669565217391304
LTP299,6,17,17,PARROT,0,0.8492307801487593,0.8492307801487593,0.0259911727536798,0.4695652173913043,0.6313043478260869
LTP299,6,17,18,BEAVER,1,0.8469894006814233,0.8469894006814233,0.0261057300935904,0.4539130434782609,0.6260869565217391
LTP299,6,17,19,PUPPY,1,0.884342170913083,0.884342170913083,0.0628843253240867,0.9339130434782608,0.7756521739130435
LTP299,6,17,20,HOUND,1,0.8764878273707397,0.8764878273707397,-0.1694301934375696,0.8678260869565217,0.0191304347826086
LTP299,6,17,21,ELBOW,0,0.8504706754409141,0.8504706754409141,-0.0337962074001549,0.4921739130434782,0.3756521739130435
LTP299,6,17,22,SPONGE,1,0.8669938239822632,0.8669938239822632,0.0389650686631375,0.7339130434782608,0.6678260869565218
LTP299,6,17,23,CAMEL,1,0.8825696503108086,0.8825696503108086,0.0097882614241167,0.8939130434782608,0.5547826086956522
LTP299,6,17,24,AIRPORT,1,0.815421181596802,0.815421181596802,-0.1356204562480315,0.2260869565217391,0.1026086956521739
LTP299,6,18,1,FRECKLE,1,0.8594596550362287,0.8594596550362287,-0.0738963451734839,0.6017391304347826,0.231304347826087
LTP299,6,18,2,YACHT,1,0.8777144948691019,0.8777144948691019,-0.0323126962038623,0.8521739130434782,0.3808695652173913
LTP299,6,18,3,LEADER,1,0.8309074201583545,0.8309074201583545,0.1214743822485001,0.2695652173913043,0.8782608695652174
LTP299,6,18,4,GIFT,1,0.8475399742020531,0.8475399742020531,0.0826106493444872,0.4469565217391305,0.7895652173913044
LTP299,6,18,5,WAITRESS,1,0.852581011707559,0.852581011707559,0.2008187388662606,0.511304347826087,0.9460869565217392
LTP299,6,18,6,LUNCH,0,0.8212153851647158,0.8212153851647158,0.1608447670587759,0.1930434782608695,0.9060869565217392
LTP299,6,18,7,SAUSAGE,1,0.8319091240306685,0.8319091240306685,0.0983003436321878,0.2608695652173913,0.831304347826087
LTP299,6,18,8,CLAM,1,0.7732408101772369,0.7732408101772369,-0.173051897495979,0.0295652173913043,0.0713043478260869
LTP299,6,18,9,SURVEY,0,0.8334606134718895,0.8334606134718895,0.0849779371661445,0.2765217391304347,0.7930434782608695
LTP299,6,18,10,DRIVER,0,0.8286807630739215,0.8286807630739215,-0.0477007899778021,0.2486956521739131,0.3356521739130435
LTP299,6,18,11,CATCHER,0,0.8692154446777891,0.8692154446777891,-0.0411543854491232,0.7495652173913043,0.3547826086956521
LTP299,6,18,12,TURNIP,0,0.8968297088550088,0.8968297088550088,0.1024264411768175,0.9895652173913044,0.8417391304347825
LTP299,6,18,13,TWEEZERS,0,0.8459140883690468,0.8459140883690468,0.1388597362529337,0.4069565217391304,0.9008695652173913
LTP299,6,18,14,POSTAGE,0,0.8633766636638983,0.8633766636638983,-0.0295241465745893,0.6417391304347826,0.3721739130434782
LTP299,6,18,15,PEPPER,1,0.8345508916444957,0.8345508916444957,-0.1109515708604146,0.2939130434782608,0.1408695652173913
LTP299,6,18,16,BARREL,1,0.8317967918043552,0.8317967918043552,-0.0007304616055083,0.2765217391304347,0.5060869565217392
LTP299,6,18,17,VAGRANT,0,0.8392035101350556,0.8392035101350556,-0.0721786481077619,0.328695652173913,0.2713043478260869
LTP299,6,18,18,SHELF,0,0.8182219232552533,0.8182219232552533,0.0609515237906081,0.1773913043478261,0.7043478260869565
LTP299,6,18,19,UMPIRE,1,0.8566219180373981,0.8566219180373981,0.0324359411998138,0.5565217391304348,0.6191304347826088
LTP299,6,18,20,TORTOISE,0,0.8850031595433357,0.8850031595433357,-0.0845136659073363,0.9321739130434784,0.2260869565217391
LTP299,6,18,21,CLIMBER,1,0.8236368587422583,0.8236368587422583,-0.0755770757308618,0.2069565217391304,0.2486956521739131
LTP299,6,18,22,VALLEY,0,0.8808517007530956,0.8808517007530956,0.0695359346673199,0.8643478260869565,0.6991304347826087
LTP299,6,18,23,SALAD,0,0.8646940906193322,0.8646940906193322,0.0646630526531514,0.6521739130434783,0.6852173913043478
LTP299,6,18,24,IGLOO,0,0.8308010976387111,0.8308010976387111,-0.1561336991461837,0.2591304347826086,0.1026086956521739
LTP299,6,19,1,TART,1,0.8242870105374022,0.8242870105374022,-0.0795103185564745,0.2034782608695652,0.2417391304347825
LTP299,6,19,2,PASTRY,1,0.8602395732906429,0.8602395732906429,-0.0412061468363982,0.5860869565217391,0.3565217391304348
LTP299,6,19,3,HOSTESS,1,0.8246584093879817,0.8246584093879817,-0.1519145044150024,0.2069565217391304,0.0817391304347826
LTP299,6,19,4,SUSPECT,0,0.871844455371841,0.871844455371841,-0.0194983110504632,0.7495652173913043,0.4347826086956522
LTP299,6,19,5,WIFE,1,0.7817427547853214,0.7817427547853214,-0.1024428176611239,0.0347826086956521,0.16
LTP299,6,19,6,BASEMENT,0,0.8586109404349201,0.8586109404349201,-0.0623836189734441,0.5652173913043479,0.2904347826086957
LTP299,6,19,7,TWISTER,0,0.8486755584031614,0.8486755584031614,-0.048405101890829,0.4504347826086956,0.3269565217391305
LTP299,6,19,8,SNACK,0,0.8736267346163804,0.8736267346163804,0.1497385274035778,0.7704347826086957,0.9078260869565218
LTP299,6,19,9,COOKBOOK,1,0.8465091506045808,0.8465091506045808,-0.1430895693671629,0.4191304347826087,0.088695652173913
LTP299,6,19,10,ITEM,1,0.8286998253503916,0.8286998253503916,0.0484184641402722,0.2347826086956521,0.6556521739130434
LTP299,6,19,11,PLUTO,0,0.8597874069111245,0.8597874069111245,-0.0929462669336132,0.5721739130434782,0.2052173913043478
LTP299,6,19,12,VENUS,0,0.8221962433353125,0.8221962433353125,-0.0007259829019106,0.1913043478260869,0.5026086956521739
LTP299,6,19,13,QUAIL,0,0.8735437276249605,0.8735437276249605,0.0948895446032426,0.7913043478260869,0.8452173913043478
LTP299,6,19,14,DINER,0,0.8026623278951601,0.8026623278951601,0.1587753921957779,0.1147826086956521,0.8904347826086957
LTP299,6,19,15,CEILING,0,0.842169194966026,0.842169194966026,0.037286061469035,0.3808695652173913,0.6208695652173912
LTP299,6,19,16,HAMPER,0,0.8820024222253816,0.8820024222253816,-5.401082417716776e-05,0.8626086956521739,0.4921739130434782
LTP299,6,19,17,PAIL,1,0.8476361773211278,0.8476361773211278,-0.0701252020277382,0.4191304347826087,0.2608695652173913
LTP299,6,19,18,DRINK,0,0.8252975623969419,0.8252975623969419,0.1652843842739936,0.1999999999999999,0.9478260869565216
LTP299,6,19,19,MARKET,0,0.8574887375372776,0.8574887375372776,0.0006902866768552,0.5426086956521738,0.4939130434782608
LTP299,6,19,20,LUGGAGE,1,0.8841226724217541,0.8841226724217541,0.0690016593185259,0.9060869565217392,0.7739130434782608
LTP299,6,19,21,GRIZZLY,1,0.8592180136796754,0.8592180136796754,0.0952898926535909,0.5652173913043479,0.8486956521739131
LTP299,6,19,22,SUITCASE,1,0.8506850389335155,0.8506850389335155,0.0436870551195051,0.4539130434782609,0.6939130434782609
LTP299,6,19,23,DRUG,0,0.8701726378319388,0.8701726378319388,0.0926066304662941,0.7234782608695652,0.8226086956521739
LTP299,6,19,24,NURSE,0,0.8761670275326452,0.8761670275326452,-0.0018371289493362,0.8069565217391305,0.4886956521739131
LTP299,6,20,1,XEROX,1,0.860801376575426,0.860801376575426,-0.0092449442690472,0.5826086956521739,0.4591304347826087
LTP299,6,20,2,VELVET,1,0.8642898274252259,0.8642898274252259,-0.1115506793887878,0.6365217391304347,0.1426086956521739
LTP299,6,20,3,PIMPLE,1,0.8676606216304348,0.8676606216304348,0.0153023616665703,0.6556521739130434,0.5391304347826087
LTP299,6,20,4,FLAG,1,0.7854675517198205,0.7854675517198205,-0.1233295750696111,0.0382608695652173,0.1408695652173913
LTP299,6,20,5,EUROPE,1,0.7717351462493072,0.7717351462493072,-0.1775711609771597,0.0208695652173912,0.0365217391304347
LTP299,6,20,6,ORCHID,1,0.8574956803981978,0.8574956803981978,0.0071287472468408,0.5321739130434783,0.5217391304347826
LTP299,6,20,7,BOYFRIEND,1,0.8642560368175505,0.8642560368175505,-0.2105532317484585,0.6191304347826088,0.0191304347826086
LTP299,6,20,8,FLESH,1,0.8377507850165979,0.8377507850165979,-0.1268707174260768,0.288695652173913,0.1130434782608695
LTP299,6,20,9,CHAUFFEUR,1,0.8496960473676787,0.8496960473676787,0.0511507520769091,0.4469565217391305,0.6504347826086956
LTP299,6,20,10,BRAKE,1,0.8886015441381742,0.8886015441381742,-0.0200904796669248,0.937391304347826,0.4017391304347826
LTP299,6,20,11,CABBAGE,0,0.8413205168408261,0.8413205168408261,-0.0319288642771936,0.3495652173913043,0.3895652173913043
LTP299,6,20,12,BREAST,1,0.86211214791422,0.86211214791422,-0.2087861721876997,0.6086956521739131,0.0313043478260869
LTP299,6,20,13,SILK,1,0.8746544040772003,0.8746544040772003,-0.0932219559098534,0.8017391304347826,0.1930434782608695
LTP299,6,20,14,SUMMIT,0,0.8411019242631629,0.8411019242631629,-0.1335071891629752,0.3252173913043478,0.097391304347826
LTP299,6,20,15,TREAT,0,0.731517069126526,0.731517069126526,-0.1746760663788645,0.0,0.0591304347826087
LTP299,6,20,16,POPCORN,0,0.8308763806263731,0.8308763806263731,-0.1209887018772709,0.2452173913043478,0.16
LTP299,6,20,17,CRITIC,0,0.8246386848571514,0.8246386848571514,0.0975586694733097,0.208695652173913,0.7634782608695652
LTP299,6,20,18,PARSLEY,1,0.8696108255193821,0.8696108255193821,0.0327023306983165,0.7634782608695652,0.6121739130434782
LTP299,6,20,19,GALLON,0,0.838236711178062,0.838236711178062,-0.045933109284494,0.3391304347826087,0.3339130434782609
LTP299,6,20,20,COIN,0,0.8320049317179856,0.8320049317179856,-0.1112950662322303,0.2678260869565217,0.1547826086956522
LTP299,6,20,21,DAISY,1,0.8565671945711258,0.8565671945711258,0.022099501656264,0.5478260869565217,0.5843478260869566
LTP299,6,20,22,CHAPEL,0,0.8349265077271332,0.8349265077271332,-0.0484456352512546,0.2678260869565217,0.3269565217391305
LTP299,6,20,23,CIGAR,0,0.8725760227182924,0.8725760227182924,0.255391928395389,0.7721739130434783,0.9860869565217392
LTP299,6,20,24,RUG,0,0.8411704610657921,0.8411704610657921,0.1189998628084689,0.3443478260869566,0.8539130434782609
LTP299,6,21,1,ARMY,1,0.8717412139724028,0.8717412139724028,0.0827403073025779,0.7217391304347827,0.7339130434782608
LTP299,6,21,2,ANKLE,1,0.8623452902139669,0.8623452902139669,-0.0294232580387091,0.6052173913043478,0.3947826086956522
LTP299,6,21,3,FUNGUS,1,0.8663759842983734,0.8663759842983734,0.0030406100570082,0.6330434782608696,0.5269565217391304
LTP299,6,21,4,YOLK,1,0.8694999750349726,0.8694999750349726,-0.086502085614374,0.7147826086956521,0.208695652173913
LTP299,6,21,5,CONCERT,0,0.8107874349048724,0.8107874349048724,0.0046052599146465,0.1356521739130435,0.5147826086956522
LTP299,6,21,6,GRILL,0,0.8714267262152375,0.8714267262152375,0.0584838568595985,0.7426086956521739,0.688695652173913
LTP299,6,21,7,BUTCHER,0,0.8431269175699996,0.8431269175699996,0.0344212124146126,0.3547826086956521,0.5843478260869566
LTP299,6,21,8,DRAGON,0,0.8894472367968334,0.8894472367968334,0.1295412729019537,0.9130434782608696,0.8069565217391305
LTP299,6,21,9,FIREMAN,0,0.8774731671108045,0.8774731671108045,-0.1779162498079236,0.8017391304347826,0.0608695652173912
LTP299,6,21,10,TUNNEL,0,0.8813522579492157,0.8813522579492157,-0.0574217376137465,0.8626086956521739,0.3321739130434782
LTP299,6,21,11,SADDLE,0,0.8603484257179864,0.8603484257179864,-0.0916767178667717,0.5791304347826087,0.2295652173913043
LTP299,6,21,12,CRATER,1,0.8776708839332582,0.8776708839332582,0.1514362710444466,0.808695652173913,0.8921739130434783
LTP299,6,21,13,MOP,0,0.7974810281590761,0.7974810281590761,0.0162341339241275,0.088695652173913,0.5547826086956522
LTP299,6,21,14,BLENDER,0,0.8745647481760077,0.8745647481760077,-0.2302881185261488,0.8921739130434783,0.0156521739130435
LTP299,6,21,15,PRINCE,0,0.8069378734129066,0.8069378734129066,-0.0576225718330364,0.1304347826086956,0.3008695652173913
LTP299,6,21,16,ICING,0,0.8622049931860444,0.8622049931860444,0.1510363082029219,0.6121739130434782,0.92
LTP299,6,21,17,GROUND,1,0.8177571074476374,0.8177571074476374,-0.0975055413828501,0.1530434782608696,0.2017391304347826
LTP299,6,21,18,MESSAGE,0,0.841807663356853,0.841807663356853,-0.0654235347696781,0.3443478260869566,0.2660869565217391
LTP299,6,21,19,DOUGHNUT,1,0.8879687027904101,0.8879687027904101,-0.0181957864809757,0.902608695652174,0.4973913043478261
LTP299,6,21,20,SKIRT,1,0.8523224749357075,0.8523224749357075,-0.0555816665717711,0.4782608695652174,0.3408695652173913
LTP299,6,21,21,CANDY,0,0.891547629073007,0.891547629073007,0.0923359072335427,0.9478260869565216,0.7565217391304347
LTP299,6,21,22,HARP,0,0.874380025027923,0.874380025027923,0.1424028336274345,0.76,0.8660869565217392
LTP299,6,21,23,STAR,1,0.8421970815295315,0.8421970815295315,0.1129469793023573,0.3530434782608695,0.8
LTP299,6,21,24,DONKEY,1,0.8906331792507725,0.8906331792507725,0.003382467806087,0.942608695652174,0.5234782608695652
LTP299,6,22,1,ROBBER,1,0.8285791503932695,0.8285791503932695,-0.0426562186643306,0.2486956521739131,0.3234782608695652
LTP299,6,22,2,BURGLAR,1,0.875399227700365,0.875399227700365,-0.0402143767748523,0.8713043478260869,0.3686956521739131
LTP299,6,22,3,SPOON,1,0.8602887923052899,0.8602887923052899,-0.0649612048836785,0.6226086956521739,0.2556521739130435
LTP299,6,22,4,QUEEN,1,0.8527555665524975,0.8527555665524975,-0.0766330287313847,0.5321739130434783,0.2486956521739131
LTP299,6,22,5,VIKING,1,0.8096061343269462,0.8096061343269462,-0.027234730494213,0.1252173913043478,0.3965217391304347
LTP299,6,22,6,COMPASS,0,0.8814950097587385,0.8814950097587385,0.1418606387974447,0.8834782608695653,0.9530434782608695
LTP299,6,22,7,NEUTRON,1,0.8946040613951599,0.8946040613951599,0.0776721673102256,0.9860869565217392,0.831304347826087
LTP299,6,22,8,MEAT,1,0.8494285406366692,0.8494285406366692,-0.1268559743216286,0.4591304347826087,0.1130434782608695
LTP299,6,22,9,ATLAS,0,0.7669257399611726,0.7669257399611726,0.114657995608644,0.0121739130434782,0.8486956521739131
LTP299,6,22,10,ANTLER,0,0.860219416637374,0.860219416637374,0.0279387031900054,0.7217391304347827,0.6382608695652174
LTP299,6,22,11,SCALLOP,0,0.863051252367846,0.863051252367846,0.1472778400756818,0.6417391304347826,0.9443478260869566
LTP299,6,22,12,SCARECROW,0,0.8923959843283417,0.8923959843283417,0.1008034970028526,0.9721739130434782,0.8747826086956522
LTP299,6,22,13,CROSS,0,0.8764217150886616,0.8764217150886616,0.1243193576158109,0.8139130434782609,0.9113043478260868
LTP299,6,22,14,TEMPLE,1,0.8750936544343717,0.8750936544343717,-0.0765680032155765,0.8017391304347826,0.2017391304347826
LTP299,6,22,15,POLICE,1,0.8264544841931635,0.8264544841931635,-0.1142444587547753,0.2069565217391304,0.0904347826086956
LTP299,6,22,16,MARS,0,0.8399857628133589,0.8399857628133589,0.1010678457766982,0.3078260869565217,0.8643478260869565
LTP299,6,22,17,RECEIPT,0,0.8422708735190041,0.8422708735190041,-0.0675161645744155,0.3495652173913043,0.2382608695652174
LTP299,6,22,18,SALT,0,0.8486371093540266,0.8486371093540266,0.0090575201885544,0.4313043478260869,0.56
LTP299,6,22,19,AGENT,0,0.8030664020147941,0.8030664020147941,-0.0028283468873695,0.1095652173913043,0.5147826086956522
LTP299,6,22,20,MAILBOX,0,0.8645101656183255,0.8645101656183255,-0.0031174086657727,0.6295652173913043,0.4939130434782608
LTP299,6,22,21,ATOM,0,0.7815882258518844,0.7815882258518844,0.0122159852782571,0.026086956521739,0.5321739130434783
LTP299,6,22,22,BATHTUB,0,0.8485854066771779,0.8485854066771779,-0.0292963110792895,0.4243478260869565,0.3895652173913043
LTP299,6,22,23,SCOTCH,0,0.8667632547273555,0.8667632547273555,0.0840822873842619,0.6695652173913044,0.8469565217391304
LTP299,6,22,24,SHELTER,0,0.8334983358988404,0.8334983358988404,-0.0927927027521678,0.2573913043478261,0.1443478260869565
LTP299,6,23,1,WORKER,0,0.8460046593266152,0.8460046593266152,-0.1755351577898846,0.3982608695652174,0.0573913043478261
LTP299,6,23,2,THREAD,0,0.8535830419659707,0.8535830419659707,0.1584994582399663,0.4886956521739131,0.9130434782608696
LTP299,6,23,3,NOTEBOOK,0,0.7864591136188833,0.7864591136188833,-0.1149378539106909,0.0417391304347826,0.1808695652173912
LTP299,6,23,4,SCRIBBLE,0,0.8296768973536579,0.8296768973536579,0.0086105231669999,0.2295652173913043,0.4991304347826086
LTP299,6,23,5,FLEET,0,0.8393847173405644,0.8393847173405644,0.0192535053690148,0.3026086956521739,0.5495652173913044
LTP299,6,23,6,COLLEGE,0,0.8733961184106837,0.8733961184106837,-0.009318788811153,0.7739130434782608,0.4695652173913043
LTP299,6,23,7,CONTRACT,0,0.8136536426127917,0.8136536426127917,0.0806667322781676,0.1547826086956522,0.7321739130434783
LTP299,6,23,8,KIDNEY,0,0.8519085966016254,0.8519085966016254,-0.0980128611937862,0.471304347826087,0.1965217391304348
LTP299,6,23,9,SHIRT,0,0.8610104114195242,0.8610104114195242,0.049971811489639,0.5808695652173913,0.6539130434782608
LTP299,6,23,10,CASHIER,0,0.8707309140815632,0.8707309140815632,0.0439013892980587,0.7304347826086957,0.6313043478260869
LTP299,6,23,11,SPOOL,0,0.867131559498955,0.867131559498955,-0.0629619858801827,0.6730434782608696,0.3026086956521739
LTP299,6,23,12,CARRIAGE,0,0.8585297918083311,0.8585297918083311,0.0576658414279167,0.5652173913043479,0.6643478260869565
LTP299,6,23,13,HORSE,0,0.8557512353077978,0.8557512353077978,-0.0082778328613221,0.5304347826086957,0.457391304347826
LTP299,6,23,14,SCALPEL,0,0.8823449315671635,0.8823449315671635,-0.0066765506301392,0.8608695652173913,0.4504347826086956
LTP299,6,23,15,SHOULDER,0,0.8749347169254122,0.8749347169254122,0.1072735614503285,0.7843478260869565,0.8
LTP299,6,23,16,CABIN,0,0.8354456439827861,0.8354456439827861,-0.1039103146852756,0.2852173913043478,0.2052173913043478
LTP299,6,23,17,NECKLACE,0,0.9009663623412918,0.9009663623412918,0.0958007886241863,0.9947826086956522,0.782608695652174
LTP299,6,23,18,BOUQUET,0,0.8749953416940638,0.8749953416940638,0.0591263992277124,0.7930434782608695,0.6695652173913044
LTP299,6,23,19,TABLE,0,0.8534889077824636,0.8534889077824636,0.2078258785061142,0.4921739130434782,0.9686956521739132
LTP299,6,23,20,COUCH,0,0.8387462658211325,0.8387462658211325,-0.0097406833494771,0.3130434782608695,0.4452173913043478
LTP299,6,23,21,HEART,1,0.8671335421615397,0.8671335421615397,-0.0886754321347103,0.6869565217391305,0.2504347826086956
LTP299,6,23,22,PANTHER,1,0.8545258571937983,0.8545258571937983,-0.0240383179337985,0.5130434782608695,0.4417391304347826
LTP299,6,23,23,JUNGLE,1,0.8766035491543481,0.8766035491543481,-0.0266080274915183,0.7965217391304348,0.4347826086956522
LTP299,6,23,24,CATTLE,0,0.9010135553274684,0.9010135553274684,0.1761761572484451,0.991304347826087,0.902608695652174
LTP299,6,24,1,CLOCK,1,0.8408652068365498,0.8408652068365498,-0.0366981841486618,0.351304347826087,0.3791304347826086
LTP299,6,24,2,SUPPER,1,0.8022384610793922,0.8022384610793922,0.1071554110764765,0.0939130434782609,0.8382608695652174
LTP299,6,24,3,JUGGLER,1,0.8408304181466411,0.8408304181466411,-0.1017319251857556,0.3339130434782609,0.168695652173913
LTP299,6,24,4,PASTA,1,0.8600484854977537,0.8600484854977537,-0.0443591794846768,0.6017391304347826,0.3565217391304348
LTP299,6,24,5,ACTOR,1,0.7840698876821431,0.7840698876821431,0.008663706140412,0.0295652173913043,0.56
LTP299,6,24,6,CRAB,1,0.8606754079937057,0.8606754079937057,-0.1542211710567345,0.6486956521739131,0.0730434782608695
LTP299,6,24,7,FREEZER,1,0.8229351614528203,0.8229351614528203,0.0608716119280292,0.2104347826086956,0.7808695652173914
LTP299,6,24,8,DASHBOARD,1,0.8762798033455302,0.8762798033455302,0.043905213202962,0.8626086956521739,0.671304347826087
LTP299,6,24,9,GREASE,1,0.8531491262935101,0.8531491262935101,-0.0780065770659715,0.5321739130434783,0.208695652173913
LTP299,6,24,10,ICEBERG,0,0.8816120983728444,0.8816120983728444,-0.0896840410845808,0.9252173913043478,0.2017391304347826
LTP299,6,24,11,BROTHER,0,0.8857806411789252,0.8857806411789252,0.1911638818347554,0.9408695652173912,0.9704347826086956
LTP299,6,24,12,LADY,0,0.800791019373893,0.800791019373893,0.0419633844304057,0.0939130434782609,0.7043478260869565
LTP299,6,24,13,PISTON,1,0.8716352748136901,0.8716352748136901,-0.0043247692835451,0.7982608695652174,0.4904347826086956
LTP299,6,24,14,GYMNAST,1,0.8625395093026147,0.8625395093026147,-0.0804450615953468,0.6573913043478261,0.217391304347826
LTP299,6,24,15,DAUGHTER,1,0.8312494887883187,0.8312494887883187,0.1324033034094528,0.2452173913043478,0.9252173913043478
LTP299,6,24,16,FOOT,0,0.7842423675079254,0.7842423675079254,-0.0045354538154096,0.0313043478260869,0.4886956521739131
LTP299,6,24,17,GHETTO,0,0.8771691759733466,0.8771691759733466,-0.0137480678229028,0.8452173913043478,0.4660869565217391
LTP299,6,24,18,STOVE,0,0.8529863918859248,0.8529863918859248,0.0934169599300873,0.5269565217391304,0.8226086956521739
LTP299,6,24,19,WORLD,0,0.805618282054217,0.805618282054217,-0.1508827586816543,0.1095652173913043,0.0678260869565217
LTP299,6,24,20,GLOBE,0,0.8338847694863427,0.8338847694863427,-0.0165088322447767,0.2956521739130434,0.4504347826086956
LTP299,6,24,21,SUNRISE,0,0.8903981437488385,0.8903981437488385,0.0046342031084335,0.9756521739130436,0.5478260869565217
LTP299,6,24,22,FIREPLACE,0,0.8764894539184561,0.8764894539184561,0.0262874949988519,0.8713043478260869,0.5982608695652174
LTP299,6,24,23,PARENT,0,0.7972826105594151,0.7972826105594151,0.0513497533520702,0.0834782608695652,0.6869565217391305
LTP299,6,24,24,OUTLAW,0,0.8672801155858638,0.8672801155858638,-0.0933942595268696,0.7391304347826086,0.1947826086956522
LTP299,2,1,1,TROMBONE,1,0.870441377324914,0.870441377324914,-0.1549323306193196,0.7443478260869565,0.0452173913043478
LTP299,2,1,2,FIDDLE,1,0.90425095266583,0.90425095266583,0.1940589182232462,0.9982608695652174,0.9652173913043478
LTP299,2,1,3,PARENT,1,0.7787220681091261,0.7787220681091261,-0.258057817936132,0.0347826086956521,0.0139130434782608
LTP299,2,1,4,CEILING,1,0.8347277586272868,0.8347277586272868,-0.1125566750040232,0.288695652173913,0.1721739130434783
LTP299,2,1,5,SMOG,0,0.8575285497561222,0.8575285497561222,0.0337850093954519,0.5669565217391304,0.5860869565217391
LTP299,2,1,6,SCRIBBLE,0,0.826906903166989,0.826906903166989,-0.0451009557058349,0.2347826086956521,0.3686956521739131
LTP299,2,1,7,SUSPECT,1,0.8753141291854322,0.8753141291854322,0.0979675715997998,0.7843478260869565,0.7930434782608695
LTP299,2,1,8,HERO,1,0.8654633002299933,0.8654633002299933,0.0810564304096241,0.6730434782608696,0.8121739130434783
LTP299,2,1,9,NURSE,1,0.8695984278498398,0.8695984278498398,-0.0636386127282646,0.728695652173913,0.2660869565217391
LTP299,2,1,10,GIRL,1,0.874232756948064,0.874232756948064,0.0752879176938812,0.7652173913043478,0.7304347826086957
LTP299,2,1,11,RUST,1,0.8477285814107686,0.8477285814107686,-0.130355193779277,0.4469565217391305,0.1321739130434782
LTP299,2,1,12,FLIPPER,1,0.8412960887826587,0.8412960887826587,0.0580728984288415,0.3634782608695652,0.6834782608695652
LTP299,2,1,13,FLEET,0,0.8359692705605053,0.8359692705605053,0.0089949972361581,0.2782608695652173,0.4956521739130435
LTP299,2,1,14,GUARD,1,0.8662610980508401,0.8662610980508401,-0.0697949649599211,0.6765217391304348,0.2452173913043478
LTP299,2,1,15,TAXI,0,0.8527124690992912,0.8527124690992912,-0.065758939581682,0.5060869565217392,0.2626086956521739
LTP299,2,1,16,FRECKLE,1,0.8689271670435403,0.8689271670435403,0.0635045055278521,0.711304347826087,0.7547826086956522
LTP299,2,1,17,SUMMIT,1,0.8397377838989437,0.8397377838989437,-0.0954215854200289,0.3460869565217391,0.2034782608695652
LTP299,2,1,18,LIGHTNING,1,0.8766610166331114,0.8766610166331114,-0.0436811638938473,0.817391304347826,0.3426086956521739
LTP299,2,1,19,CLOUD,1,0.8454058874791558,0.8454058874791558,-0.0603171026335376,0.4034782608695652,0.2643478260869565
LTP299,2,1,20,KLEENEX,0,0.8256842238190777,0.8256842238190777,-0.2254650460954001,0.2052173913043478,0.0086956521739129
LTP299,2,1,21,RIFLE,1,0.8622890312260341,0.8622890312260341,0.1046833726517722,0.6243478260869566,0.8417391304347825
LTP299,2,1,22,BABY,1,0.8219169728385811,0.8219169728385811,-0.1201604795820857,0.1791304347826087,0.1147826086956521
LTP299,2,1,23,DOLPHIN,1,0.8447386063402352,0.8447386063402352,-0.0523684101258633,0.4,0.3026086956521739
LTP299,2,1,24,PERFUME,1,0.8794859080125694,0.8794859080125694,0.0935786004018385,0.8260869565217391,0.7617391304347826
LTP299,2,2,1,SWITCH,0,0.7889811786560869,0.7889811786560869,0.1444968233601816,0.0469565217391304,0.9095652173913044
LTP299,2,2,2,FILM,1,0.8686984068876982,0.8686984068876982,0.0629890387656627,0.6747826086956521,0.7391304347826086
LTP299,2,2,3,HOOK,1,0.8957010195245751,0.8957010195245751,0.2144279636480207,0.9617391304347828,0.9304347826086956
LTP299,2,2,4,STAR,1,0.8348446527558813,0.8348446527558813,-0.1021651026004116,0.2504347826086956,0.1408695652173913
LTP299,2,2,5,WASP,0,0.8228629313437394,0.8228629313437394,-0.0844583335655641,0.1826086956521738,0.208695652173913
LTP299,2,2,6,DANCER,0,0.8820603086817094,0.8820603086817094,-0.1423467580989512,0.84,0.1304347826086956
LTP299,2,2,7,COCKTAIL,0,0.8602109921163225,0.8602109921163225,-0.0169118781983685,0.5756521739130435,0.4173913043478261
LTP299,2,2,8,SURVEY,1,0.8372857692344985,0.8372857692344985,0.1256916496406331,0.2730434782608696,0.8678260869565217
LTP299,2,2,9,HONEY,0,0.8488809939587847,0.8488809939587847,-0.0161925261925682,0.4191304347826087,0.4278260869565217
LTP299,2,2,10,BLADE,0,0.8842570454748856,0.8842570454748856,-0.0309167134248573,0.8956521739130435,0.3773913043478261
LTP299,2,2,11,GREASE,0,0.8611287010979858,0.8611287010979858,-0.0273365274813246,0.5843478260869566,0.3860869565217391
LTP299,2,2,12,SHIRT,0,0.8598042183142721,0.8598042183142721,0.0328061870481568,0.5565217391304348,0.551304347826087
LTP299,2,2,13,CASHEW,0,0.8878653976961643,0.8878653976961643,-0.019748668777132,0.92,0.4452173913043478
LTP299,2,2,14,POPCORN,0,0.8359662845542808,0.8359662845542808,-0.0928327273303851,0.2765217391304347,0.2504347826086956
LTP299,2,2,15,FLASK,0,0.8780965469240568,0.8780965469240568,-0.0346224952933773,0.7982608695652174,0.4069565217391304
LTP299,2,2,16,COIN,1,0.8371407627658094,0.8371407627658094,-0.0708521545735733,0.2817391304347826,0.2573913043478261
LTP299,2,2,17,SCOTCH,0,0.8704821755854127,0.8704821755854127,0.1857455742450681,0.702608695652174,0.9460869565217392
LTP299,2,2,18,SPOOL,1,0.877076444935094,0.877076444935094,0.1885959653827217,0.7930434782608695,0.9356521739130436
LTP299,2,2,19,YARN,1,0.8743275425630567,0.8743275425630567,-0.0547141460313319,0.7791304347826087,0.2956521739130434
LTP299,2,2,20,DIVER,1,0.7865013599583045,0.7865013599583045,-0.0995034890754315,0.0452173913043478,0.1739130434782608
LTP299,2,2,21,TOMBSTONE,1,0.8836199537136724,0.8836199537136724,-0.0092682678911868,0.8626086956521739,0.4121739130434783
LTP299,2,2,22,WIDOW,1,0.8484575621633187,0.8484575621633187,0.0368562713288604,0.4313043478260869,0.6017391304347826
LTP299,2,2,23,ORCHID,0,0.8550275593653586,0.8550275593653586,-0.1066474496459339,0.4956521739130435,0.1652173913043478
LTP299,2,2,24,SEAFOOD,1,0.8647413116186309,0.8647413116186309,-0.1266987278652004,0.6330434782608696,0.1008695652173913
LTP299,2,3,1,PUPIL,1,0.8432082604580653,0.8432082604580653,-0.0482249076404253,0.3460869565217391,0.351304347826087
LTP299,2,3,2,DRUG,1,0.8695481325035269,0.8695481325035269,0.0969201841352893,0.688695652173913,0.7808695652173914
LTP299,2,3,3,BARREL,0,0.8293393422301679,0.8293393422301679,-0.2204880200564449,0.2278260869565217,0.0052173913043478
LTP299,2,3,4,CAMEL,0,0.8844599233458464,0.8844599233458464,-0.0305424164430909,0.8834782608695653,0.3478260869565217
LTP299,2,3,5,TWIG,0,0.8563719494171664,0.8563719494171664,0.1277331595165869,0.5147826086956522,0.8817391304347826
LTP299,2,3,6,MAPLE,0,0.7841975879741908,0.7841975879741908,-0.1789764647886025,0.0330434782608696,0.0365217391304347
LTP299,2,3,7,PUDDLE,0,0.8970646150313201,0.8970646150313201,0.1852524842188396,0.991304347826087,0.9252173913043478
LTP299,2,3,8,PREACHER,1,0.8415392907252915,0.8415392907252915,-0.2154333457259902,0.3321739130434782,0.0069565217391304
LTP299,2,3,9,MOTOR,0,0.8040164358935362,0.8040164358935362,-0.0766295770542552,0.1008695652173913,0.2591304347826086
LTP299,2,3,10,STREAM,0,0.8835267821656516,0.8835267821656516,-0.0152557309415458,0.8869565217391304,0.4226086956521739
LTP299,2,3,11,ROBOT,1,0.8430463468445158,0.8430463468445158,-0.0524306825352026,0.3269565217391305,0.2504347826086956
LTP299,2,3,12,TABLE,0,0.8428751229611238,0.8428751229611238,-0.0751109692002851,0.3391304347826087,0.2521739130434782
LTP299,2,3,13,OINTMENT,0,0.848474549338539,0.848474549338539,-0.031238825042934,0.4069565217391304,0.3826086956521739
LTP299,2,3,14,KETCHUP,0,0.8868816374115143,0.8868816374115143,0.149102444572714,0.902608695652174,0.9095652173913044
LTP299,2,3,15,MUSTARD,0,0.7733831690547993,0.7733831690547993,-0.0700577879063734,0.0121739130434782,0.2156521739130434
LTP299,2,3,16,RUG,0,0.8421735942220058,0.8421735942220058,0.1404202604945227,0.3165217391304348,0.8730434782608696
LTP299,2,3,17,SILK,0,0.8803260514416934,0.8803260514416934,0.0009329577929706,0.8539130434782609,0.4956521739130435
LTP299,2,3,18,UNCLE,0,0.7973363495923395,0.7973363495923395,-0.0494524279087955,0.0834782608695652,0.2939130434782608
LTP299,2,3,19,COUCH,1,0.8406720786470293,0.8406720786470293,-0.0630320331223776,0.2939130434782608,0.2973913043478261
LTP299,2,3,20,EXPERT,1,0.8254319456571664,0.8254319456571664,-0.1130992911315876,0.1913043478260869,0.1408695652173913
LTP299,2,3,21,PEACH,0,0.8372417078728495,0.8372417078728495,-0.0470116719754097,0.2834782608695652,0.3460869565217391
LTP299,2,3,22,CANYON,0,0.8418935969024006,0.8418935969024006,-0.1504070030570717,0.3113043478260869,0.111304347826087
LTP299,2,3,23,GYMNAST,1,0.8703298016308444,0.8703298016308444,0.0042774667114611,0.6956521739130435,0.5026086956521739
LTP299,2,3,24,MACHINE,1,0.8422797826951097,0.8422797826951097,0.108293247117201,0.3130434782608695,0.8486956521739131
LTP299,2,4,1,WHISTLE,1,0.8838109203327206,0.8838109203327206,0.1448145740576212,0.8817391304347826,0.8921739130434783
LTP299,2,4,2,GANGSTER,1,0.8565468925887236,0.8565468925887236,-0.0068992306581577,0.5182608695652173,0.4678260869565217
LTP299,2,4,3,BULLET,1,0.8681119770574972,0.8681119770574972,0.1173082235334803,0.6678260869565218,0.8643478260869565
LTP299,2,4,4,RECORD,0,0.8557516093795667,0.8557516093795667,0.055943872456389,0.5095652173913043,0.6869565217391305
LTP299,2,4,5,PEPPER,0,0.8378371063657354,0.8378371063657354,-0.1137982322251456,0.2956521739130434,0.1739130434782608
LTP299,2,4,6,CARRIAGE,1,0.8545206377687178,0.8545206377687178,-0.10087235292053,0.5008695652173913,0.2139130434782609
LTP299,2,4,7,FUNGUS,1,0.8655740398689703,0.8655740398689703,0.0159579087264431,0.64,0.5547826086956522
LTP299,2,4,8,SLIME,1,0.8843096164986615,0.8843096164986615,0.1187587218272476,0.8852173913043478,0.8417391304347825
LTP299,2,4,9,BOYFRIEND,1,0.8678112205619753,0.8678112205619753,-0.1273251618878119,0.662608695652174,0.1252173913043478
LTP299,2,4,10,JELLY,1,0.8589693263718094,0.8589693263718094,-0.0876493255476712,0.5669565217391304,0.24
LTP299,2,4,11,SHORTCAKE,1,0.8639390866142937,0.8639390866142937,0.0683043932717834,0.6313043478260869,0.711304347826087
LTP299,2,4,12,TROUT,1,0.7932390282996725,0.7932390282996725,-0.1624010549682429,0.0695652173913043,0.0747826086956521
LTP299,2,4,13,MARKER,0,0.8636303563087219,0.8636303563087219,-0.1664453316011444,0.6260869565217391,0.0660869565217391
LTP299,2,4,14,WINDOW,0,0.8396546139002989,0.8396546139002989,0.0214104574027334,0.2939130434782608,0.5408695652173914
LTP299,2,4,15,POET,0,0.8100949487952794,0.8100949487952794,-0.0891252996848238,0.1443478260869565,0.2382608695652174
LTP299,2,4,16,SLUG,1,0.8706961737860686,0.8706961737860686,0.140546687070255,0.6904347826086956,0.888695652173913
LTP299,2,4,17,HORSE,1,0.857971083790666,0.857971083790666,0.0025320821387606,0.537391304347826,0.4852173913043478
LTP299,2,4,18,CRAB,1,0.8721550365556067,0.8721550365556067,-0.101820566853866,0.7217391304347827,0.2034782608695652
LTP299,2,4,19,JUGGLER,0,0.8496168858211968,0.8496168858211968,0.0298603738675764,0.4295652173913044,0.5930434782608696
LTP299,2,4,20,BUGGY,1,0.8782870515268001,0.8782870515268001,0.0375667885774657,0.8243478260869566,0.6121739130434782
LTP299,2,4,21,AIRPLANE,1,0.850109525413672,0.850109525413672,-0.2007231907387088,0.4382608695652173,0.0208695652173912
LTP299,2,4,22,VALLEY,1,0.8767705445656098,0.8767705445656098,-0.1299554896169272,0.8104347826086956,0.1408695652173913
LTP299,2,4,23,SEAGULL,1,0.8865931857055765,0.8865931857055765,0.0002180149966514,0.902608695652174,0.5078260869565218
LTP299,2,4,24,BRANCH,1,0.8475771483348774,0.8475771483348774,-0.0588811716351369,0.3930434782608696,0.28
LTP299,2,5,1,LONDON,0,0.7992972880676084,0.7992972880676084,-0.1393639412375305,0.0869565217391304,0.1252173913043478
LTP299,2,5,2,PLAYGROUND,0,0.866639273194272,0.866639273194272,0.0895790009057734,0.6469565217391304,0.7739130434782608
LTP299,2,5,3,FLASHLIGHT,1,0.8470459698851992,0.8470459698851992,0.166927357140496,0.3947826086956522,0.928695652173913
LTP299,2,5,4,DRILL,1,0.8722088886275313,0.8722088886275313,0.2090221997578601,0.7321739130434783,0.9530434782608695
LTP299,2,5,5,DAUGHTER,0,0.8283041845572717,0.8283041845572717,0.0177666003904377,0.2104347826086956,0.5495652173913044
LTP299,2,5,6,RABBIT,1,0.817673121466699,0.817673121466699,-0.1700662436268251,0.168695652173913,0.0765217391304348
LTP299,2,5,7,COURSE,1,0.8390125210052903,0.8390125210052903,0.1675105342534863,0.2904347826086957,0.9113043478260868
LTP299,2,5,8,BINDER,0,0.8589129373974583,0.8589129373974583,0.131984366467195,0.551304347826087,0.8869565217391304
LTP299,2,5,9,POSTAGE,0,0.8721544062634874,0.8721544062634874,0.1251667701732881,0.7234782608695652,0.84
LTP299,2,5,10,LAMP,0,0.8434452071718738,0.8434452071718738,0.1356006210016448,0.3408695652173913,0.8608695652173913
LTP299,2,5,11,NIGHTGOWN,1,0.8375338841293635,0.8375338841293635,-0.046382776396945,0.2730434782608696,0.3443478260869566
LTP299,2,5,12,SLOPE,0,0.8655766136948584,0.8655766136948584,0.1036449818986169,0.64,0.8278260869565217
LTP299,2,5,13,DASHBOARD,1,0.8857578648684823,0.8857578648684823,0.2443084486959477,0.8973913043478261,0.9739130434782608
LTP299,2,5,14,MOTEL,1,0.8781563903526862,0.8781563903526862,-0.0161076315657592,0.8156521739130435,0.4469565217391305
LTP299,2,5,15,DENTIST,1,0.8536578698258687,0.8536578698258687,0.0033005498116611,0.4869565217391304,0.511304347826087
LTP299,2,5,16,SCULPTURE,1,0.8594039130876546,0.8594039130876546,0.1300102195648011,0.5530434782608695,0.88
LTP299,2,5,17,TUNNEL,1,0.8871649133150571,0.8871649133150571,0.0664521786338635,0.9217391304347826,0.7304347826086957
LTP299,2,5,18,SIBLING,1,0.8530493612872135,0.8530493612872135,-0.051011033873465,0.4678260869565217,0.3078260869565217
LTP299,2,5,19,PLIERS,0,0.8667363768015317,0.8667363768015317,-0.075467070305642,0.6486956521739131,0.2469565217391304
LTP299,2,5,20,AWARD,1,0.8424849421331415,0.8424849421331415,-0.0005226223111555,0.328695652173913,0.4869565217391304
LTP299,2,5,21,MEDAL,1,0.8561164156892092,0.8561164156892092,0.0280043987221097,0.5165217391304349,0.6086956521739131
LTP299,2,5,22,BASEMENT,1,0.8666125593052322,0.8666125593052322,0.0643482096635488,0.6469565217391304,0.7060869565217391
LTP299,2,5,23,CELLAR,1,0.8666037802947685,0.8666037802947685,-0.0552532645010289,0.6486956521739131,0.3304347826086956
LTP299,2,5,24,SERVANT,0,0.7977821951313151,0.7977821951313151,-0.114718513404744,0.0817391304347826,0.1617391304347826
LTP299,2,6,1,PUPPY,1,0.8849980315077268,0.8849980315077268,-0.0578210948868132,0.9060869565217392,0.3113043478260869
LTP299,2,6,2,BOUQUET,0,0.8734003098549363,0.8734003098549363,-0.0160324888424745,0.7530434782608696,0.4330434782608695
LTP299,2,6,3,KNIFE,1,0.8337086474886848,0.8337086474886848,0.1656631605171376,0.2452173913043478,0.9234782608695652
LTP299,2,6,4,STOVE,1,0.8508762109513139,0.8508762109513139,-0.0204079146881026,0.4399999999999999,0.4556521739130434
LTP299,2,6,5,SKILLET,1,0.8998223932407238,0.8998223932407238,0.2425621761225073,0.9895652173913044,0.9878260869565216
LTP299,2,6,6,SNACK,0,0.8748176076879475,0.8748176076879475,0.1785929007311091,0.7843478260869565,0.9408695652173912
LTP299,2,6,7,BLOCKADE,1,0.8663943425609145,0.8663943425609145,0.1142049216331469,0.6417391304347826,0.8278260869565217
LTP299,2,6,8,VALVE,0,0.8753167400842838,0.8753167400842838,0.0930385741536374,0.7965217391304348,0.7982608695652174
LTP299,2,6,9,CRUTCH,0,0.8907437830452511,0.8907437830452511,0.0098441229970802,0.951304347826087,0.5026086956521739
LTP299,2,6,10,SWORD,1,0.7988787010819621,0.7988787010819621,0.0087501943630119,0.0730434782608695,0.551304347826087
LTP299,2,6,11,DIME,0,0.8415670055256738,0.8415670055256738,-0.0506186735623642,0.3321739130434782,0.3443478260869566
LTP299,2,6,12,TREAT,1,0.7406158269286923,0.7406158269286923,0.0061533492409187,0.0,0.5095652173913043
LTP299,2,6,13,MASK,0,0.8061698740109091,0.8061698740109091,0.1418245936297194,0.1147826086956521,0.8678260869565217
LTP299,2,6,14,MATTRESS,0,0.8703325983606335,0.8703325983606335,-0.0768959446017098,0.6956521739130435,0.2608695652173913
LTP299,2,6,15,LOFT,0,0.8877543957036631,0.8877543957036631,-0.0596240084363953,0.9252173913043478,0.3113043478260869
LTP299,2,6,16,CLOCK,0,0.8513384580134797,0.8513384580134797,0.1109625904726449,0.4556521739130434,0.8243478260869566
LTP299,2,6,17,PATIENT,0,0.8563377342910606,0.8563377342910606,0.0732254681064177,0.5095652173913043,0.7495652173913043
LTP299,2,6,18,BRAKE,0,0.8937116382214467,0.8937116382214467,0.0928249776978482,0.9634782608695652,0.7634782608695652
LTP299,2,6,19,DENIM,1,0.8615361459479076,0.8615361459479076,-0.0363230456986206,0.5826086956521739,0.3808695652173913
LTP299,2,6,20,CANDY,1,0.8897939565148906,0.8897939565148906,0.0160847096148038,0.942608695652174,0.577391304347826
LTP299,2,6,21,SALT,0,0.8537989680031471,0.8537989680031471,0.1337765086963224,0.4817391304347825,0.8782608695652174
LTP299,2,6,22,PIMPLE,0,0.8682129841646105,0.8682129841646105,0.004940978639758,0.6782608695652175,0.5095652173913043
LTP299,2,6,23,CLAMP,0,0.8077655688698987,0.8077655688698987,0.1501116090443009,0.1130434782608695,0.9113043478260868
LTP299,2,6,24,SODA,1,0.7979228919121772,0.7979228919121772,-0.0181520460549494,0.0765217391304348,0.4608695652173913
LTP299,2,7,1,SHELTER,0,0.8356526431013465,0.8356526431013465,-0.0018558546218263,0.2782608695652173,0.4852173913043478
LTP299,2,7,2,PIANO,0,0.8510157225018469,0.8510157225018469,-0.0941827158485689,0.4556521739130434,0.2104347826086956
LTP299,2,7,3,PILOT,1,0.8838599685714061,0.8838599685714061,-0.050009701253106,0.9095652173913044,0.3495652173913043
LTP299,2,7,4,PENGUIN,1,0.8920727392936184,0.8920727392936184,-0.0699177330143205,0.9739130434782608,0.2939130434782608
LTP299,2,7,5,SOFTBALL,0,0.8699119309498669,0.8699119309498669,-0.0019783828472227,0.7060869565217391,0.4973913043478261
LTP299,2,7,6,CATCHER,0,0.8791897252163233,0.8791897252163233,0.138455490687938,0.8382608695652174,0.9113043478260868
LTP299,2,7,7,SPONGE,0,0.8670005566664301,0.8670005566664301,-0.0717629850928925,0.6660869565217391,0.2904347826086957
LTP299,2,7,8,GHETTO,0,0.8788713987016388,0.8788713987016388,-0.0669259941756668,0.8486956521739131,0.2939130434782608
LTP299,2,7,9,STAKE,0,0.8259033064141393,0.8259033064141393,0.09722350563006,0.2034782608695652,0.8243478260869566
LTP299,2,7,10,SNAIL,1,0.8820105266610266,0.8820105266610266,0.1453709550931488,0.8730434782608696,0.8973913043478261
LTP299,2,7,11,PICTURE,0,0.8320345215129753,0.8320345215129753,0.1264016300130268,0.2434782608695652,0.8869565217391304
LTP299,2,7,12,BATHTUB,0,0.8461440565602123,0.8461440565602123,-0.08608811989347,0.4034782608695652,0.2208695652173913
LTP299,2,7,13,AGENT,0,0.80368585085749,0.80368585085749,0.0028258096792223,0.0904347826086956,0.5095652173913043
LTP299,2,7,14,SKETCH,0,0.871660526789492,0.871660526789492,0.1962704734235628,0.7478260869565218,0.96
LTP299,2,7,15,KIDNEY,0,0.854869102091153,0.854869102091153,-0.0112111291293935,0.5008695652173913,0.4660869565217391
LTP299,2,7,16,KEEPER,0,0.8273207784244253,0.8273207784244253,0.0256046447153527,0.2104347826086956,0.6278260869565218
LTP299,2,7,17,ANKLE,0,0.8669636028303901,0.8669636028303901,0.0702629336110238,0.6660869565217391,0.7652173913043478
LTP299,2,7,18,LEG,0,0.8365633262195056,0.8365633262195056,-0.0503986770132504,0.2834782608695652,0.3147826086956522
LTP299,2,7,19,VENUS,1,0.8167002429811107,0.8167002429811107,-0.1800136852405077,0.1582608695652173,0.0347826086956521
LTP299,2,7,20,DORM,0,0.7773159624815316,0.7773159624815316,-0.1395198557725093,0.0191304347826086,0.1026086956521739
LTP299,2,7,21,CRICKET,1,0.8667885646387049,0.8667885646387049,-0.1588744116370963,0.6521739130434783,0.0626086956521738
LTP299,2,7,22,CREATURE,1,0.8502936008638933,0.8502936008638933,-0.0694779273173947,0.4539130434782609,0.2695652173913043
LTP299,2,7,23,LABEL,0,0.8628091355448807,0.8628091355448807,0.1354320571346847,0.6086956521739131,0.9130434782608696
LTP299,2,7,24,PLUTO,1,0.8608447069697928,0.8608447069697928,-0.0966104711323874,0.5843478260869566,0.1826086956521738
LTP299,2,8,1,MARSH,1,0.8588742854506993,0.8588742854506993,-0.2352168094100146,0.6017391304347826,0.0330434782608696
LTP299,2,8,2,SHERIFF,0,0.881525205890801,0.881525205890801,0.0126301354210431,0.888695652173913,0.5721739130434782
LTP299,2,8,3,CASHIER,0,0.869904915655051,0.869904915655051,0.0217883946724964,0.7339130434782608,0.6139130434782609
LTP299,2,8,4,PACKAGE,0,0.8538971322192512,0.8538971322192512,0.0055650729801907,0.5060869565217392,0.5269565217391304
LTP299,2,8,5,SEAL,1,0.7851971295578256,0.7851971295578256,0.1068903973097765,0.0278260869565217,0.8695652173913043
LTP299,2,8,6,BLACKBOARD,1,0.827404680450642,0.827404680450642,-0.0229176954314468,0.2208695652173913,0.4139130434782608
LTP299,2,8,7,FEMALE,1,0.8017637591800351,0.8017637591800351,0.0069487642467123,0.0869565217391304,0.551304347826087
LTP299,2,8,8,WOMAN,0,0.840933119003566,0.840933119003566,-0.0591530477339249,0.3304347826086956,0.3147826086956522
LTP299,2,8,9,MONEY,1,0.8230304423172226,0.8230304423172226,-0.0094178285910479,0.1930434782608695,0.4817391304347825
LTP299,2,8,10,WAITER,0,0.8528108931907787,0.8528108931907787,0.0500536911504538,0.4869565217391304,0.728695652173913
LTP299,2,8,11,LASER,0,0.7911005445118718,0.7911005445118718,0.2237714765177211,0.04,0.9860869565217392
LTP299,2,8,12,PEBBLE,1,0.8184397762984335,0.8184397762984335,-0.1065448291619348,0.168695652173913,0.1565217391304347
LTP299,2,8,13,HARP,0,0.8558496918877031,0.8558496918877031,-0.211368697673136,0.56,0.0556521739130434
LTP299,2,8,14,LEOPARD,1,0.8647086820055362,0.8647086820055362,0.0071732281268953,0.671304347826087,0.5582608695652174
LTP299,2,8,15,SLIDE,1,0.8637579037322268,0.8637579037322268,0.0006776340940189,0.6521739130434783,0.5217391304347826
LTP299,2,8,16,ATLAS,1,0.764422528897252,0.764422528897252,0.0772982455460137,0.0034782608695652,0.7791304347826087
LTP299,2,8,17,RAZOR,0,0.8460738928784445,0.8460738928784445,-0.0352869062938799,0.4156521739130434,0.3443478260869566
LTP299,2,8,18,LAGOON,1,0.8356254810215364,0.8356254810215364,-0.06267359767171,0.2904347826086957,0.28
LTP299,2,8,19,WASHER,1,0.8598255766173565,0.8598255766173565,0.1618070138864984,0.5982608695652174,0.9478260869565216
LTP299,2,8,20,TABLET,1,0.8675906791926861,0.8675906791926861,0.0048874029145044,0.711304347826087,0.5356521739130435
LTP299,2,8,21,HEADBAND,0,0.8639724734771932,0.8639724734771932,0.001609473978105,0.6260869565217391,0.5234782608695652
LTP299,2,8,22,SISTER,1,0.7960141498283244,0.7960141498283244,0.0136573129423158,0.0678260869565217,0.5739130434782609
LTP299,2,8,23,BROTHER,1,0.8751764690959113,0.8751764690959113,-0.0105481346795343,0.84,0.4695652173913043
LTP299,2,8,24,BANKER,1,0.8876673579258515,0.8876673579258515,0.0772925675186985,0.9495652173913044,0.8191304347826087
LTP299,2,9,1,PORTRAIT,1,0.8306112392181599,0.8306112392181599,-0.0506949352758958,0.7147826086956521,0.328695652173913
LTP299,2,9,2,LION,1,0.8091762092503386,0.8091762092503386,-0.0121550781213011,0.2730434782608696,0.4626086956521739
LTP299,2,9,3,THREAD,1,0.8224103502690356,0.8224103502690356,0.0008837204514208,0.4313043478260869,0.528695652173913
LTP299,2,9,4,WRENCH,1,0.8274051740607801,0.8274051740607801,0.0261528235886983,0.3895652173913043,0.5843478260869566
LTP299,2,9,5,GRILL,0,0.8376575324609384,0.8376575324609384,0.0225546033744086,0.7252173913043478,0.6313043478260869
LTP299,2,9,6,TILE,1,0.8149415414182698,0.8149415414182698,0.0482186652855146,0.3965217391304347,0.711304347826087
LTP299,2,9,7,MILK,1,0.7988129885787969,0.7988129885787969,-0.0238407275288898,0.1913043478260869,0.4260869565217391
LTP299,2,9,8,HELMET,1,0.830025657876834,0.830025657876834,-0.1088001495894994,0.3721739130434782,0.1008695652173913
LTP299,2,9,9,SCARF,1,0.8078650980394207,0.8078650980394207,-0.0846886232822414,0.448695652173913,0.2382608695652174
LTP299,2,9,10,SANDWICH,1,0.8643168046788404,0.8643168046788404,0.0057659036340483,0.928695652173913,0.5321739130434783
LTP299,2,9,11,APRON,0,0.8383094042622017,0.8383094042622017,-0.0283090623772869,0.6852173913043478,0.4034782608695652
LTP299,2,9,12,CREVICE,0,0.8615849933048052,0.8615849933048052,0.0027952165069988,0.8713043478260869,0.5269565217391304
LTP299,2,9,13,BRICK,0,0.8656658993469667,0.8656658993469667,0.0733752963239165,0.9878260869565216,0.7773913043478261
LTP299,2,9,14,FRAGRANCE,0,0.8651442734604631,0.8651442734604631,0.1529556789418997,0.8852173913043478,0.9182608695652174
LTP299,2,9,15,GRIZZLY,0,0.8068928837177332,0.8068928837177332,-0.089339646302505,0.3582608695652174,0.2295652173913043
LTP299,2,9,16,COOKBOOK,1,0.8276616300765078,0.8276616300765078,-0.0526405649034247,0.4347826086956522,0.3147826086956522
LTP299,2,9,17,SUBWAY,0,0.8212414245853822,0.8212414245853822,-0.1459912012245487,0.5947826086956522,0.0713043478260869
LTP299,2,9,18,SCALLOP,1,0.8449194644049298,0.8449194644049298,0.1176423057662391,0.72,0.8504347826086956
LTP299,2,9,19,CLAM,1,0.7661257546690217,0.7661257546690217,0.0705716296472665,0.0904347826086956,0.7652173913043478
LTP299,2,9,20,BOARD,0,0.7537221872604554,0.7537221872604554,-0.1496496161986701,0.0086956521739129,0.0521739130434782
LTP299,2,9,21,CABIN,0,0.8289192019811759,0.8289192019811759,0.0135295945743949,0.351304347826087,0.6156521739130435
LTP299,2,9,22,PRINCE,0,0.7900305663646526,0.7900305663646526,-0.0684401652350984,0.0939130434782609,0.2939130434782608
LTP299,2,9,23,MEAT,1,0.8405880425719608,0.8405880425719608,-0.0486481808951838,0.4991304347826086,0.2973913043478261
LTP299,2,9,24,TURKEY,1,0.8565967360495521,0.8565967360495521,-0.0603343261137529,0.7808695652173914,0.3199999999999999
LTP299,2,10,1,TURTLE,1,0.8865269880147908,0.8865269880147908,-0.0292128697186859,0.9617391304347828,0.4278260869565217
LTP299,2,10,2,BALLOON,1,0.87956679376684,0.87956679376684,-0.0701822088359666,0.8956521739130435,0.2608695652173913
LTP299,2,10,3,GOBLIN,1,0.8610708228040534,0.8610708228040534,0.1093716110253076,0.6521739130434783,0.8626086956521739
LTP299,2,10,4,MATCH,1,0.8458182737652966,0.8458182737652966,-0.0126386096030638,0.4695652173913043,0.4904347826086956
LTP299,2,10,5,HEDGE,0,0.8468002594138327,0.8468002594138327,0.0014649833886852,0.4434782608695652,0.5356521739130435
LTP299,2,10,6,OZONE,0,0.8474172131824896,0.8474172131824896,0.0480967826580779,0.4886956521739131,0.7060869565217391
LTP299,2,10,7,SWIMMER,1,0.7962928808687062,0.7962928808687062,-0.0245731484457566,0.0869565217391304,0.4347826086956522
LTP299,2,10,8,ISLAND,1,0.7740932484754384,0.7740932484754384,0.1417109852567273,0.0191304347826086,0.9252173913043478
LTP299,2,10,9,APPLE,1,0.840993500279455,0.840993500279455,-0.0036831663256829,0.3982608695652174,0.5252173913043479
LTP299,2,10,10,WAGON,1,0.8619264307555393,0.8619264307555393,0.2060850858319321,0.6660869565217391,0.9739130434782608
LTP299,2,10,11,SHARK,0,0.7924077744415484,0.7924077744415484,0.0815786441570846,0.0730434782608695,0.8
LTP299,2,10,12,OFFICE,0,0.8471860375440369,0.8471860375440369,-0.1390263539677992,0.4399999999999999,0.0782608695652173
LTP299,2,10,13,GLOBE,1,0.8452922247703395,0.8452922247703395,0.1769755475824972,0.4191304347826087,0.96
LTP299,2,10,14,WORLD,1,0.8235091996220127,0.8235091996220127,0.1902885868203764,0.1982608695652173,0.9669565217391304
LTP299,2,10,15,CLIMBER,0,0.8255018114876639,0.8255018114876639,-0.0247810968224267,0.2260869565217391,0.4452173913043478
LTP299,2,10,16,MISTER,0,0.8112695272962673,0.8112695272962673,-0.0059956348298663,0.1426086956521739,0.5078260869565218
LTP299,2,10,17,LIZARD,0,0.8676915821315252,0.8676915821315252,-0.0489022428974777,0.7408695652173913,0.3391304347826087
LTP299,2,10,18,COCOON,0,0.8108019693205253,0.8108019693205253,-0.0845591922305512,0.1408695652173913,0.2139130434782609
LTP299,2,10,19,HIGHWAY,1,0.798911234373404,0.798911234373404,0.1189901769137174,0.0834782608695652,0.888695652173913
LTP299,2,10,20,WIFE,1,0.7925767807542202,0.7925767807542202,0.1123439887936525,0.0539130434782608,0.88
LTP299,2,10,21,TRUCK,1,0.8360028269993608,0.8360028269993608,-0.0786000790895797,0.3199999999999999,0.2695652173913043
LTP299,2,10,22,HIKER,1,0.8686935980757322,0.8686935980757322,-0.0333149084854846,0.7617391304347826,0.4017391304347826
LTP299,2,10,23,HOUND,1,0.8954852806499024,0.8954852806499024,0.1524852919280232,0.9808695652173912,0.9408695652173912
LTP299,2,10,24,OUTFIT,1,0.8577891344072492,0.8577891344072492,-0.106441064968914,0.6,0.1860869565217391
LTP299,2,11,1,FREEZER,0,0.8213862298881133,0.8213862298881133,0.0038563936861016,0.1843478260869565,0.511304347826087
LTP299,2,11,2,CAPTIVE,0,0.8310054650604962,0.8310054650604962,-0.1026878459635649,0.2504347826086956,0.2156521739130434
LTP299,2,11,3,MILDEW,0,0.8901324889963408,0.8901324889963408,0.0934861247237311,0.9304347826086956,0.7773913043478261
LTP299,2,11,4,DUST,0,0.8432514808654709,0.8432514808654709,-0.0533230258211236,0.3686956521739131,0.3356521739130435
LTP299,2,11,5,PORK,0,0.8510344120237907,0.8510344120237907,-0.2406049900725287,0.4747826086956521,0.0104347826086956
LTP299,2,11,6,SHELF,0,0.8144755031928157,0.8144755031928157,-0.0140695925560764,0.1460869565217391,0.4660869565217391
LTP299,2,11,7,CYCLONE,0,0.8809163638358413,0.8809163638358413,0.0441339997278302,0.84,0.6417391304347826
LTP299,2,11,8,REBEL,0,0.8392852551855472,0.8392852551855472,-0.0014978016560572,0.328695652173913,0.5060869565217392
LTP299,2,11,9,COMPASS,0,0.8774351443017869,0.8774351443017869,0.0029724075987527,0.8104347826086956,0.5252173913043479
LTP299,2,11,10,CRATER,0,0.869396477187282,0.869396477187282,-0.0369837061067719,0.728695652173913,0.3634782608695652
LTP299,2,11,11,CHAUFFEUR,0,0.8450775063220377,0.8450775063220377,-0.0227873607274533,0.3982608695652174,0.4260869565217391
LTP299,2,11,12,NECKLACE,0,0.9000070410109994,0.9000070410109994,0.091549870421849,0.991304347826087,0.7634782608695652
LTP299,2,11,13,AUTHOR,0,0.8553949555460224,0.8553949555460224,0.0538421494465133,0.5269565217391304,0.6660869565217391
LTP299,2,11,14,TRENCH,1,0.8257224875913316,0.8257224875913316,-0.1018065853117477,0.2069565217391304,0.1843478260869565
LTP299,2,11,15,FIREMAN,1,0.8849255775427616,0.8849255775427616,0.0138688944093941,0.8730434782608696,0.5617391304347826
LTP299,2,11,16,BARLEY,1,0.8733436640047724,0.8733436640047724,0.036984466250263,0.7652173913043478,0.6573913043478261
LTP299,2,11,17,GRAPE,1,0.7806309913369646,0.7806309913369646,0.0710210810045715,0.0295652173913043,0.7095652173913043
LTP299,2,11,18,MUMMY,1,0.8605197693229469,0.8605197693229469,0.0161322975462786,0.6069565217391304,0.5791304347826087
LTP299,2,11,19,PRINCESS,1,0.8859928279101339,0.8859928279101339,0.1862730035443912,0.8904347826086957,0.9304347826086956
LTP299,2,11,20,CROWN,1,0.8723760862048698,0.8723760862048698,0.0496382580671957,0.7530434782608696,0.6799999999999999
LTP299,2,11,21,GRAVEL,1,0.7680473746376474,0.7680473746376474,0.0631160454864636,0.0086956521739129,0.6852173913043478
LTP299,2,11,22,DOUGHNUT,0,0.8847879016033328,0.8847879016033328,-0.0649757202965856,0.8765217391304347,0.2765217391304347
LTP299,2,11,23,TUBA,1,0.8467634593319496,0.8467634593319496,-0.1207530106382254,0.4104347826086957,0.1408695652173913
LTP299,2,11,24,BANJO,1,0.8748649051511571,0.8748649051511571,-0.0128242148634705,0.7982608695652174,0.4504347826086956
LTP299,2,12,1,LUGGAGE,1,0.8774971697434022,0.8774971697434022,-0.1047552895946104,0.8191304347826087,0.1634782608695651
LTP299,2,12,2,RIVER,1,0.8787893764682506,0.8787893764682506,0.1130962397098184,0.8156521739130435,0.8382608695652174
LTP299,2,12,3,HOOD,1,0.8732144745863922,0.8732144745863922,0.0700443371865248,0.7756521739130435,0.7426086956521739
LTP299,2,12,4,INFANT,1,0.8679597317423536,0.8679597317423536,0.0513614200932389,0.6834782608695652,0.6347826086956522
LTP299,2,12,5,CHILD,1,0.8475991064506028,0.8475991064506028,0.0656113394786012,0.4208695652173913,0.728695652173913
LTP299,2,12,6,STONE,0,0.840569487127704,0.840569487127704,-0.0994557798505189,0.3234782608695652,0.1947826086956522
LTP299,2,12,7,SADDLE,0,0.8649016485515585,0.8649016485515585,-0.0006172182189703,0.6330434782608696,0.5060869565217392
LTP299,2,12,8,BEAVER,1,0.8537458845418741,0.8537458845418741,0.1371577562376753,0.4939130434782608,0.9043478260869564
LTP299,2,12,9,POISON,0,0.8283989106946544,0.8283989106946544,-0.0691695451475567,0.2243478260869564,0.2713043478260869
LTP299,2,12,10,QUAIL,1,0.8670569758687187,0.8670569758687187,-0.060769837544,0.6643478260869565,0.3217391304347826
LTP299,2,12,11,HAWK,1,0.8076848361449643,0.8076848361449643,-0.009512984142051,0.1165217391304347,0.4660869565217391
LTP299,2,12,12,VELVET,1,0.8692733409096268,0.8692733409096268,-0.0126811854455383,0.7147826086956521,0.4556521739130434
LTP299,2,12,13,RADISH,1,0.8701382128593758,0.8701382128593758,0.0537347003997896,0.7252173913043478,0.6678260869565218
LTP299,2,12,14,GAZELLE,1,0.8618637956982044,0.8618637956982044,-0.0051536314086418,0.6086956521739131,0.4921739130434782
LTP299,2,12,15,LODGE,1,0.8695493509719306,0.8695493509719306,0.0556918270873922,0.7043478260869565,0.6869565217391305
LTP299,2,12,16,ACTOR,1,0.7804689006793927,0.7804689006793927,-0.145010377040363,0.0243478260869565,0.1026086956521739
LTP299,2,12,17,PASTRY,0,0.8645026315773362,0.8645026315773362,0.0601753396090953,0.6486956521739131,0.6904347826086956
LTP299,2,12,18,BLOUSE,0,0.8726264288714949,0.8726264288714949,-0.0745365574887456,0.7478260869565218,0.2504347826086956
LTP299,2,12,19,EMPIRE,0,0.8423686004900772,0.8423686004900772,0.1315574112261467,0.337391304347826,0.8713043478260869
LTP299,2,12,20,STATUE,0,0.8065817898867543,0.8065817898867543,-0.0904645556400893,0.111304347826087,0.2034782608695652
LTP299,2,12,21,NAPKIN,0,0.8308332417006699,0.8308332417006699,-0.0361638541646794,0.2347826086956521,0.3565217391304348
LTP299,2,12,22,PEDAL,1,0.863065030277563,0.863065030277563,0.1252886757616964,0.6086956521739131,0.8678260869565217
LTP299,2,12,23,RELISH,1,0.846059707535115,0.846059707535115,0.0781987472290276,0.3739130434782608,0.7634782608695652
LTP299,2,12,24,LAPEL,1,0.8507820388688259,0.8507820388688259,0.1021419772382296,0.4469565217391305,0.8365217391304348
LTP299,2,13,1,BUNNY,1,0.8559098728631859,0.8559098728631859,0.0161728748108113,0.5147826086956522,0.5704347826086957
LTP299,2,13,2,ZIPPER,1,0.7849824655072796,0.7849824655072796,-0.0483502288279802,0.0313043478260869,0.3478260869565217
LTP299,2,13,3,LAKE,1,0.8442279227160384,0.8442279227160384,-0.1240110947361118,0.3634782608695652,0.1373913043478261
LTP299,2,13,4,ITEM,1,0.8270190777950345,0.8270190777950345,-0.0216968464100091,0.2052173913043478,0.4139130434782608
LTP299,2,13,5,THRONE,1,0.8527018619668679,0.8527018619668679,-0.0722027699435298,0.4730434782608695,0.2608695652173913
LTP299,2,13,6,QUEEN,1,0.8600621459117821,0.8600621459117821,-0.019392657406078,0.5756521739130435,0.4139130434782608
LTP299,2,13,7,IDOL,1,0.7942525405641889,0.7942525405641889,0.0421422720353427,0.0573913043478261,0.6521739130434783
LTP299,2,13,8,PADDING,0,0.8684183045036963,0.8684183045036963,-0.0274037055739675,0.6921739130434783,0.4313043478260869
LTP299,2,13,9,JELLO,0,0.862666744707215,0.862666744707215,0.0436032932960404,0.6139130434782609,0.6521739130434783
LTP299,2,13,10,FRIEND,0,0.8339797783656572,0.8339797783656572,-0.1472814364751307,0.2452173913043478,0.0904347826086956
LTP299,2,13,11,PEANUT,0,0.8750309081775934,0.8750309081775934,0.111666368839542,0.7843478260869565,0.8226086956521739
LTP299,2,13,12,DAISY,0,0.8630374785108132,0.8630374785108132,0.1318623111362021,0.6330434782608696,0.8556521739130435
LTP299,2,13,13,COUNTRY,0,0.8375250241038095,0.8375250241038095,0.0239149277081349,0.2869565217391304,0.5930434782608696
LTP299,2,13,14,COMET,0,0.8431260149680078,0.8431260149680078,0.1212477555613472,0.3356521739130435,0.8347826086956522
LTP299,2,13,15,DRAGON,0,0.8856891045479203,0.8856891045479203,-0.0269771916623471,0.9304347826086956,0.4069565217391304
LTP299,2,13,16,CANAL,0,0.8636808096821976,0.8636808096821976,-0.1154428695431261,0.6347826086956522,0.1565217391304347
LTP299,2,13,17,MARROW,1,0.872958378123907,0.872958378123907,-0.1226511237398298,0.7843478260869565,0.1321739130434782
LTP299,2,13,18,FLESH,1,0.8432389291131531,0.8432389291131531,-0.029674455926367,0.3443478260869566,0.4069565217391304
LTP299,2,13,19,BRIEFCASE,1,0.8481889512016416,0.8481889512016416,-0.1144662119446099,0.4191304347826087,0.1547826086956522
LTP299,2,13,20,FOREST,0,0.8162629612359019,0.8162629612359019,0.0040868339572331,0.1513043478260869,0.5095652173913043
LTP299,2,13,21,COWBOY,0,0.8534085088496379,0.8534085088496379,-0.0596677747922191,0.4834782608695652,0.3269565217391305
LTP299,2,13,22,ZEBRA,1,0.8703489036685317,0.8703489036685317,0.0279301098405986,0.7147826086956521,0.5895652173913044
LTP299,2,13,23,PAPER,1,0.7937375665228572,0.7937375665228572,-0.092266641186844,0.0626086956521738,0.2156521739130434
LTP299,2,13,24,ARMY,1,0.8665410683948316,0.8665410683948316,-0.035798279459751,0.6747826086956521,0.3704347826086956
LTP299,2,14,1,NEUTRON,1,0.897265290842584,0.897265290842584,0.0943307318948444,0.9843478260869564,0.7756521739130435
LTP299,2,14,2,FRAME,1,0.8746514402283656,0.8746514402283656,-0.0846309501774482,0.7860869565217391,0.2243478260869564
LTP299,2,14,3,DRAWING,1,0.8565630570138184,0.8565630570138184,-0.0143062273743527,0.5095652173913043,0.4556521739130434
LTP299,2,14,4,VICTIM,1,0.8187961899636046,0.8187961899636046,0.0293346813697485,0.16,0.6156521739130435
LTP299,2,14,5,PIGMENT,0,0.8798696496993316,0.8798696496993316,0.0586696182445185,0.8434782608695652,0.6921739130434783
LTP299,2,14,6,OYSTER,1,0.865838293059642,0.865838293059642,0.1275625722286115,0.6504347826086956,0.8730434782608696
LTP299,2,14,7,SCALPEL,1,0.8811257380372708,0.8811257380372708,0.0058512477677333,0.8539130434782609,0.5234782608695652
LTP299,2,14,8,DRIVER,1,0.834678818537072,0.834678818537072,0.0036587687851959,0.2643478260869565,0.5234782608695652
LTP299,2,14,9,COD,1,0.801804811737361,0.801804811737361,0.000956059061837,0.097391304347826,0.5182608695652173
LTP299,2,14,10,PIGEON,0,0.9015755888643908,0.9015755888643908,0.2009656708273484,0.9982608695652174,0.9478260869565216
LTP299,2,14,11,STAPLE,0,0.8611435481720802,0.8611435481720802,0.0145371060756538,0.5791304347826087,0.56
LTP299,2,14,12,BADGE,1,0.8418760758158627,0.8418760758158627,-0.1057584164078083,0.3199999999999999,0.1426086956521739
LTP299,2,14,13,CARROT,1,0.8510705980291309,0.8510705980291309,-0.1193818931385938,0.4295652173913044,0.1060869565217391
LTP299,2,14,14,EYELASH,0,0.8620393468974199,0.8620393468974199,0.2102432197075109,0.5930434782608696,0.9617391304347828
LTP299,2,14,15,VAGRANT,1,0.848085113918934,0.848085113918934,0.0378742844274434,0.4104347826086957,0.6504347826086956
LTP299,2,14,16,PRIMATE,0,0.8416692200592916,0.8416692200592916,0.0204529613226901,0.3304347826086956,0.5895652173913044
LTP299,2,14,17,JUNGLE,0,0.8746818947067202,0.8746818947067202,-0.1185636132253455,0.7791304347826087,0.1513043478260869
LTP299,2,14,18,PERMIT,0,0.8581136182647657,0.8581136182647657,0.1630423672554607,0.5408695652173914,0.9113043478260868
LTP299,2,14,19,RECEIPT,0,0.8481766195672533,0.8481766195672533,0.0831430095439973,0.4104347826086957,0.7808695652173914
LTP299,2,14,20,WARDROBE,0,0.8924279668953297,0.8924279668953297,-0.0079750273954056,0.9634782608695652,0.471304347826087
LTP299,2,14,21,TRANSPLANT,0,0.7941534211583027,0.7941534211583027,0.0066268977373274,0.0626086956521738,0.5356521739130435
LTP299,2,14,22,CITRUS,1,0.8722760114584958,0.8722760114584958,0.1139326041145522,0.7530434782608696,0.8139130434782609
LTP299,2,14,23,ORANGE,1,0.8498536030075553,0.8498536030075553,0.0826219590279548,0.4156521739130434,0.7495652173913043
LTP299,2,14,24,PERCH,1,0.8924445561239358,0.8924445561239358,0.1632481930224958,0.9634782608695652,0.8973913043478261
LTP299,2,15,1,BEAST,1,0.8039141339813035,0.8039141339813035,-0.0645682565909399,0.1060869565217391,0.288695652173913
LTP299,2,15,2,HAMPER,0,0.8847213144956583,0.8847213144956583,-0.0017291542544726,0.9043478260869564,0.5252173913043479
LTP299,2,15,3,PROTON,1,0.8269223489069554,0.8269223489069554,-0.0385913023718371,0.208695652173913,0.3530434782608695
LTP299,2,15,4,MAMMAL,1,0.8030099429042858,0.8030099429042858,-0.0927384996804686,0.1060869565217391,0.1617391304347826
LTP299,2,15,5,JAPAN,1,0.7993568842837513,0.7993568842837513,0.1075701051686844,0.0765217391304348,0.8365217391304348
LTP299,2,15,6,YACHT,1,0.8844961134411945,0.8844961134411945,0.0690427272739638,0.8991304347826087,0.751304347826087
LTP299,2,15,7,YOLK,1,0.8756355241782011,0.8756355241782011,0.0628926433315949,0.8034782608695652,0.6973913043478261
LTP299,2,15,8,SPOON,1,0.8662974134749142,0.8662974134749142,-0.0099228411748791,0.6382608695652174,0.4991304347826086
LTP299,2,15,9,IGLOO,0,0.8466477430697958,0.8466477430697958,0.1082550423534151,0.3808695652173913,0.8591304347826088
LTP299,2,15,10,ICEBERG,0,0.8946516790331471,0.8946516790331471,0.1735553007441314,0.9669565217391304,0.9460869565217392
LTP299,2,15,11,ASIA,0,0.7971807093424214,0.7971807093424214,0.0721237559094097,0.0747826086956521,0.7669565217391304
LTP299,2,15,12,ICING,0,0.8554984994727802,0.8554984994727802,-0.0157304726806705,0.4973913043478261,0.4347826086956522
LTP299,2,15,13,CRIB,1,0.8405681125770885,0.8405681125770885,-0.0202649602124188,0.3182608695652174,0.4226086956521739
LTP299,2,15,14,POWDER,0,0.8340861346543118,0.8340861346543118,-0.0417003183910138,0.2643478260869565,0.3565217391304348
LTP299,2,15,15,LIPSTICK,0,0.8722333311856761,0.8722333311856761,0.0031917153556476,0.7426086956521739,0.5130434782608695
LTP299,2,15,16,COUSIN,0,0.8659877852795088,0.8659877852795088,-0.1215952889354266,0.6539130434782608,0.111304347826087
LTP299,2,15,17,TWEEZERS,1,0.841141434709966,0.841141434709966,0.0358617332742943,0.3182608695652174,0.6382608695652174
LTP299,2,15,18,ROCKET,0,0.8909868265742827,0.8909868265742827,-0.1414108399646393,0.9565217391304348,0.1008695652173913
LTP299,2,15,19,DONKEY,0,0.8927447901140961,0.8927447901140961,0.0351760505672785,0.9652173913043478,0.6226086956521739
LTP299,2,15,20,FOREHEAD,0,0.8308505991072672,0.8308505991072672,0.1681337700090416,0.2330434782608695,0.9443478260869566
LTP299,2,15,21,WHISKERS,1,0.8732106547119719,0.8732106547119719,0.011468426681474,0.751304347826087,0.5669565217391304
LTP299,2,15,22,SERVER,1,0.8192366845224638,0.8192366845224638,0.0064802118813959,0.1652173913043478,0.5078260869565218
LTP299,2,15,23,PARSLEY,1,0.8761062863307723,0.8761062863307723,0.1620156619802965,0.8121739130434783,0.9339130434782608
LTP299,2,15,24,TURNIP,1,0.8941245378771591,0.8941245378771591,0.0037412523156804,0.9791304347826086,0.4782608695652174
LTP299,2,16,1,DRINK,1,0.8157600370280692,0.8157600370280692,-0.0456158769184736,0.1565217391304347,0.3686956521739131
LTP299,2,16,2,EGYPT,1,0.8486563781641794,0.8486563781641794,0.0224817623638407,0.4399999999999999,0.6226086956521739
LTP299,2,16,3,TEMPLE,1,0.8712960327118778,0.8712960327118778,-0.1037837135092251,0.768695652173913,0.1460869565217391
LTP299,2,16,4,SHOULDER,1,0.8714978473790356,0.8714978473790356,0.0218084621966962,0.7547826086956522,0.6139130434782609
LTP299,2,16,5,EAGLE,1,0.8471155342307256,0.8471155342307256,0.1120439784235078,0.4191304347826087,0.8521739130434782
LTP299,2,16,6,PLATE,0,0.7828958406288034,0.7828958406288034,-0.1024674547376707,0.0243478260869565,0.1773913043478261
LTP299,2,16,7,OUTDOORS,0,0.824809335595595,0.824809335595595,0.0427322694763171,0.2017391304347826,0.702608695652174
LTP299,2,16,8,PISTOL,1,0.8652964846913417,0.8652964846913417,-0.0976061945789208,0.671304347826087,0.1808695652173912
LTP299,2,16,9,OUTLAW,1,0.8750488192591199,0.8750488192591199,-0.0075152201763078,0.8278260869565217,0.5060869565217392
LTP299,2,16,10,BANQUET,0,0.8759167822733649,0.8759167822733649,-0.1666219322907452,0.8452173913043478,0.0295652173913043
LTP299,2,16,11,DRESSER,0,0.8517390302249469,0.8517390302249469,0.1024090376339941,0.4904347826086956,0.8330434782608696
LTP299,2,16,12,PASTA,0,0.8632502514827851,0.8632502514827851,0.0422325402972683,0.6486956521739131,0.6504347826086956
LTP299,2,16,13,WAITRESS,1,0.8463719125392988,0.8463719125392988,0.0836550592489203,0.4104347826086957,0.817391304347826
LTP299,2,16,14,HAND,0,0.8189952378856231,0.8189952378856231,-0.007659656394795,0.1791304347826087,0.4939130434782608
LTP299,2,16,15,GLASS,0,0.8597125101547307,0.8597125101547307,0.1297193069197267,0.5982608695652174,0.8973913043478261
LTP299,2,16,16,COBRA,1,0.7998370936134581,0.7998370936134581,-0.1456828819619088,0.0991304347826087,0.0678260869565217
LTP299,2,16,17,CAFE,1,0.8044746956637993,0.8044746956637993,-0.1070827566158885,0.1165217391304347,0.1460869565217391
LTP299,2,16,18,HOSTESS,1,0.8341923195436114,0.8341923195436114,0.0635145113049851,0.2747826086956522,0.7408695652173913
LTP299,2,16,19,FRIAR,1,0.8502687142558947,0.8502687142558947,0.014635740980551,0.471304347826087,0.6
LTP299,2,16,20,CHURCH,1,0.8008165244668471,0.8008165244668471,-0.0249953587587051,0.0921739130434782,0.4226086956521739
LTP299,2,16,21,SWAMP,0,0.7662734947501347,0.7662734947501347,-0.0838483315627701,0.0086956521739129,0.1756521739130434
LTP299,2,16,22,FLOWER,0,0.8819794012203411,0.8819794012203411,0.0310592177274043,0.8956521739130435,0.6765217391304348
LTP299,2,16,23,LUNCH,0,0.8140713730952913,0.8140713730952913,0.0589441931766798,0.1582608695652173,0.6973913043478261
LTP299,2,16,24,ELBOW,0,0.8530553432632126,0.8530553432632126,-0.0077191403355699,0.4991304347826086,0.5043478260869565
LTP299,2,17,1,BURGLAR,1,0.8715897128818108,0.8715897128818108,-0.0601587123088773,0.8869565217391304,0.3443478260869566
LTP299,2,17,2,ROBBER,1,0.8301330685118506,0.8301330685118506,0.0178481681063635,0.2869565217391304,0.6139130434782609
LTP299,2,17,3,FIREPLACE,1,0.8648571552981674,0.8648571552981674,-0.1017004816023581,0.7652173913043478,0.1965217391304348
LTP299,2,17,4,GRAVE,1,0.7914511069229629,0.7914511069229629,0.0892092486319353,0.0556521739130434,0.7982608695652174
LTP299,2,17,5,OMELET,1,0.854421540623916,0.854421540623916,0.1426465713198427,0.56,0.8817391304347826
LTP299,2,17,6,MARKET,0,0.8456498956241133,0.8456498956241133,-0.100036561912222,0.4591304347826087,0.2017391304347826
LTP299,2,17,7,TART,0,0.8380128770408494,0.8380128770408494,0.1717385989971518,0.3304347826086956,0.92
LTP299,2,17,8,LEADER,0,0.808045871288314,0.808045871288314,-0.1794859208120691,0.1217391304347825,0.0626086956521738
LTP299,2,17,9,TORTOISE,1,0.8823496849086939,0.8823496849086939,-0.0584617861838515,0.951304347826087,0.3443478260869566
LTP299,2,17,10,BIKE,1,0.8594664408619331,0.8594664408619331,-0.1629931035094905,0.6104347826086957,0.0695652173913043
LTP299,2,17,11,VIRUS,1,0.8189296423239075,0.8189296423239075,0.0724874288842668,0.1756521739130434,0.7965217391304348
LTP299,2,17,12,XEROX,1,0.85370066630738,0.85370066630738,-0.0496230519405023,0.5530434782608695,0.3756521739130435
LTP299,2,17,13,ROD,1,0.8531721525411484,0.8531721525411484,0.2238700723506107,0.5252173913043479,0.9669565217391304
LTP299,2,17,14,BACON,1,0.7988260115587225,0.7988260115587225,0.0236027144340632,0.0765217391304348,0.6191304347826088
LTP299,2,17,15,HEART,1,0.8647069014763338,0.8647069014763338,-0.0947482680995436,0.6904347826086956,0.2104347826086956
LTP299,2,17,16,LIVER,1,0.8273349585536369,0.8273349585536369,0.175668978751764,0.217391304347826,0.9304347826086956
LTP299,2,17,17,MARS,1,0.842937967257492,0.842937967257492,0.1656429058845176,0.3895652173913043,0.9078260869565218
LTP299,2,17,18,PICNIC,0,0.8244694850187898,0.8244694850187898,-0.0864915382198331,0.217391304347826,0.2626086956521739
LTP299,2,17,19,SPHINX,1,0.8471362534867424,0.8471362534867424,-0.2599292922429147,0.4469565217391305,0.0017391304347825
LTP299,2,17,20,HATCHET,1,0.8481386890171781,0.8481386890171781,-0.0985365069053809,0.4591304347826087,0.2226086956521739
LTP299,2,17,21,DONOR,1,0.8310865166295333,0.8310865166295333,0.0184961984664029,0.2469565217391304,0.6
LTP299,2,17,22,CHEST,0,0.8108024305663833,0.8108024305663833,-0.0793416197270186,0.12,0.2991304347826087
LTP299,2,17,23,TRIBE,1,0.8608319979792843,0.8608319979792843,-0.0745633930769379,0.6382608695652174,0.2939130434782608
LTP299,2,17,24,RATTLE,1,0.8725085977881171,0.8725085977881171,-0.0131429074491064,0.808695652173913,0.4817391304347825
LTP299,2,18,1,LETTUCE,1,0.8788305456192343,0.8788305456192343,-0.0458936092939164,0.8521739130434782,0.328695652173913
LTP299,2,18,2,SHOVEL,1,0.892248821176668,0.892248821176668,-0.0549119459061315,0.9808695652173912,0.3443478260869566
LTP299,2,18,3,SAUSAGE,1,0.8277447308221503,0.8277447308221503,0.0040771461855183,0.2208695652173913,0.5304347826086957
LTP299,2,18,4,SUPPER,1,0.7986626091138374,0.7986626091138374,0.0535140025347694,0.0817391304347826,0.7095652173913043
LTP299,2,18,5,CONTRACT,0,0.8075469369879262,0.8075469369879262,-0.0199129336889981,0.0991304347826087,0.4591304347826087
LTP299,2,18,6,GARLIC,0,0.8620312532502657,0.8620312532502657,0.0531572890161063,0.6278260869565218,0.7043478260869565
LTP299,2,18,7,CUSTARD,0,0.872864831912172,0.872864831912172,0.0122958952839974,0.7756521739130435,0.5739130434782609
LTP299,2,18,8,PUDDING,0,0.8710468498146038,0.8710468498146038,-0.1013013748903163,0.7739130434782608,0.1982608695652173
LTP299,2,18,9,BEEF,1,0.8015286411059541,0.8015286411059541,-0.11095573291194,0.0852173913043478,0.1391304347826086
LTP299,2,18,10,MISSILE,0,0.8466039607947632,0.8466039607947632,0.0150454776881493,0.4069565217391304,0.5460869565217391
LTP299,2,18,11,DINER,1,0.8036012072555165,0.8036012072555165,0.1482556761167966,0.0904347826086956,0.9269565217391303
LTP299,2,18,12,PALACE,0,0.8604974131188188,0.8604974131188188,0.0095422579351396,0.5895652173913044,0.5460869565217391
LTP299,2,18,13,PIZZA,0,0.8391692034730344,0.8391692034730344,0.087610769718194,0.3321739130434782,0.817391304347826
LTP299,2,18,14,HORNET,0,0.8673187385710471,0.8673187385710471,-0.0540253793586276,0.6782608695652175,0.3269565217391305
LTP299,2,18,15,LADY,1,0.7954338211160061,0.7954338211160061,-0.086846257061705,0.0730434782608695,0.1947826086956522
LTP299,2,18,16,CABBAGE,1,0.8431742117034776,0.8431742117034776,0.021313602699929,0.3721739130434782,0.5930434782608696
LTP299,2,18,17,FARMER,1,0.8186304241757499,0.8186304241757499,0.0566563924612372,0.1547826086956522,0.7339130434782608
LTP299,2,18,18,GROUND,1,0.8159580143134829,0.8159580143134829,-0.1545986023016992,0.1460869565217391,0.0904347826086956
LTP299,2,18,19,SALAD,0,0.8615917031062803,0.8615917031062803,-0.0236562818845999,0.6052173913043478,0.4191304347826087
LTP299,2,18,20,DRESS,1,0.8710162753156585,0.8710162753156585,0.0253187144353082,0.7565217391304347,0.5808695652173913
LTP299,2,18,21,TRACTOR,1,0.8405585777071347,0.8405585777071347,-0.0263382344278601,0.3356521739130435,0.4365217391304348
LTP299,2,18,22,CUPBOARD,1,0.8823409366858972,0.8823409366858972,0.002783370795549,0.9147826086956522,0.5339130434782609
LTP299,2,18,23,JEANS,1,0.8666767700484435,0.8666767700484435,0.0089520468650673,0.702608695652174,0.56
LTP299,2,18,24,JUDGE,1,0.8288190276398543,0.8288190276398543,0.0658484963814011,0.2243478260869564,0.768695652173913
LTP299,2,19,1,LOVER,1,0.7830689548143273,0.7830689548143273,-0.1896498235842184,0.0278260869565217,0.026086956521739
LTP299,2,19,2,INMATE,1,0.8488808372007121,0.8488808372007121,-0.0563923193222264,0.4399999999999999,0.288695652173913
LTP299,2,19,3,ULCER,1,0.8461196243333012,0.8461196243333012,-0.0351104678145791,0.4139130434782608,0.3704347826086956
LTP299,2,19,4,FRANCE,0,0.8504501306893113,0.8504501306893113,-0.070125247908256,0.4556521739130434,0.2573913043478261
LTP299,2,19,5,PLASTER,1,0.8079430746971175,0.8079430746971175,0.0725293291420806,0.1234782608695652,0.7930434782608695
LTP299,2,19,6,BLUEPRINT,1,0.9064315554987185,0.9064315554987185,0.0668089332112282,1.0,0.7234782608695652
LTP299,2,19,7,GARBAGE,1,0.8851621746131084,0.8851621746131084,0.1038336630592046,0.9095652173913044,0.84
LTP299,2,19,8,MAILMAN,1,0.8863273602667195,0.8863273602667195,0.0767304710111413,0.9182608695652174,0.8017391304347826
LTP299,2,19,9,LADDER,0,0.8297889657715755,0.8297889657715755,-0.0428134577659804,0.2382608695652174,0.3321739130434782
LTP299,2,19,10,RAFT,1,0.8579644230461039,0.8579644230461039,-0.1805638821880061,0.5565217391304348,0.0330434782608696
LTP299,2,19,11,CASKET,1,0.8953358840209701,0.8953358840209701,0.0825129032649966,0.991304347826087,0.817391304347826
LTP299,2,19,12,GUITAR,1,0.7707526744186375,0.7707526744186375,0.0742461217523915,0.0104347826086956,0.7478260869565218
LTP299,2,19,13,MUFFIN,0,0.8612077694959587,0.8612077694959587,-0.0138523763729666,0.5947826086956522,0.4765217391304348
LTP299,2,19,14,SCARECROW,0,0.8856538992496898,0.8856538992496898,-0.0642896321846568,0.9391304347826088,0.3026086956521739
LTP299,2,19,15,SALMON,1,0.8478059953435627,0.8478059953435627,0.0230932101789005,0.4260869565217391,0.6017391304347826
LTP299,2,19,16,MESSAGE,0,0.8498033407629536,0.8498033407629536,0.1381204897272172,0.4539130434782609,0.9130434782608696
LTP299,2,19,17,CROSS,0,0.8683107489339323,0.8683107489339323,-0.0844990134759412,0.7130434782608696,0.2278260869565217
LTP299,2,19,18,CHAPEL,0,0.8345456023473021,0.8345456023473021,-0.0630015820488323,0.2782608695652173,0.2765217391304347
LTP299,2,19,19,BUBBLE,0,0.8659485226053738,0.8659485226053738,-0.0886486128192265,0.6730434782608696,0.217391304347826
LTP299,2,19,20,MARINE,1,0.8646971863614098,0.8646971863614098,0.111839469140498,0.6382608695652174,0.8556521739130435
LTP299,2,19,21,STAMP,1,0.8044756803288998,0.8044756803288998,-0.0230616112628324,0.1060869565217391,0.4399999999999999
LTP299,2,19,22,CONVICT,1,0.8264246129943016,0.8264246129943016,0.0429412189233582,0.2156521739130434,0.6486956521739131
LTP299,2,19,23,JURY,1,0.8372474763722958,0.8372474763722958,0.019445445711404,0.2921739130434783,0.5791304347826087
LTP299,2,19,24,PISTON,1,0.8762885042468808,0.8762885042468808,-0.009160417483231,0.8156521739130435,0.4782608695652174
LTP299,2,20,1,SUNRISE,1,0.8915609583335093,0.8915609583335093,-0.082104256876337,0.9739130434782608,0.2486956521739131
LTP299,2,20,2,BANK,1,0.8723382529661203,0.8723382529661203,0.1301310564787867,0.728695652173913,0.8834782608695653
LTP299,2,20,3,BRANDY,1,0.8743829928859411,0.8743829928859411,0.0187182198319068,0.7808695652173914,0.5860869565217391
LTP299,2,20,4,SIDEWALK,0,0.8781254071106026,0.8781254071106026,0.0485020882029804,0.831304347826087,0.671304347826087
LTP299,2,20,5,SHRUB,1,0.8531568997724877,0.8531568997724877,-0.1079161896188608,0.4747826086956521,0.168695652173913
LTP299,2,20,6,GARDEN,0,0.850441830315971,0.850441830315971,0.077045274667095,0.4521739130434783,0.7478260869565218
LTP299,2,20,7,MAILBOX,1,0.8722721182205597,0.8722721182205597,0.1661894278267169,0.7356521739130435,0.9565217391304348
LTP299,2,20,8,FLUTE,0,0.8200151762240093,0.8200151762240093,-0.2347534709695082,0.1721739130434783,0.0034782608695652
LTP299,2,20,9,CHIPMUNK,1,0.8810248181977942,0.8810248181977942,-0.0017027277777098,0.8678260869565217,0.5217391304347826
LTP299,2,20,10,SUNSET,1,0.8437376628142461,0.8437376628142461,-0.1350143889209772,0.3652173913043478,0.1252173913043478
LTP299,2,20,11,CIGAR,1,0.8598151993899895,0.8598151993899895,-0.0306558488255246,0.5913043478260869,0.3895652173913043
LTP299,2,20,12,FOX,1,0.7981603528338467,0.7981603528338467,-0.0229745150451758,0.0643478260869565,0.3982608695652174
LTP299,2,20,13,BACKBONE,1,0.8946655002966674,0.8946655002966674,0.1860335125853015,0.9808695652173912,0.9704347826086956
LTP299,2,20,14,SPACE,0,0.7810014009792544,0.7810014009792544,0.0716354348062808,0.0208695652173912,0.7721739130434783
LTP299,2,20,15,BODY,0,0.751895948991839,0.751895948991839,0.0744754780587669,0.0017391304347825,0.7843478260869565
LTP299,2,20,16,MOP,0,0.7904827642572066,0.7904827642572066,-0.1178998442386618,0.0452173913043478,0.128695652173913
LTP299,2,20,17,DUSTPAN,0,0.8726281707884272,0.8726281707884272,-0.0378694721024734,0.7495652173913043,0.337391304347826
LTP299,2,20,18,PANTHER,1,0.8599811250408494,0.8599811250408494,0.1287938315347025,0.5721739130434782,0.8782608695652174
LTP299,2,20,19,OX,1,0.7893954073664253,0.7893954073664253,-0.1493958518303398,0.04,0.0869565217391304
LTP299,2,20,20,COLONEL,1,0.8752762617228426,0.8752762617228426,0.0210402952049115,0.7947826086956522,0.5878260869565217
LTP299,2,20,21,CLOTHES,0,0.8727314213445607,0.8727314213445607,0.0649259323495542,0.7582608695652174,0.7269565217391305
LTP299,2,20,22,BUREAU,1,0.8466001807152408,0.8466001807152408,0.0027297139888464,0.4034782608695652,0.5147826086956522
LTP299,2,20,23,BRACES,1,0.8655413233882738,0.8655413233882738,0.0437183624228124,0.6556521739130434,0.662608695652174
LTP299,2,20,24,SCISSORS,1,0.8242525242928669,0.8242525242928669,0.012138687803592,0.1930434782608695,0.5565217391304348
LTP299,2,21,1,CATTLE,1,0.8946704311980825,0.8946704311980825,0.0024882035903263,0.9808695652173912,0.5321739130434783
LTP299,2,21,2,SPIDER,1,0.8627958173873649,0.8627958173873649,-0.1452871681950676,0.6226086956521739,0.1339130434782608
LTP299,2,21,3,SPARROW,1,0.8351147747258368,0.8351147747258368,-0.0177552734143712,0.2660869565217391,0.4365217391304348
LTP299,2,21,4,PARROT,0,0.8557071485362386,0.8557071485362386,0.1181353866052942,0.5147826086956522,0.8347826086956522
LTP299,2,21,5,PAIL,1,0.846998216562543,0.846998216562543,-0.165702799770367,0.408695652173913,0.088695652173913
LTP299,2,21,6,LACE,1,0.8120636058478694,0.8120636058478694,-0.1616679922940728,0.128695652173913,0.0956521739130434
LTP299,2,21,7,SKIRT,0,0.8460942045813792,0.8460942045813792,-0.1951178368511317,0.4052173913043478,0.0765217391304348
LTP299,2,21,8,RACKET,0,0.8892675798823697,0.8892675798823697,0.0134126122523298,0.9443478260869566,0.5530434782608695
LTP299,2,21,9,ARM,0,0.8322323703507223,0.8322323703507223,0.1136988423128582,0.2382608695652174,0.8486956521739131
LTP299,2,21,10,BREAST,1,0.8703292518814674,0.8703292518814674,0.0112738622970198,0.7165217391304348,0.5078260869565218
LTP299,2,21,11,CONCERT,0,0.8123703258336102,0.8123703258336102,0.0405620107656364,0.1321739130434782,0.6417391304347826
LTP299,2,21,12,ATOM,0,0.784087500964662,0.784087500964662,0.0866171727924022,0.026086956521739,0.7582608695652174
LTP299,2,21,13,NOTEBOOK,0,0.7952297759615328,0.7952297759615328,0.0328008355132484,0.0591304347826087,0.6017391304347826
LTP299,2,21,14,BUG,1,0.8308669701647845,0.8308669701647845,-0.1228221955838794,0.2330434782608695,0.1652173913043478
LTP299,2,21,15,NOMAD,0,0.8181585885174808,0.8181585885174808,0.0891560010121119,0.16,0.7773913043478261
LTP299,2,21,16,HUMAN,1,0.8233612392805543,0.8233612392805543,0.1094853123069587,0.1756521739130434,0.8034782608695652
LTP299,2,21,17,PATROL,1,0.8649321632450385,0.8649321632450385,0.1142409669714023,0.6504347826086956,0.817391304347826
LTP299,2,21,18,QUARTER,0,0.8447956410839684,0.8447956410839684,0.012470067388194,0.3686956521739131,0.5739130434782609
LTP299,2,21,19,TERMITE,1,0.8854360802860151,0.8854360802860151,0.060362932418142,0.9095652173913044,0.6904347826086956
LTP299,2,21,20,CHEMIST,0,0.8835821175975102,0.8835821175975102,0.0657687526766093,0.8973913043478261,0.6799999999999999
LTP299,2,21,21,TOASTER,0,0.8469802503040202,0.8469802503040202,0.1007868704423478,0.4226086956521739,0.7982608695652174
LTP299,2,21,22,EUROPE,1,0.7881333532749495,0.7881333532749495,0.160767224951675,0.0382608695652173,0.9060869565217392
LTP299,2,21,23,BUTCHER,1,0.8424463464066821,0.8424463464066821,0.0438577600700564,0.351304347826087,0.6556521739130434
LTP299,2,21,24,KITCHEN,1,0.8768158569307954,0.8768158569307954,-0.067289916444169,0.8156521739130435,0.3165217391304348
LTP299,2,22,1,CORAL,1,0.843396918151114,0.843396918151114,-0.0126072075534904,0.351304347826087,0.4521739130434783
LTP299,2,22,2,ANTLER,1,0.8689579453964055,0.8689579453964055,0.189766626364022,0.6921739130434783,0.9582608695652174
LTP299,2,22,3,BEAKER,1,0.8515287127338209,0.8515287127338209,-0.1451114254307973,0.4626086956521739,0.1095652173913043
LTP299,2,22,4,POCKET,0,0.8571476717282545,0.8571476717282545,-0.0014063551438653,0.5356521739130435,0.4886956521739131
LTP299,2,22,5,TWISTER,1,0.8512588486047096,0.8512588486047096,-0.0448256424151307,0.4678260869565217,0.3530434782608695
LTP299,2,22,6,TEACHER,1,0.8488011291065316,0.8488011291065316,0.1343092685185866,0.4313043478260869,0.8573913043478261
LTP299,2,22,7,DANDRUFF,0,0.8864695700924257,0.8864695700924257,-0.1773970314887357,0.9060869565217392,0.0834782608695652
LTP299,2,22,8,KNAPSACK,1,0.8433416216468629,0.8433416216468629,-0.118060019493824,0.3565217391304348,0.1669565217391304
LTP299,2,22,9,CRITIC,1,0.8158810908619905,0.8158810908619905,-0.0603112019105603,0.1478260869565217,0.3182608695652174
LTP299,2,22,10,ACTRESS,1,0.8804037302703143,0.8804037302703143,0.014424532527496,0.8521739130434782,0.537391304347826
LTP299,2,22,11,STUDENT,0,0.8376300538457926,0.8376300538457926,0.1007763469841042,0.2834782608695652,0.7895652173913044
LTP299,2,22,12,STALLION,0,0.8635075189127902,0.8635075189127902,0.1064075826141193,0.6139130434782609,0.8156521739130435
LTP299,2,22,13,BISON,0,0.871134155304632,0.871134155304632,0.1206502424730095,0.711304347826087,0.831304347826087
LTP299,2,22,14,PARTNER,1,0.8557489799442659,0.8557489799442659,0.1680429920552953,0.5165217391304349,0.9217391304347826
LTP299,2,22,15,BELLY,1,0.8722336397388761,0.8722336397388761,-0.1373895298793262,0.7304347826086957,0.097391304347826
LTP299,2,22,16,STOMACH,1,0.8236708196171149,0.8236708196171149,-0.0145016095050272,0.1860869565217391,0.4852173913043478
LTP299,2,22,17,SHORTS,0,0.813686645482318,0.813686645482318,-0.1622719309043745,0.1356521739130435,0.088695652173913
LTP299,2,22,18,BLENDER,0,0.8989979651854066,0.8989979651854066,0.0142321830006615,0.9965217391304348,0.5426086956521738
LTP299,2,22,19,POLICE,1,0.8314698147087602,0.8314698147087602,-0.0312361125768462,0.2365217391304347,0.4139130434782608
LTP299,2,22,20,COSTUME,1,0.8725730828095927,0.8725730828095927,0.0509424804342916,0.7321739130434783,0.6365217391304347
LTP299,2,22,21,MONSTER,0,0.851659448602316,0.851659448602316,-0.0848202973664667,0.4626086956521739,0.2486956521739131
LTP299,2,22,22,THIEF,0,0.8431387936965883,0.8431387936965883,0.0042114638088553,0.3530434782608695,0.5182608695652173
LTP299,2,22,23,ONION,0,0.824507803237755,0.824507803237755,0.2406994081068399,0.1808695652173912,0.991304347826087
LTP299,2,22,24,COUNTY,0,0.845331212541306,0.845331212541306,0.1175467305214393,0.3704347826086956,0.8504347826086956
LTP299,2,23,1,COTTAGE,1,0.8768383765630254,0.8768383765630254,0.0726112002829702,0.8069565217391305,0.7617391304347826
LTP299,2,23,2,BUCKET,1,0.8678595913396527,0.8678595913396527,0.0195488349697256,0.6660869565217391,0.5443478260869565
LTP299,2,23,3,BROOK,1,0.8417209945731852,0.8417209945731852,-0.0793759358467853,0.3426086956521739,0.2713043478260869
LTP299,2,23,4,AIRPORT,1,0.8470826473991464,0.8470826473991464,0.1120962387472502,0.4104347826086957,0.8608695652173913
LTP299,2,23,5,GALLON,0,0.8418922269387521,0.8418922269387521,-0.0071596642152628,0.3443478260869566,0.4660869565217391
LTP299,2,23,6,LILY,1,0.805021938637133,0.805021938637133,-0.089430157198287,0.1095652173913043,0.2382608695652174
LTP299,2,23,7,TUTU,1,0.8033120879136691,0.8033120879136691,0.0361669298604137,0.1026086956521739,0.6260869565217391
LTP299,2,23,8,BOX,1,0.7649229682455193,0.7649229682455193,0.0067897568874431,0.0034782608695652,0.5321739130434783
LTP299,2,23,9,LUMBER,1,0.8784512315314371,0.8784512315314371,-0.1176223923695951,0.8347826086956522,0.16
LTP299,2,23,10,PADDLE,0,0.8718221277180223,0.8718221277180223,-0.0493882060825262,0.7269565217391305,0.351304347826087
LTP299,2,23,11,REPORT,1,0.8036616402410293,0.8036616402410293,-0.0272171502115741,0.1043478260869564,0.4139130434782608
LTP299,2,23,12,FLAG,0,0.7837486120330701,0.7837486120330701,-0.1076939618646097,0.04,0.1652173913043478
LTP299,2,23,13,SNAKE,1,0.8832091283451771,0.8832091283451771,-0.2505603593272184,0.8991304347826087,0.0104347826086956
LTP299,2,23,14,SUITCASE,1,0.8482589888128016,0.8482589888128016,-0.0098642846490378,0.4243478260869565,0.4626086956521739
LTP299,2,23,15,TOURIST,1,0.8692803295732421,0.8692803295732421,0.1750356136158662,0.6869565217391305,0.9339130434782608
LTP299,2,23,16,POSSUM,1,0.8451044890274176,0.8451044890274176,0.0552007406441562,0.3773913043478261,0.6956521739130435
LTP299,2,23,17,HANDBAG,0,0.8720198960578637,0.8720198960578637,0.0078966966210892,0.7408695652173913,0.5182608695652173
LTP299,2,23,18,VIKING,1,0.8112920448546902,0.8112920448546902,-0.0367297347720283,0.1321739130434782,0.4104347826086957
LTP299,2,23,19,FOOTBALL,0,0.8489744612936778,0.8489744612936778,0.1604266435207096,0.4191304347826087,0.954782608695652
LTP299,2,23,20,GIFT,0,0.8410984716163628,0.8410984716163628,-0.109131894769982,0.337391304347826,0.1565217391304347
LTP299,2,23,21,CRAYON,0,0.8936428945526859,0.8936428945526859,-0.0535676879023589,0.9634782608695652,0.3478260869565217
LTP299,2,23,22,PLAID,0,0.8083744281161961,0.8083744281161961,0.0125195754872296,0.1147826086956521,0.5582608695652174
LTP299,2,23,23,UMPIRE,1,0.8608681235656065,0.8608681235656065,0.1012340814717481,0.5860869565217391,0.8678260869565217
LTP299,2,23,24,PLAZA,0,0.7949489414254677,0.7949489414254677,0.0219182997951262,0.0660869565217391,0.6173913043478261
LTP299,2,24,1,WRIST,1,0.8698834392888891,0.8698834392888891,-0.0192298817926143,0.7217391304347827,0.4382608695652173
LTP299,2,24,2,WORKER,0,0.8533931640809476,0.8533931640809476,-0.002076140108769,0.5026086956521739,0.5182608695652173
LTP299,2,24,3,TYPIST,1,0.8867812394134506,0.8867812394134506,0.0009851394664,0.9304347826086956,0.5304347826086957
LTP299,2,24,4,PECAN,0,0.8147665229269989,0.8147665229269989,-0.1218163316170154,0.1443478260869565,0.0921739130434782
LTP299,2,24,5,FRUIT,0,0.8331120117816264,0.8331120117816264,-0.1280367764887109,0.2730434782608696,0.1043478260869564
LTP299,2,24,6,ROBIN,0,0.8265429669348714,0.8265429669348714,-0.0476595697815359,0.2191304347826087,0.328695652173913
LTP299,2,24,7,GLOVE,0,0.8818226190772327,0.8818226190772327,-0.1136010973143261,0.88,0.16
LTP299,2,24,8,CURTAIN,0,0.8967698421100847,0.8967698421100847,0.020721016756513,0.9930434782608696,0.5843478260869566
LTP299,2,24,9,WITNESS,0,0.8164212089186147,0.8164212089186147,-0.0017098454800916,0.1652173913043478,0.5234782608695652
LTP299,2,24,10,FINGER,0,0.8922560462901185,0.8922560462901185,0.0833786582956864,0.96,0.8278260869565217
LTP299,2,24,11,CHAMPAGNE,0,0.8477348452828892,0.8477348452828892,0.0522770919727254,0.4330434782608695,0.7147826086956521
LTP299,2,24,12,GAVEL,1,0.7767881494790333,0.7767881494790333,-0.1575682377162677,0.0347826086956521,0.0765217391304348
LTP299,2,24,13,NOVEL,0,0.8253715171183192,0.8253715171183192,0.0300739186860471,0.2191304347826087,0.6434782608695653
LTP299,2,24,14,STICKER,1,0.8546646354615413,0.8546646354615413,-0.0358674415161788,0.551304347826087,0.3686956521739131
LTP299,2,24,15,COLLEGE,1,0.8755567326255599,0.8755567326255599,0.0464735643261051,0.7965217391304348,0.7147826086956521
LTP299,2,24,16,FOOT,1,0.7902801863259129,0.7902801863259129,0.0728901668741943,0.0434782608695651,0.8121739130434783
LTP299,2,24,17,PASSAGE,0,0.8595248894691289,0.8595248894691289,-0.0356849950252979,0.6052173913043478,0.3669565217391304
LTP299,2,24,18,JOURNAL,0,0.8353464035770611,0.8353464035770611,-0.0528887850873895,0.2973913043478261,0.2973913043478261
LTP299,2,24,19,ROOSTER,0,0.866070947808122,0.866070947808122,-0.1103054505381326,0.6678260869565218,0.1130434782608695
LTP299,2,24,20,LAVA,0,0.7786014587895967,0.7786014587895967,-0.2774481289132129,0.0382608695652173,0.0052173913043478
LTP299,2,24,21,SPOUSE,1,0.8810603263763377,0.8810603263763377,0.1233120304004932,0.8730434782608696,0.8713043478260869
LTP299,2,24,22,HUSBAND,1,0.8413238735236219,0.8413238735236219,-0.0269566885156099,0.3426086956521739,0.3895652173913043
LTP299,2,24,23,COOK,1,0.8217634327935907,0.8217634327935907,0.0273179345108021,0.1826086956521738,0.64
LTP299,2,24,24,COFFEE,1,0.869094580454216,0.869094580454216,0.0234279225167768,0.7252173913043478,0.6208695652173912
