subject,session,trial,serialpos,word,item_num,onset,sample,recalled,eeg_file,event_file,start_sample,stop_sample,n_timepoints,extracted,drop_reason
LTP299,2,1,1,TROMBONE,1508,410.478,205239,1,data/ds004395/sub-LTP299/ses-2/eeg/sub-LTP299_ses-2_task-ltpFR2_eeg.edf,data/ds004395/sub-LTP299/ses-2/eeg/sub-LTP299_ses-2_task-ltpFR2_events.tsv,205389,205639,250,True,
LTP299,2,1,2,FIDDLE,561,412.936,206468,1,data/ds004395/sub-LTP299/ses-2/eeg/sub-LTP299_ses-2_task-ltpFR2_eeg.edf,data/ds004395/sub-LTP299/ses-2/eeg/sub-LTP299_ses-2_task-ltpFR2_events.tsv,206618,206868,250,True,
LTP299,2,1,3,PARENT,1013,415.506,207753,1,data/ds004395/sub-LTP299/ses-2/eeg/sub-LTP299_ses-2_task-ltpFR2_eeg.edf,data/ds004395/sub-LTP299/ses-2/eeg/sub-LTP299_ses-2_task-ltpFR2_events.tsv,207903,208153,250,True,
LTP299,2,1,4,CEILING,265,417.856,208928,1,data/ds004395/sub-LTP299/ses-2/eeg/sub-LTP299_ses-2_task-ltpFR2_eeg.edf,data/ds004395/sub-LTP299/ses-2/eeg/sub-LTP299_ses-2_task-ltpFR2_events.tsv,209078,209328,250,True,
LTP299,2,1,5,SMOG,1330,420.2,210100,0,data/ds004395/sub-LTP299/ses-2/eeg/sub-LTP299_ses-2_task-ltpFR2_eeg.edf,data/ds004395/sub-LTP299/ses-2/eeg/sub-LTP299_ses-2_task-ltpFR2_events.tsv,210250,210500,250,True,
LTP299,2,1,6,SCRIBBLE,1256,422.884,211442,0,data/ds004395/sub-LTP299/ses-2/eeg/sub-LTP299_ses-2_task-ltpFR2_eeg.edf,data/ds004395/sub-LTP299/ses-2/eeg/sub-LTP299_ses-2_task-ltpFR2_events.tsv,211592,211842,250,True,
LTP299,2,1,7,SUSPECT,1415,425.42,212710,1,data/ds004395/sub-LTP299/ses-2/eeg/sub-LTP299_ses-2_task-ltpFR2_eeg.edf,data/ds004395/sub-LTP299/ses-2/eeg/sub-LTP299_ses-2_task-ltpFR2_events.tsv,212860,213110,250,True,
LTP299,2,1,8,HERO,706,427.914,213957,1,data/ds004395/sub-LTP299/ses-2/eeg/sub-LTP299_ses-2_task-ltpFR2_eeg.edf,data/ds004395/sub-LTP299/ses-2/eeg/sub-LTP299_ses-2_task-ltpFR2_events.tsv,214107,214357,250,True,
LTP299,2,1,9,NURSE,963,430.482,215241,1,data/ds004395/sub-LTP299/ses-2/eeg/sub-LTP299_ses-2_task-ltpFR2_eeg.edf,data/ds004395/sub-LTP299/ses-2/eeg/sub-LTP299_ses-2_task-ltpFR2_events.tsv,215391,215641,250,True,
LTP299,2,1,10,GIRL,637,433.102,216551,1,data/ds004395/sub-LTP299/ses-2/eeg/sub-LTP299_ses-2_task-ltpFR2_eeg.edf,data/ds004395/sub-LTP299/ses-2/eeg/sub-LTP299_ses-2_task-ltpFR2_events.tsv,216701,216951,250,True,
LTP299,2,1,11,RUST,1219,435.592,217796,1,data/ds004395/sub-LTP299/ses-2/eeg/sub-LTP299_ses-2_task-ltpFR2_eeg.edf,data/ds004395/sub-LTP299/ses-2/eeg/sub-LTP299_ses-2_task-ltpFR2_events.tsv,217946,218196,250,True,
LTP299,2,1,12,FLIPPER,580,437.938,218969,1,data/ds004395/sub-LTP299/ses-2/eeg/sub-LTP299_ses-2_task-ltpFR2_eeg.edf,data/ds004395/sub-LTP299/ses-2/eeg/sub-LTP299_ses-2_task-ltpFR2_events.tsv,219119,219369,250,True,
LTP299,2,1,13,FLEET,578,440.382,220191,0,data/ds004395/sub-LTP299/ses-2/eeg/sub-LTP299_ses-2_task-ltpFR2_eeg.edf,data/ds004395/sub-LTP299/ses-2/eeg/sub-LTP299_ses-2_task-ltpFR2_events.tsv,220341,220591,250,True,
LTP299,2,1,14,GUARD,667,442.758,221379,1,data/ds004395/sub-LTP299/ses-2/eeg/sub-LTP299_ses-2_task-ltpFR2_eeg.edf,data/ds004395/sub-LTP299/ses-2/eeg/sub-LTP299_ses-2_task-ltpFR2_events.tsv,221529,221779,250,True,
LTP299,2,1,15,TAXI,1438,445.314,222657,0,data/ds004395/sub-LTP299/ses-2/eeg/sub-LTP299_ses-2_task-ltpFR2_eeg.edf,data/ds004395/sub-LTP299/ses-2/eeg/sub-LTP299_ses-2_task-ltpFR2_events.tsv,222807,223057,250,True,
LTP299,2,1,16,FRECKLE,602,448.014,224007,1,data/ds004395/sub-LTP299/ses-2/eeg/sub-LTP299_ses-2_task-ltpFR2_eeg.edf,data/ds004395/sub-LTP299/ses-2/eeg/sub-LTP299_ses-2_task-ltpFR2_events.tsv,224157,224407,250,True,
LTP299,2,1,17,SUMMIT,1405,450.618,225309,1,data/ds004395/sub-LTP299/ses-2/eeg/sub-LTP299_ses-2_task-ltpFR2_eeg.edf,data/ds004395/sub-LTP299/ses-2/eeg/sub-LTP299_ses-2_task-ltpFR2_events.tsv,225459,225709,250,True,
LTP299,2,1,18,LIGHTNING,820,453.172,226586,1,data/ds004395/sub-LTP299/ses-2/eeg/sub-LTP299_ses-2_task-ltpFR2_eeg.edf,data/ds004395/sub-LTP299/ses-2/eeg/sub-LTP299_ses-2_task-ltpFR2_events.tsv,226736,226986,250,True,
LTP299,2,1,19,CLOUD,328,455.84,227920,1,data/ds004395/sub-LTP299/ses-2/eeg/sub-LTP299_ses-2_task-ltpFR2_eeg.edf,data/ds004395/sub-LTP299/ses-2/eeg/sub-LTP299_ses-2_task-ltpFR2_events.tsv,228070,228320,250,True,
LTP299,2,1,20,KLEENEX,782,458.282,229141,0,data/ds004395/sub-LTP299/ses-2/eeg/sub-LTP299_ses-2_task-ltpFR2_eeg.edf,data/ds004395/sub-LTP299/ses-2/eeg/sub-LTP299_ses-2_task-ltpFR2_events.tsv,229291,229541,250,True,
LTP299,2,1,21,RIFLE,1192,460.644,230322,1,data/ds004395/sub-LTP299/ses-2/eeg/sub-LTP299_ses-2_task-ltpFR2_eeg.edf,data/ds004395/sub-LTP299/ses-2/eeg/sub-LTP299_ses-2_task-ltpFR2_events.tsv,230472,230722,250,True,
LTP299,2,1,22,BABY,64,463.294,231647,1,data/ds004395/sub-LTP299/ses-2/eeg/sub-LTP299_ses-2_task-ltpFR2_eeg.edf,data/ds004395/sub-LTP299/ses-2/eeg/sub-LTP299_ses-2_task-ltpFR2_events.tsv,231797,232047,250,True,
LTP299,2,1,23,DOLPHIN,483,465.848,232924,1,data/ds004395/sub-LTP299/ses-2/eeg/sub-LTP299_ses-2_task-ltpFR2_eeg.edf,data/ds004395/sub-LTP299/ses-2/eeg/sub-LTP299_ses-2_task-ltpFR2_events.tsv,233074,233324,250,True,
LTP299,2,1,24,PERFUME,1049,468.308,234154,1,data/ds004395/sub-LTP299/ses-2/eeg/sub-LTP299_ses-2_task-ltpFR2_eeg.edf,data/ds004395/sub-LTP299/ses-2/eeg/sub-LTP299_ses-2_task-ltpFR2_events.tsv,234304,234554,250,True,
LTP299,2,2,1,SWITCH,1422,605.746,302873,0,data/ds004395/sub-LTP299/ses-2/eeg/sub-LTP299_ses-2_task-ltpFR2_eeg.edf,data/ds004395/sub-LTP299/ses-2/eeg/sub-LTP299_ses-2_task-ltpFR2_events.tsv,303023,303273,250,True,
LTP299,2,2,2,FILM,565,608.234,304117,1,data/ds004395/sub-LTP299/ses-2/eeg/sub-LTP299_ses-2_task-ltpFR2_eeg.edf,data/ds004395/sub-LTP299/ses-2/eeg/sub-LTP299_ses-2_task-ltpFR2_events.tsv,304267,304517,250,True,
LTP299,2,2,3,HOOK,715,610.614,305307,1,data/ds004395/sub-LTP299/ses-2/eeg/sub-LTP299_ses-2_task-ltpFR2_eeg.edf,data/ds004395/sub-LTP299/ses-2/eeg/sub-LTP299_ses-2_task-ltpFR2_events.tsv,305457,305707,250,True,
LTP299,2,2,4,STAR,1373,612.98,306490,1,data/ds004395/sub-LTP299/ses-2/eeg/sub-LTP299_ses-2_task-ltpFR2_eeg.edf,data/ds004395/sub-LTP299/ses-2/eeg/sub-LTP299_ses-2_task-ltpFR2_events.tsv,306640,306890,250,True,
LTP299,2,2,5,WASP,1593,615.338,307669,0,data/ds004395/sub-LTP299/ses-2/eeg/sub-LTP299_ses-2_task-ltpFR2_eeg.edf,data/ds004395/sub-LTP299/ses-2/eeg/sub-LTP299_ses-2_task-ltpFR2_events.tsv,307819,308069,250,True,
LTP299,2,2,6,DANCER,437,617.828,308914,0,data/ds004395/sub-LTP299/ses-2/eeg/sub-LTP299_ses-2_task-ltpFR2_eeg.edf,data/ds004395/sub-LTP299/ses-2/eeg/sub-LTP299_ses-2_task-ltpFR2_events.tsv,309064,309314,250,True,
LTP299,2,2,7,COCKTAIL,338,620.416,310208,0,data/ds004395/sub-LTP299/ses-2/eeg/sub-LTP299_ses-2_task-ltpFR2_eeg.edf,data/ds004395/sub-LTP299/ses-2/eeg/sub-LTP299_ses-2_task-ltpFR2_events.tsv,310358,310608,250,True,
LTP299,2,2,8,SURVEY,1414,622.75,311375,1,data/ds004395/sub-LTP299/ses-2/eeg/sub-LTP299_ses-2_task-ltpFR2_eeg.edf,data/ds004395/sub-LTP299/ses-2/eeg/sub-LTP299_ses-2_task-ltpFR2_events.tsv,311525,311775,250,True,
LTP299,2,2,9,HONEY,713,625.096,312548,0,data/ds004395/sub-LTP299/ses-2/eeg/sub-LTP299_ses-2_task-ltpFR2_eeg.edf,data/ds004395/sub-LTP299/ses-2/eeg/sub-LTP299_ses-2_task-ltpFR2_events.tsv,312698,312948,250,True,
LTP299,2,2,10,BLADE,134,627.678,313839,0,data/ds004395/sub-LTP299/ses-2/eeg/sub-LTP299_ses-2_task-ltpFR2_eeg.edf,data/ds004395/sub-LTP299/ses-2/eeg/sub-LTP299_ses-2_task-ltpFR2_events.tsv,313989,314239,250,True,
LTP299,2,2,11,GREASE,660,630.282,315141,0,data/ds004395/sub-LTP299/ses-2/eeg/sub-LTP299_ses-2_task-ltpFR2_eeg.edf,data/ds004395/sub-LTP299/ses-2/eeg/sub-LTP299_ses-2_task-ltpFR2_events.tsv,315291,315541,250,True,
LTP299,2,2,12,SHIRT,1287,632.968,316484,0,data/ds004395/sub-LTP299/ses-2/eeg/sub-LTP299_ses-2_task-ltpFR2_eeg.edf,data/ds004395/sub-LTP299/ses-2/eeg/sub-LTP299_ses-2_task-ltpFR2_events.tsv,316634,316884,250,True,
LTP299,2,2,13,CASHEW,253,635.376,317688,0,data/ds004395/sub-LTP299/ses-2/eeg/sub-LTP299_ses-2_task-ltpFR2_eeg.edf,data/ds004395/sub-LTP299/ses-2/eeg/sub-LTP299_ses-2_task-ltpFR2_events.tsv,317838,318088,250,True,
LTP299,2,2,14,POPCORN,1104,637.754,318877,0,data/ds004395/sub-LTP299/ses-2/eeg/sub-LTP299_ses-2_task-ltpFR2_eeg.edf,data/ds004395/sub-LTP299/ses-2/eeg/sub-LTP299_ses-2_task-ltpFR2_events.tsv,319027,319277,250,True,
LTP299,2,2,15,FLASK,576,640.164,320082,0,data/ds004395/sub-LTP299/ses-2/eeg/sub-LTP299_ses-2_task-ltpFR2_eeg.edf,data/ds004395/sub-LTP299/ses-2/eeg/sub-LTP299_ses-2_task-ltpFR2_events.tsv,320232,320482,250,True,
LTP299,2,2,16,COIN,343,642.864,321432,1,data/ds004395/sub-LTP299/ses-2/eeg/sub-LTP299_ses-2_task-ltpFR2_eeg.edf,data/ds004395/sub-LTP299/ses-2/eeg/sub-LTP299_ses-2_task-ltpFR2_events.tsv,321582,321832,250,True,
LTP299,2,2,17,SCOTCH,1251,645.404,322702,0,data/ds004395/sub-LTP299/ses-2/eeg/sub-LTP299_ses-2_task-ltpFR2_eeg.edf,data/ds004395/sub-LTP299/ses-2/eeg/sub-LTP299_ses-2_task-ltpFR2_events.tsv,322852,323102,250,True,
LTP299,2,2,18,SPOOL,1356,648.102,324051,1,data/ds004395/sub-LTP299/ses-2/eeg/sub-LTP299_ses-2_task-ltpFR2_eeg.edf,data/ds004395/sub-LTP299/ses-2/eeg/sub-LTP299_ses-2_task-ltpFR2_events.tsv,324201,324451,250,True,
LTP299,2,2,19,YARN,1631,650.768,325384,1,data/ds004395/sub-LTP299/ses-2/eeg/sub-LTP299_ses-2_task-ltpFR2_eeg.edf,data/ds004395/sub-LTP299/ses-2/eeg/sub-LTP299_ses-2_task-ltpFR2_events.tsv,325534,325784,250,True,
LTP299,2,2,20,DIVER,476,653.244,326622,1,data/ds004395/sub-LTP299/ses-2/eeg/sub-LTP299_ses-2_task-ltpFR2_eeg.edf,data/ds004395/sub-LTP299/ses-2/eeg/sub-LTP299_ses-2_task-ltpFR2_events.tsv,326772,327022,250,True,
LTP299,2,2,21,TOMBSTONE,1478,655.718,327859,1,data/ds004395/sub-LTP299/ses-2/eeg/sub-LTP299_ses-2_task-ltpFR2_eeg.edf,data/ds004395/sub-LTP299/ses-2/eeg/sub-LTP299_ses-2_task-ltpFR2_events.tsv,328009,328259,250,True,
LTP299,2,2,22,WIDOW,1608,658.192,329096,1,data/ds004395/sub-LTP299/ses-2/eeg/sub-LTP299_ses-2_task-ltpFR2_eeg.edf,data/ds004395/sub-LTP299/ses-2/eeg/sub-LTP299_ses-2_task-ltpFR2_events.tsv,329246,329496,250,True,
LTP299,2,2,23,ORCHID,982,660.54,330270,0,data/ds004395/sub-LTP299/ses-2/eeg/sub-LTP299_ses-2_task-ltpFR2_eeg.edf,data/ds004395/sub-LTP299/ses-2/eeg/sub-LTP299_ses-2_task-ltpFR2_events.tsv,330420,330670,250,True,
LTP299,2,2,24,SEAFOOD,1260,663.254,331627,1,data/ds004395/sub-LTP299/ses-2/eeg/sub-LTP299_ses-2_task-ltpFR2_eeg.edf,data/ds004395/sub-LTP299/ses-2/eeg/sub-LTP299_ses-2_task-ltpFR2_events.tsv,331777,332027,250,True,
LTP299,2,3,1,PUPIL,1143,776.87,388435,1,data/ds004395/sub-LTP299/ses-2/eeg/sub-LTP299_ses-2_task-ltpFR2_eeg.edf,data/ds004395/sub-LTP299/ses-2/eeg/sub-LTP299_ses-2_task-ltpFR2_events.tsv,388585,388835,250,True,
LTP299,2,3,2,DRUG,501,779.304,389652,1,data/ds004395/sub-LTP299/ses-2/eeg/sub-LTP299_ses-2_task-ltpFR2_eeg.edf,data/ds004395/sub-LTP299/ses-2/eeg/sub-LTP299_ses-2_task-ltpFR2_events.tsv,389802,390052,250,True,
LTP299,2,3,3,BARREL,91,781.996,390998,0,data/ds004395/sub-LTP299/ses-2/eeg/sub-LTP299_ses-2_task-ltpFR2_eeg.edf,data/ds004395/sub-LTP299/ses-2/eeg/sub-LTP299_ses-2_task-ltpFR2_events.tsv,391148,391398,250,True,
LTP299,2,3,4,CAMEL,223,784.558,392279,0,data/ds004395/sub-LTP299/ses-2/eeg/sub-LTP299_ses-2_task-ltpFR2_eeg.edf,data/ds004395/sub-LTP299/ses-2/eeg/sub-LTP299_ses-2_task-ltpFR2_events.tsv,392429,392679,250,True,
LTP299,2,3,5,TWIG,1527,787.106,393553,0,data/ds004395/sub-LTP299/ses-2/eeg/sub-LTP299_ses-2_task-ltpFR2_eeg.edf,data/ds004395/sub-LTP299/ses-2/eeg/sub-LTP299_ses-2_task-ltpFR2_events.tsv,393703,393953,250,True,
LTP299,2,3,6,MAPLE,866,789.708,394854,0,data/ds004395/sub-LTP299/ses-2/eeg/sub-LTP299_ses-2_task-ltpFR2_eeg.edf,data/ds004395/sub-LTP299/ses-2/eeg/sub-LTP299_ses-2_task-ltpFR2_events.tsv,395004,395254,250,True,
LTP299,2,3,7,PUDDLE,1140,792.204,396102,0,data/ds004395/sub-LTP299/ses-2/eeg/sub-LTP299_ses-2_task-ltpFR2_eeg.edf,data/ds004395/sub-LTP299/ses-2/eeg/sub-LTP299_ses-2_task-ltpFR2_events.tsv,396252,396502,250,True,
LTP299,2,3,8,PREACHER,1119,794.818,397409,1,data/ds004395/sub-LTP299/ses-2/eeg/sub-LTP299_ses-2_task-ltpFR2_eeg.edf,data/ds004395/sub-LTP299/ses-2/eeg/sub-LTP299_ses-2_task-ltpFR2_events.tsv,397559,397809,250,True,
LTP299,2,3,9,MOTOR,922,797.374,398687,0,data/ds004395/sub-LTP299/ses-2/eeg/sub-LTP299_ses-2_task-ltpFR2_eeg.edf,data/ds004395/sub-LTP299/ses-2/eeg/sub-LTP299_ses-2_task-ltpFR2_events.tsv,398837,399087,250,True,
LTP299,2,3,10,STREAM,1392,799.958,399979,0,data/ds004395/sub-LTP299/ses-2/eeg/sub-LTP299_ses-2_task-ltpFR2_eeg.edf,data/ds004395/sub-LTP299/ses-2/eeg/sub-LTP299_ses-2_task-ltpFR2_events.tsv,400129,400379,250,True,
LTP299,2,3,11,ROBOT,1200,802.58,401290,1,data/ds004395/sub-LTP299/ses-2/eeg/sub-LTP299_ses-2_task-ltpFR2_eeg.edf,data/ds004395/sub-LTP299/ses-2/eeg/sub-LTP299_ses-2_task-ltpFR2_events.tsv,401440,401690,250,True,
LTP299,2,3,12,TABLE,1426,805.054,402527,0,data/ds004395/sub-LTP299/ses-2/eeg/sub-LTP299_ses-2_task-ltpFR2_eeg.edf,data/ds004395/sub-LTP299/ses-2/eeg/sub-LTP299_ses-2_task-ltpFR2_events.tsv,402677,402927,250,True,
LTP299,2,3,13,OINTMENT,974,807.608,403804,0,data/ds004395/sub-LTP299/ses-2/eeg/sub-LTP299_ses-2_task-ltpFR2_eeg.edf,data/ds004395/sub-LTP299/ses-2/eeg/sub-LTP299_ses-2_task-ltpFR2_events.tsv,403954,404204,250,True,
LTP299,2,3,14,KETCHUP,771,809.948,404974,0,data/ds004395/sub-LTP299/ses-2/eeg/sub-LTP299_ses-2_task-ltpFR2_eeg.edf,data/ds004395/sub-LTP299/ses-2/eeg/sub-LTP299_ses-2_task-ltpFR2_events.tsv,405124,405374,250,True,
LTP299,2,3,15,MUSTARD,935,812.436,406218,0,data/ds004395/sub-LTP299/ses-2/eeg/sub-LTP299_ses-2_task-ltpFR2_eeg.edf,data/ds004395/sub-LTP299/ses-2/eeg/sub-LTP299_ses-2_task-ltpFR2_events.tsv,406368,406618,250,True,
LTP299,2,3,16,RUG,1215,814.912,407456,0,data/ds004395/sub-LTP299/ses-2/eeg/sub-LTP299_ses-2_task-ltpFR2_eeg.edf,data/ds004395/sub-LTP299/ses-2/eeg/sub-LTP299_ses-2_task-ltpFR2_events.tsv,407606,407856,250,True,
LTP299,2,3,17,SILK,1307,817.564,408782,0,data/ds004395/sub-LTP299/ses-2/eeg/sub-LTP299_ses-2_task-ltpFR2_eeg.edf,data/ds004395/sub-LTP299/ses-2/eeg/sub-LTP299_ses-2_task-ltpFR2_events.tsv,408932,409182,250,True,
LTP299,2,3,18,UNCLE,1536,820.23,410115,0,data/ds004395/sub-LTP299/ses-2/eeg/sub-LTP299_ses-2_task-ltpFR2_eeg.edf,data/ds004395/sub-LTP299/ses-2/eeg/sub-LTP299_ses-2_task-ltpFR2_events.tsv,410265,410515,250,True,
LTP299,2,3,19,COUCH,386,822.592,411296,1,data/ds004395/sub-LTP299/ses-2/eeg/sub-LTP299_ses-2_task-ltpFR2_eeg.edf,data/ds004395/sub-LTP299/ses-2/eeg/sub-LTP299_ses-2_task-ltpFR2_events.tsv,411446,411696,250,True,
LTP299,2,3,20,EXPERT,543,825.282,412641,1,data/ds004395/sub-LTP299/ses-2/eeg/sub-LTP299_ses-2_task-ltpFR2_eeg.edf,data/ds004395/sub-LTP299/ses-2/eeg/sub-LTP299_ses-2_task-ltpFR2_events.tsv,412791,413041,250,True,
LTP299,2,3,21,PEACH,1031,827.718,413859,0,data/ds004395/sub-LTP299/ses-2/eeg/sub-LTP299_ses-2_task-ltpFR2_eeg.edf,data/ds004395/sub-LTP299/ses-2/eeg/sub-LTP299_ses-2_task-ltpFR2_events.tsv,414009,414259,250,True,
LTP299,2,3,22,CANYON,235,830.258,415129,0,data/ds004395/sub-LTP299/ses-2/eeg/sub-LTP299_ses-2_task-ltpFR2_eeg.edf,data/ds004395/sub-LTP299/ses-2/eeg/sub-LTP299_ses-2_task-ltpFR2_events.tsv,415279,415529,250,True,
LTP299,2,3,23,GYMNAST,675,832.624,416312,1,data/ds004395/sub-LTP299/ses-2/eeg/sub-LTP299_ses-2_task-ltpFR2_eeg.edf,data/ds004395/sub-LTP299/ses-2/eeg/sub-LTP299_ses-2_task-ltpFR2_events.tsv,416462,416712,250,True,
LTP299,2,3,24,MACHINE,852,835.1,417550,1,data/ds004395/sub-LTP299/ses-2/eeg/sub-LTP299_ses-2_task-ltpFR2_eeg.edf,data/ds004395/sub-LTP299/ses-2/eeg/sub-LTP299_ses-2_task-ltpFR2_events.tsv,417700,417950,250,True,
LTP299,2,4,1,WHISTLE,1606,948.632,474316,1,data/ds004395/sub-LTP299/ses-2/eeg/sub-LTP299_ses-2_task-ltpFR2_eeg.edf,data/ds004395/sub-LTP299/ses-2/eeg/sub-LTP299_ses-2_task-ltpFR2_events.tsv,474466,474716,250,True,
LTP299,2,4,2,GANGSTER,620,951.076,475538,1,data/ds004395/sub-LTP299/ses-2/eeg/sub-LTP299_ses-2_task-ltpFR2_eeg.edf,data/ds004395/sub-LTP299/ses-2/eeg/sub-LTP299_ses-2_task-ltpFR2_events.tsv,475688,475938,250,True,
LTP299,2,4,3,BULLET,194,953.678,476839,1,data/ds004395/sub-LTP299/ses-2/eeg/sub-LTP299_ses-2_task-ltpFR2_eeg.edf,data/ds004395/sub-LTP299/ses-2/eeg/sub-LTP299_ses-2_task-ltpFR2_events.tsv,476989,477239,250,True,
LTP299,2,4,4,RECORD,1176,956.268,478134,0,data/ds004395/sub-LTP299/ses-2/eeg/sub-LTP299_ses-2_task-ltpFR2_eeg.edf,data/ds004395/sub-LTP299/ses-2/eeg/sub-LTP299_ses-2_task-ltpFR2_events.tsv,478284,478534,250,True,
LTP299,2,4,5,PEPPER,1047,958.964,479482,0,data/ds004395/sub-LTP299/ses-2/eeg/sub-LTP299_ses-2_task-ltpFR2_eeg.edf,data/ds004395/sub-LTP299/ses-2/eeg/sub-LTP299_ses-2_task-ltpFR2_events.tsv,479632,479882,250,True,
LTP299,2,4,6,CARRIAGE,248,961.314,480657,1,data/ds004395/sub-LTP299/ses-2/eeg/sub-LTP299_ses-2_task-ltpFR2_eeg.edf,data/ds004395/sub-LTP299/ses-2/eeg/sub-LTP299_ses-2_task-ltpFR2_events.tsv,480807,481057,250,True,
LTP299,2,4,7,FUNGUS,614,963.752,481876,1,data/ds004395/sub-LTP299/ses-2/eeg/sub-LTP299_ses-2_task-ltpFR2_eeg.edf,data/ds004395/sub-LTP299/ses-2/eeg/sub-LTP299_ses-2_task-ltpFR2_events.tsv,482026,482276,250,True,
LTP299,2,4,8,SLIME,1327,966.356,483178,1,data/ds004395/sub-LTP299/ses-2/eeg/sub-LTP299_ses-2_task-ltpFR2_eeg.edf,data/ds004395/sub-LTP299/ses-2/eeg/sub-LTP299_ses-2_task-ltpFR2_events.tsv,483328,483578,250,True,
LTP299,2,4,9,BOYFRIEND,162,968.898,484449,1,data/ds004395/sub-LTP299/ses-2/eeg/sub-LTP299_ses-2_task-ltpFR2_eeg.edf,data/ds004395/sub-LTP299/ses-2/eeg/sub-LTP299_ses-2_task-ltpFR2_events.tsv,484599,484849,250,True,
LTP299,2,4,10,JELLY,755,971.24,485620,1,data/ds004395/sub-LTP299/ses-2/eeg/sub-LTP299_ses-2_task-ltpFR2_eeg.edf,data/ds004395/sub-LTP299/ses-2/eeg/sub-LTP299_ses-2_task-ltpFR2_events.tsv,485770,486020,250,True,
LTP299,2,4,11,SHORTCAKE,1292,973.746,486873,1,data/ds004395/sub-LTP299/ses-2/eeg/sub-LTP299_ses-2_task-ltpFR2_eeg.edf,data/ds004395/sub-LTP299/ses-2/eeg/sub-LTP299_ses-2_task-ltpFR2_events.tsv,487023,487273,250,True,
LTP299,2,4,12,TROUT,1511,976.108,488054,1,data/ds004395/sub-LTP299/ses-2/eeg/sub-LTP299_ses-2_task-ltpFR2_eeg.edf,data/ds004395/sub-LTP299/ses-2/eeg/sub-LTP299_ses-2_task-ltpFR2_events.tsv,488204,488454,250,True,
LTP299,2,4,13,MARKER,870,978.732,489366,0,data/ds004395/sub-LTP299/ses-2/eeg/sub-LTP299_ses-2_task-ltpFR2_eeg.edf,data/ds004395/sub-LTP299/ses-2/eeg/sub-LTP299_ses-2_task-ltpFR2_events.tsv,489516,489766,250,True,
LTP299,2,4,14,WINDOW,1611,981.346,490673,0,data/ds004395/sub-LTP299/ses-2/eeg/sub-LTP299_ses-2_task-ltpFR2_eeg.edf,data/ds004395/sub-LTP299/ses-2/eeg/sub-LTP299_ses-2_task-ltpFR2_events.tsv,490823,491073,250,True,
LTP299,2,4,15,POET,1095,983.97,491985,0,data/ds004395/sub-LTP299/ses-2/eeg/sub-LTP299_ses-2_task-ltpFR2_eeg.edf,data/ds004395/sub-LTP299/ses-2/eeg/sub-LTP299_ses-2_task-ltpFR2_events.tsv,492135,492385,250,True,
LTP299,2,4,16,SLUG,1329,986.49,493245,1,data/ds004395/sub-LTP299/ses-2/eeg/sub-LTP299_ses-2_task-ltpFR2_eeg.edf,data/ds004395/sub-LTP299/ses-2/eeg/sub-LTP299_ses-2_task-ltpFR2_events.tsv,493395,493645,250,True,
LTP299,2,4,17,HORSE,719,989.156,494578,1,data/ds004395/sub-LTP299/ses-2/eeg/sub-LTP299_ses-2_task-ltpFR2_eeg.edf,data/ds004395/sub-LTP299/ses-2/eeg/sub-LTP299_ses-2_task-ltpFR2_events.tsv,494728,494978,250,True,
LTP299,2,4,18,CRAB,397,991.726,495863,1,data/ds004395/sub-LTP299/ses-2/eeg/sub-LTP299_ses-2_task-ltpFR2_eeg.edf,data/ds004395/sub-LTP299/ses-2/eeg/sub-LTP299_ses-2_task-ltpFR2_events.tsv,496013,496263,250,True,
LTP299,2,4,19,JUGGLER,763,994.186,497093,0,data/ds004395/sub-LTP299/ses-2/eeg/sub-LTP299_ses-2_task-ltpFR2_eeg.edf,data/ds004395/sub-LTP299/ses-2/eeg/sub-LTP299_ses-2_task-ltpFR2_events.tsv,497243,497493,250,True,
LTP299,2,4,20,BUGGY,188,996.61,498305,1,data/ds004395/sub-LTP299/ses-2/eeg/sub-LTP299_ses-2_task-ltpFR2_eeg.edf,data/ds004395/sub-LTP299/ses-2/eeg/sub-LTP299_ses-2_task-ltpFR2_events.tsv,498455,498705,250,True,
LTP299,2,4,21,AIRPLANE,12,999.166,499583,1,data/ds004395/sub-LTP299/ses-2/eeg/sub-LTP299_ses-2_task-ltpFR2_eeg.edf,data/ds004395/sub-LTP299/ses-2/eeg/sub-LTP299_ses-2_task-ltpFR2_events.tsv,499733,499983,250,True,
LTP299,2,4,22,VALLEY,1545,1001.848,500924,1,data/ds004395/sub-LTP299/ses-2/eeg/sub-LTP299_ses-2_task-ltpFR2_eeg.edf,data/ds004395/sub-LTP299/ses-2/eeg/sub-LTP299_ses-2_task-ltpFR2_events.tsv,501074,501324,250,True,
LTP299,2,4,23,SEAGULL,1261,1004.226,502113,1,data/ds004395/sub-LTP299/ses-2/eeg/sub-LTP299_ses-2_task-ltpFR2_eeg.edf,data/ds004395/sub-LTP299/ses-2/eeg/sub-LTP299_ses-2_task-ltpFR2_events.tsv,502263,502513,250,True,
LTP299,2,4,24,BRANCH,168,1006.604,503302,1,data/ds004395/sub-LTP299/ses-2/eeg/sub-LTP299_ses-2_task-ltpFR2_eeg.edf,data/ds004395/sub-LTP299/ses-2/eeg/sub-LTP299_ses-2_task-ltpFR2_events.tsv,503452,503702,250,True,
LTP299,2,5,1,LONDON,843,1120.22,560110,0,data/ds004395/sub-LTP299/ses-2/eeg/sub-LTP299_ses-2_task-ltpFR2_eeg.edf,data/ds004395/sub-LTP299/ses-2/eeg/sub-LTP299_ses-2_task-ltpFR2_events.tsv,560260,560510,250,True,
LTP299,2,5,2,PLAYGROUND,1087,1122.66,561330,0,data/ds004395/sub-LTP299/ses-2/eeg/sub-LTP299_ses-2_task-ltpFR2_eeg.edf,data/ds004395/sub-LTP299/ses-2/eeg/sub-LTP299_ses-2_task-ltpFR2_events.tsv,561480,561730,250,True,
LTP299,2,5,3,FLASHLIGHT,575,1125.038,562519,1,data/ds004395/sub-LTP299/ses-2/eeg/sub-LTP299_ses-2_task-ltpFR2_eeg.edf,data/ds004395/sub-LTP299/ses-2/eeg/sub-LTP299_ses-2_task-ltpFR2_events.tsv,562669,562919,250,True,
LTP299,2,5,4,DRILL,497,1127.624,563812,1,data/ds004395/sub-LTP299/ses-2/eeg/sub-LTP299_ses-2_task-ltpFR2_eeg.edf,data/ds004395/sub-LTP299/ses-2/eeg/sub-LTP299_ses-2_task-ltpFR2_events.tsv,563962,564212,250,True,
LTP299,2,5,5,DAUGHTER,442,1130.148,565074,0,data/ds004395/sub-LTP299/ses-2/eeg/sub-LTP299_ses-2_task-ltpFR2_eeg.edf,data/ds004395/sub-LTP299/ses-2/eeg/sub-LTP299_ses-2_task-ltpFR2_events.tsv,565224,565474,250,True,
LTP299,2,5,6,RABBIT,1152,1132.752,566376,1,data/ds004395/sub-LTP299/ses-2/eeg/sub-LTP299_ses-2_task-ltpFR2_eeg.edf,data/ds004395/sub-LTP299/ses-2/eeg/sub-LTP299_ses-2_task-ltpFR2_events.tsv,566526,566776,250,True,
LTP299,2,5,7,COURSE,390,1135.418,567709,1,data/ds004395/sub-LTP299/ses-2/eeg/sub-LTP299_ses-2_task-ltpFR2_eeg.edf,data/ds004395/sub-LTP299/ses-2/eeg/sub-LTP299_ses-2_task-ltpFR2_events.tsv,567859,568109,250,True,
LTP299,2,5,8,BINDER,127,1137.876,568938,0,data/ds004395/sub-LTP299/ses-2/eeg/sub-LTP299_ses-2_task-ltpFR2_eeg.edf,data/ds004395/sub-LTP299/ses-2/eeg/sub-LTP299_ses-2_task-ltpFR2_events.tsv,569088,569338,250,True,
LTP299,2,5,9,POSTAGE,1113,1140.432,570216,0,data/ds004395/sub-LTP299/ses-2/eeg/sub-LTP299_ses-2_task-ltpFR2_eeg.edf,data/ds004395/sub-LTP299/ses-2/eeg/sub-LTP299_ses-2_task-ltpFR2_events.tsv,570366,570616,250,True,
LTP299,2,5,10,LAMP,798,1143.05,571525,0,data/ds004395/sub-LTP299/ses-2/eeg/sub-LTP299_ses-2_task-ltpFR2_eeg.edf,data/ds004395/sub-LTP299/ses-2/eeg/sub-LTP299_ses-2_task-ltpFR2_events.tsv,571675,571925,250,True,
LTP299,2,5,11,NIGHTGOWN,953,1145.684,572842,1,data/ds004395/sub-LTP299/ses-2/eeg/sub-LTP299_ses-2_task-ltpFR2_eeg.edf,data/ds004395/sub-LTP299/ses-2/eeg/sub-LTP299_ses-2_task-ltpFR2_events.tsv,572992,573242,250,True,
LTP299,2,5,12,SLOPE,1328,1148.128,574064,0,data/ds004395/sub-LTP299/ses-2/eeg/sub-LTP299_ses-2_task-ltpFR2_eeg.edf,data/ds004395/sub-LTP299/ses-2/eeg/sub-LTP299_ses-2_task-ltpFR2_events.tsv,574214,574464,250,True,
LTP299,2,5,13,DASHBOARD,441,1150.618,575309,1,data/ds004395/sub-LTP299/ses-2/eeg/sub-LTP299_ses-2_task-ltpFR2_eeg.edf,data/ds004395/sub-LTP299/ses-2/eeg/sub-LTP299_ses-2_task-ltpFR2_events.tsv,575459,575709,250,True,
LTP299,2,5,14,MOTEL,919,1153.19,576595,1,data/ds004395/sub-LTP299/ses-2/eeg/sub-LTP299_ses-2_task-ltpFR2_eeg.edf,data/ds004395/sub-LTP299/ses-2/eeg/sub-LTP299_ses-2_task-ltpFR2_events.tsv,576745,576995,250,True,
LTP299,2,5,15,DENTIST,447,1155.906,577953,1,data/ds004395/sub-LTP299/ses-2/eeg/sub-LTP299_ses-2_task-ltpFR2_eeg.edf,data/ds004395/sub-LTP299/ses-2/eeg/sub-LTP299_ses-2_task-ltpFR2_events.tsv,578103,578353,250,True,
LTP299,2,5,16,SCULPTURE,1258,1158.556,579278,1,data/ds004395/sub-LTP299/ses-2/eeg/sub-LTP299_ses-2_task-ltpFR2_eeg.edf,data/ds004395/sub-LTP299/ses-2/eeg/sub-LTP299_ses-2_task-ltpFR2_events.tsv,579428,579678,250,True,
LTP299,2,5,17,TUNNEL,1519,1160.996,580498,1,data/ds004395/sub-LTP299/ses-2/eeg/sub-LTP299_ses-2_task-ltpFR2_eeg.edf,data/ds004395/sub-LTP299/ses-2/eeg/sub-LTP299_ses-2_task-ltpFR2_events.tsv,580648,580898,250,True,
LTP299,2,5,18,SIBLING,1301,1163.634,581817,1,data/ds004395/sub-LTP299/ses-2/eeg/sub-LTP299_ses-2_task-ltpFR2_eeg.edf,data/ds004395/sub-LTP299/ses-2/eeg/sub-LTP299_ses-2_task-ltpFR2_events.tsv,581967,582217,250,True,
LTP299,2,5,19,PLIERS,1089,1166.188,583094,0,data/ds004395/sub-LTP299/ses-2/eeg/sub-LTP299_ses-2_task-ltpFR2_eeg.edf,data/ds004395/sub-LTP299/ses-2/eeg/sub-LTP299_ses-2_task-ltpFR2_events.tsv,583244,583494,250,True,
LTP299,2,5,20,AWARD,63,1168.712,584356,1,data/ds004395/sub-LTP299/ses-2/eeg/sub-LTP299_ses-2_task-ltpFR2_eeg.edf,data/ds004395/sub-LTP299/ses-2/eeg/sub-LTP299_ses-2_task-ltpFR2_events.tsv,584506,584756,250,True,
LTP299,2,5,21,MEDAL,885,1171.138,585569,1,data/ds004395/sub-LTP299/ses-2/eeg/sub-LTP299_ses-2_task-ltpFR2_eeg.edf,data/ds004395/sub-LTP299/ses-2/eeg/sub-LTP299_ses-2_task-ltpFR2_events.tsv,585719,585969,250,True,
LTP299,2,5,22,BASEMENT,94,1173.612,586806,1,data/ds004395/sub-LTP299/ses-2/eeg/sub-LTP299_ses-2_task-ltpFR2_eeg.edf,data/ds004395/sub-LTP299/ses-2/eeg/sub-LTP299_ses-2_task-ltpFR2_events.tsv,586956,587206,250,True,
LTP299,2,5,23,CELLAR,267,1176.166,588083,1,data/ds004395/sub-LTP299/ses-2/eeg/sub-LTP299_ses-2_task-ltpFR2_eeg.edf,data/ds004395/sub-LTP299/ses-2/eeg/sub-LTP299_ses-2_task-ltpFR2_events.tsv,588233,588483,250,True,
LTP299,2,5,24,SERVANT,1271,1178.688,589344,0,data/ds004395/sub-LTP299/ses-2/eeg/sub-LTP299_ses-2_task-ltpFR2_eeg.edf,data/ds004395/sub-LTP299/ses-2/eeg/sub-LTP299_ses-2_task-ltpFR2_events.tsv,589494,589744,250,True,
LTP299,2,6,1,PUPPY,1144,1316.438,658219,1,data/ds004395/sub-LTP299/ses-2/eeg/sub-LTP299_ses-2_task-ltpFR2_eeg.edf,data/ds004395/sub-LTP299/ses-2/eeg/sub-LTP299_ses-2_task-ltpFR2_events.tsv,658369,658619,250,True,
LTP299,2,6,2,BOUQUET,157,1318.876,659438,0,data/ds004395/sub-LTP299/ses-2/eeg/sub-LTP299_ses-2_task-ltpFR2_eeg.edf,data/ds004395/sub-LTP299/ses-2/eeg/sub-LTP299_ses-2_task-ltpFR2_events.tsv,659588,659838,250,True,
LTP299,2,6,3,KNIFE,785,1321.542,660771,1,data/ds004395/sub-LTP299/ses-2/eeg/sub-LTP299_ses-2_task-ltpFR2_eeg.edf,data/ds004395/sub-LTP299/ses-2/eeg/sub-LTP299_ses-2_task-ltpFR2_events.tsv,660921,661171,250,True,
LTP299,2,6,4,STOVE,1388,1323.952,661976,1,data/ds004395/sub-LTP299/ses-2/eeg/sub-LTP299_ses-2_task-ltpFR2_eeg.edf,data/ds004395/sub-LTP299/ses-2/eeg/sub-LTP299_ses-2_task-ltpFR2_events.tsv,662126,662376,250,True,
LTP299,2,6,5,SKILLET,1317,1326.428,663214,1,data/ds004395/sub-LTP299/ses-2/eeg/sub-LTP299_ses-2_task-ltpFR2_eeg.edf,data/ds004395/sub-LTP299/ses-2/eeg/sub-LTP299_ses-2_task-ltpFR2_events.tsv,663364,663614,250,True,
LTP299,2,6,6,SNACK,1331,1329.128,664564,0,data/ds004395/sub-LTP299/ses-2/eeg/sub-LTP299_ses-2_task-ltpFR2_eeg.edf,data/ds004395/sub-LTP299/ses-2/eeg/sub-LTP299_ses-2_task-ltpFR2_events.tsv,664714,664964,250,True,
LTP299,2,6,7,BLOCKADE,137,1331.782,665891,1,data/ds004395/sub-LTP299/ses-2/eeg/sub-LTP299_ses-2_task-ltpFR2_eeg.edf,data/ds004395/sub-LTP299/ses-2/eeg/sub-LTP299_ses-2_task-ltpFR2_events.tsv,666041,666291,250,True,
LTP299,2,6,8,VALVE,1546,1334.206,667103,0,data/ds004395/sub-LTP299/ses-2/eeg/sub-LTP299_ses-2_task-ltpFR2_eeg.edf,data/ds004395/sub-LTP299/ses-2/eeg/sub-LTP299_ses-2_task-ltpFR2_events.tsv,667253,667503,250,True,
LTP299,2,6,9,CRUTCH,417,1336.712,668356,0,data/ds004395/sub-LTP299/ses-2/eeg/sub-LTP299_ses-2_task-ltpFR2_eeg.edf,data/ds004395/sub-LTP299/ses-2/eeg/sub-LTP299_ses-2_task-ltpFR2_events.tsv,668506,668756,250,True,
LTP299,2,6,10,SWORD,1423,1339.378,669689,1,data/ds004395/sub-LTP299/ses-2/eeg/sub-LTP299_ses-2_task-ltpFR2_eeg.edf,data/ds004395/sub-LTP299/ses-2/eeg/sub-LTP299_ses-2_task-ltpFR2_events.tsv,669839,670089,250,True,
LTP299,2,6,11,DIME,466,1342.094,671047,0,data/ds004395/sub-LTP299/ses-2/eeg/sub-LTP299_ses-2_task-ltpFR2_eeg.edf,data/ds004395/sub-LTP299/ses-2/eeg/sub-LTP299_ses-2_task-ltpFR2_events.tsv,671197,671447,250,True,
LTP299,2,6,12,TREAT,1501,1344.714,672357,1,data/ds004395/sub-LTP299/ses-2/eeg/sub-LTP299_ses-2_task-ltpFR2_eeg.edf,data/ds004395/sub-LTP299/ses-2/eeg/sub-LTP299_ses-2_task-ltpFR2_events.tsv,672507,672757,250,True,
LTP299,2,6,13,MASK,876,1347.172,673586,0,data/ds004395/sub-LTP299/ses-2/eeg/sub-LTP299_ses-2_task-ltpFR2_eeg.edf,data/ds004395/sub-LTP299/ses-2/eeg/sub-LTP299_ses-2_task-ltpFR2_events.tsv,673736,673986,250,True,
LTP299,2,6,14,MATTRESS,879,1349.806,674903,0,data/ds004395/sub-LTP299/ses-2/eeg/sub-LTP299_ses-2_task-ltpFR2_eeg.edf,data/ds004395/sub-LTP299/ses-2/eeg/sub-LTP299_ses-2_task-ltpFR2_events.tsv,675053,675303,250,True,
LTP299,2,6,15,LOFT,840,1352.234,676117,0,data/ds004395/sub-LTP299/ses-2/eeg/sub-LTP299_ses-2_task-ltpFR2_eeg.edf,data/ds004395/sub-LTP299/ses-2/eeg/sub-LTP299_ses-2_task-ltpFR2_events.tsv,676267,676517,250,True,
LTP299,2,6,16,CLOCK,325,1354.948,677474,0,data/ds004395/sub-LTP299/ses-2/eeg/sub-LTP299_ses-2_task-ltpFR2_eeg.edf,data/ds004395/sub-LTP299/ses-2/eeg/sub-LTP299_ses-2_task-ltpFR2_events.tsv,677624,677874,250,True,
LTP299,2,6,17,PATIENT,1024,1357.408,678704,0,data/ds004395/sub-LTP299/ses-2/eeg/sub-LTP299_ses-2_task-ltpFR2_eeg.edf,data/ds004395/sub-LTP299/ses-2/eeg/sub-LTP299_ses-2_task-ltpFR2_events.tsv,678854,679104,250,True,
LTP299,2,6,18,BRAKE,166,1359.866,679933,0,data/ds004395/sub-LTP299/ses-2/eeg/sub-LTP299_ses-2_task-ltpFR2_eeg.edf,data/ds004395/sub-LTP299/ses-2/eeg/sub-LTP299_ses-2_task-ltpFR2_events.tsv,680083,680333,250,True,
LTP299,2,6,19,DENIM,446,1362.39,681195,1,data/ds004395/sub-LTP299/ses-2/eeg/sub-LTP299_ses-2_task-ltpFR2_eeg.edf,data/ds004395/sub-LTP299/ses-2/eeg/sub-LTP299_ses-2_task-ltpFR2_events.tsv,681345,681595,250,True,
LTP299,2,6,20,CANDY,230,1364.96,682480,1,data/ds004395/sub-LTP299/ses-2/eeg/sub-LTP299_ses-2_task-ltpFR2_eeg.edf,data/ds004395/sub-LTP299/ses-2/eeg/sub-LTP299_ses-2_task-ltpFR2_events.tsv,682630,682880,250,True,
LTP299,2,6,21,SALT,1229,1367.306,683653,0,data/ds004395/sub-LTP299/ses-2/eeg/sub-LTP299_ses-2_task-ltpFR2_eeg.edf,data/ds004395/sub-LTP299/ses-2/eeg/sub-LTP299_ses-2_task-ltpFR2_events.tsv,683803,684053,250,True,
LTP299,2,6,22,PIMPLE,1071,1369.958,684979,0,data/ds004395/sub-LTP299/ses-2/eeg/sub-LTP299_ses-2_task-ltpFR2_eeg.edf,data/ds004395/sub-LTP299/ses-2/eeg/sub-LTP299_ses-2_task-ltpFR2_events.tsv,685129,685379,250,True,
LTP299,2,6,23,CLAMP,316,1372.432,686216,0,data/ds004395/sub-LTP299/ses-2/eeg/sub-LTP299_ses-2_task-ltpFR2_eeg.edf,data/ds004395/sub-LTP299/ses-2/eeg/sub-LTP299_ses-2_task-ltpFR2_events.tsv,686366,686616,250,True,
LTP299,2,6,24,SODA,1341,1374.842,687421,1,data/ds004395/sub-LTP299/ses-2/eeg/sub-LTP299_ses-2_task-ltpFR2_eeg.edf,data/ds004395/sub-LTP299/ses-2/eeg/sub-LTP299_ses-2_task-ltpFR2_events.tsv,687571,687821,250,True,
LTP299,2,7,1,SHELTER,1282,1512.52,756260,0,data/ds004395/sub-LTP299/ses-2/eeg/sub-LTP299_ses-2_task-ltpFR2_eeg.edf,data/ds004395/sub-LTP299/ses-2/eeg/sub-LTP299_ses-2_task-ltpFR2_events.tsv,756410,756660,250,True,
LTP299,2,7,2,PIANO,1057,1514.872,757436,0,data/ds004395/sub-LTP299/ses-2/eeg/sub-LTP299_ses-2_task-ltpFR2_eeg.edf,data/ds004395/sub-LTP299/ses-2/eeg/sub-LTP299_ses-2_task-ltpFR2_events.tsv,757586,757836,250,True,
LTP299,2,7,3,PILOT,1070,1517.212,758606,1,data/ds004395/sub-LTP299/ses-2/eeg/sub-LTP299_ses-2_task-ltpFR2_eeg.edf,data/ds004395/sub-LTP299/ses-2/eeg/sub-LTP299_ses-2_task-ltpFR2_events.tsv,758756,759006,250,True,
LTP299,2,7,4,PENGUIN,1044,1519.692,759846,1,data/ds004395/sub-LTP299/ses-2/eeg/sub-LTP299_ses-2_task-ltpFR2_eeg.edf,data/ds004395/sub-LTP299/ses-2/eeg/sub-LTP299_ses-2_task-ltpFR2_events.tsv,759996,760246,250,True,
LTP299,2,7,5,SOFTBALL,1343,1522.2,761100,0,data/ds004395/sub-LTP299/ses-2/eeg/sub-LTP299_ses-2_task-ltpFR2_eeg.edf,data/ds004395/sub-LTP299/ses-2/eeg/sub-LTP299_ses-2_task-ltpFR2_events.tsv,761250,761500,250,True,
LTP299,2,7,6,CATCHER,258,1524.898,762449,0,data/ds004395/sub-LTP299/ses-2/eeg/sub-LTP299_ses-2_task-ltpFR2_eeg.edf,data/ds004395/sub-LTP299/ses-2/eeg/sub-LTP299_ses-2_task-ltpFR2_events.tsv,762599,762849,250,True,
LTP299,2,7,7,SPONGE,1355,1527.582,763791,0,data/ds004395/sub-LTP299/ses-2/eeg/sub-LTP299_ses-2_task-ltpFR2_eeg.edf,data/ds004395/sub-LTP299/ses-2/eeg/sub-LTP299_ses-2_task-ltpFR2_events.tsv,763941,764191,250,True,
LTP299,2,7,8,GHETTO,633,1530.292,765146,0,data/ds004395/sub-LTP299/ses-2/eeg/sub-LTP299_ses-2_task-ltpFR2_eeg.edf,data/ds004395/sub-LTP299/ses-2/eeg/sub-LTP299_ses-2_task-ltpFR2_events.tsv,765296,765546,250,True,
LTP299,2,7,9,STAKE,1368,1532.862,766431,0,data/ds004395/sub-LTP299/ses-2/eeg/sub-LTP299_ses-2_task-ltpFR2_eeg.edf,data/ds004395/sub-LTP299/ses-2/eeg/sub-LTP299_ses-2_task-ltpFR2_events.tsv,766581,766831,250,True,
LTP299,2,7,10,SNAIL,1332,1535.466,767733,1,data/ds004395/sub-LTP299/ses-2/eeg/sub-LTP299_ses-2_task-ltpFR2_eeg.edf,data/ds004395/sub-LTP299/ses-2/eeg/sub-LTP299_ses-2_task-ltpFR2_events.tsv,767883,768133,250,True,
LTP299,2,7,11,PICTURE,1061,1538.1,769050,0,data/ds004395/sub-LTP299/ses-2/eeg/sub-LTP299_ses-2_task-ltpFR2_eeg.edf,data/ds004395/sub-LTP299/ses-2/eeg/sub-LTP299_ses-2_task-ltpFR2_events.tsv,769200,769450,250,True,
LTP299,2,7,12,BATHTUB,100,1540.606,770303,0,data/ds004395/sub-LTP299/ses-2/eeg/sub-LTP299_ses-2_task-ltpFR2_eeg.edf,data/ds004395/sub-LTP299/ses-2/eeg/sub-LTP299_ses-2_task-ltpFR2_events.tsv,770453,770703,250,True,
LTP299,2,7,13,AGENT,10,1543.178,771589,0,data/ds004395/sub-LTP299/ses-2/eeg/sub-LTP299_ses-2_task-ltpFR2_eeg.edf,data/ds004395/sub-LTP299/ses-2/eeg/sub-LTP299_ses-2_task-ltpFR2_events.tsv,771739,771989,250,True,
LTP299,2,7,14,SKETCH,1315,1545.766,772883,0,data/ds004395/sub-LTP299/ses-2/eeg/sub-LTP299_ses-2_task-ltpFR2_eeg.edf,data/ds004395/sub-LTP299/ses-2/eeg/sub-LTP299_ses-2_task-ltpFR2_events.tsv,773033,773283,250,True,
LTP299,2,7,15,KIDNEY,776,1548.208,774104,0,data/ds004395/sub-LTP299/ses-2/eeg/sub-LTP299_ses-2_task-ltpFR2_eeg.edf,data/ds004395/sub-LTP299/ses-2/eeg/sub-LTP299_ses-2_task-ltpFR2_events.tsv,774254,774504,250,True,
LTP299,2,7,16,KEEPER,769,1550.844,775422,0,data/ds004395/sub-LTP299/ses-2/eeg/sub-LTP299_ses-2_task-ltpFR2_eeg.edf,data/ds004395/sub-LTP299/ses-2/eeg/sub-LTP299_ses-2_task-ltpFR2_events.tsv,775572,775822,250,True,
LTP299,2,7,17,ANKLE,24,1553.446,776723,0,data/ds004395/sub-LTP299/ses-2/eeg/sub-LTP299_ses-2_task-ltpFR2_eeg.edf,data/ds004395/sub-LTP299/ses-2/eeg/sub-LTP299_ses-2_task-ltpFR2_events.tsv,776873,777123,250,True,
LTP299,2,7,18,LEG,809,1555.904,777952,0,data/ds004395/sub-LTP299/ses-2/eeg/sub-LTP299_ses-2_task-ltpFR2_eeg.edf,data/ds004395/sub-LTP299/ses-2/eeg/sub-LTP299_ses-2_task-ltpFR2_events.tsv,778102,778352,250,True,
LTP299,2,7,19,VENUS,1557,1558.608,779304,1,data/ds004395/sub-LTP299/ses-2/eeg/sub-LTP299_ses-2_task-ltpFR2_eeg.edf,data/ds004395/sub-LTP299/ses-2/eeg/sub-LTP299_ses-2_task-ltpFR2_events.tsv,779454,779704,250,True,
LTP299,2,7,20,DORM,488,1561.176,780588,0,data/ds004395/sub-LTP299/ses-2/eeg/sub-LTP299_ses-2_task-ltpFR2_eeg.edf,data/ds004395/sub-LTP299/ses-2/eeg/sub-LTP299_ses-2_task-ltpFR2_events.tsv,780738,780988,250,True,
LTP299,2,7,21,CRICKET,408,1563.858,781929,1,data/ds004395/sub-LTP299/ses-2/eeg/sub-LTP299_ses-2_task-ltpFR2_eeg.edf,data/ds004395/sub-LTP299/ses-2/eeg/sub-LTP299_ses-2_task-ltpFR2_events.tsv,782079,782329,250,True,
LTP299,2,7,22,CREATURE,403,1566.446,783223,1,data/ds004395/sub-LTP299/ses-2/eeg/sub-LTP299_ses-2_task-ltpFR2_eeg.edf,data/ds004395/sub-LTP299/ses-2/eeg/sub-LTP299_ses-2_task-ltpFR2_events.tsv,783373,783623,250,True,
LTP299,2,7,23,LABEL,790,1569.114,784557,0,data/ds004395/sub-LTP299/ses-2/eeg/sub-LTP299_ses-2_task-ltpFR2_eeg.edf,data/ds004395/sub-LTP299/ses-2/eeg/sub-LTP299_ses-2_task-ltpFR2_events.tsv,784707,784957,250,True,
LTP299,2,7,24,PLUTO,1092,1571.796,785898,1,data/ds004395/sub-LTP299/ses-2/eeg/sub-LTP299_ses-2_task-ltpFR2_eeg.edf,data/ds004395/sub-LTP299/ses-2/eeg/sub-LTP299_ses-2_task-ltpFR2_events.tsv,786048,786298,250,True,
LTP299,2,8,1,MARSH,874,1685.446,842723,1,data/ds004395/sub-LTP299/ses-2/eeg/sub-LTP299_ses-2_task-ltpFR2_eeg.edf,data/ds004395/sub-LTP299/ses-2/eeg/sub-LTP299_ses-2_task-ltpFR2_events.tsv,842873,843123,250,True,
LTP299,2,8,2,SHERIFF,1284,1688.112,844056,0,data/ds004395/sub-LTP299/ses-2/eeg/sub-LTP299_ses-2_task-ltpFR2_eeg.edf,data/ds004395/sub-LTP299/ses-2/eeg/sub-LTP299_ses-2_task-ltpFR2_events.tsv,844206,844456,250,True,
LTP299,2,8,3,CASHIER,254,1690.492,845246,0,data/ds004395/sub-LTP299/ses-2/eeg/sub-LTP299_ses-2_task-ltpFR2_eeg.edf,data/ds004395/sub-LTP299/ses-2/eeg/sub-LTP299_ses-2_task-ltpFR2_events.tsv,845396,845646,250,True,
LTP299,2,8,4,PACKAGE,997,1692.852,846426,0,data/ds004395/sub-LTP299/ses-2/eeg/sub-LTP299_ses-2_task-ltpFR2_eeg.edf,data/ds004395/sub-LTP299/ses-2/eeg/sub-LTP299_ses-2_task-ltpFR2_events.tsv,846576,846826,250,True,
LTP299,2,8,5,SEAL,1262,1695.506,847753,1,data/ds004395/sub-LTP299/ses-2/eeg/sub-LTP299_ses-2_task-ltpFR2_eeg.edf,data/ds004395/sub-LTP299/ses-2/eeg/sub-LTP299_ses-2_task-ltpFR2_events.tsv,847903,848153,250,True,
LTP299,2,8,6,BLACKBOARD,133,1697.98,848990,1,data/ds004395/sub-LTP299/ses-2/eeg/sub-LTP299_ses-2_task-ltpFR2_eeg.edf,data/ds004395/sub-LTP299/ses-2/eeg/sub-LTP299_ses-2_task-ltpFR2_events.tsv,849140,849390,250,True,
LTP299,2,8,7,FEMALE,559,1700.582,850291,1,data/ds004395/sub-LTP299/ses-2/eeg/sub-LTP299_ses-2_task-ltpFR2_eeg.edf,data/ds004395/sub-LTP299/ses-2/eeg/sub-LTP299_ses-2_task-ltpFR2_events.tsv,850441,850691,250,True,
LTP299,2,8,8,WOMAN,1620,1702.992,851496,0,data/ds004395/sub-LTP299/ses-2/eeg/sub-LTP299_ses-2_task-ltpFR2_eeg.edf,data/ds004395/sub-LTP299/ses-2/eeg/sub-LTP299_ses-2_task-ltpFR2_events.tsv,851646,851896,250,True,
LTP299,2,8,9,MONEY,908,1705.418,852709,1,data/ds004395/sub-LTP299/ses-2/eeg/sub-LTP299_ses-2_task-ltpFR2_eeg.edf,data/ds004395/sub-LTP299/ses-2/eeg/sub-LTP299_ses-2_task-ltpFR2_events.tsv,852859,853109,250,True,
LTP299,2,8,10,WAITER,1580,1707.99,853995,0,data/ds004395/sub-LTP299/ses-2/eeg/sub-LTP299_ses-2_task-ltpFR2_eeg.edf,data/ds004395/sub-LTP299/ses-2/eeg/sub-LTP299_ses-2_task-ltpFR2_events.tsv,854145,854395,250,True,
LTP299,2,8,11,LASER,801,1710.646,855323,0,data/ds004395/sub-LTP299/ses-2/eeg/sub-LTP299_ses-2_task-ltpFR2_eeg.edf,data/ds004395/sub-LTP299/ses-2/eeg/sub-LTP299_ses-2_task-ltpFR2_events.tsv,855473,855723,250,True,
LTP299,2,8,12,PEBBLE,1035,1713.162,856581,1,data/ds004395/sub-LTP299/ses-2/eeg/sub-LTP299_ses-2_task-ltpFR2_eeg.edf,data/ds004395/sub-LTP299/ses-2/eeg/sub-LTP299_ses-2_task-ltpFR2_events.tsv,856731,856981,250,True,
LTP299,2,8,13,HARP,689,1715.684,857842,0,data/ds004395/sub-LTP299/ses-2/eeg/sub-LTP299_ses-2_task-ltpFR2_eeg.edf,data/ds004395/sub-LTP299/ses-2/eeg/sub-LTP299_ses-2_task-ltpFR2_events.tsv,857992,858242,250,True,
LTP299,2,8,14,LEOPARD,812,1718.176,859088,1,data/ds004395/sub-LTP299/ses-2/eeg/sub-LTP299_ses-2_task-ltpFR2_eeg.edf,data/ds004395/sub-LTP299/ses-2/eeg/sub-LTP299_ses-2_task-ltpFR2_events.tsv,859238,859488,250,True,
LTP299,2,8,15,SLIDE,1326,1720.876,860438,1,data/ds004395/sub-LTP299/ses-2/eeg/sub-LTP299_ses-2_task-ltpFR2_eeg.edf,data/ds004395/sub-LTP299/ses-2/eeg/sub-LTP299_ses-2_task-ltpFR2_events.tsv,860588,860838,250,True,
LTP299,2,8,16,ATLAS,53,1723.406,861703,1,data/ds004395/sub-LTP299/ses-2/eeg/sub-LTP299_ses-2_task-ltpFR2_eeg.edf,data/ds004395/sub-LTP299/ses-2/eeg/sub-LTP299_ses-2_task-ltpFR2_events.tsv,861853,862103,250,True,
LTP299,2,8,17,RAZOR,1171,1726.082,863041,0,data/ds004395/sub-LTP299/ses-2/eeg/sub-LTP299_ses-2_task-ltpFR2_eeg.edf,data/ds004395/sub-LTP299/ses-2/eeg/sub-LTP299_ses-2_task-ltpFR2_events.tsv,863191,863441,250,True,
LTP299,2,8,18,LAGOON,795,1728.538,864269,1,data/ds004395/sub-LTP299/ses-2/eeg/sub-LTP299_ses-2_task-ltpFR2_eeg.edf,data/ds004395/sub-LTP299/ses-2/eeg/sub-LTP299_ses-2_task-ltpFR2_events.tsv,864419,864669,250,True,
LTP299,2,8,19,WASHER,1592,1730.886,865443,1,data/ds004395/sub-LTP299/ses-2/eeg/sub-LTP299_ses-2_task-ltpFR2_eeg.edf,data/ds004395/sub-LTP299/ses-2/eeg/sub-LTP299_ses-2_task-ltpFR2_events.tsv,865593,865843,250,True,
LTP299,2,8,20,TABLET,1427,1733.57,866785,1,data/ds004395/sub-LTP299/ses-2/eeg/sub-LTP299_ses-2_task-ltpFR2_eeg.edf,data/ds004395/sub-LTP299/ses-2/eeg/sub-LTP299_ses-2_task-ltpFR2_events.tsv,866935,867185,250,True,
LTP299,2,8,21,HEADBAND,696,1736.164,868082,0,data/ds004395/sub-LTP299/ses-2/eeg/sub-LTP299_ses-2_task-ltpFR2_eeg.edf,data/ds004395/sub-LTP299/ses-2/eeg/sub-LTP299_ses-2_task-ltpFR2_events.tsv,868232,868482,250,True,
LTP299,2,8,22,SISTER,1312,1738.558,869279,1,data/ds004395/sub-LTP299/ses-2/eeg/sub-LTP299_ses-2_task-ltpFR2_eeg.edf,data/ds004395/sub-LTP299/ses-2/eeg/sub-LTP299_ses-2_task-ltpFR2_events.tsv,869429,869679,250,True,
LTP299,2,8,23,BROTHER,179,1741.032,870516,1,data/ds004395/sub-LTP299/ses-2/eeg/sub-LTP299_ses-2_task-ltpFR2_eeg.edf,data/ds004395/sub-LTP299/ses-2/eeg/sub-LTP299_ses-2_task-ltpFR2_events.tsv,870666,870916,250,True,
LTP299,2,8,24,BANKER,84,1743.436,871718,1,data/ds004395/sub-LTP299/ses-2/eeg/sub-LTP299_ses-2_task-ltpFR2_eeg.edf,data/ds004395/sub-LTP299/ses-2/eeg/sub-LTP299_ses-2_task-ltpFR2_events.tsv,871868,872118,250,True,
LTP299,2,9,1,PORTRAIT,1111,1995.432,997716,1,data/ds004395/sub-LTP299/ses-2/eeg/sub-LTP299_ses-2_task-ltpFR2_eeg.edf,data/ds004395/sub-LTP299/ses-2/eeg/sub-LTP299_ses-2_task-ltpFR2_events.tsv,997866,998116,250,True,
LTP299,2,9,2,LION,827,1997.988,998994,1,data/ds004395/sub-LTP299/ses-2/eeg/sub-LTP299_ses-2_task-ltpFR2_eeg.edf,data/ds004395/sub-LTP299/ses-2/eeg/sub-LTP299_ses-2_task-ltpFR2_events.tsv,999144,999394,250,True,
LTP299,2,9,3,THREAD,1460,2000.688,1000344,1,data/ds004395/sub-LTP299/ses-2/eeg/sub-LTP299_ses-2_task-ltpFR2_eeg.edf,data/ds004395/sub-LTP299/ses-2/eeg/sub-LTP299_ses-2_task-ltpFR2_events.tsv,1000494,1000744,250,True,
LTP299,2,9,4,WRENCH,1625,2003.178,1001589,1,data/ds004395/sub-LTP299/ses-2/eeg/sub-LTP299_ses-2_task-ltpFR2_eeg.edf,data/ds004395/sub-LTP299/ses-2/eeg/sub-LTP299_ses-2_task-ltpFR2_events.tsv,1001739,1001989,250,True,
LTP299,2,9,5,GRILL,661,2005.876,1002938,0,data/ds004395/sub-LTP299/ses-2/eeg/sub-LTP299_ses-2_task-ltpFR2_eeg.edf,data/ds004395/sub-LTP299/ses-2/eeg/sub-LTP299_ses-2_task-ltpFR2_events.tsv,1003088,1003338,250,True,
LTP299,2,9,6,TILE,1468,2008.502,1004251,1,data/ds004395/sub-LTP299/ses-2/eeg/sub-LTP299_ses-2_task-ltpFR2_eeg.edf,data/ds004395/sub-LTP299/ses-2/eeg/sub-LTP299_ses-2_task-ltpFR2_events.tsv,1004401,1004651,250,True,
LTP299,2,9,7,MILK,895,2011.036,1005518,1,data/ds004395/sub-LTP299/ses-2/eeg/sub-LTP299_ses-2_task-ltpFR2_eeg.edf,data/ds004395/sub-LTP299/ses-2/eeg/sub-LTP299_ses-2_task-ltpFR2_events.tsv,1005668,1005918,250,True,
LTP299,2,9,8,HELMET,702,2013.674,1006837,1,data/ds004395/sub-LTP299/ses-2/eeg/sub-LTP299_ses-2_task-ltpFR2_eeg.edf,data/ds004395/sub-LTP299/ses-2/eeg/sub-LTP299_ses-2_task-ltpFR2_events.tsv,1006987,1007237,250,True,
LTP299,2,9,9,SCARF,1246,2016.386,1008193,1,data/ds004395/sub-LTP299/ses-2/eeg/sub-LTP299_ses-2_task-ltpFR2_eeg.edf,data/ds004395/sub-LTP299/ses-2/eeg/sub-LTP299_ses-2_task-ltpFR2_events.tsv,1008343,1008593,250,True,
LTP299,2,9,10,SANDWICH,1232,2018.818,1009409,1,data/ds004395/sub-LTP299/ses-2/eeg/sub-LTP299_ses-2_task-ltpFR2_eeg.edf,data/ds004395/sub-LTP299/ses-2/eeg/sub-LTP299_ses-2_task-ltpFR2_events.tsv,1009559,1009809,250,True,
LTP299,2,9,11,APRON,35,2021.286,1010643,0,data/ds004395/sub-LTP299/ses-2/eeg/sub-LTP299_ses-2_task-ltpFR2_eeg.edf,data/ds004395/sub-LTP299/ses-2/eeg/sub-LTP299_ses-2_task-ltpFR2_events.tsv,1010793,1011043,250,True,
LTP299,2,9,12,CREVICE,405,2023.826,1011913,0,data/ds004395/sub-LTP299/ses-2/eeg/sub-LTP299_ses-2_task-ltpFR2_eeg.edf,data/ds004395/sub-LTP299/ses-2/eeg/sub-LTP299_ses-2_task-ltpFR2_events.tsv,1012063,1012313,250,True,
LTP299,2,9,13,BRICK,172,2026.208,1013104,0,data/ds004395/sub-LTP299/ses-2/eeg/sub-LTP299_ses-2_task-ltpFR2_eeg.edf,data/ds004395/sub-LTP299/ses-2/eeg/sub-LTP299_ses-2_task-ltpFR2_events.tsv,1013254,1013504,250,True,
LTP299,2,9,14,FRAGRANCE,599,2028.744,1014372,0,data/ds004395/sub-LTP299/ses-2/eeg/sub-LTP299_ses-2_task-ltpFR2_eeg.edf,data/ds004395/sub-LTP299/ses-2/eeg/sub-LTP299_ses-2_task-ltpFR2_events.tsv,1014522,1014772,250,True,
LTP299,2,9,15,GRIZZLY,662,2031.234,1015617,0,data/ds004395/sub-LTP299/ses-2/eeg/sub-LTP299_ses-2_task-ltpFR2_eeg.edf,data/ds004395/sub-LTP299/ses-2/eeg/sub-LTP299_ses-2_task-ltpFR2_events.tsv,1015767,1016017,250,True,
LTP299,2,9,16,COOKBOOK,373,2033.9,1016950,1,data/ds004395/sub-LTP299/ses-2/eeg/sub-LTP299_ses-2_task-ltpFR2_eeg.edf,data/ds004395/sub-LTP299/ses-2/eeg/sub-LTP299_ses-2_task-ltpFR2_events.tsv,1017100,1017350,250,True,
LTP299,2,9,17,SUBWAY,1400,2036.392,1018196,0,data/ds004395/sub-LTP299/ses-2/eeg/sub-LTP299_ses-2_task-ltpFR2_eeg.edf,data/ds004395/sub-LTP299/ses-2/eeg/sub-LTP299_ses-2_task-ltpFR2_events.tsv,1018346,1018596,250,True,
LTP299,2,9,18,SCALLOP,1242,2039.108,1019554,1,data/ds004395/sub-LTP299/ses-2/eeg/sub-LTP299_ses-2_task-ltpFR2_eeg.edf,data/ds004395/sub-LTP299/ses-2/eeg/sub-LTP299_ses-2_task-ltpFR2_events.tsv,1019704,1019954,250,True,
LTP299,2,9,19,CLAM,315,2041.584,1020792,1,data/ds004395/sub-LTP299/ses-2/eeg/sub-LTP299_ses-2_task-ltpFR2_eeg.edf,data/ds004395/sub-LTP299/ses-2/eeg/sub-LTP299_ses-2_task-ltpFR2_events.tsv,1020942,1021192,250,True,
LTP299,2,9,20,BOARD,143,2044.106,1022053,0,data/ds004395/sub-LTP299/ses-2/eeg/sub-LTP299_ses-2_task-ltpFR2_eeg.edf,data/ds004395/sub-LTP299/ses-2/eeg/sub-LTP299_ses-2_task-ltpFR2_events.tsv,1022203,1022453,250,True,
LTP299,2,9,21,CABIN,211,2046.53,1023265,0,data/ds004395/sub-LTP299/ses-2/eeg/sub-LTP299_ses-2_task-ltpFR2_eeg.edf,data/ds004395/sub-LTP299/ses-2/eeg/sub-LTP299_ses-2_task-ltpFR2_events.tsv,1023415,1023665,250,True,
LTP299,2,9,22,PRINCE,1124,2049.022,1024511,0,data/ds004395/sub-LTP299/ses-2/eeg/sub-LTP299_ses-2_task-ltpFR2_eeg.edf,data/ds004395/sub-LTP299/ses-2/eeg/sub-LTP299_ses-2_task-ltpFR2_events.tsv,1024661,1024911,250,True,
LTP299,2,9,23,MEAT,883,2051.642,1025821,1,data/ds004395/sub-LTP299/ses-2/eeg/sub-LTP299_ses-2_task-ltpFR2_eeg.edf,data/ds004395/sub-LTP299/ses-2/eeg/sub-LTP299_ses-2_task-ltpFR2_events.tsv,1025971,1026221,250,True,
LTP299,2,9,24,TURKEY,1520,2054.05,1027025,1,data/ds004395/sub-LTP299/ses-2/eeg/sub-LTP299_ses-2_task-ltpFR2_eeg.edf,data/ds004395/sub-LTP299/ses-2/eeg/sub-LTP299_ses-2_task-ltpFR2_events.tsv,1027175,1027425,250,True,
LTP299,2,10,1,TURTLE,1522,2167.698,1083849,1,data/ds004395/sub-LTP299/ses-2/eeg/sub-LTP299_ses-2_task-ltpFR2_eeg.edf,data/ds004395/sub-LTP299/ses-2/eeg/sub-LTP299_ses-2_task-ltpFR2_events.tsv,1083999,1084249,250,True,
LTP299,2,10,2,BALLOON,75,2170.228,1085114,1,data/ds004395/sub-LTP299/ses-2/eeg/sub-LTP299_ses-2_task-ltpFR2_eeg.edf,data/ds004395/sub-LTP299/ses-2/eeg/sub-LTP299_ses-2_task-ltpFR2_events.tsv,1085264,1085514,250,True,
LTP299,2,10,3,GOBLIN,645,2172.89,1086445,1,data/ds004395/sub-LTP299/ses-2/eeg/sub-LTP299_ses-2_task-ltpFR2_eeg.edf,data/ds004395/sub-LTP299/ses-2/eeg/sub-LTP299_ses-2_task-ltpFR2_events.tsv,1086595,1086845,250,True,
LTP299,2,10,4,MATCH,878,2175.33,1087665,1,data/ds004395/sub-LTP299/ses-2/eeg/sub-LTP299_ses-2_task-ltpFR2_eeg.edf,data/ds004395/sub-LTP299/ses-2/eeg/sub-LTP299_ses-2_task-ltpFR2_events.tsv,1087815,1088065,250,True,
LTP299,2,10,5,HEDGE,699,2177.694,1088847,0,data/ds004395/sub-LTP299/ses-2/eeg/sub-LTP299_ses-2_task-ltpFR2_eeg.edf,data/ds004395/sub-LTP299/ses-2/eeg/sub-LTP299_ses-2_task-ltpFR2_events.tsv,1088997,1089247,250,True,
LTP299,2,10,6,OZONE,996,2180.112,1090056,0,data/ds004395/sub-LTP299/ses-2/eeg/sub-LTP299_ses-2_task-ltpFR2_eeg.edf,data/ds004395/sub-LTP299/ses-2/eeg/sub-LTP299_ses-2_task-ltpFR2_events.tsv,1090206,1090456,250,True,
LTP299,2,10,7,SWIMMER,1420,2182.69,1091345,1,data/ds004395/sub-LTP299/ses-2/eeg/sub-LTP299_ses-2_task-ltpFR2_eeg.edf,data/ds004395/sub-LTP299/ses-2/eeg/sub-LTP299_ses-2_task-ltpFR2_events.tsv,1091495,1091745,250,True,
LTP299,2,10,8,ISLAND,745,2185.204,1092602,1,data/ds004395/sub-LTP299/ses-2/eeg/sub-LTP299_ses-2_task-ltpFR2_eeg.edf,data/ds004395/sub-LTP299/ses-2/eeg/sub-LTP299_ses-2_task-ltpFR2_events.tsv,1092752,1093002,250,True,
LTP299,2,10,9,APPLE,33,2187.582,1093791,1,data/ds004395/sub-LTP299/ses-2/eeg/sub-LTP299_ses-2_task-ltpFR2_eeg.edf,data/ds004395/sub-LTP299/ses-2/eeg/sub-LTP299_ses-2_task-ltpFR2_events.tsv,1093941,1094191,250,True,
LTP299,2,10,10,WAGON,1578,2190.284,1095142,1,data/ds004395/sub-LTP299/ses-2/eeg/sub-LTP299_ses-2_task-ltpFR2_eeg.edf,data/ds004395/sub-LTP299/ses-2/eeg/sub-LTP299_ses-2_task-ltpFR2_events.tsv,1095292,1095542,250,True,
LTP299,2,10,11,SHARK,1275,2192.812,1096406,0,data/ds004395/sub-LTP299/ses-2/eeg/sub-LTP299_ses-2_task-ltpFR2_eeg.edf,data/ds004395/sub-LTP299/ses-2/eeg/sub-LTP299_ses-2_task-ltpFR2_events.tsv,1096556,1096806,250,True,
LTP299,2,10,12,OFFICE,972,2195.384,1097692,0,data/ds004395/sub-LTP299/ses-2/eeg/sub-LTP299_ses-2_task-ltpFR2_eeg.edf,data/ds004395/sub-LTP299/ses-2/eeg/sub-LTP299_ses-2_task-ltpFR2_events.tsv,1097842,1098092,250,True,
LTP299,2,10,13,GLOBE,641,2197.916,1098958,1,data/ds004395/sub-LTP299/ses-2/eeg/sub-LTP299_ses-2_task-ltpFR2_eeg.edf,data/ds004395/sub-LTP299/ses-2/eeg/sub-LTP299_ses-2_task-ltpFR2_events.tsv,1099108,1099358,250,True,
LTP299,2,10,14,WORLD,1622,2200.406,1100203,1,data/ds004395/sub-LTP299/ses-2/eeg/sub-LTP299_ses-2_task-ltpFR2_eeg.edf,data/ds004395/sub-LTP299/ses-2/eeg/sub-LTP299_ses-2_task-ltpFR2_events.tsv,1100353,1100603,250,True,
LTP299,2,10,15,CLIMBER,323,2202.914,1101457,0,data/ds004395/sub-LTP299/ses-2/eeg/sub-LTP299_ses-2_task-ltpFR2_eeg.edf,data/ds004395/sub-LTP299/ses-2/eeg/sub-LTP299_ses-2_task-ltpFR2_events.tsv,1101607,1101857,250,True,
LTP299,2,10,16,MISTER,901,2205.58,1102790,0,data/ds004395/sub-LTP299/ses-2/eeg/sub-LTP299_ses-2_task-ltpFR2_eeg.edf,data/ds004395/sub-LTP299/ses-2/eeg/sub-LTP299_ses-2_task-ltpFR2_events.tsv,1102940,1103190,250,True,
LTP299,2,10,17,LIZARD,834,2207.966,1103983,0,data/ds004395/sub-LTP299/ses-2/eeg/sub-LTP299_ses-2_task-ltpFR2_eeg.edf,data/ds004395/sub-LTP299/ses-2/eeg/sub-LTP299_ses-2_task-ltpFR2_events.tsv,1104133,1104383,250,True,
LTP299,2,10,18,COCOON,339,2210.304,1105152,0,data/ds004395/sub-LTP299/ses-2/eeg/sub-LTP299_ses-2_task-ltpFR2_eeg.edf,data/ds004395/sub-LTP299/ses-2/eeg/sub-LTP299_ses-2_task-ltpFR2_events.tsv,1105302,1105552,250,True,
LTP299,2,10,19,HIGHWAY,707,2212.866,1106433,1,data/ds004395/sub-LTP299/ses-2/eeg/sub-LTP299_ses-2_task-ltpFR2_eeg.edf,data/ds004395/sub-LTP299/ses-2/eeg/sub-LTP299_ses-2_task-ltpFR2_events.tsv,1106583,1106833,250,True,
LTP299,2,10,20,WIFE,1609,2215.356,1107678,1,data/ds004395/sub-LTP299/ses-2/eeg/sub-LTP299_ses-2_task-ltpFR2_eeg.edf,data/ds004395/sub-LTP299/ses-2/eeg/sub-LTP299_ses-2_task-ltpFR2_events.tsv,1107828,1108078,250,True,
LTP299,2,10,21,TRUCK,1512,2217.734,1108867,1,data/ds004395/sub-LTP299/ses-2/eeg/sub-LTP299_ses-2_task-ltpFR2_eeg.edf,data/ds004395/sub-LTP299/ses-2/eeg/sub-LTP299_ses-2_task-ltpFR2_events.tsv,1109017,1109267,250,True,
LTP299,2,10,22,HIKER,708,2220.434,1110217,1,data/ds004395/sub-LTP299/ses-2/eeg/sub-LTP299_ses-2_task-ltpFR2_eeg.edf,data/ds004395/sub-LTP299/ses-2/eeg/sub-LTP299_ses-2_task-ltpFR2_events.tsv,1110367,1110617,250,True,
LTP299,2,10,23,HOUND,724,2222.876,1111438,1,data/ds004395/sub-LTP299/ses-2/eeg/sub-LTP299_ses-2_task-ltpFR2_eeg.edf,data/ds004395/sub-LTP299/ses-2/eeg/sub-LTP299_ses-2_task-ltpFR2_events.tsv,1111588,1111838,250,True,
LTP299,2,10,24,OUTFIT,988,2225.232,1112616,1,data/ds004395/sub-LTP299/ses-2/eeg/sub-LTP299_ses-2_task-ltpFR2_eeg.edf,data/ds004395/sub-LTP299/ses-2/eeg/sub-LTP299_ses-2_task-ltpFR2_events.tsv,1112766,1113016,250,True,
LTP299,2,11,1,FREEZER,604,2338.9,1169450,0,data/ds004395/sub-LTP299/ses-2/eeg/sub-LTP299_ses-2_task-ltpFR2_eeg.edf,data/ds004395/sub-LTP299/ses-2/eeg/sub-LTP299_ses-2_task-ltpFR2_events.tsv,1169600,1169850,250,True,
LTP299,2,11,2,CAPTIVE,240,2341.326,1170663,0,data/ds004395/sub-LTP299/ses-2/eeg/sub-LTP299_ses-2_task-ltpFR2_eeg.edf,data/ds004395/sub-LTP299/ses-2/eeg/sub-LTP299_ses-2_task-ltpFR2_events.tsv,1170813,1171063,250,True,
LTP299,2,11,3,MILDEW,893,2343.994,1171997,0,data/ds004395/sub-LTP299/ses-2/eeg/sub-LTP299_ses-2_task-ltpFR2_eeg.edf,data/ds004395/sub-LTP299/ses-2/eeg/sub-LTP299_ses-2_task-ltpFR2_events.tsv,1172147,1172397,250,True,
LTP299,2,11,4,DUST,508,2346.356,1173178,0,data/ds004395/sub-LTP299/ses-2/eeg/sub-LTP299_ses-2_task-ltpFR2_eeg.edf,data/ds004395/sub-LTP299/ses-2/eeg/sub-LTP299_ses-2_task-ltpFR2_events.tsv,1173328,1173578,250,True,
LTP299,2,11,5,PORK,1108,2348.764,1174382,0,data/ds004395/sub-LTP299/ses-2/eeg/sub-LTP299_ses-2_task-ltpFR2_eeg.edf,data/ds004395/sub-LTP299/ses-2/eeg/sub-LTP299_ses-2_task-ltpFR2_events.tsv,1174532,1174782,250,True,
LTP299,2,11,6,SHELF,1280,2351.306,1175653,0,data/ds004395/sub-LTP299/ses-2/eeg/sub-LTP299_ses-2_task-ltpFR2_eeg.edf,data/ds004395/sub-LTP299/ses-2/eeg/sub-LTP299_ses-2_task-ltpFR2_events.tsv,1175803,1176053,250,True,
LTP299,2,11,7,CYCLONE,431,2353.906,1176953,0,data/ds004395/sub-LTP299/ses-2/eeg/sub-LTP299_ses-2_task-ltpFR2_eeg.edf,data/ds004395/sub-LTP299/ses-2/eeg/sub-LTP299_ses-2_task-ltpFR2_events.tsv,1177103,1177353,250,True,
LTP299,2,11,8,REBEL,1172,2356.254,1178127,0,data/ds004395/sub-LTP299/ses-2/eeg/sub-LTP299_ses-2_task-ltpFR2_eeg.edf,data/ds004395/sub-LTP299/ses-2/eeg/sub-LTP299_ses-2_task-ltpFR2_events.tsv,1178277,1178527,250,True,
LTP299,2,11,9,COMPASS,358,2358.84,1179420,0,data/ds004395/sub-LTP299/ses-2/eeg/sub-LTP299_ses-2_task-ltpFR2_eeg.edf,data/ds004395/sub-LTP299/ses-2/eeg/sub-LTP299_ses-2_task-ltpFR2_events.tsv,1179570,1179820,250,True,
LTP299,2,11,10,CRATER,400,2361.298,1180649,0,data/ds004395/sub-LTP299/ses-2/eeg/sub-LTP299_ses-2_task-ltpFR2_eeg.edf,data/ds004395/sub-LTP299/ses-2/eeg/sub-LTP299_ses-2_task-ltpFR2_events.tsv,1180799,1181049,250,True,
LTP299,2,11,11,CHAUFFEUR,283,2363.772,1181886,0,data/ds004395/sub-LTP299/ses-2/eeg/sub-LTP299_ses-2_task-ltpFR2_eeg.edf,data/ds004395/sub-LTP299/ses-2/eeg/sub-LTP299_ses-2_task-ltpFR2_events.tsv,1182036,1182286,250,True,
LTP299,2,11,12,NECKLACE,940,2366.198,1183099,0,data/ds004395/sub-LTP299/ses-2/eeg/sub-LTP299_ses-2_task-ltpFR2_eeg.edf,data/ds004395/sub-LTP299/ses-2/eeg/sub-LTP299_ses-2_task-ltpFR2_events.tsv,1183249,1183499,250,True,
LTP299,2,11,13,AUTHOR,61,2368.87,1184435,0,data/ds004395/sub-LTP299/ses-2/eeg/sub-LTP299_ses-2_task-ltpFR2_eeg.edf,data/ds004395/sub-LTP299/ses-2/eeg/sub-LTP299_ses-2_task-ltpFR2_events.tsv,1184585,1184835,250,True,
LTP299,2,11,14,TRENCH,1503,2371.308,1185654,1,data/ds004395/sub-LTP299/ses-2/eeg/sub-LTP299_ses-2_task-ltpFR2_eeg.edf,data/ds004395/sub-LTP299/ses-2/eeg/sub-LTP299_ses-2_task-ltpFR2_events.tsv,1185804,1186054,250,True,
LTP299,2,11,15,FIREMAN,569,2373.672,1186836,1,data/ds004395/sub-LTP299/ses-2/eeg/sub-LTP299_ses-2_task-ltpFR2_eeg.edf,data/ds004395/sub-LTP299/ses-2/eeg/sub-LTP299_ses-2_task-ltpFR2_events.tsv,1186986,1187236,250,True,
LTP299,2,11,16,BARLEY,88,2376.13,1188065,1,data/ds004395/sub-LTP299/ses-2/eeg/sub-LTP299_ses-2_task-ltpFR2_eeg.edf,data/ds004395/sub-LTP299/ses-2/eeg/sub-LTP299_ses-2_task-ltpFR2_events.tsv,1188215,1188465,250,True,
LTP299,2,11,17,GRAPE,654,2378.784,1189392,1,data/ds004395/sub-LTP299/ses-2/eeg/sub-LTP299_ses-2_task-ltpFR2_eeg.edf,data/ds004395/sub-LTP299/ses-2/eeg/sub-LTP299_ses-2_task-ltpFR2_events.tsv,1189542,1189792,250,True,
LTP299,2,11,18,MUMMY,932,2381.148,1190574,1,data/ds004395/sub-LTP299/ses-2/eeg/sub-LTP299_ses-2_task-ltpFR2_eeg.edf,data/ds004395/sub-LTP299/ses-2/eeg/sub-LTP299_ses-2_task-ltpFR2_events.tsv,1190724,1190974,250,True,
LTP299,2,11,19,PRINCESS,1125,2383.52,1191760,1,data/ds004395/sub-LTP299/ses-2/eeg/sub-LTP299_ses-2_task-ltpFR2_eeg.edf,data/ds004395/sub-LTP299/ses-2/eeg/sub-LTP299_ses-2_task-ltpFR2_events.tsv,1191910,1192160,250,True,
LTP299,2,11,20,CROWN,415,2385.92,1192960,1,data/ds004395/sub-LTP299/ses-2/eeg/sub-LTP299_ses-2_task-ltpFR2_eeg.edf,data/ds004395/sub-LTP299/ses-2/eeg/sub-LTP299_ses-2_task-ltpFR2_events.tsv,1193110,1193360,250,True,
LTP299,2,11,21,GRAVEL,659,2388.58,1194290,1,data/ds004395/sub-LTP299/ses-2/eeg/sub-LTP299_ses-2_task-ltpFR2_eeg.edf,data/ds004395/sub-LTP299/ses-2/eeg/sub-LTP299_ses-2_task-ltpFR2_events.tsv,1194440,1194690,250,True,
LTP299,2,11,22,DOUGHNUT,490,2391.104,1195552,0,data/ds004395/sub-LTP299/ses-2/eeg/sub-LTP299_ses-2_task-ltpFR2_eeg.edf,data/ds004395/sub-LTP299/ses-2/eeg/sub-LTP299_ses-2_task-ltpFR2_events.tsv,1195702,1195952,250,True,
LTP299,2,11,23,TUBA,1515,2393.498,1196749,1,data/ds004395/sub-LTP299/ses-2/eeg/sub-LTP299_ses-2_task-ltpFR2_eeg.edf,data/ds004395/sub-LTP299/ses-2/eeg/sub-LTP299_ses-2_task-ltpFR2_events.tsv,1196899,1197149,250,True,
LTP299,2,11,24,BANJO,82,2395.878,1197939,1,data/ds004395/sub-LTP299/ses-2/eeg/sub-LTP299_ses-2_task-ltpFR2_eeg.edf,data/ds004395/sub-LTP299/ses-2/eeg/sub-LTP299_ses-2_task-ltpFR2_events.tsv,1198089,1198339,250,True,
LTP299,2,12,1,LUGGAGE,847,2533.638,1266819,1,data/ds004395/sub-LTP299/ses-2/eeg/sub-LTP299_ses-2_task-ltpFR2_eeg.edf,data/ds004395/sub-LTP299/ses-2/eeg/sub-LTP299_ses-2_task-ltpFR2_events.tsv,1266969,1267219,250,True,
LTP299,2,12,2,RIVER,1194,2536.242,1268121,1,data/ds004395/sub-LTP299/ses-2/eeg/sub-LTP299_ses-2_task-ltpFR2_eeg.edf,data/ds004395/sub-LTP299/ses-2/eeg/sub-LTP299_ses-2_task-ltpFR2_events.tsv,1268271,1268521,250,True,
LTP299,2,12,3,HOOD,714,2538.748,1269374,1,data/ds004395/sub-LTP299/ses-2/eeg/sub-LTP299_ses-2_task-ltpFR2_eeg.edf,data/ds004395/sub-LTP299/ses-2/eeg/sub-LTP299_ses-2_task-ltpFR2_events.tsv,1269524,1269774,250,True,
LTP299,2,12,4,INFANT,737,2541.432,1270716,1,data/ds004395/sub-LTP299/ses-2/eeg/sub-LTP299_ses-2_task-ltpFR2_eeg.edf,data/ds004395/sub-LTP299/ses-2/eeg/sub-LTP299_ses-2_task-ltpFR2_events.tsv,1270866,1271116,250,True,
LTP299,2,12,5,CHILD,299,2543.892,1271946,1,data/ds004395/sub-LTP299/ses-2/eeg/sub-LTP299_ses-2_task-ltpFR2_eeg.edf,data/ds004395/sub-LTP299/ses-2/eeg/sub-LTP299_ses-2_task-ltpFR2_events.tsv,1272096,1272346,250,True,
LTP299,2,12,6,STONE,1385,2546.558,1273279,0,data/ds004395/sub-LTP299/ses-2/eeg/sub-LTP299_ses-2_task-ltpFR2_eeg.edf,data/ds004395/sub-LTP299/ses-2/eeg/sub-LTP299_ses-2_task-ltpFR2_events.tsv,1273429,1273679,250,True,
LTP299,2,12,7,SADDLE,1221,2549.192,1274596,0,data/ds004395/sub-LTP299/ses-2/eeg/sub-LTP299_ses-2_task-ltpFR2_eeg.edf,data/ds004395/sub-LTP299/ses-2/eeg/sub-LTP299_ses-2_task-ltpFR2_events.tsv,1274746,1274996,250,True,
LTP299,2,12,8,BEAVER,109,2551.7,1275850,1,data/ds004395/sub-LTP299/ses-2/eeg/sub-LTP299_ses-2_task-ltpFR2_eeg.edf,data/ds004395/sub-LTP299/ses-2/eeg/sub-LTP299_ses-2_task-ltpFR2_events.tsv,1276000,1276250,250,True,
LTP299,2,12,9,POISON,1096,2554.302,1277151,0,data/ds004395/sub-LTP299/ses-2/eeg/sub-LTP299_ses-2_task-ltpFR2_eeg.edf,data/ds004395/sub-LTP299/ses-2/eeg/sub-LTP299_ses-2_task-ltpFR2_events.tsv,1277301,1277551,250,True,
LTP299,2,12,10,QUAIL,1147,2556.84,1278420,1,data/ds004395/sub-LTP299/ses-2/eeg/sub-LTP299_ses-2_task-ltpFR2_eeg.edf,data/ds004395/sub-LTP299/ses-2/eeg/sub-LTP299_ses-2_task-ltpFR2_events.tsv,1278570,1278820,250,True,
LTP299,2,12,11,HAWK,692,2559.332,1279666,1,data/ds004395/sub-LTP299/ses-2/eeg/sub-LTP299_ses-2_task-ltpFR2_eeg.edf,data/ds004395/sub-LTP299/ses-2/eeg/sub-LTP299_ses-2_task-ltpFR2_events.tsv,1279816,1280066,250,True,
LTP299,2,12,12,VELVET,1555,2561.854,1280927,1,data/ds004395/sub-LTP299/ses-2/eeg/sub-LTP299_ses-2_task-ltpFR2_eeg.edf,data/ds004395/sub-LTP299/ses-2/eeg/sub-LTP299_ses-2_task-ltpFR2_events.tsv,1281077,1281327,250,True,
LTP299,2,12,13,RADISH,1158,2564.2,1282100,1,data/ds004395/sub-LTP299/ses-2/eeg/sub-LTP299_ses-2_task-ltpFR2_eeg.edf,data/ds004395/sub-LTP299/ses-2/eeg/sub-LTP299_ses-2_task-ltpFR2_events.tsv,1282250,1282500,250,True,
LTP299,2,12,14,GAZELLE,628,2566.626,1283313,1,data/ds004395/sub-LTP299/ses-2/eeg/sub-LTP299_ses-2_task-ltpFR2_eeg.edf,data/ds004395/sub-LTP299/ses-2/eeg/sub-LTP299_ses-2_task-ltpFR2_events.tsv,1283463,1283713,250,True,
LTP299,2,12,15,LODGE,839,2569.294,1284647,1,data/ds004395/sub-LTP299/ses-2/eeg/sub-LTP299_ses-2_task-ltpFR2_eeg.edf,data/ds004395/sub-LTP299/ses-2/eeg/sub-LTP299_ses-2_task-ltpFR2_events.tsv,1284797,1285047,250,True,
LTP299,2,12,16,ACTOR,5,2571.96,1285980,1,data/ds004395/sub-LTP299/ses-2/eeg/sub-LTP299_ses-2_task-ltpFR2_eeg.edf,data/ds004395/sub-LTP299/ses-2/eeg/sub-LTP299_ses-2_task-ltpFR2_events.tsv,1286130,1286380,250,True,
LTP299,2,12,17,PASTRY,1022,2574.55,1287275,0,data/ds004395/sub-LTP299/ses-2/eeg/sub-LTP299_ses-2_task-ltpFR2_eeg.edf,data/ds004395/sub-LTP299/ses-2/eeg/sub-LTP299_ses-2_task-ltpFR2_events.tsv,1287425,1287675,250,True,
LTP299,2,12,18,BLOUSE,139,2577.038,1288519,0,data/ds004395/sub-LTP299/ses-2/eeg/sub-LTP299_ses-2_task-ltpFR2_eeg.edf,data/ds004395/sub-LTP299/ses-2/eeg/sub-LTP299_ses-2_task-ltpFR2_events.tsv,1288669,1288919,250,True,
LTP299,2,12,19,EMPIRE,530,2579.53,1289765,0,data/ds004395/sub-LTP299/ses-2/eeg/sub-LTP299_ses-2_task-ltpFR2_eeg.edf,data/ds004395/sub-LTP299/ses-2/eeg/sub-LTP299_ses-2_task-ltpFR2_events.tsv,1289915,1290165,250,True,
LTP299,2,12,20,STATUE,1374,2582.002,1291001,0,data/ds004395/sub-LTP299/ses-2/eeg/sub-LTP299_ses-2_task-ltpFR2_eeg.edf,data/ds004395/sub-LTP299/ses-2/eeg/sub-LTP299_ses-2_task-ltpFR2_events.tsv,1291151,1291401,250,True,
LTP299,2,12,21,NAPKIN,937,2584.414,1292207,0,data/ds004395/sub-LTP299/ses-2/eeg/sub-LTP299_ses-2_task-ltpFR2_eeg.edf,data/ds004395/sub-LTP299/ses-2/eeg/sub-LTP299_ses-2_task-ltpFR2_events.tsv,1292357,1292607,250,True,
LTP299,2,12,22,PEDAL,1037,2586.952,1293476,1,data/ds004395/sub-LTP299/ses-2/eeg/sub-LTP299_ses-2_task-ltpFR2_eeg.edf,data/ds004395/sub-LTP299/ses-2/eeg/sub-LTP299_ses-2_task-ltpFR2_events.tsv,1293626,1293876,250,True,
LTP299,2,12,23,RELISH,1183,2589.622,1294811,1,data/ds004395/sub-LTP299/ses-2/eeg/sub-LTP299_ses-2_task-ltpFR2_eeg.edf,data/ds004395/sub-LTP299/ses-2/eeg/sub-LTP299_ses-2_task-ltpFR2_events.tsv,1294961,1295211,250,True,
LTP299,2,12,24,LAPEL,800,2592.062,1296031,1,data/ds004395/sub-LTP299/ses-2/eeg/sub-LTP299_ses-2_task-ltpFR2_eeg.edf,data/ds004395/sub-LTP299/ses-2/eeg/sub-LTP299_ses-2_task-ltpFR2_events.tsv,1296181,1296431,250,True,
LTP299,2,13,1,BUNNY,198,2729.79,1364895,1,data/ds004395/sub-LTP299/ses-2/eeg/sub-LTP299_ses-2_task-ltpFR2_eeg.edf,data/ds004395/sub-LTP299/ses-2/eeg/sub-LTP299_ses-2_task-ltpFR2_events.tsv,1365045,1365295,250,True,
LTP299,2,13,2,ZIPPER,1636,2732.232,1366116,1,data/ds004395/sub-LTP299/ses-2/eeg/sub-LTP299_ses-2_task-ltpFR2_eeg.edf,data/ds004395/sub-LTP299/ses-2/eeg/sub-LTP299_ses-2_task-ltpFR2_events.tsv,1366266,1366516,250,True,
LTP299,2,13,3,LAKE,796,2734.674,1367337,1,data/ds004395/sub-LTP299/ses-2/eeg/sub-LTP299_ses-2_task-ltpFR2_eeg.edf,data/ds004395/sub-LTP299/ses-2/eeg/sub-LTP299_ses-2_task-ltpFR2_events.tsv,1367487,1367737,250,True,
LTP299,2,13,4,ITEM,746,2737.196,1368598,1,data/ds004395/sub-LTP299/ses-2/eeg/sub-LTP299_ses-2_task-ltpFR2_eeg.edf,data/ds004395/sub-LTP299/ses-2/eeg/sub-LTP299_ses-2_task-ltpFR2_events.tsv,1368748,1368998,250,True,
LTP299,2,13,5,THRONE,1461,2739.64,1369820,1,data/ds004395/sub-LTP299/ses-2/eeg/sub-LTP299_ses-2_task-ltpFR2_eeg.edf,data/ds004395/sub-LTP299/ses-2/eeg/sub-LTP299_ses-2_task-ltpFR2_events.tsv,1369970,1370220,250,True,
LTP299,2,13,6,QUEEN,1149,2742.21,1371105,1,data/ds004395/sub-LTP299/ses-2/eeg/sub-LTP299_ses-2_task-ltpFR2_eeg.edf,data/ds004395/sub-LTP299/ses-2/eeg/sub-LTP299_ses-2_task-ltpFR2_events.tsv,1371255,1371505,250,True,
LTP299,2,13,7,IDOL,733,2744.766,1372383,1,data/ds004395/sub-LTP299/ses-2/eeg/sub-LTP299_ses-2_task-ltpFR2_eeg.edf,data/ds004395/sub-LTP299/ses-2/eeg/sub-LTP299_ses-2_task-ltpFR2_events.tsv,1372533,1372783,250,True,
LTP299,2,13,8,PADDING,999,2747.322,1373661,0,data/ds004395/sub-LTP299/ses-2/eeg/sub-LTP299_ses-2_task-ltpFR2_eeg.edf,data/ds004395/sub-LTP299/ses-2/eeg/sub-LTP299_ses-2_task-ltpFR2_events.tsv,1373811,1374061,250,True,
LTP299,2,13,9,JELLO,754,2749.94,1374970,0,data/ds004395/sub-LTP299/ses-2/eeg/sub-LTP299_ses-2_task-ltpFR2_eeg.edf,data/ds004395/sub-LTP299/ses-2/eeg/sub-LTP299_ses-2_task-ltpFR2_events.tsv,1375120,1375370,250,True,
LTP299,2,13,10,FRIEND,606,2752.286,1376143,0,data/ds004395/sub-LTP299/ses-2/eeg/sub-LTP299_ses-2_task-ltpFR2_eeg.edf,data/ds004395/sub-LTP299/ses-2/eeg/sub-LTP299_ses-2_task-ltpFR2_events.tsv,1376293,1376543,250,True,
LTP299,2,13,11,PEANUT,1032,2754.648,1377324,0,data/ds004395/sub-LTP299/ses-2/eeg/sub-LTP299_ses-2_task-ltpFR2_eeg.edf,data/ds004395/sub-LTP299/ses-2/eeg/sub-LTP299_ses-2_task-ltpFR2_events.tsv,1377474,1377724,250,True,
LTP299,2,13,12,DAISY,435,2757.092,1378546,0,data/ds004395/sub-LTP299/ses-2/eeg/sub-LTP299_ses-2_task-ltpFR2_eeg.edf,data/ds004395/sub-LTP299/ses-2/eeg/sub-LTP299_ses-2_task-ltpFR2_events.tsv,1378696,1378946,250,True,
LTP299,2,13,13,COUNTRY,388,2759.792,1379896,0,data/ds004395/sub-LTP299/ses-2/eeg/sub-LTP299_ses-2_task-ltpFR2_eeg.edf,data/ds004395/sub-LTP299/ses-2/eeg/sub-LTP299_ses-2_task-ltpFR2_events.tsv,1380046,1380296,250,True,
LTP299,2,13,14,COMET,353,2762.248,1381124,0,data/ds004395/sub-LTP299/ses-2/eeg/sub-LTP299_ses-2_task-ltpFR2_eeg.edf,data/ds004395/sub-LTP299/ses-2/eeg/sub-LTP299_ses-2_task-ltpFR2_events.tsv,1381274,1381524,250,True,
LTP299,2,13,15,DRAGON,492,2764.852,1382426,0,data/ds004395/sub-LTP299/ses-2/eeg/sub-LTP299_ses-2_task-ltpFR2_eeg.edf,data/ds004395/sub-LTP299/ses-2/eeg/sub-LTP299_ses-2_task-ltpFR2_events.tsv,1382576,1382826,250,True,
LTP299,2,13,16,CANAL,226,2767.248,1383624,0,data/ds004395/sub-LTP299/ses-2/eeg/sub-LTP299_ses-2_task-ltpFR2_eeg.edf,data/ds004395/sub-LTP299/ses-2/eeg/sub-LTP299_ses-2_task-ltpFR2_events.tsv,1383774,1384024,250,True,
LTP299,2,13,17,MARROW,872,2769.688,1384844,1,data/ds004395/sub-LTP299/ses-2/eeg/sub-LTP299_ses-2_task-ltpFR2_eeg.edf,data/ds004395/sub-LTP299/ses-2/eeg/sub-LTP299_ses-2_task-ltpFR2_events.tsv,1384994,1385244,250,True,
LTP299,2,13,18,FLESH,579,2772.308,1386154,1,data/ds004395/sub-LTP299/ses-2/eeg/sub-LTP299_ses-2_task-ltpFR2_eeg.edf,data/ds004395/sub-LTP299/ses-2/eeg/sub-LTP299_ses-2_task-ltpFR2_events.tsv,1386304,1386554,250,True,
LTP299,2,13,19,BRIEFCASE,175,2774.976,1387488,1,data/ds004395/sub-LTP299/ses-2/eeg/sub-LTP299_ses-2_task-ltpFR2_eeg.edf,data/ds004395/sub-LTP299/ses-2/eeg/sub-LTP299_ses-2_task-ltpFR2_events.tsv,1387638,1387888,250,True,
LTP299,2,13,20,FOREST,593,2777.61,1388805,0,data/ds004395/sub-LTP299/ses-2/eeg/sub-LTP299_ses-2_task-ltpFR2_eeg.edf,data/ds004395/sub-LTP299/ses-2/eeg/sub-LTP299_ses-2_task-ltpFR2_events.tsv,1388955,1389205,250,True,
LTP299,2,13,21,COWBOY,395,2780.214,1390107,0,data/ds004395/sub-LTP299/ses-2/eeg/sub-LTP299_ses-2_task-ltpFR2_eeg.edf,data/ds004395/sub-LTP299/ses-2/eeg/sub-LTP299_ses-2_task-ltpFR2_events.tsv,1390257,1390507,250,True,
LTP299,2,13,22,ZEBRA,1635,2782.576,1391288,1,data/ds004395/sub-LTP299/ses-2/eeg/sub-LTP299_ses-2_task-ltpFR2_eeg.edf,data/ds004395/sub-LTP299/ses-2/eeg/sub-LTP299_ses-2_task-ltpFR2_events.tsv,1391438,1391688,250,True,
LTP299,2,13,23,PAPER,1011,2785.082,1392541,1,data/ds004395/sub-LTP299/ses-2/eeg/sub-LTP299_ses-2_task-ltpFR2_eeg.edf,data/ds004395/sub-LTP299/ses-2/eeg/sub-LTP299_ses-2_task-ltpFR2_events.tsv,1392691,1392941,250,True,
LTP299,2,13,24,ARMY,39,2787.572,1393786,1,data/ds004395/sub-LTP299/ses-2/eeg/sub-LTP299_ses-2_task-ltpFR2_eeg.edf,data/ds004395/sub-LTP299/ses-2/eeg/sub-LTP299_ses-2_task-ltpFR2_events.tsv,1393936,1394186,250,True,
LTP299,2,14,1,NEUTRON,947,2925.138,1462569,1,data/ds004395/sub-LTP299/ses-2/eeg/sub-LTP299_ses-2_task-ltpFR2_eeg.edf,data/ds004395/sub-LTP299/ses-2/eeg/sub-LTP299_ses-2_task-ltpFR2_events.tsv,1462719,1462969,250,True,
LTP299,2,14,2,FRAME,600,2927.57,1463785,1,data/ds004395/sub-LTP299/ses-2/eeg/sub-LTP299_ses-2_task-ltpFR2_eeg.edf,data/ds004395/sub-LTP299/ses-2/eeg/sub-LTP299_ses-2_task-ltpFR2_events.tsv,1463935,1464185,250,True,
LTP299,2,14,3,DRAWING,494,2929.974,1464987,1,data/ds004395/sub-LTP299/ses-2/eeg/sub-LTP299_ses-2_task-ltpFR2_eeg.edf,data/ds004395/sub-LTP299/ses-2/eeg/sub-LTP299_ses-2_task-ltpFR2_events.tsv,1465137,1465387,250,True,
LTP299,2,14,4,VICTIM,1562,2932.336,1466168,1,data/ds004395/sub-LTP299/ses-2/eeg/sub-LTP299_ses-2_task-ltpFR2_eeg.edf,data/ds004395/sub-LTP299/ses-2/eeg/sub-LTP299_ses-2_task-ltpFR2_events.tsv,1466318,1466568,250,True,
LTP299,2,14,5,PIGMENT,1066,2934.746,1467373,0,data/ds004395/sub-LTP299/ses-2/eeg/sub-LTP299_ses-2_task-ltpFR2_eeg.edf,data/ds004395/sub-LTP299/ses-2/eeg/sub-LTP299_ses-2_task-ltpFR2_events.tsv,1467523,1467773,250,True,
LTP299,2,14,6,OYSTER,995,2937.238,1468619,1,data/ds004395/sub-LTP299/ses-2/eeg/sub-LTP299_ses-2_task-ltpFR2_eeg.edf,data/ds004395/sub-LTP299/ses-2/eeg/sub-LTP299_ses-2_task-ltpFR2_events.tsv,1468769,1469019,250,True,
LTP299,2,14,7,SCALPEL,1243,2939.702,1469851,1,data/ds004395/sub-LTP299/ses-2/eeg/sub-LTP299_ses-2_task-ltpFR2_eeg.edf,data/ds004395/sub-LTP299/ses-2/eeg/sub-LTP299_ses-2_task-ltpFR2_events.tsv,1470001,1470251,250,True,
LTP299,2,14,8,DRIVER,499,2942.09,1471045,1,data/ds004395/sub-LTP299/ses-2/eeg/sub-LTP299_ses-2_task-ltpFR2_eeg.edf,data/ds004395/sub-LTP299/ses-2/eeg/sub-LTP299_ses-2_task-ltpFR2_events.tsv,1471195,1471445,250,True,
LTP299,2,14,9,COD,340,2944.662,1472331,1,data/ds004395/sub-LTP299/ses-2/eeg/sub-LTP299_ses-2_task-ltpFR2_eeg.edf,data/ds004395/sub-LTP299/ses-2/eeg/sub-LTP299_ses-2_task-ltpFR2_events.tsv,1472481,1472731,250,True,
LTP299,2,14,10,PIGEON,1065,2947.252,1473626,0,data/ds004395/sub-LTP299/ses-2/eeg/sub-LTP299_ses-2_task-ltpFR2_eeg.edf,data/ds004395/sub-LTP299/ses-2/eeg/sub-LTP299_ses-2_task-ltpFR2_events.tsv,1473776,1474026,250,True,
LTP299,2,14,11,STAPLE,1371,2949.772,1474886,0,data/ds004395/sub-LTP299/ses-2/eeg/sub-LTP299_ses-2_task-ltpFR2_eeg.edf,data/ds004395/sub-LTP299/ses-2/eeg/sub-LTP299_ses-2_task-ltpFR2_events.tsv,1475036,1475286,250,True,
LTP299,2,14,12,BADGE,68,2952.214,1476107,1,data/ds004395/sub-LTP299/ses-2/eeg/sub-LTP299_ses-2_task-ltpFR2_eeg.edf,data/ds004395/sub-LTP299/ses-2/eeg/sub-LTP299_ses-2_task-ltpFR2_events.tsv,1476257,1476507,250,True,
LTP299,2,14,13,CARROT,249,2954.784,1477392,1,data/ds004395/sub-LTP299/ses-2/eeg/sub-LTP299_ses-2_task-ltpFR2_eeg.edf,data/ds004395/sub-LTP299/ses-2/eeg/sub-LTP299_ses-2_task-ltpFR2_events.tsv,1477542,1477792,250,True,
LTP299,2,14,14,EYELASH,546,2957.42,1478710,0,data/ds004395/sub-LTP299/ses-2/eeg/sub-LTP299_ses-2_task-ltpFR2_eeg.edf,data/ds004395/sub-LTP299/ses-2/eeg/sub-LTP299_ses-2_task-ltpFR2_events.tsv,1478860,1479110,250,True,
LTP299,2,14,15,VAGRANT,1544,2960.024,1480012,1,data/ds004395/sub-LTP299/ses-2/eeg/sub-LTP299_ses-2_task-ltpFR2_eeg.edf,data/ds004395/sub-LTP299/ses-2/eeg/sub-LTP299_ses-2_task-ltpFR2_events.tsv,1480162,1480412,250,True,
LTP299,2,14,16,PRIMATE,1123,2962.674,1481337,0,data/ds004395/sub-LTP299/ses-2/eeg/sub-LTP299_ses-2_task-ltpFR2_eeg.edf,data/ds004395/sub-LTP299/ses-2/eeg/sub-LTP299_ses-2_task-ltpFR2_events.tsv,1481487,1481737,250,True,
LTP299,2,14,17,JUNGLE,764,2965.312,1482656,0,data/ds004395/sub-LTP299/ses-2/eeg/sub-LTP299_ses-2_task-ltpFR2_eeg.edf,data/ds004395/sub-LTP299/ses-2/eeg/sub-LTP299_ses-2_task-ltpFR2_events.tsv,1482806,1483056,250,True,
LTP299,2,14,18,PERMIT,1051,2967.69,1483845,0,data/ds004395/sub-LTP299/ses-2/eeg/sub-LTP299_ses-2_task-ltpFR2_eeg.edf,data/ds004395/sub-LTP299/ses-2/eeg/sub-LTP299_ses-2_task-ltpFR2_events.tsv,1483995,1484245,250,True,
LTP299,2,14,19,RECEIPT,1173,2970.274,1485137,0,data/ds004395/sub-LTP299/ses-2/eeg/sub-LTP299_ses-2_task-ltpFR2_eeg.edf,data/ds004395/sub-LTP299/ses-2/eeg/sub-LTP299_ses-2_task-ltpFR2_events.tsv,1485287,1485537,250,True,
LTP299,2,14,20,WARDROBE,1587,2972.974,1486487,0,data/ds004395/sub-LTP299/ses-2/eeg/sub-LTP299_ses-2_task-ltpFR2_eeg.edf,data/ds004395/sub-LTP299/ses-2/eeg/sub-LTP299_ses-2_task-ltpFR2_events.tsv,1486637,1486887,250,True,
LTP299,2,14,21,TRANSPLANT,1496,2975.674,1487837,0,data/ds004395/sub-LTP299/ses-2/eeg/sub-LTP299_ses-2_task-ltpFR2_eeg.edf,data/ds004395/sub-LTP299/ses-2/eeg/sub-LTP299_ses-2_task-ltpFR2_events.tsv,1487987,1488237,250,True,
LTP299,2,14,22,CITRUS,313,2978.212,1489106,1,data/ds004395/sub-LTP299/ses-2/eeg/sub-LTP299_ses-2_task-ltpFR2_eeg.edf,data/ds004395/sub-LTP299/ses-2/eeg/sub-LTP299_ses-2_task-ltpFR2_events.tsv,1489256,1489506,250,True,
LTP299,2,14,23,ORANGE,980,2980.832,1490416,1,data/ds004395/sub-LTP299/ses-2/eeg/sub-LTP299_ses-2_task-ltpFR2_eeg.edf,data/ds004395/sub-LTP299/ses-2/eeg/sub-LTP299_ses-2_task-ltpFR2_events.tsv,1490566,1490816,250,True,
LTP299,2,14,24,PERCH,1048,2983.37,1491685,1,data/ds004395/sub-LTP299/ses-2/eeg/sub-LTP299_ses-2_task-ltpFR2_eeg.edf,data/ds004395/sub-LTP299/ses-2/eeg/sub-LTP299_ses-2_task-ltpFR2_events.tsv,1491835,1492085,250,True,
LTP299,2,15,1,BEAST,108,3097.066,1548533,1,data/ds004395/sub-LTP299/ses-2/eeg/sub-LTP299_ses-2_task-ltpFR2_eeg.edf,data/ds004395/sub-LTP299/ses-2/eeg/sub-LTP299_ses-2_task-ltpFR2_events.tsv,1548683,1548933,250,True,
LTP299,2,15,2,HAMPER,682,3099.734,1549867,0,data/ds004395/sub-LTP299/ses-2/eeg/sub-LTP299_ses-2_task-ltpFR2_eeg.edf,data/ds004395/sub-LTP299/ses-2/eeg/sub-LTP299_ses-2_task-ltpFR2_events.tsv,1550017,1550267,250,True,
LTP299,2,15,3,PROTON,1132,3102.118,1551059,1,data/ds004395/sub-LTP299/ses-2/eeg/sub-LTP299_ses-2_task-ltpFR2_eeg.edf,data/ds004395/sub-LTP299/ses-2/eeg/sub-LTP299_ses-2_task-ltpFR2_events.tsv,1551209,1551459,250,True,
LTP299,2,15,4,MAMMAL,861,3104.804,1552402,1,data/ds004395/sub-LTP299/ses-2/eeg/sub-LTP299_ses-2_task-ltpFR2_eeg.edf,data/ds004395/sub-LTP299/ses-2/eeg/sub-LTP299_ses-2_task-ltpFR2_events.tsv,1552552,1552802,250,True,
LTP299,2,15,5,JAPAN,749,3107.156,1553578,1,data/ds004395/sub-LTP299/ses-2/eeg/sub-LTP299_ses-2_task-ltpFR2_eeg.edf,data/ds004395/sub-LTP299/ses-2/eeg/sub-LTP299_ses-2_task-ltpFR2_events.tsv,1553728,1553978,250,True,
LTP299,2,15,6,YACHT,1629,3109.6,1554800,1,data/ds004395/sub-LTP299/ses-2/eeg/sub-LTP299_ses-2_task-ltpFR2_eeg.edf,data/ds004395/sub-LTP299/ses-2/eeg/sub-LTP299_ses-2_task-ltpFR2_events.tsv,1554950,1555200,250,True,
LTP299,2,15,7,YOLK,1633,3112.122,1556061,1,data/ds004395/sub-LTP299/ses-2/eeg/sub-LTP299_ses-2_task-ltpFR2_eeg.edf,data/ds004395/sub-LTP299/ses-2/eeg/sub-LTP299_ses-2_task-ltpFR2_events.tsv,1556211,1556461,250,True,
LTP299,2,15,8,SPOON,1357,3114.668,1557334,1,data/ds004395/sub-LTP299/ses-2/eeg/sub-LTP299_ses-2_task-ltpFR2_eeg.edf,data/ds004395/sub-LTP299/ses-2/eeg/sub-LTP299_ses-2_task-ltpFR2_events.tsv,1557484,1557734,250,True,
LTP299,2,15,9,IGLOO,734,3117.208,1558604,0,data/ds004395/sub-LTP299/ses-2/eeg/sub-LTP299_ses-2_task-ltpFR2_eeg.edf,data/ds004395/sub-LTP299/ses-2/eeg/sub-LTP299_ses-2_task-ltpFR2_events.tsv,1558754,1559004,250,True,
LTP299,2,15,10,ICEBERG,731,3119.9,1559950,0,data/ds004395/sub-LTP299/ses-2/eeg/sub-LTP299_ses-2_task-ltpFR2_eeg.edf,data/ds004395/sub-LTP299/ses-2/eeg/sub-LTP299_ses-2_task-ltpFR2_events.tsv,1560100,1560350,250,True,
LTP299,2,15,11,ASIA,46,3122.292,1561146,0,data/ds004395/sub-LTP299/ses-2/eeg/sub-LTP299_ses-2_task-ltpFR2_eeg.edf,data/ds004395/sub-LTP299/ses-2/eeg/sub-LTP299_ses-2_task-ltpFR2_events.tsv,1561296,1561546,250,True,
LTP299,2,15,12,ICING,732,3124.92,1562460,0,data/ds004395/sub-LTP299/ses-2/eeg/sub-LTP299_ses-2_task-ltpFR2_eeg.edf,data/ds004395/sub-LTP299/ses-2/eeg/sub-LTP299_ses-2_task-ltpFR2_events.tsv,1562610,1562860,250,True,
LTP299,2,15,13,CRIB,407,3127.61,1563805,1,data/ds004395/sub-LTP299/ses-2/eeg/sub-LTP299_ses-2_task-ltpFR2_eeg.edf,data/ds004395/sub-LTP299/ses-2/eeg/sub-LTP299_ses-2_task-ltpFR2_events.tsv,1563955,1564205,250,True,
LTP299,2,15,14,POWDER,1117,3130.19,1565095,0,data/ds004395/sub-LTP299/ses-2/eeg/sub-LTP299_ses-2_task-ltpFR2_eeg.edf,data/ds004395/sub-LTP299/ses-2/eeg/sub-LTP299_ses-2_task-ltpFR2_events.tsv,1565245,1565495,250,True,
LTP299,2,15,15,LIPSTICK,829,3132.682,1566341,0,data/ds004395/sub-LTP299/ses-2/eeg/sub-LTP299_ses-2_task-ltpFR2_eeg.edf,data/ds004395/sub-LTP299/ses-2/eeg/sub-LTP299_ses-2_task-ltpFR2_events.tsv,1566491,1566741,250,True,
LTP299,2,15,16,COUSIN,392,3135.108,1567554,0,data/ds004395/sub-LTP299/ses-2/eeg/sub-LTP299_ses-2_task-ltpFR2_eeg.edf,data/ds004395/sub-LTP299/ses-2/eeg/sub-LTP299_ses-2_task-ltpFR2_events.tsv,1567704,1567954,250,True,
LTP299,2,15,17,TWEEZERS,1526,3137.79,1568895,1,data/ds004395/sub-LTP299/ses-2/eeg/sub-LTP299_ses-2_task-ltpFR2_eeg.edf,data/ds004395/sub-LTP299/ses-2/eeg/sub-LTP299_ses-2_task-ltpFR2_events.tsv,1569045,1569295,250,True,
LTP299,2,15,18,ROCKET,1202,3140.306,1570153,0,data/ds004395/sub-LTP299/ses-2/eeg/sub-LTP299_ses-2_task-ltpFR2_eeg.edf,data/ds004395/sub-LTP299/ses-2/eeg/sub-LTP299_ses-2_task-ltpFR2_events.tsv,1570303,1570553,250,True,
LTP299,2,15,19,DONKEY,484,3142.708,1571354,0,data/ds004395/sub-LTP299/ses-2/eeg/sub-LTP299_ses-2_task-ltpFR2_eeg.edf,data/ds004395/sub-LTP299/ses-2/eeg/sub-LTP299_ses-2_task-ltpFR2_events.tsv,1571504,1571754,250,True,
LTP299,2,15,20,FOREHEAD,592,3145.152,1572576,0,data/ds004395/sub-LTP299/ses-2/eeg/sub-LTP299_ses-2_task-ltpFR2_eeg.edf,data/ds004395/sub-LTP299/ses-2/eeg/sub-LTP299_ses-2_task-ltpFR2_events.tsv,1572726,1572976,250,True,
LTP299,2,15,21,WHISKERS,1605,3147.68,1573840,1,data/ds004395/sub-LTP299/ses-2/eeg/sub-LTP299_ses-2_task-ltpFR2_eeg.edf,data/ds004395/sub-LTP299/ses-2/eeg/sub-LTP299_ses-2_task-ltpFR2_events.tsv,1573990,1574240,250,True,
LTP299,2,15,22,SERVER,1272,3150.314,1575157,1,data/ds004395/sub-LTP299/ses-2/eeg/sub-LTP299_ses-2_task-ltpFR2_eeg.edf,data/ds004395/sub-LTP299/ses-2/eeg/sub-LTP299_ses-2_task-ltpFR2_events.tsv,1575307,1575557,250,True,
LTP299,2,15,23,PARSLEY,1016,3152.8,1576400,1,data/ds004395/sub-LTP299/ses-2/eeg/sub-LTP299_ses-2_task-ltpFR2_eeg.edf,data/ds004395/sub-LTP299/ses-2/eeg/sub-LTP299_ses-2_task-ltpFR2_events.tsv,1576550,1576800,250,True,
LTP299,2,15,24,TURNIP,1521,3155.424,1577712,1,data/ds004395/sub-LTP299/ses-2/eeg/sub-LTP299_ses-2_task-ltpFR2_eeg.edf,data/ds004395/sub-LTP299/ses-2/eeg/sub-LTP299_ses-2_task-ltpFR2_events.tsv,1577862,1578112,250,True,
LTP299,2,16,1,DRINK,498,3292.87,1646435,1,data/ds004395/sub-LTP299/ses-2/eeg/sub-LTP299_ses-2_task-ltpFR2_eeg.edf,data/ds004395/sub-LTP299/ses-2/eeg/sub-LTP299_ses-2_task-ltpFR2_events.tsv,1646585,1646835,250,True,
LTP299,2,16,2,EGYPT,519,3295.572,1647786,1,data/ds004395/sub-LTP299/ses-2/eeg/sub-LTP299_ses-2_task-ltpFR2_eeg.edf,data/ds004395/sub-LTP299/ses-2/eeg/sub-LTP299_ses-2_task-ltpFR2_events.tsv,1647936,1648186,250,True,
LTP299,2,16,3,TEMPLE,1448,3298.186,1649093,1,data/ds004395/sub-LTP299/ses-2/eeg/sub-LTP299_ses-2_task-ltpFR2_eeg.edf,data/ds004395/sub-LTP299/ses-2/eeg/sub-LTP299_ses-2_task-ltpFR2_events.tsv,1649243,1649493,250,True,
LTP299,2,16,4,SHOULDER,1294,3300.58,1650290,1,data/ds004395/sub-LTP299/ses-2/eeg/sub-LTP299_ses-2_task-ltpFR2_eeg.edf,data/ds004395/sub-LTP299/ses-2/eeg/sub-LTP299_ses-2_task-ltpFR2_events.tsv,1650440,1650690,250,True,
LTP299,2,16,5,EAGLE,512,3303.262,1651631,1,data/ds004395/sub-LTP299/ses-2/eeg/sub-LTP299_ses-2_task-ltpFR2_eeg.edf,data/ds004395/sub-LTP299/ses-2/eeg/sub-LTP299_ses-2_task-ltpFR2_events.tsv,1651781,1652031,250,True,
LTP299,2,16,6,PLATE,1086,3305.856,1652928,0,data/ds004395/sub-LTP299/ses-2/eeg/sub-LTP299_ses-2_task-ltpFR2_eeg.edf,data/ds004395/sub-LTP299/ses-2/eeg/sub-LTP299_ses-2_task-ltpFR2_events.tsv,1653078,1653328,250,True,
LTP299,2,16,7,OUTDOORS,987,3308.26,1654130,0,data/ds004395/sub-LTP299/ses-2/eeg/sub-LTP299_ses-2_task-ltpFR2_eeg.edf,data/ds004395/sub-LTP299/ses-2/eeg/sub-LTP299_ses-2_task-ltpFR2_events.tsv,1654280,1654530,250,True,
LTP299,2,16,8,PISTOL,1075,3310.654,1655327,1,data/ds004395/sub-LTP299/ses-2/eeg/sub-LTP299_ses-2_task-ltpFR2_eeg.edf,data/ds004395/sub-LTP299/ses-2/eeg/sub-LTP299_ses-2_task-ltpFR2_events.tsv,1655477,1655727,250,True,
LTP299,2,16,9,OUTLAW,989,3312.984,1656492,1,data/ds004395/sub-LTP299/ses-2/eeg/sub-LTP299_ses-2_task-ltpFR2_eeg.edf,data/ds004395/sub-LTP299/ses-2/eeg/sub-LTP299_ses-2_task-ltpFR2_events.tsv,1656642,1656892,250,True,
LTP299,2,16,10,BANQUET,86,3315.318,1657659,0,data/ds004395/sub-LTP299/ses-2/eeg/sub-LTP299_ses-2_task-ltpFR2_eeg.edf,data/ds004395/sub-LTP299/ses-2/eeg/sub-LTP299_ses-2_task-ltpFR2_events.tsv,1657809,1658059,250,True,
LTP299,2,16,11,DRESSER,496,3317.856,1658928,0,data/ds004395/sub-LTP299/ses-2/eeg/sub-LTP299_ses-2_task-ltpFR2_eeg.edf,data/ds004395/sub-LTP299/ses-2/eeg/sub-LTP299_ses-2_task-ltpFR2_events.tsv,1659078,1659328,250,True,
LTP299,2,16,12,PASTA,1021,3320.326,1660163,0,data/ds004395/sub-LTP299/ses-2/eeg/sub-LTP299_ses-2_task-ltpFR2_eeg.edf,data/ds004395/sub-LTP299/ses-2/eeg/sub-LTP299_ses-2_task-ltpFR2_events.tsv,1660313,1660563,250,True,
LTP299,2,16,13,WAITRESS,1581,3322.966,1661483,1,data/ds004395/sub-LTP299/ses-2/eeg/sub-LTP299_ses-2_task-ltpFR2_eeg.edf,data/ds004395/sub-LTP299/ses-2/eeg/sub-LTP299_ses-2_task-ltpFR2_events.tsv,1661633,1661883,250,True,
LTP299,2,16,14,HAND,683,3325.676,1662838,0,data/ds004395/sub-LTP299/ses-2/eeg/sub-LTP299_ses-2_task-ltpFR2_eeg.edf,data/ds004395/sub-LTP299/ses-2/eeg/sub-LTP299_ses-2_task-ltpFR2_events.tsv,1662988,1663238,250,True,
LTP299,2,16,15,GLASS,639,3328.008,1664004,0,data/ds004395/sub-LTP299/ses-2/eeg/sub-LTP299_ses-2_task-ltpFR2_eeg.edf,data/ds004395/sub-LTP299/ses-2/eeg/sub-LTP299_ses-2_task-ltpFR2_events.tsv,1664154,1664404,250,True,
LTP299,2,16,16,COBRA,336,3330.422,1665211,1,data/ds004395/sub-LTP299/ses-2/eeg/sub-LTP299_ses-2_task-ltpFR2_eeg.edf,data/ds004395/sub-LTP299/ses-2/eeg/sub-LTP299_ses-2_task-ltpFR2_events.tsv,1665361,1665611,250,True,
LTP299,2,16,17,CAFE,216,3332.802,1666401,1,data/ds004395/sub-LTP299/ses-2/eeg/sub-LTP299_ses-2_task-ltpFR2_eeg.edf,data/ds004395/sub-LTP299/ses-2/eeg/sub-LTP299_ses-2_task-ltpFR2_events.tsv,1666551,1666801,250,True,
LTP299,2,16,18,HOSTESS,723,3335.372,1667686,1,data/ds004395/sub-LTP299/ses-2/eeg/sub-LTP299_ses-2_task-ltpFR2_eeg.edf,data/ds004395/sub-LTP299/ses-2/eeg/sub-LTP299_ses-2_task-ltpFR2_events.tsv,1667836,1668086,250,True,
LTP299,2,16,19,FRIAR,605,3337.76,1668880,1,data/ds004395/sub-LTP299/ses-2/eeg/sub-LTP299_ses-2_task-ltpFR2_eeg.edf,data/ds004395/sub-LTP299/ses-2/eeg/sub-LTP299_ses-2_task-ltpFR2_events.tsv,1669030,1669280,250,True,
LTP299,2,16,20,CHURCH,307,3340.418,1670209,1,data/ds004395/sub-LTP299/ses-2/eeg/sub-LTP299_ses-2_task-ltpFR2_eeg.edf,data/ds004395/sub-LTP299/ses-2/eeg/sub-LTP299_ses-2_task-ltpFR2_events.tsv,1670359,1670609,250,True,
LTP299,2,16,21,SWAMP,1416,3342.988,1671494,0,data/ds004395/sub-LTP299/ses-2/eeg/sub-LTP299_ses-2_task-ltpFR2_eeg.edf,data/ds004395/sub-LTP299/ses-2/eeg/sub-LTP299_ses-2_task-ltpFR2_events.tsv,1671644,1671894,250,True,
LTP299,2,16,22,FLOWER,584,3345.608,1672804,0,data/ds004395/sub-LTP299/ses-2/eeg/sub-LTP299_ses-2_task-ltpFR2_eeg.edf,data/ds004395/sub-LTP299/ses-2/eeg/sub-LTP299_ses-2_task-ltpFR2_events.tsv,1672954,1673204,250,True,
LTP299,2,16,23,LUNCH,849,3348.116,1674058,0,data/ds004395/sub-LTP299/ses-2/eeg/sub-LTP299_ses-2_task-ltpFR2_eeg.edf,data/ds004395/sub-LTP299/ses-2/eeg/sub-LTP299_ses-2_task-ltpFR2_events.tsv,1674208,1674458,250,True,
LTP299,2,16,24,ELBOW,520,3350.468,1675234,0,data/ds004395/sub-LTP299/ses-2/eeg/sub-LTP299_ses-2_task-ltpFR2_eeg.edf,data/ds004395/sub-LTP299/ses-2/eeg/sub-LTP299_ses-2_task-ltpFR2_events.tsv,1675384,1675634,250,True,
LTP299,2,17,1,BURGLAR,200,3593.362,1796681,1,data/ds004395/sub-LTP299/ses-2/eeg/sub-LTP299_ses-2_task-ltpFR2_eeg.edf,data/ds004395/sub-LTP299/ses-2/eeg/sub-LTP299_ses-2_task-ltpFR2_events.tsv,1796831,1797081,250,True,
LTP299,2,17,2,ROBBER,1197,3595.758,1797879,1,data/ds004395/sub-LTP299/ses-2/eeg/sub-LTP299_ses-2_task-ltpFR2_eeg.edf,data/ds004395/sub-LTP299/ses-2/eeg/sub-LTP299_ses-2_task-ltpFR2_events.tsv,1798029,1798279,250,True,
LTP299,2,17,3,FIREPLACE,570,3598.144,1799072,1,data/ds004395/sub-LTP299/ses-2/eeg/sub-LTP299_ses-2_task-ltpFR2_eeg.edf,data/ds004395/sub-LTP299/ses-2/eeg/sub-LTP299_ses-2_task-ltpFR2_events.tsv,1799222,1799472,250,True,
LTP299,2,17,4,GRAVE,658,3600.658,1800329,1,data/ds004395/sub-LTP299/ses-2/eeg/sub-LTP299_ses-2_task-ltpFR2_eeg.edf,data/ds004395/sub-LTP299/ses-2/eeg/sub-LTP299_ses-2_task-ltpFR2_events.tsv,1800479,1800729,250,True,
LTP299,2,17,5,OMELET,976,3603.212,1801606,1,data/ds004395/sub-LTP299/ses-2/eeg/sub-LTP299_ses-2_task-ltpFR2_eeg.edf,data/ds004395/sub-LTP299/ses-2/eeg/sub-LTP299_ses-2_task-ltpFR2_events.tsv,1801756,1802006,250,True,
LTP299,2,17,6,MARKET,871,3605.704,1802852,0,data/ds004395/sub-LTP299/ses-2/eeg/sub-LTP299_ses-2_task-ltpFR2_eeg.edf,data/ds004395/sub-LTP299/ses-2/eeg/sub-LTP299_ses-2_task-ltpFR2_events.tsv,1803002,1803252,250,True,
LTP299,2,17,7,TART,1436,3608.14,1804070,0,data/ds004395/sub-LTP299/ses-2/eeg/sub-LTP299_ses-2_task-ltpFR2_eeg.edf,data/ds004395/sub-LTP299/ses-2/eeg/sub-LTP299_ses-2_task-ltpFR2_events.tsv,1804220,1804470,250,True,
LTP299,2,17,8,LEADER,807,3610.572,1805286,0,data/ds004395/sub-LTP299/ses-2/eeg/sub-LTP299_ses-2_task-ltpFR2_eeg.edf,data/ds004395/sub-LTP299/ses-2/eeg/sub-LTP299_ses-2_task-ltpFR2_events.tsv,1805436,1805686,250,True,
LTP299,2,17,9,TORTOISE,1486,3612.982,1806491,1,data/ds004395/sub-LTP299/ses-2/eeg/sub-LTP299_ses-2_task-ltpFR2_eeg.edf,data/ds004395/sub-LTP299/ses-2/eeg/sub-LTP299_ses-2_task-ltpFR2_events.tsv,1806641,1806891,250,True,
LTP299,2,17,10,BIKE,125,3615.498,1807749,1,data/ds004395/sub-LTP299/ses-2/eeg/sub-LTP299_ses-2_task-ltpFR2_eeg.edf,data/ds004395/sub-LTP299/ses-2/eeg/sub-LTP299_ses-2_task-ltpFR2_events.tsv,1807899,1808149,250,True,
LTP299,2,17,11,VIRUS,1572,3618.102,1809051,1,data/ds004395/sub-LTP299/ses-2/eeg/sub-LTP299_ses-2_task-ltpFR2_eeg.edf,data/ds004395/sub-LTP299/ses-2/eeg/sub-LTP299_ses-2_task-ltpFR2_events.tsv,1809201,1809451,250,True,
LTP299,2,17,12,XEROX,1628,3620.76,1810380,1,data/ds004395/sub-LTP299/ses-2/eeg/sub-LTP299_ses-2_task-ltpFR2_eeg.edf,data/ds004395/sub-LTP299/ses-2/eeg/sub-LTP299_ses-2_task-ltpFR2_events.tsv,1810530,1810780,250,True,
LTP299,2,17,13,ROD,1203,3623.282,1811641,1,data/ds004395/sub-LTP299/ses-2/eeg/sub-LTP299_ses-2_task-ltpFR2_eeg.edf,data/ds004395/sub-LTP299/ses-2/eeg/sub-LTP299_ses-2_task-ltpFR2_events.tsv,1811791,1812041,250,True,
LTP299,2,17,14,BACON,67,3625.846,1812923,1,data/ds004395/sub-LTP299/ses-2/eeg/sub-LTP299_ses-2_task-ltpFR2_eeg.edf,data/ds004395/sub-LTP299/ses-2/eeg/sub-LTP299_ses-2_task-ltpFR2_events.tsv,1813073,1813323,250,True,
LTP299,2,17,15,HEART,697,3628.29,1814145,1,data/ds004395/sub-LTP299/ses-2/eeg/sub-LTP299_ses-2_task-ltpFR2_eeg.edf,data/ds004395/sub-LTP299/ses-2/eeg/sub-LTP299_ses-2_task-ltpFR2_events.tsv,1814295,1814545,250,True,
LTP299,2,17,16,LIVER,833,3630.914,1815457,1,data/ds004395/sub-LTP299/ses-2/eeg/sub-LTP299_ses-2_task-ltpFR2_eeg.edf,data/ds004395/sub-LTP299/ses-2/eeg/sub-LTP299_ses-2_task-ltpFR2_events.tsv,1815607,1815857,250,True,
LTP299,2,17,17,MARS,873,3633.356,1816678,1,data/ds004395/sub-LTP299/ses-2/eeg/sub-LTP299_ses-2_task-ltpFR2_eeg.edf,data/ds004395/sub-LTP299/ses-2/eeg/sub-LTP299_ses-2_task-ltpFR2_events.tsv,1816828,1817078,250,True,
LTP299,2,17,18,PICNIC,1060,3635.84,1817920,0,data/ds004395/sub-LTP299/ses-2/eeg/sub-LTP299_ses-2_task-ltpFR2_eeg.edf,data/ds004395/sub-LTP299/ses-2/eeg/sub-LTP299_ses-2_task-ltpFR2_events.tsv,1818070,1818320,250,True,
LTP299,2,17,19,SPHINX,1349,3638.348,1819174,1,data/ds004395/sub-LTP299/ses-2/eeg/sub-LTP299_ses-2_task-ltpFR2_eeg.edf,data/ds004395/sub-LTP299/ses-2/eeg/sub-LTP299_ses-2_task-ltpFR2_events.tsv,1819324,1819574,250,True,
LTP299,2,17,20,HATCHET,691,3640.854,1820427,1,data/ds004395/sub-LTP299/ses-2/eeg/sub-LTP299_ses-2_task-ltpFR2_eeg.edf,data/ds004395/sub-LTP299/ses-2/eeg/sub-LTP299_ses-2_task-ltpFR2_events.tsv,1820577,1820827,250,True,
LTP299,2,17,21,DONOR,485,3643.458,1821729,1,data/ds004395/sub-LTP299/ses-2/eeg/sub-LTP299_ses-2_task-ltpFR2_eeg.edf,data/ds004395/sub-LTP299/ses-2/eeg/sub-LTP299_ses-2_task-ltpFR2_events.tsv,1821879,1822129,250,True,
LTP299,2,17,22,CHEST,295,3645.922,1822961,0,data/ds004395/sub-LTP299/ses-2/eeg/sub-LTP299_ses-2_task-ltpFR2_eeg.edf,data/ds004395/sub-LTP299/ses-2/eeg/sub-LTP299_ses-2_task-ltpFR2_events.tsv,1823111,1823361,250,True,
LTP299,2,17,23,TRIBE,1505,3648.584,1824292,1,data/ds004395/sub-LTP299/ses-2/eeg/sub-LTP299_ses-2_task-ltpFR2_eeg.edf,data/ds004395/sub-LTP299/ses-2/eeg/sub-LTP299_ses-2_task-ltpFR2_events.tsv,1824442,1824692,250,True,
LTP299,2,17,24,RATTLE,1170,3651.09,1825545,1,data/ds004395/sub-LTP299/ses-2/eeg/sub-LTP299_ses-2_task-ltpFR2_eeg.edf,data/ds004395/sub-LTP299/ses-2/eeg/sub-LTP299_ses-2_task-ltpFR2_events.tsv,1825695,1825945,250,True,
LTP299,2,18,1,LETTUCE,814,3788.73,1894365,1,data/ds004395/sub-LTP299/ses-2/eeg/sub-LTP299_ses-2_task-ltpFR2_eeg.edf,data/ds004395/sub-LTP299/ses-2/eeg/sub-LTP299_ses-2_task-ltpFR2_events.tsv,1894515,1894765,250,True,
LTP299,2,18,2,SHOVEL,1295,3791.402,1895701,1,data/ds004395/sub-LTP299/ses-2/eeg/sub-LTP299_ses-2_task-ltpFR2_eeg.edf,data/ds004395/sub-LTP299/ses-2/eeg/sub-LTP299_ses-2_task-ltpFR2_events.tsv,1895851,1896101,250,True,
LTP299,2,18,3,SAUSAGE,1238,3793.854,1896927,1,data/ds004395/sub-LTP299/ses-2/eeg/sub-LTP299_ses-2_task-ltpFR2_eeg.edf,data/ds004395/sub-LTP299/ses-2/eeg/sub-LTP299_ses-2_task-ltpFR2_events.tsv,1897077,1897327,250,True,
LTP299,2,18,4,SUPPER,1411,3796.426,1898213,1,data/ds004395/sub-LTP299/ses-2/eeg/sub-LTP299_ses-2_task-ltpFR2_eeg.edf,data/ds004395/sub-LTP299/ses-2/eeg/sub-LTP299_ses-2_task-ltpFR2_events.tsv,1898363,1898613,250,True,
LTP299,2,18,5,CONTRACT,368,3799.036,1899518,0,data/ds004395/sub-LTP299/ses-2/eeg/sub-LTP299_ses-2_task-ltpFR2_eeg.edf,data/ds004395/sub-LTP299/ses-2/eeg/sub-LTP299_ses-2_task-ltpFR2_events.tsv,1899668,1899918,250,True,
LTP299,2,18,6,GARLIC,624,3801.632,1900816,0,data/ds004395/sub-LTP299/ses-2/eeg/sub-LTP299_ses-2_task-ltpFR2_eeg.edf,data/ds004395/sub-LTP299/ses-2/eeg/sub-LTP299_ses-2_task-ltpFR2_events.tsv,1900966,1901216,250,True,
LTP299,2,18,7,CUSTARD,429,3804.09,1902045,0,data/ds004395/sub-LTP299/ses-2/eeg/sub-LTP299_ses-2_task-ltpFR2_eeg.edf,data/ds004395/sub-LTP299/ses-2/eeg/sub-LTP299_ses-2_task-ltpFR2_events.tsv,1902195,1902445,250,True,
LTP299,2,18,8,PUDDING,1139,3806.598,1903299,0,data/ds004395/sub-LTP299/ses-2/eeg/sub-LTP299_ses-2_task-ltpFR2_eeg.edf,data/ds004395/sub-LTP299/ses-2/eeg/sub-LTP299_ses-2_task-ltpFR2_events.tsv,1903449,1903699,250,True,
LTP299,2,18,9,BEEF,113,3808.942,1904471,1,data/ds004395/sub-LTP299/ses-2/eeg/sub-LTP299_ses-2_task-ltpFR2_eeg.edf,data/ds004395/sub-LTP299/ses-2/eeg/sub-LTP299_ses-2_task-ltpFR2_events.tsv,1904621,1904871,250,True,
LTP299,2,18,10,MISSILE,900,3811.418,1905709,0,data/ds004395/sub-LTP299/ses-2/eeg/sub-LTP299_ses-2_task-ltpFR2_eeg.edf,data/ds004395/sub-LTP299/ses-2/eeg/sub-LTP299_ses-2_task-ltpFR2_events.tsv,1905859,1906109,250,True,
LTP299,2,18,11,DINER,467,3813.996,1906998,1,data/ds004395/sub-LTP299/ses-2/eeg/sub-LTP299_ses-2_task-ltpFR2_eeg.edf,data/ds004395/sub-LTP299/ses-2/eeg/sub-LTP299_ses-2_task-ltpFR2_events.tsv,1907148,1907398,250,True,
LTP299,2,18,12,PALACE,1006,3816.704,1908352,0,data/ds004395/sub-LTP299/ses-2/eeg/sub-LTP299_ses-2_task-ltpFR2_eeg.edf,data/ds004395/sub-LTP299/ses-2/eeg/sub-LTP299_ses-2_task-ltpFR2_events.tsv,1908502,1908752,250,True,
LTP299,2,18,13,PIZZA,1079,3819.098,1909549,0,data/ds004395/sub-LTP299/ses-2/eeg/sub-LTP299_ses-2_task-ltpFR2_eeg.edf,data/ds004395/sub-LTP299/ses-2/eeg/sub-LTP299_ses-2_task-ltpFR2_events.tsv,1909699,1909949,250,True,
LTP299,2,18,14,HORNET,718,3821.444,1910722,0,data/ds004395/sub-LTP299/ses-2/eeg/sub-LTP299_ses-2_task-ltpFR2_eeg.edf,data/ds004395/sub-LTP299/ses-2/eeg/sub-LTP299_ses-2_task-ltpFR2_events.tsv,1910872,1911122,250,True,
LTP299,2,18,15,LADY,794,3824.102,1912051,1,data/ds004395/sub-LTP299/ses-2/eeg/sub-LTP299_ses-2_task-ltpFR2_eeg.edf,data/ds004395/sub-LTP299/ses-2/eeg/sub-LTP299_ses-2_task-ltpFR2_events.tsv,1912201,1912451,250,True,
LTP299,2,18,16,CABBAGE,210,3826.61,1913305,1,data/ds004395/sub-LTP299/ses-2/eeg/sub-LTP299_ses-2_task-ltpFR2_eeg.edf,data/ds004395/sub-LTP299/ses-2/eeg/sub-LTP299_ses-2_task-ltpFR2_events.tsv,1913455,1913705,250,True,
LTP299,2,18,17,FARMER,553,3829.262,1914631,1,data/ds004395/sub-LTP299/ses-2/eeg/sub-LTP299_ses-2_task-ltpFR2_eeg.edf,data/ds004395/sub-LTP299/ses-2/eeg/sub-LTP299_ses-2_task-ltpFR2_events.tsv,1914781,1915031,250,True,
LTP299,2,18,18,GROUND,666,3831.928,1915964,1,data/ds004395/sub-LTP299/ses-2/eeg/sub-LTP299_ses-2_task-ltpFR2_eeg.edf,data/ds004395/sub-LTP299/ses-2/eeg/sub-LTP299_ses-2_task-ltpFR2_events.tsv,1916114,1916364,250,True,
LTP299,2,18,19,SALAD,1224,3834.41,1917205,0,data/ds004395/sub-LTP299/ses-2/eeg/sub-LTP299_ses-2_task-ltpFR2_eeg.edf,data/ds004395/sub-LTP299/ses-2/eeg/sub-LTP299_ses-2_task-ltpFR2_events.tsv,1917355,1917605,250,True,
LTP299,2,18,20,DRESS,495,3837.086,1918543,1,data/ds004395/sub-LTP299/ses-2/eeg/sub-LTP299_ses-2_task-ltpFR2_eeg.edf,data/ds004395/sub-LTP299/ses-2/eeg/sub-LTP299_ses-2_task-ltpFR2_events.tsv,1918693,1918943,250,True,
LTP299,2,18,21,TRACTOR,1493,3839.592,1919796,1,data/ds004395/sub-LTP299/ses-2/eeg/sub-LTP299_ses-2_task-ltpFR2_eeg.edf,data/ds004395/sub-LTP299/ses-2/eeg/sub-LTP299_ses-2_task-ltpFR2_events.tsv,1919946,1920196,250,True,
LTP299,2,18,22,CUPBOARD,425,3841.94,1920970,1,data/ds004395/sub-LTP299/ses-2/eeg/sub-LTP299_ses-2_task-ltpFR2_eeg.edf,data/ds004395/sub-LTP299/ses-2/eeg/sub-LTP299_ses-2_task-ltpFR2_events.tsv,1921120,1921370,250,True,
LTP299,2,18,23,JEANS,752,3844.5,1922250,1,data/ds004395/sub-LTP299/ses-2/eeg/sub-LTP299_ses-2_task-ltpFR2_eeg.edf,data/ds004395/sub-LTP299/ses-2/eeg/sub-LTP299_ses-2_task-ltpFR2_events.tsv,1922400,1922650,250,True,
LTP299,2,18,24,JUDGE,761,3847.022,1923511,1,data/ds004395/sub-LTP299/ses-2/eeg/sub-LTP299_ses-2_task-ltpFR2_eeg.edf,data/ds004395/sub-LTP299/ses-2/eeg/sub-LTP299_ses-2_task-ltpFR2_events.tsv,1923661,1923911,250,True,
LTP299,2,19,1,LOVER,846,3984.56,1992280,1,data/ds004395/sub-LTP299/ses-2/eeg/sub-LTP299_ses-2_task-ltpFR2_eeg.edf,data/ds004395/sub-LTP299/ses-2/eeg/sub-LTP299_ses-2_task-ltpFR2_events.tsv,1992430,1992680,250,True,
LTP299,2,19,2,INMATE,738,3987.248,1993624,1,data/ds004395/sub-LTP299/ses-2/eeg/sub-LTP299_ses-2_task-ltpFR2_eeg.edf,data/ds004395/sub-LTP299/ses-2/eeg/sub-LTP299_ses-2_task-ltpFR2_events.tsv,1993774,1994024,250,True,
LTP299,2,19,3,ULCER,1533,3989.686,1994843,1,data/ds004395/sub-LTP299/ses-2/eeg/sub-LTP299_ses-2_task-ltpFR2_eeg.edf,data/ds004395/sub-LTP299/ses-2/eeg/sub-LTP299_ses-2_task-ltpFR2_events.tsv,1994993,1995243,250,True,
LTP299,2,19,4,FRANCE,601,3992.178,1996089,0,data/ds004395/sub-LTP299/ses-2/eeg/sub-LTP299_ses-2_task-ltpFR2_eeg.edf,data/ds004395/sub-LTP299/ses-2/eeg/sub-LTP299_ses-2_task-ltpFR2_events.tsv,1996239,1996489,250,True,
LTP299,2,19,5,PLASTER,1085,3994.508,1997254,1,data/ds004395/sub-LTP299/ses-2/eeg/sub-LTP299_ses-2_task-ltpFR2_eeg.edf,data/ds004395/sub-LTP299/ses-2/eeg/sub-LTP299_ses-2_task-ltpFR2_events.tsv,1997404,1997654,250,True,
LTP299,2,19,6,BLUEPRINT,142,3997.078,1998539,1,data/ds004395/sub-LTP299/ses-2/eeg/sub-LTP299_ses-2_task-ltpFR2_eeg.edf,data/ds004395/sub-LTP299/ses-2/eeg/sub-LTP299_ses-2_task-ltpFR2_events.tsv,1998689,1998939,250,True,
LTP299,2,19,7,GARBAGE,622,3999.682,1999841,1,data/ds004395/sub-LTP299/ses-2/eeg/sub-LTP299_ses-2_task-ltpFR2_eeg.edf,data/ds004395/sub-LTP299/ses-2/eeg/sub-LTP299_ses-2_task-ltpFR2_events.tsv,1999991,2000241,250,True,
LTP299,2,19,8,MAILMAN,858,4002.026,2001013,1,data/ds004395/sub-LTP299/ses-2/eeg/sub-LTP299_ses-2_task-ltpFR2_eeg.edf,data/ds004395/sub-LTP299/ses-2/eeg/sub-LTP299_ses-2_task-ltpFR2_events.tsv,2001163,2001413,250,True,
LTP299,2,19,9,LADDER,793,4004.534,2002267,0,data/ds004395/sub-LTP299/ses-2/eeg/sub-LTP299_ses-2_task-ltpFR2_eeg.edf,data/ds004395/sub-LTP299/ses-2/eeg/sub-LTP299_ses-2_task-ltpFR2_events.tsv,2002417,2002667,250,True,
LTP299,2,19,10,RAFT,1159,4007.136,2003568,1,data/ds004395/sub-LTP299/ses-2/eeg/sub-LTP299_ses-2_task-ltpFR2_eeg.edf,data/ds004395/sub-LTP299/ses-2/eeg/sub-LTP299_ses-2_task-ltpFR2_events.tsv,2003718,2003968,250,True,
LTP299,2,19,11,CASKET,255,4009.52,2004760,1,data/ds004395/sub-LTP299/ses-2/eeg/sub-LTP299_ses-2_task-ltpFR2_eeg.edf,data/ds004395/sub-LTP299/ses-2/eeg/sub-LTP299_ses-2_task-ltpFR2_events.tsv,2004910,2005160,250,True,
LTP299,2,19,12,GUITAR,670,4011.91,2005955,1,data/ds004395/sub-LTP299/ses-2/eeg/sub-LTP299_ses-2_task-ltpFR2_eeg.edf,data/ds004395/sub-LTP299/ses-2/eeg/sub-LTP299_ses-2_task-ltpFR2_events.tsv,2006105,2006355,250,True,
LTP299,2,19,13,MUFFIN,929,4014.35,2007175,0,data/ds004395/sub-LTP299/ses-2/eeg/sub-LTP299_ses-2_task-ltpFR2_eeg.edf,data/ds004395/sub-LTP299/ses-2/eeg/sub-LTP299_ses-2_task-ltpFR2_events.tsv,2007325,2007575,250,True,
LTP299,2,19,14,SCARECROW,1245,4016.702,2008351,0,data/ds004395/sub-LTP299/ses-2/eeg/sub-LTP299_ses-2_task-ltpFR2_eeg.edf,data/ds004395/sub-LTP299/ses-2/eeg/sub-LTP299_ses-2_task-ltpFR2_events.tsv,2008501,2008751,250,True,
LTP299,2,19,15,SALMON,1227,4019.048,2009524,1,data/ds004395/sub-LTP299/ses-2/eeg/sub-LTP299_ses-2_task-ltpFR2_eeg.edf,data/ds004395/sub-LTP299/ses-2/eeg/sub-LTP299_ses-2_task-ltpFR2_events.tsv,2009674,2009924,250,True,
LTP299,2,19,16,MESSAGE,888,4021.42,2010710,0,data/ds004395/sub-LTP299/ses-2/eeg/sub-LTP299_ses-2_task-ltpFR2_eeg.edf,data/ds004395/sub-LTP299/ses-2/eeg/sub-LTP299_ses-2_task-ltpFR2_events.tsv,2010860,2011110,250,True,
LTP299,2,19,17,CROSS,413,4023.886,2011943,0,data/ds004395/sub-LTP299/ses-2/eeg/sub-LTP299_ses-2_task-ltpFR2_eeg.edf,data/ds004395/sub-LTP299/ses-2/eeg/sub-LTP299_ses-2_task-ltpFR2_events.tsv,2012093,2012343,250,True,
LTP299,2,19,18,CHAPEL,280,4026.504,2013252,0,data/ds004395/sub-LTP299/ses-2/eeg/sub-LTP299_ses-2_task-ltpFR2_eeg.edf,data/ds004395/sub-LTP299/ses-2/eeg/sub-LTP299_ses-2_task-ltpFR2_events.tsv,2013402,2013652,250,True,
LTP299,2,19,19,BUBBLE,183,4028.876,2014438,0,data/ds004395/sub-LTP299/ses-2/eeg/sub-LTP299_ses-2_task-ltpFR2_eeg.edf,data/ds004395/sub-LTP299/ses-2/eeg/sub-LTP299_ses-2_task-ltpFR2_events.tsv,2014588,2014838,250,True,
LTP299,2,19,20,MARINE,869,4031.238,2015619,1,data/ds004395/sub-LTP299/ses-2/eeg/sub-LTP299_ses-2_task-ltpFR2_eeg.edf,data/ds004395/sub-LTP299/ses-2/eeg/sub-LTP299_ses-2_task-ltpFR2_events.tsv,2015769,2016019,250,True,
LTP299,2,19,21,STAMP,1370,4033.776,2016888,1,data/ds004395/sub-LTP299/ses-2/eeg/sub-LTP299_ses-2_task-ltpFR2_eeg.edf,data/ds004395/sub-LTP299/ses-2/eeg/sub-LTP299_ses-2_task-ltpFR2_events.tsv,2017038,2017288,250,True,
LTP299,2,19,22,CONVICT,371,4036.284,2018142,1,data/ds004395/sub-LTP299/ses-2/eeg/sub-LTP299_ses-2_task-ltpFR2_eeg.edf,data/ds004395/sub-LTP299/ses-2/eeg/sub-LTP299_ses-2_task-ltpFR2_events.tsv,2018292,2018542,250,True,
LTP299,2,19,23,JURY,766,4038.726,2019363,1,data/ds004395/sub-LTP299/ses-2/eeg/sub-LTP299_ses-2_task-ltpFR2_eeg.edf,data/ds004395/sub-LTP299/ses-2/eeg/sub-LTP299_ses-2_task-ltpFR2_events.tsv,2019513,2019763,250,True,
LTP299,2,19,24,PISTON,1076,4041.32,2020660,1,data/ds004395/sub-LTP299/ses-2/eeg/sub-LTP299_ses-2_task-ltpFR2_eeg.edf,data/ds004395/sub-LTP299/ses-2/eeg/sub-LTP299_ses-2_task-ltpFR2_events.tsv,2020810,2021060,250,True,
LTP299,2,20,1,SUNRISE,1407,4154.942,2077471,1,data/ds004395/sub-LTP299/ses-2/eeg/sub-LTP299_ses-2_task-ltpFR2_eeg.edf,data/ds004395/sub-LTP299/ses-2/eeg/sub-LTP299_ses-2_task-ltpFR2_events.tsv,2077621,2077871,250,True,
LTP299,2,20,2,BANK,83,4157.368,2078684,1,data/ds004395/sub-LTP299/ses-2/eeg/sub-LTP299_ses-2_task-ltpFR2_eeg.edf,data/ds004395/sub-LTP299/ses-2/eeg/sub-LTP299_ses-2_task-ltpFR2_events.tsv,2078834,2079084,250,True,
LTP299,2,20,3,BRANDY,169,4159.778,2079889,1,data/ds004395/sub-LTP299/ses-2/eeg/sub-LTP299_ses-2_task-ltpFR2_eeg.edf,data/ds004395/sub-LTP299/ses-2/eeg/sub-LTP299_ses-2_task-ltpFR2_events.tsv,2080039,2080289,250,True,
LTP299,2,20,4,SIDEWALK,1303,4162.174,2081087,0,data/ds004395/sub-LTP299/ses-2/eeg/sub-LTP299_ses-2_task-ltpFR2_eeg.edf,data/ds004395/sub-LTP299/ses-2/eeg/sub-LTP299_ses-2_task-ltpFR2_events.tsv,2081237,2081487,250,True,
LTP299,2,20,5,SHRUB,1299,4164.616,2082308,1,data/ds004395/sub-LTP299/ses-2/eeg/sub-LTP299_ses-2_task-ltpFR2_eeg.edf,data/ds004395/sub-LTP299/ses-2/eeg/sub-LTP299_ses-2_task-ltpFR2_events.tsv,2082458,2082708,250,True,
LTP299,2,20,6,GARDEN,623,4167.09,2083545,0,data/ds004395/sub-LTP299/ses-2/eeg/sub-LTP299_ses-2_task-ltpFR2_eeg.edf,data/ds004395/sub-LTP299/ses-2/eeg/sub-LTP299_ses-2_task-ltpFR2_events.tsv,2083695,2083945,250,True,
LTP299,2,20,7,MAILBOX,857,4169.484,2084742,1,data/ds004395/sub-LTP299/ses-2/eeg/sub-LTP299_ses-2_task-ltpFR2_eeg.edf,data/ds004395/sub-LTP299/ses-2/eeg/sub-LTP299_ses-2_task-ltpFR2_events.tsv,2084892,2085142,250,True,
LTP299,2,20,8,FLUTE,585,4171.96,2085980,0,data/ds004395/sub-LTP299/ses-2/eeg/sub-LTP299_ses-2_task-ltpFR2_eeg.edf,data/ds004395/sub-LTP299/ses-2/eeg/sub-LTP299_ses-2_task-ltpFR2_events.tsv,2086130,2086380,250,True,
LTP299,2,20,9,CHIPMUNK,304,4174.674,2087337,1,data/ds004395/sub-LTP299/ses-2/eeg/sub-LTP299_ses-2_task-ltpFR2_eeg.edf,data/ds004395/sub-LTP299/ses-2/eeg/sub-LTP299_ses-2_task-ltpFR2_events.tsv,2087487,2087737,250,True,
LTP299,2,20,10,SUNSET,1408,4177.228,2088614,1,data/ds004395/sub-LTP299/ses-2/eeg/sub-LTP299_ses-2_task-ltpFR2_eeg.edf,data/ds004395/sub-LTP299/ses-2/eeg/sub-LTP299_ses-2_task-ltpFR2_events.tsv,2088764,2089014,250,True,
LTP299,2,20,11,CIGAR,308,4179.928,2089964,1,data/ds004395/sub-LTP299/ses-2/eeg/sub-LTP299_ses-2_task-ltpFR2_eeg.edf,data/ds004395/sub-LTP299/ses-2/eeg/sub-LTP299_ses-2_task-ltpFR2_events.tsv,2090114,2090364,250,True,
LTP299,2,20,12,FOX,598,4182.532,2091266,1,data/ds004395/sub-LTP299/ses-2/eeg/sub-LTP299_ses-2_task-ltpFR2_eeg.edf,data/ds004395/sub-LTP299/ses-2/eeg/sub-LTP299_ses-2_task-ltpFR2_events.tsv,2091416,2091666,250,True,
LTP299,2,20,13,BACKBONE,66,4184.988,2092494,1,data/ds004395/sub-LTP299/ses-2/eeg/sub-LTP299_ses-2_task-ltpFR2_eeg.edf,data/ds004395/sub-LTP299/ses-2/eeg/sub-LTP299_ses-2_task-ltpFR2_events.tsv,2092644,2092894,250,True,
LTP299,2,20,14,SPACE,1345,4187.432,2093716,0,data/ds004395/sub-LTP299/ses-2/eeg/sub-LTP299_ses-2_task-ltpFR2_eeg.edf,data/ds004395/sub-LTP299/ses-2/eeg/sub-LTP299_ses-2_task-ltpFR2_events.tsv,2093866,2094116,250,True,
LTP299,2,20,15,BODY,145,4190.002,2095001,0,data/ds004395/sub-LTP299/ses-2/eeg/sub-LTP299_ses-2_task-ltpFR2_eeg.edf,data/ds004395/sub-LTP299/ses-2/eeg/sub-LTP299_ses-2_task-ltpFR2_events.tsv,2095151,2095401,250,True,
LTP299,2,20,16,MOP,916,4192.668,2096334,0,data/ds004395/sub-LTP299/ses-2/eeg/sub-LTP299_ses-2_task-ltpFR2_eeg.edf,data/ds004395/sub-LTP299/ses-2/eeg/sub-LTP299_ses-2_task-ltpFR2_events.tsv,2096484,2096734,250,True,
LTP299,2,20,17,DUSTPAN,509,4195.144,2097572,0,data/ds004395/sub-LTP299/ses-2/eeg/sub-LTP299_ses-2_task-ltpFR2_eeg.edf,data/ds004395/sub-LTP299/ses-2/eeg/sub-LTP299_ses-2_task-ltpFR2_events.tsv,2097722,2097972,250,True,
LTP299,2,20,18,PANTHER,1009,4197.618,2098809,1,data/ds004395/sub-LTP299/ses-2/eeg/sub-LTP299_ses-2_task-ltpFR2_eeg.edf,data/ds004395/sub-LTP299/ses-2/eeg/sub-LTP299_ses-2_task-ltpFR2_events.tsv,2098959,2099209,250,True,
LTP299,2,20,19,OX,994,4200.19,2100095,1,data/ds004395/sub-LTP299/ses-2/eeg/sub-LTP299_ses-2_task-ltpFR2_eeg.edf,data/ds004395/sub-LTP299/ses-2/eeg/sub-LTP299_ses-2_task-ltpFR2_events.tsv,2100245,2100495,250,True,
LTP299,2,20,20,COLONEL,348,4202.52,2101260,1,data/ds004395/sub-LTP299/ses-2/eeg/sub-LTP299_ses-2_task-ltpFR2_eeg.edf,data/ds004395/sub-LTP299/ses-2/eeg/sub-LTP299_ses-2_task-ltpFR2_events.tsv,2101410,2101660,250,True,
LTP299,2,20,21,CLOTHES,327,4205.024,2102512,0,data/ds004395/sub-LTP299/ses-2/eeg/sub-LTP299_ses-2_task-ltpFR2_eeg.edf,data/ds004395/sub-LTP299/ses-2/eeg/sub-LTP299_ses-2_task-ltpFR2_events.tsv,2102662,2102912,250,True,
LTP299,2,20,22,BUREAU,199,4207.468,2103734,1,data/ds004395/sub-LTP299/ses-2/eeg/sub-LTP299_ses-2_task-ltpFR2_eeg.edf,data/ds004395/sub-LTP299/ses-2/eeg/sub-LTP299_ses-2_task-ltpFR2_events.tsv,2103884,2104134,250,True,
LTP299,2,20,23,BRACES,164,4209.844,2104922,1,data/ds004395/sub-LTP299/ses-2/eeg/sub-LTP299_ses-2_task-ltpFR2_eeg.edf,data/ds004395/sub-LTP299/ses-2/eeg/sub-LTP299_ses-2_task-ltpFR2_events.tsv,2105072,2105322,250,True,
LTP299,2,20,24,SCISSORS,1250,4212.21,2106105,1,data/ds004395/sub-LTP299/ses-2/eeg/sub-LTP299_ses-2_task-ltpFR2_eeg.edf,data/ds004395/sub-LTP299/ses-2/eeg/sub-LTP299_ses-2_task-ltpFR2_events.tsv,2106255,2106505,250,True,
LTP299,2,21,1,CATTLE,261,4349.634,2174817,1,data/ds004395/sub-LTP299/ses-2/eeg/sub-LTP299_ses-2_task-ltpFR2_eeg.edf,data/ds004395/sub-LTP299/ses-2/eeg/sub-LTP299_ses-2_task-ltpFR2_events.tsv,2174967,2175217,250,True,
LTP299,2,21,2,SPIDER,1351,4352.138,2176069,1,data/ds004395/sub-LTP299/ses-2/eeg/sub-LTP299_ses-2_task-ltpFR2_eeg.edf,data/ds004395/sub-LTP299/ses-2/eeg/sub-LTP299_ses-2_task-ltpFR2_events.tsv,2176219,2176469,250,True,
LTP299,2,21,3,SPARROW,1347,4354.676,2177338,1,data/ds004395/sub-LTP299/ses-2/eeg/sub-LTP299_ses-2_task-ltpFR2_eeg.edf,data/ds004395/sub-LTP299/ses-2/eeg/sub-LTP299_ses-2_task-ltpFR2_events.tsv,2177488,2177738,250,True,
LTP299,2,21,4,PARROT,1015,4357.328,2178664,0,data/ds004395/sub-LTP299/ses-2/eeg/sub-LTP299_ses-2_task-ltpFR2_eeg.edf,data/ds004395/sub-LTP299/ses-2/eeg/sub-LTP299_ses-2_task-ltpFR2_events.tsv,2178814,2179064,250,True,
LTP299,2,21,5,PAIL,1002,4359.674,2179837,1,data/ds004395/sub-LTP299/ses-2/eeg/sub-LTP299_ses-2_task-ltpFR2_eeg.edf,data/ds004395/sub-LTP299/ses-2/eeg/sub-LTP299_ses-2_task-ltpFR2_events.tsv,2179987,2180237,250,True,
LTP299,2,21,6,LACE,792,4362.034,2181017,1,data/ds004395/sub-LTP299/ses-2/eeg/sub-LTP299_ses-2_task-ltpFR2_eeg.edf,data/ds004395/sub-LTP299/ses-2/eeg/sub-LTP299_ses-2_task-ltpFR2_events.tsv,2181167,2181417,250,True,
LTP299,2,21,7,SKIRT,1319,4364.576,2182288,0,data/ds004395/sub-LTP299/ses-2/eeg/sub-LTP299_ses-2_task-ltpFR2_eeg.edf,data/ds004395/sub-LTP299/ses-2/eeg/sub-LTP299_ses-2_task-ltpFR2_events.tsv,2182438,2182688,250,True,
LTP299,2,21,8,RACKET,1155,4367.242,2183621,0,data/ds004395/sub-LTP299/ses-2/eeg/sub-LTP299_ses-2_task-ltpFR2_eeg.edf,data/ds004395/sub-LTP299/ses-2/eeg/sub-LTP299_ses-2_task-ltpFR2_events.tsv,2183771,2184021,250,True,
LTP299,2,21,9,ARM,38,4369.62,2184810,0,data/ds004395/sub-LTP299/ses-2/eeg/sub-LTP299_ses-2_task-ltpFR2_eeg.edf,data/ds004395/sub-LTP299/ses-2/eeg/sub-LTP299_ses-2_task-ltpFR2_events.tsv,2184960,2185210,250,True,
LTP299,2,21,10,BREAST,171,4372.224,2186112,1,data/ds004395/sub-LTP299/ses-2/eeg/sub-LTP299_ses-2_task-ltpFR2_eeg.edf,data/ds004395/sub-LTP299/ses-2/eeg/sub-LTP299_ses-2_task-ltpFR2_events.tsv,2186262,2186512,250,True,
LTP299,2,21,11,CONCERT,360,4374.824,2187412,0,data/ds004395/sub-LTP299/ses-2/eeg/sub-LTP299_ses-2_task-ltpFR2_eeg.edf,data/ds004395/sub-LTP299/ses-2/eeg/sub-LTP299_ses-2_task-ltpFR2_events.tsv,2187562,2187812,250,True,
LTP299,2,21,12,ATOM,55,4377.494,2188747,0,data/ds004395/sub-LTP299/ses-2/eeg/sub-LTP299_ses-2_task-ltpFR2_eeg.edf,data/ds004395/sub-LTP299/ses-2/eeg/sub-LTP299_ses-2_task-ltpFR2_events.tsv,2188897,2189147,250,True,
LTP299,2,21,13,NOTEBOOK,959,4380.016,2190008,0,data/ds004395/sub-LTP299/ses-2/eeg/sub-LTP299_ses-2_task-ltpFR2_eeg.edf,data/ds004395/sub-LTP299/ses-2/eeg/sub-LTP299_ses-2_task-ltpFR2_events.tsv,2190158,2190408,250,True,
LTP299,2,21,14,BUG,187,4382.732,2191366,1,data/ds004395/sub-LTP299/ses-2/eeg/sub-LTP299_ses-2_task-ltpFR2_eeg.edf,data/ds004395/sub-LTP299/ses-2/eeg/sub-LTP299_ses-2_task-ltpFR2_events.tsv,2191516,2191766,250,True,
LTP299,2,21,15,NOMAD,955,4385.43,2192715,0,data/ds004395/sub-LTP299/ses-2/eeg/sub-LTP299_ses-2_task-ltpFR2_eeg.edf,data/ds004395/sub-LTP299/ses-2/eeg/sub-LTP299_ses-2_task-ltpFR2_events.tsv,2192865,2193115,250,True,
LTP299,2,21,16,HUMAN,726,4387.922,2193961,1,data/ds004395/sub-LTP299/ses-2/eeg/sub-LTP299_ses-2_task-ltpFR2_eeg.edf,data/ds004395/sub-LTP299/ses-2/eeg/sub-LTP299_ses-2_task-ltpFR2_events.tsv,2194111,2194361,250,True,
LTP299,2,21,17,PATROL,1027,4390.542,2195271,1,data/ds004395/sub-LTP299/ses-2/eeg/sub-LTP299_ses-2_task-ltpFR2_eeg.edf,data/ds004395/sub-LTP299/ses-2/eeg/sub-LTP299_ses-2_task-ltpFR2_events.tsv,2195421,2195671,250,True,
LTP299,2,21,18,QUARTER,1148,4393.176,2196588,0,data/ds004395/sub-LTP299/ses-2/eeg/sub-LTP299_ses-2_task-ltpFR2_eeg.edf,data/ds004395/sub-LTP299/ses-2/eeg/sub-LTP299_ses-2_task-ltpFR2_events.tsv,2196738,2196988,250,True,
LTP299,2,21,19,TERMITE,1451,4395.54,2197770,1,data/ds004395/sub-LTP299/ses-2/eeg/sub-LTP299_ses-2_task-ltpFR2_eeg.edf,data/ds004395/sub-LTP299/ses-2/eeg/sub-LTP299_ses-2_task-ltpFR2_events.tsv,2197920,2198170,250,True,
LTP299,2,21,20,CHEMIST,292,4398.126,2199063,0,data/ds004395/sub-LTP299/ses-2/eeg/sub-LTP299_ses-2_task-ltpFR2_eeg.edf,data/ds004395/sub-LTP299/ses-2/eeg/sub-LTP299_ses-2_task-ltpFR2_events.tsv,2199213,2199463,250,True,
LTP299,2,21,21,TOASTER,1472,4400.568,2200284,0,data/ds004395/sub-LTP299/ses-2/eeg/sub-LTP299_ses-2_task-ltpFR2_eeg.edf,data/ds004395/sub-LTP299/ses-2/eeg/sub-LTP299_ses-2_task-ltpFR2_events.tsv,2200434,2200684,250,True,
LTP299,2,21,22,EUROPE,541,4402.948,2201474,1,data/ds004395/sub-LTP299/ses-2/eeg/sub-LTP299_ses-2_task-ltpFR2_eeg.edf,data/ds004395/sub-LTP299/ses-2/eeg/sub-LTP299_ses-2_task-ltpFR2_events.tsv,2201624,2201874,250,True,
LTP299,2,21,23,BUTCHER,203,4405.5,2202750,1,data/ds004395/sub-LTP299/ses-2/eeg/sub-LTP299_ses-2_task-ltpFR2_eeg.edf,data/ds004395/sub-LTP299/ses-2/eeg/sub-LTP299_ses-2_task-ltpFR2_events.tsv,2202900,2203150,250,True,
LTP299,2,21,24,KITCHEN,778,4408.074,2204037,1,data/ds004395/sub-LTP299/ses-2/eeg/sub-LTP299_ses-2_task-ltpFR2_eeg.edf,data/ds004395/sub-LTP299/ses-2/eeg/sub-LTP299_ses-2_task-ltpFR2_events.tsv,2204187,2204437,250,True,
LTP299,2,22,1,CORAL,378,4521.766,2260883,1,data/ds004395/sub-LTP299/ses-2/eeg/sub-LTP299_ses-2_task-ltpFR2_eeg.edf,data/ds004395/sub-LTP299/ses-2/eeg/sub-LTP299_ses-2_task-ltpFR2_events.tsv,2261033,2261283,250,True,
LTP299,2,22,2,ANTLER,29,4524.128,2262064,1,data/ds004395/sub-LTP299/ses-2/eeg/sub-LTP299_ses-2_task-ltpFR2_eeg.edf,data/ds004395/sub-LTP299/ses-2/eeg/sub-LTP299_ses-2_task-ltpFR2_events.tsv,2262214,2262464,250,True,
LTP299,2,22,3,BEAKER,104,4526.652,2263326,1,data/ds004395/sub-LTP299/ses-2/eeg/sub-LTP299_ses-2_task-ltpFR2_eeg.edf,data/ds004395/sub-LTP299/ses-2/eeg/sub-LTP299_ses-2_task-ltpFR2_events.tsv,2263476,2263726,250,True,
LTP299,2,22,4,POCKET,1093,4529.174,2264587,0,data/ds004395/sub-LTP299/ses-2/eeg/sub-LTP299_ses-2_task-ltpFR2_eeg.edf,data/ds004395/sub-LTP299/ses-2/eeg/sub-LTP299_ses-2_task-ltpFR2_events.tsv,2264737,2264987,250,True,
LTP299,2,22,5,TWISTER,1530,4531.576,2265788,1,data/ds004395/sub-LTP299/ses-2/eeg/sub-LTP299_ses-2_task-ltpFR2_eeg.edf,data/ds004395/sub-LTP299/ses-2/eeg/sub-LTP299_ses-2_task-ltpFR2_events.tsv,2265938,2266188,250,True,
LTP299,2,22,6,TEACHER,1440,4533.914,2266957,1,data/ds004395/sub-LTP299/ses-2/eeg/sub-LTP299_ses-2_task-ltpFR2_eeg.edf,data/ds004395/sub-LTP299/ses-2/eeg/sub-LTP299_ses-2_task-ltpFR2_events.tsv,2267107,2267357,250,True,
LTP299,2,22,7,DANDRUFF,439,4536.396,2268198,0,data/ds004395/sub-LTP299/ses-2/eeg/sub-LTP299_ses-2_task-ltpFR2_eeg.edf,data/ds004395/sub-LTP299/ses-2/eeg/sub-LTP299_ses-2_task-ltpFR2_events.tsv,2268348,2268598,250,True,
LTP299,2,22,8,KNAPSACK,783,4538.768,2269384,1,data/ds004395/sub-LTP299/ses-2/eeg/sub-LTP299_ses-2_task-ltpFR2_eeg.edf,data/ds004395/sub-LTP299/ses-2/eeg/sub-LTP299_ses-2_task-ltpFR2_events.tsv,2269534,2269784,250,True,
LTP299,2,22,9,CRITIC,410,4541.096,2270548,1,data/ds004395/sub-LTP299/ses-2/eeg/sub-LTP299_ses-2_task-ltpFR2_eeg.edf,data/ds004395/sub-LTP299/ses-2/eeg/sub-LTP299_ses-2_task-ltpFR2_events.tsv,2270698,2270948,250,True,
LTP299,2,22,10,ACTRESS,6,4543.452,2271726,1,data/ds004395/sub-LTP299/ses-2/eeg/sub-LTP299_ses-2_task-ltpFR2_eeg.edf,data/ds004395/sub-LTP299/ses-2/eeg/sub-LTP299_ses-2_task-ltpFR2_events.tsv,2271876,2272126,250,True,
LTP299,2,22,11,STUDENT,1395,4545.962,2272981,0,data/ds004395/sub-LTP299/ses-2/eeg/sub-LTP299_ses-2_task-ltpFR2_eeg.edf,data/ds004395/sub-LTP299/ses-2/eeg/sub-LTP299_ses-2_task-ltpFR2_events.tsv,2273131,2273381,250,True,
LTP299,2,22,12,STALLION,1369,4548.578,2274289,0,data/ds004395/sub-LTP299/ses-2/eeg/sub-LTP299_ses-2_task-ltpFR2_eeg.edf,data/ds004395/sub-LTP299/ses-2/eeg/sub-LTP299_ses-2_task-ltpFR2_events.tsv,2274439,2274689,250,True,
LTP299,2,22,13,BISON,131,4551.104,2275552,0,data/ds004395/sub-LTP299/ses-2/eeg/sub-LTP299_ses-2_task-ltpFR2_eeg.edf,data/ds004395/sub-LTP299/ses-2/eeg/sub-LTP299_ses-2_task-ltpFR2_events.tsv,2275702,2275952,250,True,
LTP299,2,22,14,PARTNER,1017,4553.548,2276774,1,data/ds004395/sub-LTP299/ses-2/eeg/sub-LTP299_ses-2_task-ltpFR2_eeg.edf,data/ds004395/sub-LTP299/ses-2/eeg/sub-LTP299_ses-2_task-ltpFR2_events.tsv,2276924,2277174,250,True,
LTP299,2,22,15,BELLY,119,4556.258,2278129,1,data/ds004395/sub-LTP299/ses-2/eeg/sub-LTP299_ses-2_task-ltpFR2_eeg.edf,data/ds004395/sub-LTP299/ses-2/eeg/sub-LTP299_ses-2_task-ltpFR2_events.tsv,2278279,2278529,250,True,
LTP299,2,22,16,STOMACH,1384,4558.754,2279377,1,data/ds004395/sub-LTP299/ses-2/eeg/sub-LTP299_ses-2_task-ltpFR2_eeg.edf,data/ds004395/sub-LTP299/ses-2/eeg/sub-LTP299_ses-2_task-ltpFR2_events.tsv,2279527,2279777,250,True,
LTP299,2,22,17,SHORTS,1293,4561.144,2280572,0,data/ds004395/sub-LTP299/ses-2/eeg/sub-LTP299_ses-2_task-ltpFR2_eeg.edf,data/ds004395/sub-LTP299/ses-2/eeg/sub-LTP299_ses-2_task-ltpFR2_events.tsv,2280722,2280972,250,True,
LTP299,2,22,18,BLENDER,136,4563.552,2281776,0,data/ds004395/sub-LTP299/ses-2/eeg/sub-LTP299_ses-2_task-ltpFR2_eeg.edf,data/ds004395/sub-LTP299/ses-2/eeg/sub-LTP299_ses-2_task-ltpFR2_events.tsv,2281926,2282176,250,True,
LTP299,2,22,19,POLICE,1098,4566.268,2283134,1,data/ds004395/sub-LTP299/ses-2/eeg/sub-LTP299_ses-2_task-ltpFR2_eeg.edf,data/ds004395/sub-LTP299/ses-2/eeg/sub-LTP299_ses-2_task-ltpFR2_events.tsv,2283284,2283534,250,True,
LTP299,2,22,20,COSTUME,383,4568.728,2284364,1,data/ds004395/sub-LTP299/ses-2/eeg/sub-LTP299_ses-2_task-ltpFR2_eeg.edf,data/ds004395/sub-LTP299/ses-2/eeg/sub-LTP299_ses-2_task-ltpFR2_events.tsv,2284514,2284764,250,True,
LTP299,2,22,21,MONSTER,912,4571.346,2285673,0,data/ds004395/sub-LTP299/ses-2/eeg/sub-LTP299_ses-2_task-ltpFR2_eeg.edf,data/ds004395/sub-LTP299/ses-2/eeg/sub-LTP299_ses-2_task-ltpFR2_events.tsv,2285823,2286073,250,True,
LTP299,2,22,22,THIEF,1456,4573.71,2286855,0,data/ds004395/sub-LTP299/ses-2/eeg/sub-LTP299_ses-2_task-ltpFR2_eeg.edf,data/ds004395/sub-LTP299/ses-2/eeg/sub-LTP299_ses-2_task-ltpFR2_events.tsv,2287005,2287255,250,True,
LTP299,2,22,23,ONION,977,4576.394,2288197,0,data/ds004395/sub-LTP299/ses-2/eeg/sub-LTP299_ses-2_task-ltpFR2_eeg.edf,data/ds004395/sub-LTP299/ses-2/eeg/sub-LTP299_ses-2_task-ltpFR2_events.tsv,2288347,2288597,250,True,
LTP299,2,22,24,COUNTY,389,4578.786,2289393,0,data/ds004395/sub-LTP299/ses-2/eeg/sub-LTP299_ses-2_task-ltpFR2_eeg.edf,data/ds004395/sub-LTP299/ses-2/eeg/sub-LTP299_ses-2_task-ltpFR2_events.tsv,2289543,2289793,250,True,
LTP299,2,23,1,COTTAGE,384,4716.208,2358104,1,data/ds004395/sub-LTP299/ses-2/eeg/sub-LTP299_ses-2_task-ltpFR2_eeg.edf,data/ds004395/sub-LTP299/ses-2/eeg/sub-LTP299_ses-2_task-ltpFR2_events.tsv,2358254,2358504,250,True,
LTP299,2,23,2,BUCKET,184,4718.728,2359364,1,data/ds004395/sub-LTP299/ses-2/eeg/sub-LTP299_ses-2_task-ltpFR2_eeg.edf,data/ds004395/sub-LTP299/ses-2/eeg/sub-LTP299_ses-2_task-ltpFR2_events.tsv,2359514,2359764,250,True,
LTP299,2,23,3,BROOK,177,4721.412,2360706,1,data/ds004395/sub-LTP299/ses-2/eeg/sub-LTP299_ses-2_task-ltpFR2_eeg.edf,data/ds004395/sub-LTP299/ses-2/eeg/sub-LTP299_ses-2_task-ltpFR2_events.tsv,2360856,2361106,250,True,
LTP299,2,23,4,AIRPORT,13,4723.824,2361912,1,data/ds004395/sub-LTP299/ses-2/eeg/sub-LTP299_ses-2_task-ltpFR2_eeg.edf,data/ds004395/sub-LTP299/ses-2/eeg/sub-LTP299_ses-2_task-ltpFR2_events.tsv,2362062,2362312,250,True,
LTP299,2,23,5,GALLON,618,4726.266,2363133,0,data/ds004395/sub-LTP299/ses-2/eeg/sub-LTP299_ses-2_task-ltpFR2_eeg.edf,data/ds004395/sub-LTP299/ses-2/eeg/sub-LTP299_ses-2_task-ltpFR2_events.tsv,2363283,2363533,250,True,
LTP299,2,23,6,LILY,821,4728.966,2364483,1,data/ds004395/sub-LTP299/ses-2/eeg/sub-LTP299_ses-2_task-ltpFR2_eeg.edf,data/ds004395/sub-LTP299/ses-2/eeg/sub-LTP299_ses-2_task-ltpFR2_events.tsv,2364633,2364883,250,True,
LTP299,2,23,7,TUTU,1524,4731.328,2365664,1,data/ds004395/sub-LTP299/ses-2/eeg/sub-LTP299_ses-2_task-ltpFR2_eeg.edf,data/ds004395/sub-LTP299/ses-2/eeg/sub-LTP299_ses-2_task-ltpFR2_events.tsv,2365814,2366064,250,True,
LTP299,2,23,8,BOX,159,4733.89,2366945,1,data/ds004395/sub-LTP299/ses-2/eeg/sub-LTP299_ses-2_task-ltpFR2_eeg.edf,data/ds004395/sub-LTP299/ses-2/eeg/sub-LTP299_ses-2_task-ltpFR2_events.tsv,2367095,2367345,250,True,
LTP299,2,23,9,LUMBER,848,4736.414,2368207,1,data/ds004395/sub-LTP299/ses-2/eeg/sub-LTP299_ses-2_task-ltpFR2_eeg.edf,data/ds004395/sub-LTP299/ses-2/eeg/sub-LTP299_ses-2_task-ltpFR2_events.tsv,2368357,2368607,250,True,
LTP299,2,23,10,PADDLE,1000,4738.814,2369407,0,data/ds004395/sub-LTP299/ses-2/eeg/sub-LTP299_ses-2_task-ltpFR2_eeg.edf,data/ds004395/sub-LTP299/ses-2/eeg/sub-LTP299_ses-2_task-ltpFR2_events.tsv,2369557,2369807,250,True,
LTP299,2,23,11,REPORT,1184,4741.306,2370653,1,data/ds004395/sub-LTP299/ses-2/eeg/sub-LTP299_ses-2_task-ltpFR2_eeg.edf,data/ds004395/sub-LTP299/ses-2/eeg/sub-LTP299_ses-2_task-ltpFR2_events.tsv,2370803,2371053,250,True,
LTP299,2,23,12,FLAG,573,4743.87,2371935,0,data/ds004395/sub-LTP299/ses-2/eeg/sub-LTP299_ses-2_task-ltpFR2_eeg.edf,data/ds004395/sub-LTP299/ses-2/eeg/sub-LTP299_ses-2_task-ltpFR2_events.tsv,2372085,2372335,250,True,
LTP299,2,23,13,SNAKE,1333,4746.368,2373184,1,data/ds004395/sub-LTP299/ses-2/eeg/sub-LTP299_ses-2_task-ltpFR2_eeg.edf,data/ds004395/sub-LTP299/ses-2/eeg/sub-LTP299_ses-2_task-ltpFR2_events.tsv,2373334,2373584,250,True,
LTP299,2,23,14,SUITCASE,1403,4748.866,2374433,1,data/ds004395/sub-LTP299/ses-2/eeg/sub-LTP299_ses-2_task-ltpFR2_eeg.edf,data/ds004395/sub-LTP299/ses-2/eeg/sub-LTP299_ses-2_task-ltpFR2_events.tsv,2374583,2374833,250,True,
LTP299,2,23,15,TOURIST,1488,4751.396,2375698,1,data/ds004395/sub-LTP299/ses-2/eeg/sub-LTP299_ses-2_task-ltpFR2_eeg.edf,data/ds004395/sub-LTP299/ses-2/eeg/sub-LTP299_ses-2_task-ltpFR2_events.tsv,2375848,2376098,250,True,
LTP299,2,23,16,POSSUM,1112,4754.08,2377040,1,data/ds004395/sub-LTP299/ses-2/eeg/sub-LTP299_ses-2_task-ltpFR2_eeg.edf,data/ds004395/sub-LTP299/ses-2/eeg/sub-LTP299_ses-2_task-ltpFR2_events.tsv,2377190,2377440,250,True,
LTP299,2,23,17,HANDBAG,684,4756.7,2378350,0,data/ds004395/sub-LTP299/ses-2/eeg/sub-LTP299_ses-2_task-ltpFR2_eeg.edf,data/ds004395/sub-LTP299/ses-2/eeg/sub-LTP299_ses-2_task-ltpFR2_events.tsv,2378500,2378750,250,True,
LTP299,2,23,18,VIKING,1565,4759.336,2379668,1,data/ds004395/sub-LTP299/ses-2/eeg/sub-LTP299_ses-2_task-ltpFR2_eeg.edf,data/ds004395/sub-LTP299/ses-2/eeg/sub-LTP299_ses-2_task-ltpFR2_events.tsv,2379818,2380068,250,True,
LTP299,2,23,19,FOOTBALL,591,4761.8,2380900,0,data/ds004395/sub-LTP299/ses-2/eeg/sub-LTP299_ses-2_task-ltpFR2_eeg.edf,data/ds004395/sub-LTP299/ses-2/eeg/sub-LTP299_ses-2_task-ltpFR2_events.tsv,2381050,2381300,250,True,
LTP299,2,23,20,GIFT,635,4764.43,2382215,0,data/ds004395/sub-LTP299/ses-2/eeg/sub-LTP299_ses-2_task-ltpFR2_eeg.edf,data/ds004395/sub-LTP299/ses-2/eeg/sub-LTP299_ses-2_task-ltpFR2_events.tsv,2382365,2382615,250,True,
LTP299,2,23,21,CRAYON,401,4766.942,2383471,0,data/ds004395/sub-LTP299/ses-2/eeg/sub-LTP299_ses-2_task-ltpFR2_eeg.edf,data/ds004395/sub-LTP299/ses-2/eeg/sub-LTP299_ses-2_task-ltpFR2_events.tsv,2383621,2383871,250,True,
LTP299,2,23,22,PLAID,1080,4769.602,2384801,0,data/ds004395/sub-LTP299/ses-2/eeg/sub-LTP299_ses-2_task-ltpFR2_eeg.edf,data/ds004395/sub-LTP299/ses-2/eeg/sub-LTP299_ses-2_task-ltpFR2_events.tsv,2384951,2385201,250,True,
LTP299,2,23,23,UMPIRE,1535,4772.078,2386039,1,data/ds004395/sub-LTP299/ses-2/eeg/sub-LTP299_ses-2_task-ltpFR2_eeg.edf,data/ds004395/sub-LTP299/ses-2/eeg/sub-LTP299_ses-2_task-ltpFR2_events.tsv,2386189,2386439,250,True,
LTP299,2,23,24,PLAZA,1088,4774.44,2387220,0,data/ds004395/sub-LTP299/ses-2/eeg/sub-LTP299_ses-2_task-ltpFR2_eeg.edf,data/ds004395/sub-LTP299/ses-2/eeg/sub-LTP299_ses-2_task-ltpFR2_events.tsv,2387370,2387620,250,True,
LTP299,2,24,1,WRIST,1626,4888.09,2444045,1,data/ds004395/sub-LTP299/ses-2/eeg/sub-LTP299_ses-2_task-ltpFR2_eeg.edf,data/ds004395/sub-LTP299/ses-2/eeg/sub-LTP299_ses-2_task-ltpFR2_events.tsv,2444195,2444445,250,True,
LTP299,2,24,2,WORKER,1621,4890.534,2445267,0,data/ds004395/sub-LTP299/ses-2/eeg/sub-LTP299_ses-2_task-ltpFR2_eeg.edf,data/ds004395/sub-LTP299/ses-2/eeg/sub-LTP299_ses-2_task-ltpFR2_events.tsv,2445417,2445667,250,True,
LTP299,2,24,3,TYPIST,1532,4893.186,2446593,1,data/ds004395/sub-LTP299/ses-2/eeg/sub-LTP299_ses-2_task-ltpFR2_eeg.edf,data/ds004395/sub-LTP299/ses-2/eeg/sub-LTP299_ses-2_task-ltpFR2_events.tsv,2446743,2446993,250,True,
LTP299,2,24,4,PECAN,1036,4895.836,2447918,0,data/ds004395/sub-LTP299/ses-2/eeg/sub-LTP299_ses-2_task-ltpFR2_eeg.edf,data/ds004395/sub-LTP299/ses-2/eeg/sub-LTP299_ses-2_task-ltpFR2_events.tsv,2448068,2448318,250,True,
LTP299,2,24,5,FRUIT,610,4898.166,2449083,0,data/ds004395/sub-LTP299/ses-2/eeg/sub-LTP299_ses-2_task-ltpFR2_eeg.edf,data/ds004395/sub-LTP299/ses-2/eeg/sub-LTP299_ses-2_task-ltpFR2_events.tsv,2449233,2449483,250,True,
LTP299,2,24,6,ROBIN,1199,4900.818,2450409,0,data/ds004395/sub-LTP299/ses-2/eeg/sub-LTP299_ses-2_task-ltpFR2_eeg.edf,data/ds004395/sub-LTP299/ses-2/eeg/sub-LTP299_ses-2_task-ltpFR2_events.tsv,2450559,2450809,250,True,
LTP299,2,24,7,GLOVE,642,4903.5,2451750,0,data/ds004395/sub-LTP299/ses-2/eeg/sub-LTP299_ses-2_task-ltpFR2_eeg.edf,data/ds004395/sub-LTP299/ses-2/eeg/sub-LTP299_ses-2_task-ltpFR2_events.tsv,2451900,2452150,250,True,
LTP299,2,24,8,CURTAIN,427,4906.156,2453078,0,data/ds004395/sub-LTP299/ses-2/eeg/sub-LTP299_ses-2_task-ltpFR2_eeg.edf,data/ds004395/sub-LTP299/ses-2/eeg/sub-LTP299_ses-2_task-ltpFR2_events.tsv,2453228,2453478,250,True,
LTP299,2,24,9,WITNESS,1618,4908.534,2454267,0,data/ds004395/sub-LTP299/ses-2/eeg/sub-LTP299_ses-2_task-ltpFR2_eeg.edf,data/ds004395/sub-LTP299/ses-2/eeg/sub-LTP299_ses-2_task-ltpFR2_events.tsv,2454417,2454667,250,True,
LTP299,2,24,10,FINGER,567,4911.23,2455615,0,data/ds004395/sub-LTP299/ses-2/eeg/sub-LTP299_ses-2_task-ltpFR2_eeg.edf,data/ds004395/sub-LTP299/ses-2/eeg/sub-LTP299_ses-2_task-ltpFR2_events.tsv,2455765,2456015,250,True,
LTP299,2,24,11,CHAMPAGNE,278,4913.704,2456852,0,data/ds004395/sub-LTP299/ses-2/eeg/sub-LTP299_ses-2_task-ltpFR2_eeg.edf,data/ds004395/sub-LTP299/ses-2/eeg/sub-LTP299_ses-2_task-ltpFR2_events.tsv,2457002,2457252,250,True,
LTP299,2,24,12,GAVEL,627,4916.162,2458081,1,data/ds004395/sub-LTP299/ses-2/eeg/sub-LTP299_ses-2_task-ltpFR2_eeg.edf,data/ds004395/sub-LTP299/ses-2/eeg/sub-LTP299_ses-2_task-ltpFR2_events.tsv,2458231,2458481,250,True,
LTP299,2,24,13,NOVEL,960,4918.83,2459415,0,data/ds004395/sub-LTP299/ses-2/eeg/sub-LTP299_ses-2_task-ltpFR2_eeg.edf,data/ds004395/sub-LTP299/ses-2/eeg/sub-LTP299_ses-2_task-ltpFR2_events.tsv,2459565,2459815,250,True,
LTP299,2,24,14,STICKER,1382,4921.53,2460765,1,data/ds004395/sub-LTP299/ses-2/eeg/sub-LTP299_ses-2_task-ltpFR2_eeg.edf,data/ds004395/sub-LTP299/ses-2/eeg/sub-LTP299_ses-2_task-ltpFR2_events.tsv,2460915,2461165,250,True,
LTP299,2,24,15,COLLEGE,346,4924.1,2462050,1,data/ds004395/sub-LTP299/ses-2/eeg/sub-LTP299_ses-2_task-ltpFR2_eeg.edf,data/ds004395/sub-LTP299/ses-2/eeg/sub-LTP299_ses-2_task-ltpFR2_events.tsv,2462200,2462450,250,True,
LTP299,2,24,16,FOOT,590,4926.766,2463383,1,data/ds004395/sub-LTP299/ses-2/eeg/sub-LTP299_ses-2_task-ltpFR2_eeg.edf,data/ds004395/sub-LTP299/ses-2/eeg/sub-LTP299_ses-2_task-ltpFR2_events.tsv,2463533,2463783,250,True,
LTP299,2,24,17,PASSAGE,1019,4929.352,2464676,0,data/ds004395/sub-LTP299/ses-2/eeg/sub-LTP299_ses-2_task-ltpFR2_eeg.edf,data/ds004395/sub-LTP299/ses-2/eeg/sub-LTP299_ses-2_task-ltpFR2_events.tsv,2464826,2465076,250,True,
LTP299,2,24,18,JOURNAL,760,4931.86,2465930,0,data/ds004395/sub-LTP299/ses-2/eeg/sub-LTP299_ses-2_task-ltpFR2_eeg.edf,data/ds004395/sub-LTP299/ses-2/eeg/sub-LTP299_ses-2_task-ltpFR2_events.tsv,2466080,2466330,250,True,
LTP299,2,24,19,ROOSTER,1209,4934.222,2467111,0,data/ds004395/sub-LTP299/ses-2/eeg/sub-LTP299_ses-2_task-ltpFR2_eeg.edf,data/ds004395/sub-LTP299/ses-2/eeg/sub-LTP299_ses-2_task-ltpFR2_events.tsv,2467261,2467511,250,True,
LTP299,2,24,20,LAVA,804,4936.75,2468375,0,data/ds004395/sub-LTP299/ses-2/eeg/sub-LTP299_ses-2_task-ltpFR2_eeg.edf,data/ds004395/sub-LTP299/ses-2/eeg/sub-LTP299_ses-2_task-ltpFR2_events.tsv,2468525,2468775,250,True,
LTP299,2,24,21,SPOUSE,1358,4939.282,2469641,1,data/ds004395/sub-LTP299/ses-2/eeg/sub-LTP299_ses-2_task-ltpFR2_eeg.edf,data/ds004395/sub-LTP299/ses-2/eeg/sub-LTP299_ses-2_task-ltpFR2_events.tsv,2469791,2470041,250,True,
LTP299,2,24,22,HUSBAND,728,4941.822,2470911,1,data/ds004395/sub-LTP299/ses-2/eeg/sub-LTP299_ses-2_task-ltpFR2_eeg.edf,data/ds004395/sub-LTP299/ses-2/eeg/sub-LTP299_ses-2_task-ltpFR2_events.tsv,2471061,2471311,250,True,
LTP299,2,24,23,COOK,372,4944.182,2472091,1,data/ds004395/sub-LTP299/ses-2/eeg/sub-LTP299_ses-2_task-ltpFR2_eeg.edf,data/ds004395/sub-LTP299/ses-2/eeg/sub-LTP299_ses-2_task-ltpFR2_events.tsv,2472241,2472491,250,True,
LTP299,2,24,24,COFFEE,341,4946.808,2473404,1,data/ds004395/sub-LTP299/ses-2/eeg/sub-LTP299_ses-2_task-ltpFR2_eeg.edf,data/ds004395/sub-LTP299/ses-2/eeg/sub-LTP299_ses-2_task-ltpFR2_events.tsv,2473554,2473804,250,True,
