subject,session,trial,serialpos,word,item_num,onset,sample,recalled,eeg_file,event_file,start_sample,stop_sample,n_timepoints,extracted,drop_reason
LTP302,17,1,1,APRON,35,257.598,128799,1,data/ds004395/sub-LTP302/ses-17/eeg/sub-LTP302_ses-17_task-ltpFR2_eeg.edf,data/ds004395/sub-LTP302/ses-17/eeg/sub-LTP302_ses-17_task-ltpFR2_events.tsv,128949,129199,250,True,
LTP302,17,1,2,FOOT,590,260.108,130054,1,data/ds004395/sub-LTP302/ses-17/eeg/sub-LTP302_ses-17_task-ltpFR2_eeg.edf,data/ds004395/sub-LTP302/ses-17/eeg/sub-LTP302_ses-17_task-ltpFR2_events.tsv,130204,130454,250,True,
LTP302,17,1,3,OYSTER,995,262.594,131297,1,data/ds004395/sub-LTP302/ses-17/eeg/sub-LTP302_ses-17_task-ltpFR2_eeg.edf,data/ds004395/sub-LTP302/ses-17/eeg/sub-LTP302_ses-17_task-ltpFR2_events.tsv,131447,131697,250,True,
LTP302,17,1,4,TORTOISE,1486,265.272,132636,0,data/ds004395/sub-LTP302/ses-17/eeg/sub-LTP302_ses-17_task-ltpFR2_eeg.edf,data/ds004395/sub-LTP302/ses-17/eeg/sub-LTP302_ses-17_task-ltpFR2_events.tsv,132786,133036,250,True,
LTP302,17,1,5,PISTOL,1075,267.74,133870,1,data/ds004395/sub-LTP302/ses-17/eeg/sub-LTP302_ses-17_task-ltpFR2_eeg.edf,data/ds004395/sub-LTP302/ses-17/eeg/sub-LTP302_ses-17_task-ltpFR2_events.tsv,134020,134270,250,True,
LTP302,17,1,6,STAPLE,1371,270.258,135129,1,data/ds004395/sub-LTP302/ses-17/eeg/sub-LTP302_ses-17_task-ltpFR2_eeg.edf,data/ds004395/sub-LTP302/ses-17/eeg/sub-LTP302_ses-17_task-ltpFR2_events.tsv,135279,135529,250,True,
LTP302,17,1,7,CYCLONE,431,272.82,136410,1,data/ds004395/sub-LTP302/ses-17/eeg/sub-LTP302_ses-17_task-ltpFR2_eeg.edf,data/ds004395/sub-LTP302/ses-17/eeg/sub-LTP302_ses-17_task-ltpFR2_events.tsv,136560,136810,250,True,
LTP302,17,1,8,HEDGE,699,275.596,137798,1,data/ds004395/sub-LTP302/ses-17/eeg/sub-LTP302_ses-17_task-ltpFR2_eeg.edf,data/ds004395/sub-LTP302/ses-17/eeg/sub-LTP302_ses-17_task-ltpFR2_events.tsv,137948,138198,250,True,
LTP302,17,1,9,PUDDLE,1140,278.282,139141,1,data/ds004395/sub-LTP302/ses-17/eeg/sub-LTP302_ses-17_task-ltpFR2_eeg.edf,data/ds004395/sub-LTP302/ses-17/eeg/sub-LTP302_ses-17_task-ltpFR2_events.tsv,139291,139541,250,True,
LTP302,17,1,10,NEUTRON,947,280.7,140350,0,data/ds004395/sub-LTP302/ses-17/eeg/sub-LTP302_ses-17_task-ltpFR2_eeg.edf,data/ds004395/sub-LTP302/ses-17/eeg/sub-LTP302_ses-17_task-ltpFR2_events.tsv,140500,140750,250,True,
LTP302,17,1,11,ATOM,55,283.4,141700,0,data/ds004395/sub-LTP302/ses-17/eeg/sub-LTP302_ses-17_task-ltpFR2_eeg.edf,data/ds004395/sub-LTP302/ses-17/eeg/sub-LTP302_ses-17_task-ltpFR2_events.tsv,141850,142100,250,True,
LTP302,17,1,12,PANTHER,1009,286.152,143076,0,data/ds004395/sub-LTP302/ses-17/eeg/sub-LTP302_ses-17_task-ltpFR2_eeg.edf,data/ds004395/sub-LTP302/ses-17/eeg/sub-LTP302_ses-17_task-ltpFR2_events.tsv,143226,143476,250,True,
LTP302,17,1,13,BIKE,125,288.604,144302,0,data/ds004395/sub-LTP302/ses-17/eeg/sub-LTP302_ses-17_task-ltpFR2_eeg.edf,data/ds004395/sub-LTP302/ses-17/eeg/sub-LTP302_ses-17_task-ltpFR2_events.tsv,144452,144702,250,True,
LTP302,17,1,14,SWAMP,1416,291.352,145676,0,data/ds004395/sub-LTP302/ses-17/eeg/sub-LTP302_ses-17_task-ltpFR2_eeg.edf,data/ds004395/sub-LTP302/ses-17/eeg/sub-LTP302_ses-17_task-ltpFR2_events.tsv,145826,146076,250,True,
LTP302,17,1,15,STAR,1373,294.036,147018,0,data/ds004395/sub-LTP302/ses-17/eeg/sub-LTP302_ses-17_task-ltpFR2_eeg.edf,data/ds004395/sub-LTP302/ses-17/eeg/sub-LTP302_ses-17_task-ltpFR2_events.tsv,147168,147418,250,True,
LTP302,17,1,16,SOFTBALL,1343,296.606,148303,0,data/ds004395/sub-LTP302/ses-17/eeg/sub-LTP302_ses-17_task-ltpFR2_eeg.edf,data/ds004395/sub-LTP302/ses-17/eeg/sub-LTP302_ses-17_task-ltpFR2_events.tsv,148453,148703,250,True,
LTP302,17,1,17,DOUGHNUT,490,299.214,149607,0,data/ds004395/sub-LTP302/ses-17/eeg/sub-LTP302_ses-17_task-ltpFR2_eeg.edf,data/ds004395/sub-LTP302/ses-17/eeg/sub-LTP302_ses-17_task-ltpFR2_events.tsv,149757,150007,250,True,
LTP302,17,1,18,LILY,821,301.794,150897,0,data/ds004395/sub-LTP302/ses-17/eeg/sub-LTP302_ses-17_task-ltpFR2_eeg.edf,data/ds004395/sub-LTP302/ses-17/eeg/sub-LTP302_ses-17_task-ltpFR2_events.tsv,151047,151297,250,True,
LTP302,17,1,19,HEART,697,304.43,152215,0,data/ds004395/sub-LTP302/ses-17/eeg/sub-LTP302_ses-17_task-ltpFR2_eeg.edf,data/ds004395/sub-LTP302/ses-17/eeg/sub-LTP302_ses-17_task-ltpFR2_events.tsv,152365,152615,250,True,
LTP302,17,1,20,TEMPLE,1448,306.866,153433,0,data/ds004395/sub-LTP302/ses-17/eeg/sub-LTP302_ses-17_task-ltpFR2_eeg.edf,data/ds004395/sub-LTP302/ses-17/eeg/sub-LTP302_ses-17_task-ltpFR2_events.tsv,153583,153833,250,True,
LTP302,17,1,21,FARMER,553,309.422,154711,0,data/ds004395/sub-LTP302/ses-17/eeg/sub-LTP302_ses-17_task-ltpFR2_eeg.edf,data/ds004395/sub-LTP302/ses-17/eeg/sub-LTP302_ses-17_task-ltpFR2_events.tsv,154861,155111,250,True,
LTP302,17,1,22,GLASS,639,311.92,155960,0,data/ds004395/sub-LTP302/ses-17/eeg/sub-LTP302_ses-17_task-ltpFR2_eeg.edf,data/ds004395/sub-LTP302/ses-17/eeg/sub-LTP302_ses-17_task-ltpFR2_events.tsv,156110,156360,250,True,
LTP302,17,1,23,CATCHER,258,314.472,157236,0,data/ds004395/sub-LTP302/ses-17/eeg/sub-LTP302_ses-17_task-ltpFR2_eeg.edf,data/ds004395/sub-LTP302/ses-17/eeg/sub-LTP302_ses-17_task-ltpFR2_events.tsv,157386,157636,250,True,
LTP302,17,1,24,BODY,145,317.224,158612,0,data/ds004395/sub-LTP302/ses-17/eeg/sub-LTP302_ses-17_task-ltpFR2_eeg.edf,data/ds004395/sub-LTP302/ses-17/eeg/sub-LTP302_ses-17_task-ltpFR2_events.tsv,158762,159012,250,True,
LTP302,17,2,1,IDOL,733,460.122,230061,0,data/ds004395/sub-LTP302/ses-17/eeg/sub-LTP302_ses-17_task-ltpFR2_eeg.edf,data/ds004395/sub-LTP302/ses-17/eeg/sub-LTP302_ses-17_task-ltpFR2_events.tsv,230211,230461,250,True,
LTP302,17,2,2,POPCORN,1104,462.558,231279,0,data/ds004395/sub-LTP302/ses-17/eeg/sub-LTP302_ses-17_task-ltpFR2_eeg.edf,data/ds004395/sub-LTP302/ses-17/eeg/sub-LTP302_ses-17_task-ltpFR2_events.tsv,231429,231679,250,True,
LTP302,17,2,3,PARTNER,1017,465.244,232622,0,data/ds004395/sub-LTP302/ses-17/eeg/sub-LTP302_ses-17_task-ltpFR2_eeg.edf,data/ds004395/sub-LTP302/ses-17/eeg/sub-LTP302_ses-17_task-ltpFR2_events.tsv,232772,233022,250,True,
LTP302,17,2,4,BLOUSE,139,467.762,233881,0,data/ds004395/sub-LTP302/ses-17/eeg/sub-LTP302_ses-17_task-ltpFR2_eeg.edf,data/ds004395/sub-LTP302/ses-17/eeg/sub-LTP302_ses-17_task-ltpFR2_events.tsv,234031,234281,250,True,
LTP302,17,2,5,DRESS,495,470.398,235199,0,data/ds004395/sub-LTP302/ses-17/eeg/sub-LTP302_ses-17_task-ltpFR2_eeg.edf,data/ds004395/sub-LTP302/ses-17/eeg/sub-LTP302_ses-17_task-ltpFR2_events.tsv,235349,235599,250,True,
LTP302,17,2,6,GRILL,661,472.982,236491,1,data/ds004395/sub-LTP302/ses-17/eeg/sub-LTP302_ses-17_task-ltpFR2_eeg.edf,data/ds004395/sub-LTP302/ses-17/eeg/sub-LTP302_ses-17_task-ltpFR2_events.tsv,236641,236891,250,True,
LTP302,17,2,7,GREASE,660,475.468,237734,1,data/ds004395/sub-LTP302/ses-17/eeg/sub-LTP302_ses-17_task-ltpFR2_eeg.edf,data/ds004395/sub-LTP302/ses-17/eeg/sub-LTP302_ses-17_task-ltpFR2_events.tsv,237884,238134,250,True,
LTP302,17,2,8,JAPAN,749,477.952,238976,1,data/ds004395/sub-LTP302/ses-17/eeg/sub-LTP302_ses-17_task-ltpFR2_eeg.edf,data/ds004395/sub-LTP302/ses-17/eeg/sub-LTP302_ses-17_task-ltpFR2_events.tsv,239126,239376,250,True,
LTP302,17,2,9,ASIA,46,480.554,240277,1,data/ds004395/sub-LTP302/ses-17/eeg/sub-LTP302_ses-17_task-ltpFR2_eeg.edf,data/ds004395/sub-LTP302/ses-17/eeg/sub-LTP302_ses-17_task-ltpFR2_events.tsv,240427,240677,250,True,
LTP302,17,2,10,POSTAGE,1113,483.298,241649,0,data/ds004395/sub-LTP302/ses-17/eeg/sub-LTP302_ses-17_task-ltpFR2_eeg.edf,data/ds004395/sub-LTP302/ses-17/eeg/sub-LTP302_ses-17_task-ltpFR2_events.tsv,241799,242049,250,True,
LTP302,17,2,11,MARKER,870,486.0,243000,0,data/ds004395/sub-LTP302/ses-17/eeg/sub-LTP302_ses-17_task-ltpFR2_eeg.edf,data/ds004395/sub-LTP302/ses-17/eeg/sub-LTP302_ses-17_task-ltpFR2_events.tsv,243150,243400,250,True,
LTP302,17,2,12,PRINCESS,1125,488.512,244256,0,data/ds004395/sub-LTP302/ses-17/eeg/sub-LTP302_ses-17_task-ltpFR2_eeg.edf,data/ds004395/sub-LTP302/ses-17/eeg/sub-LTP302_ses-17_task-ltpFR2_events.tsv,244406,244656,250,True,
LTP302,17,2,13,COURSE,390,491.122,245561,0,data/ds004395/sub-LTP302/ses-17/eeg/sub-LTP302_ses-17_task-ltpFR2_eeg.edf,data/ds004395/sub-LTP302/ses-17/eeg/sub-LTP302_ses-17_task-ltpFR2_events.tsv,245711,245961,250,True,
LTP302,17,2,14,JELLO,754,493.684,246842,0,data/ds004395/sub-LTP302/ses-17/eeg/sub-LTP302_ses-17_task-ltpFR2_eeg.edf,data/ds004395/sub-LTP302/ses-17/eeg/sub-LTP302_ses-17_task-ltpFR2_events.tsv,246992,247242,250,True,
LTP302,17,2,15,SPARROW,1347,496.434,248217,0,data/ds004395/sub-LTP302/ses-17/eeg/sub-LTP302_ses-17_task-ltpFR2_eeg.edf,data/ds004395/sub-LTP302/ses-17/eeg/sub-LTP302_ses-17_task-ltpFR2_events.tsv,248367,248617,250,True,
LTP302,17,2,16,CRITIC,410,499.012,249506,0,data/ds004395/sub-LTP302/ses-17/eeg/sub-LTP302_ses-17_task-ltpFR2_eeg.edf,data/ds004395/sub-LTP302/ses-17/eeg/sub-LTP302_ses-17_task-ltpFR2_events.tsv,249656,249906,250,True,
LTP302,17,2,17,COUNTRY,388,501.764,250882,0,data/ds004395/sub-LTP302/ses-17/eeg/sub-LTP302_ses-17_task-ltpFR2_eeg.edf,data/ds004395/sub-LTP302/ses-17/eeg/sub-LTP302_ses-17_task-ltpFR2_events.tsv,251032,251282,250,True,
LTP302,17,2,18,FLESH,579,504.508,252254,1,data/ds004395/sub-LTP302/ses-17/eeg/sub-LTP302_ses-17_task-ltpFR2_eeg.edf,data/ds004395/sub-LTP302/ses-17/eeg/sub-LTP302_ses-17_task-ltpFR2_events.tsv,252404,252654,250,True,
LTP302,17,2,19,LACE,792,506.976,253488,1,data/ds004395/sub-LTP302/ses-17/eeg/sub-LTP302_ses-17_task-ltpFR2_eeg.edf,data/ds004395/sub-LTP302/ses-17/eeg/sub-LTP302_ses-17_task-ltpFR2_events.tsv,253638,253888,250,True,
LTP302,17,2,20,SEAGULL,1261,509.612,254806,1,data/ds004395/sub-LTP302/ses-17/eeg/sub-LTP302_ses-17_task-ltpFR2_eeg.edf,data/ds004395/sub-LTP302/ses-17/eeg/sub-LTP302_ses-17_task-ltpFR2_events.tsv,254956,255206,250,True,
LTP302,17,2,21,ACTRESS,6,512.038,256019,1,data/ds004395/sub-LTP302/ses-17/eeg/sub-LTP302_ses-17_task-ltpFR2_eeg.edf,data/ds004395/sub-LTP302/ses-17/eeg/sub-LTP302_ses-17_task-ltpFR2_events.tsv,256169,256419,250,True,
LTP302,17,2,22,BARREL,91,514.474,257237,1,data/ds004395/sub-LTP302/ses-17/eeg/sub-LTP302_ses-17_task-ltpFR2_eeg.edf,data/ds004395/sub-LTP302/ses-17/eeg/sub-LTP302_ses-17_task-ltpFR2_events.tsv,257387,257637,250,True,
LTP302,17,2,23,PUDDING,1139,517.194,258597,1,data/ds004395/sub-LTP302/ses-17/eeg/sub-LTP302_ses-17_task-ltpFR2_eeg.edf,data/ds004395/sub-LTP302/ses-17/eeg/sub-LTP302_ses-17_task-ltpFR2_events.tsv,258747,258997,250,True,
LTP302,17,2,24,TYPIST,1532,519.896,259948,1,data/ds004395/sub-LTP302/ses-17/eeg/sub-LTP302_ses-17_task-ltpFR2_eeg.edf,data/ds004395/sub-LTP302/ses-17/eeg/sub-LTP302_ses-17_task-ltpFR2_events.tsv,260098,260348,250,True,
LTP302,17,3,1,VICTIM,1562,637.81,318905,1,data/ds004395/sub-LTP302/ses-17/eeg/sub-LTP302_ses-17_task-ltpFR2_eeg.edf,data/ds004395/sub-LTP302/ses-17/eeg/sub-LTP302_ses-17_task-ltpFR2_events.tsv,319055,319305,250,True,
LTP302,17,3,2,JUDGE,761,640.43,320215,1,data/ds004395/sub-LTP302/ses-17/eeg/sub-LTP302_ses-17_task-ltpFR2_eeg.edf,data/ds004395/sub-LTP302/ses-17/eeg/sub-LTP302_ses-17_task-ltpFR2_events.tsv,320365,320615,250,True,
LTP302,17,3,3,JUGGLER,763,643.164,321582,1,data/ds004395/sub-LTP302/ses-17/eeg/sub-LTP302_ses-17_task-ltpFR2_eeg.edf,data/ds004395/sub-LTP302/ses-17/eeg/sub-LTP302_ses-17_task-ltpFR2_events.tsv,321732,321982,250,True,
LTP302,17,3,4,BULLET,194,645.984,322992,1,data/ds004395/sub-LTP302/ses-17/eeg/sub-LTP302_ses-17_task-ltpFR2_eeg.edf,data/ds004395/sub-LTP302/ses-17/eeg/sub-LTP302_ses-17_task-ltpFR2_events.tsv,323142,323392,250,True,
LTP302,17,3,5,MONEY,908,648.77,324385,1,data/ds004395/sub-LTP302/ses-17/eeg/sub-LTP302_ses-17_task-ltpFR2_eeg.edf,data/ds004395/sub-LTP302/ses-17/eeg/sub-LTP302_ses-17_task-ltpFR2_events.tsv,324535,324785,250,True,
LTP302,17,3,6,FLOWER,584,651.488,325744,0,data/ds004395/sub-LTP302/ses-17/eeg/sub-LTP302_ses-17_task-ltpFR2_eeg.edf,data/ds004395/sub-LTP302/ses-17/eeg/sub-LTP302_ses-17_task-ltpFR2_events.tsv,325894,326144,250,True,
LTP302,17,3,7,BELLY,119,654.058,327029,0,data/ds004395/sub-LTP302/ses-17/eeg/sub-LTP302_ses-17_task-ltpFR2_eeg.edf,data/ds004395/sub-LTP302/ses-17/eeg/sub-LTP302_ses-17_task-ltpFR2_events.tsv,327179,327429,250,True,
LTP302,17,3,8,TURTLE,1522,656.844,328422,0,data/ds004395/sub-LTP302/ses-17/eeg/sub-LTP302_ses-17_task-ltpFR2_eeg.edf,data/ds004395/sub-LTP302/ses-17/eeg/sub-LTP302_ses-17_task-ltpFR2_events.tsv,328572,328822,250,True,
LTP302,17,3,9,CONVICT,371,659.546,329773,0,data/ds004395/sub-LTP302/ses-17/eeg/sub-LTP302_ses-17_task-ltpFR2_eeg.edf,data/ds004395/sub-LTP302/ses-17/eeg/sub-LTP302_ses-17_task-ltpFR2_events.tsv,329923,330173,250,True,
LTP302,17,3,10,ULCER,1533,661.996,330998,0,data/ds004395/sub-LTP302/ses-17/eeg/sub-LTP302_ses-17_task-ltpFR2_eeg.edf,data/ds004395/sub-LTP302/ses-17/eeg/sub-LTP302_ses-17_task-ltpFR2_events.tsv,331148,331398,250,True,
LTP302,17,3,11,CELLAR,267,664.732,332366,0,data/ds004395/sub-LTP302/ses-17/eeg/sub-LTP302_ses-17_task-ltpFR2_eeg.edf,data/ds004395/sub-LTP302/ses-17/eeg/sub-LTP302_ses-17_task-ltpFR2_events.tsv,332516,332766,250,True,
LTP302,17,3,12,DAISY,435,667.384,333692,0,data/ds004395/sub-LTP302/ses-17/eeg/sub-LTP302_ses-17_task-ltpFR2_eeg.edf,data/ds004395/sub-LTP302/ses-17/eeg/sub-LTP302_ses-17_task-ltpFR2_events.tsv,333842,334092,250,True,
LTP302,17,3,13,FOOTBALL,591,670.09,335045,1,data/ds004395/sub-LTP302/ses-17/eeg/sub-LTP302_ses-17_task-ltpFR2_eeg.edf,data/ds004395/sub-LTP302/ses-17/eeg/sub-LTP302_ses-17_task-ltpFR2_events.tsv,335195,335445,250,True,
LTP302,17,3,14,TUNNEL,1519,672.844,336422,1,data/ds004395/sub-LTP302/ses-17/eeg/sub-LTP302_ses-17_task-ltpFR2_eeg.edf,data/ds004395/sub-LTP302/ses-17/eeg/sub-LTP302_ses-17_task-ltpFR2_events.tsv,336572,336822,250,True,
LTP302,17,3,15,BOYFRIEND,162,675.508,337754,1,data/ds004395/sub-LTP302/ses-17/eeg/sub-LTP302_ses-17_task-ltpFR2_eeg.edf,data/ds004395/sub-LTP302/ses-17/eeg/sub-LTP302_ses-17_task-ltpFR2_events.tsv,337904,338154,250,True,
LTP302,17,3,16,YARN,1631,678.276,339138,0,data/ds004395/sub-LTP302/ses-17/eeg/sub-LTP302_ses-17_task-ltpFR2_eeg.edf,data/ds004395/sub-LTP302/ses-17/eeg/sub-LTP302_ses-17_task-ltpFR2_events.tsv,339288,339538,250,True,
LTP302,17,3,17,PLIERS,1089,680.994,340497,0,data/ds004395/sub-LTP302/ses-17/eeg/sub-LTP302_ses-17_task-ltpFR2_eeg.edf,data/ds004395/sub-LTP302/ses-17/eeg/sub-LTP302_ses-17_task-ltpFR2_events.tsv,340647,340897,250,True,
LTP302,17,3,18,WRENCH,1625,683.446,341723,0,data/ds004395/sub-LTP302/ses-17/eeg/sub-LTP302_ses-17_task-ltpFR2_eeg.edf,data/ds004395/sub-LTP302/ses-17/eeg/sub-LTP302_ses-17_task-ltpFR2_events.tsv,341873,342123,250,True,
LTP302,17,3,19,COCKTAIL,338,686.066,343033,0,data/ds004395/sub-LTP302/ses-17/eeg/sub-LTP302_ses-17_task-ltpFR2_eeg.edf,data/ds004395/sub-LTP302/ses-17/eeg/sub-LTP302_ses-17_task-ltpFR2_events.tsv,343183,343433,250,True,
LTP302,17,3,20,HARP,689,688.718,344359,0,data/ds004395/sub-LTP302/ses-17/eeg/sub-LTP302_ses-17_task-ltpFR2_eeg.edf,data/ds004395/sub-LTP302/ses-17/eeg/sub-LTP302_ses-17_task-ltpFR2_events.tsv,344509,344759,250,True,
LTP302,17,3,21,CORAL,378,691.42,345710,0,data/ds004395/sub-LTP302/ses-17/eeg/sub-LTP302_ses-17_task-ltpFR2_eeg.edf,data/ds004395/sub-LTP302/ses-17/eeg/sub-LTP302_ses-17_task-ltpFR2_events.tsv,345860,346110,250,True,
LTP302,17,3,22,OZONE,996,694.154,347077,0,data/ds004395/sub-LTP302/ses-17/eeg/sub-LTP302_ses-17_task-ltpFR2_eeg.edf,data/ds004395/sub-LTP302/ses-17/eeg/sub-LTP302_ses-17_task-ltpFR2_events.tsv,347227,347477,250,True,
LTP302,17,3,23,PALACE,1006,696.858,348429,0,data/ds004395/sub-LTP302/ses-17/eeg/sub-LTP302_ses-17_task-ltpFR2_eeg.edf,data/ds004395/sub-LTP302/ses-17/eeg/sub-LTP302_ses-17_task-ltpFR2_events.tsv,348579,348829,250,True,
LTP302,17,3,24,ROCKET,1202,699.51,349755,0,data/ds004395/sub-LTP302/ses-17/eeg/sub-LTP302_ses-17_task-ltpFR2_eeg.edf,data/ds004395/sub-LTP302/ses-17/eeg/sub-LTP302_ses-17_task-ltpFR2_events.tsv,349905,350155,250,True,
LTP302,17,4,1,ORCHID,982,817.414,408707,1,data/ds004395/sub-LTP302/ses-17/eeg/sub-LTP302_ses-17_task-ltpFR2_eeg.edf,data/ds004395/sub-LTP302/ses-17/eeg/sub-LTP302_ses-17_task-ltpFR2_events.tsv,408857,409107,250,True,
LTP302,17,4,2,PIZZA,1079,820.184,410092,1,data/ds004395/sub-LTP302/ses-17/eeg/sub-LTP302_ses-17_task-ltpFR2_eeg.edf,data/ds004395/sub-LTP302/ses-17/eeg/sub-LTP302_ses-17_task-ltpFR2_events.tsv,410242,410492,250,True,
LTP302,17,4,3,HOOK,715,822.672,411336,1,data/ds004395/sub-LTP302/ses-17/eeg/sub-LTP302_ses-17_task-ltpFR2_eeg.edf,data/ds004395/sub-LTP302/ses-17/eeg/sub-LTP302_ses-17_task-ltpFR2_events.tsv,411486,411736,250,True,
LTP302,17,4,4,COD,340,825.488,412744,1,data/ds004395/sub-LTP302/ses-17/eeg/sub-LTP302_ses-17_task-ltpFR2_eeg.edf,data/ds004395/sub-LTP302/ses-17/eeg/sub-LTP302_ses-17_task-ltpFR2_events.tsv,412894,413144,250,True,
LTP302,17,4,5,REPORT,1184,828.206,414103,0,data/ds004395/sub-LTP302/ses-17/eeg/sub-LTP302_ses-17_task-ltpFR2_eeg.edf,data/ds004395/sub-LTP302/ses-17/eeg/sub-LTP302_ses-17_task-ltpFR2_events.tsv,414253,414503,250,True,
LTP302,17,4,6,EUROPE,541,830.81,415405,0,data/ds004395/sub-LTP302/ses-17/eeg/sub-LTP302_ses-17_task-ltpFR2_eeg.edf,data/ds004395/sub-LTP302/ses-17/eeg/sub-LTP302_ses-17_task-ltpFR2_events.tsv,415555,415805,250,True,
LTP302,17,4,7,FLAG,573,833.362,416681,0,data/ds004395/sub-LTP302/ses-17/eeg/sub-LTP302_ses-17_task-ltpFR2_eeg.edf,data/ds004395/sub-LTP302/ses-17/eeg/sub-LTP302_ses-17_task-ltpFR2_events.tsv,416831,417081,250,True,
LTP302,17,4,8,PRIMATE,1123,835.898,417949,0,data/ds004395/sub-LTP302/ses-17/eeg/sub-LTP302_ses-17_task-ltpFR2_eeg.edf,data/ds004395/sub-LTP302/ses-17/eeg/sub-LTP302_ses-17_task-ltpFR2_events.tsv,418099,418349,250,True,
LTP302,17,4,9,SAUSAGE,1238,838.516,419258,0,data/ds004395/sub-LTP302/ses-17/eeg/sub-LTP302_ses-17_task-ltpFR2_eeg.edf,data/ds004395/sub-LTP302/ses-17/eeg/sub-LTP302_ses-17_task-ltpFR2_events.tsv,419408,419658,250,True,
LTP302,17,4,10,GLOBE,641,841.168,420584,0,data/ds004395/sub-LTP302/ses-17/eeg/sub-LTP302_ses-17_task-ltpFR2_eeg.edf,data/ds004395/sub-LTP302/ses-17/eeg/sub-LTP302_ses-17_task-ltpFR2_events.tsv,420734,420984,250,True,
LTP302,17,4,11,ACTOR,5,843.922,421961,0,data/ds004395/sub-LTP302/ses-17/eeg/sub-LTP302_ses-17_task-ltpFR2_eeg.edf,data/ds004395/sub-LTP302/ses-17/eeg/sub-LTP302_ses-17_task-ltpFR2_events.tsv,422111,422361,250,True,
LTP302,17,4,12,PEDAL,1037,846.574,423287,0,data/ds004395/sub-LTP302/ses-17/eeg/sub-LTP302_ses-17_task-ltpFR2_eeg.edf,data/ds004395/sub-LTP302/ses-17/eeg/sub-LTP302_ses-17_task-ltpFR2_events.tsv,423437,423687,250,True,
LTP302,17,4,13,MISSILE,900,849.226,424613,0,data/ds004395/sub-LTP302/ses-17/eeg/sub-LTP302_ses-17_task-ltpFR2_eeg.edf,data/ds004395/sub-LTP302/ses-17/eeg/sub-LTP302_ses-17_task-ltpFR2_events.tsv,424763,425013,250,True,
LTP302,17,4,14,THREAD,1460,851.712,425856,0,data/ds004395/sub-LTP302/ses-17/eeg/sub-LTP302_ses-17_task-ltpFR2_eeg.edf,data/ds004395/sub-LTP302/ses-17/eeg/sub-LTP302_ses-17_task-ltpFR2_events.tsv,426006,426256,250,True,
LTP302,17,4,15,HOSTESS,723,854.346,427173,0,data/ds004395/sub-LTP302/ses-17/eeg/sub-LTP302_ses-17_task-ltpFR2_eeg.edf,data/ds004395/sub-LTP302/ses-17/eeg/sub-LTP302_ses-17_task-ltpFR2_events.tsv,427323,427573,250,True,
LTP302,17,4,16,PLAZA,1088,857.03,428515,1,data/ds004395/sub-LTP302/ses-17/eeg/sub-LTP302_ses-17_task-ltpFR2_eeg.edf,data/ds004395/sub-LTP302/ses-17/eeg/sub-LTP302_ses-17_task-ltpFR2_events.tsv,428665,428915,250,True,
LTP302,17,4,17,CREATURE,403,859.734,429867,0,data/ds004395/sub-LTP302/ses-17/eeg/sub-LTP302_ses-17_task-ltpFR2_eeg.edf,data/ds004395/sub-LTP302/ses-17/eeg/sub-LTP302_ses-17_task-ltpFR2_events.tsv,430017,430267,250,True,
LTP302,17,4,18,LEOPARD,812,862.186,431093,0,data/ds004395/sub-LTP302/ses-17/eeg/sub-LTP302_ses-17_task-ltpFR2_eeg.edf,data/ds004395/sub-LTP302/ses-17/eeg/sub-LTP302_ses-17_task-ltpFR2_events.tsv,431243,431493,250,True,
LTP302,17,4,19,FRIEND,606,864.638,432319,0,data/ds004395/sub-LTP302/ses-17/eeg/sub-LTP302_ses-17_task-ltpFR2_eeg.edf,data/ds004395/sub-LTP302/ses-17/eeg/sub-LTP302_ses-17_task-ltpFR2_events.tsv,432469,432719,250,True,
LTP302,17,4,20,BEAKER,104,867.34,433670,0,data/ds004395/sub-LTP302/ses-17/eeg/sub-LTP302_ses-17_task-ltpFR2_eeg.edf,data/ds004395/sub-LTP302/ses-17/eeg/sub-LTP302_ses-17_task-ltpFR2_events.tsv,433820,434070,250,True,
LTP302,17,4,21,DRUG,501,870.076,435038,0,data/ds004395/sub-LTP302/ses-17/eeg/sub-LTP302_ses-17_task-ltpFR2_eeg.edf,data/ds004395/sub-LTP302/ses-17/eeg/sub-LTP302_ses-17_task-ltpFR2_events.tsv,435188,435438,250,True,
LTP302,17,4,22,OFFICE,972,872.88,436440,0,data/ds004395/sub-LTP302/ses-17/eeg/sub-LTP302_ses-17_task-ltpFR2_eeg.edf,data/ds004395/sub-LTP302/ses-17/eeg/sub-LTP302_ses-17_task-ltpFR2_events.tsv,436590,436840,250,True,
LTP302,17,4,23,FIREPLACE,570,875.48,437740,0,data/ds004395/sub-LTP302/ses-17/eeg/sub-LTP302_ses-17_task-ltpFR2_eeg.edf,data/ds004395/sub-LTP302/ses-17/eeg/sub-LTP302_ses-17_task-ltpFR2_events.tsv,437890,438140,250,True,
LTP302,17,4,24,TURNIP,1521,878.116,439058,0,data/ds004395/sub-LTP302/ses-17/eeg/sub-LTP302_ses-17_task-ltpFR2_eeg.edf,data/ds004395/sub-LTP302/ses-17/eeg/sub-LTP302_ses-17_task-ltpFR2_events.tsv,439208,439458,250,True,
LTP302,17,5,1,SALT,1229,995.94,497970,0,data/ds004395/sub-LTP302/ses-17/eeg/sub-LTP302_ses-17_task-ltpFR2_eeg.edf,data/ds004395/sub-LTP302/ses-17/eeg/sub-LTP302_ses-17_task-ltpFR2_events.tsv,498120,498370,250,True,
LTP302,17,5,2,TROUT,1511,998.492,499246,0,data/ds004395/sub-LTP302/ses-17/eeg/sub-LTP302_ses-17_task-ltpFR2_eeg.edf,data/ds004395/sub-LTP302/ses-17/eeg/sub-LTP302_ses-17_task-ltpFR2_events.tsv,499396,499646,250,True,
LTP302,17,5,3,CLAM,315,1001.138,500569,0,data/ds004395/sub-LTP302/ses-17/eeg/sub-LTP302_ses-17_task-ltpFR2_eeg.edf,data/ds004395/sub-LTP302/ses-17/eeg/sub-LTP302_ses-17_task-ltpFR2_events.tsv,500719,500969,250,True,
LTP302,17,5,4,TUBA,1515,1003.93,501965,0,data/ds004395/sub-LTP302/ses-17/eeg/sub-LTP302_ses-17_task-ltpFR2_eeg.edf,data/ds004395/sub-LTP302/ses-17/eeg/sub-LTP302_ses-17_task-ltpFR2_events.tsv,502115,502365,250,True,
LTP302,17,5,5,RECORD,1176,1006.6,503300,0,data/ds004395/sub-LTP302/ses-17/eeg/sub-LTP302_ses-17_task-ltpFR2_eeg.edf,data/ds004395/sub-LTP302/ses-17/eeg/sub-LTP302_ses-17_task-ltpFR2_events.tsv,503450,503700,250,True,
LTP302,17,5,6,LIVER,833,1009.412,504706,0,data/ds004395/sub-LTP302/ses-17/eeg/sub-LTP302_ses-17_task-ltpFR2_eeg.edf,data/ds004395/sub-LTP302/ses-17/eeg/sub-LTP302_ses-17_task-ltpFR2_events.tsv,504856,505106,250,True,
LTP302,17,5,7,ONION,977,1012.014,506007,0,data/ds004395/sub-LTP302/ses-17/eeg/sub-LTP302_ses-17_task-ltpFR2_eeg.edf,data/ds004395/sub-LTP302/ses-17/eeg/sub-LTP302_ses-17_task-ltpFR2_events.tsv,506157,506407,250,True,
LTP302,17,5,8,FLUTE,585,1014.556,507278,0,data/ds004395/sub-LTP302/ses-17/eeg/sub-LTP302_ses-17_task-ltpFR2_eeg.edf,data/ds004395/sub-LTP302/ses-17/eeg/sub-LTP302_ses-17_task-ltpFR2_events.tsv,507428,507678,250,True,
LTP302,17,5,9,LADDER,793,1017.084,508542,0,data/ds004395/sub-LTP302/ses-17/eeg/sub-LTP302_ses-17_task-ltpFR2_eeg.edf,data/ds004395/sub-LTP302/ses-17/eeg/sub-LTP302_ses-17_task-ltpFR2_events.tsv,508692,508942,250,True,
LTP302,17,5,10,SUITCASE,1403,1019.554,509777,0,data/ds004395/sub-LTP302/ses-17/eeg/sub-LTP302_ses-17_task-ltpFR2_eeg.edf,data/ds004395/sub-LTP302/ses-17/eeg/sub-LTP302_ses-17_task-ltpFR2_events.tsv,509927,510177,250,True,
LTP302,17,5,11,MARKET,871,1022.272,511136,0,data/ds004395/sub-LTP302/ses-17/eeg/sub-LTP302_ses-17_task-ltpFR2_eeg.edf,data/ds004395/sub-LTP302/ses-17/eeg/sub-LTP302_ses-17_task-ltpFR2_events.tsv,511286,511536,250,True,
LTP302,17,5,12,COOKBOOK,373,1024.698,512349,0,data/ds004395/sub-LTP302/ses-17/eeg/sub-LTP302_ses-17_task-ltpFR2_eeg.edf,data/ds004395/sub-LTP302/ses-17/eeg/sub-LTP302_ses-17_task-ltpFR2_events.tsv,512499,512749,250,True,
LTP302,17,5,13,CAFE,216,1027.448,513724,0,data/ds004395/sub-LTP302/ses-17/eeg/sub-LTP302_ses-17_task-ltpFR2_eeg.edf,data/ds004395/sub-LTP302/ses-17/eeg/sub-LTP302_ses-17_task-ltpFR2_events.tsv,513874,514124,250,True,
LTP302,17,5,14,GRAPE,654,1030.128,515064,0,data/ds004395/sub-LTP302/ses-17/eeg/sub-LTP302_ses-17_task-ltpFR2_eeg.edf,data/ds004395/sub-LTP302/ses-17/eeg/sub-LTP302_ses-17_task-ltpFR2_events.tsv,515214,515464,250,True,
LTP302,17,5,15,FRUIT,610,1032.698,516349,0,data/ds004395/sub-LTP302/ses-17/eeg/sub-LTP302_ses-17_task-ltpFR2_eeg.edf,data/ds004395/sub-LTP302/ses-17/eeg/sub-LTP302_ses-17_task-ltpFR2_events.tsv,516499,516749,250,True,
LTP302,17,5,16,PIANO,1057,1035.334,517667,0,data/ds004395/sub-LTP302/ses-17/eeg/sub-LTP302_ses-17_task-ltpFR2_eeg.edf,data/ds004395/sub-LTP302/ses-17/eeg/sub-LTP302_ses-17_task-ltpFR2_events.tsv,517817,518067,250,True,
LTP302,17,5,17,WHISTLE,1606,1038.018,519009,0,data/ds004395/sub-LTP302/ses-17/eeg/sub-LTP302_ses-17_task-ltpFR2_eeg.edf,data/ds004395/sub-LTP302/ses-17/eeg/sub-LTP302_ses-17_task-ltpFR2_events.tsv,519159,519409,250,True,
LTP302,17,5,18,STONE,1385,1040.67,520335,1,data/ds004395/sub-LTP302/ses-17/eeg/sub-LTP302_ses-17_task-ltpFR2_eeg.edf,data/ds004395/sub-LTP302/ses-17/eeg/sub-LTP302_ses-17_task-ltpFR2_events.tsv,520485,520735,250,True,
LTP302,17,5,19,THRONE,1461,1043.406,521703,1,data/ds004395/sub-LTP302/ses-17/eeg/sub-LTP302_ses-17_task-ltpFR2_eeg.edf,data/ds004395/sub-LTP302/ses-17/eeg/sub-LTP302_ses-17_task-ltpFR2_events.tsv,521853,522103,250,True,
LTP302,17,5,20,KIDNEY,776,1046.076,523038,1,data/ds004395/sub-LTP302/ses-17/eeg/sub-LTP302_ses-17_task-ltpFR2_eeg.edf,data/ds004395/sub-LTP302/ses-17/eeg/sub-LTP302_ses-17_task-ltpFR2_events.tsv,523188,523438,250,True,
LTP302,17,5,21,SIDEWALK,1303,1048.628,524314,1,data/ds004395/sub-LTP302/ses-17/eeg/sub-LTP302_ses-17_task-ltpFR2_eeg.edf,data/ds004395/sub-LTP302/ses-17/eeg/sub-LTP302_ses-17_task-ltpFR2_events.tsv,524464,524714,250,True,
LTP302,17,5,22,HIGHWAY,707,1051.284,525642,0,data/ds004395/sub-LTP302/ses-17/eeg/sub-LTP302_ses-17_task-ltpFR2_eeg.edf,data/ds004395/sub-LTP302/ses-17/eeg/sub-LTP302_ses-17_task-ltpFR2_events.tsv,525792,526042,250,True,
LTP302,17,5,23,TOURIST,1488,1054.082,527041,0,data/ds004395/sub-LTP302/ses-17/eeg/sub-LTP302_ses-17_task-ltpFR2_eeg.edf,data/ds004395/sub-LTP302/ses-17/eeg/sub-LTP302_ses-17_task-ltpFR2_events.tsv,527191,527441,250,True,
LTP302,17,5,24,SPONGE,1355,1056.652,528326,0,data/ds004395/sub-LTP302/ses-17/eeg/sub-LTP302_ses-17_task-ltpFR2_eeg.edf,data/ds004395/sub-LTP302/ses-17/eeg/sub-LTP302_ses-17_task-ltpFR2_events.tsv,528476,528726,250,True,
LTP302,17,6,1,DUST,508,1174.628,587314,1,data/ds004395/sub-LTP302/ses-17/eeg/sub-LTP302_ses-17_task-ltpFR2_eeg.edf,data/ds004395/sub-LTP302/ses-17/eeg/sub-LTP302_ses-17_task-ltpFR2_events.tsv,587464,587714,250,True,
LTP302,17,6,2,CARRIAGE,248,1177.432,588716,1,data/ds004395/sub-LTP302/ses-17/eeg/sub-LTP302_ses-17_task-ltpFR2_eeg.edf,data/ds004395/sub-LTP302/ses-17/eeg/sub-LTP302_ses-17_task-ltpFR2_events.tsv,588866,589116,250,True,
LTP302,17,6,3,FOREHEAD,592,1179.95,589975,1,data/ds004395/sub-LTP302/ses-17/eeg/sub-LTP302_ses-17_task-ltpFR2_eeg.edf,data/ds004395/sub-LTP302/ses-17/eeg/sub-LTP302_ses-17_task-ltpFR2_events.tsv,590125,590375,250,True,
LTP302,17,6,4,BRAKE,166,1182.492,591246,1,data/ds004395/sub-LTP302/ses-17/eeg/sub-LTP302_ses-17_task-ltpFR2_eeg.edf,data/ds004395/sub-LTP302/ses-17/eeg/sub-LTP302_ses-17_task-ltpFR2_events.tsv,591396,591646,250,True,
LTP302,17,6,5,SALAD,1224,1184.922,592461,1,data/ds004395/sub-LTP302/ses-17/eeg/sub-LTP302_ses-17_task-ltpFR2_eeg.edf,data/ds004395/sub-LTP302/ses-17/eeg/sub-LTP302_ses-17_task-ltpFR2_events.tsv,592611,592861,250,True,
LTP302,17,6,6,TERMITE,1451,1187.724,593862,0,data/ds004395/sub-LTP302/ses-17/eeg/sub-LTP302_ses-17_task-ltpFR2_eeg.edf,data/ds004395/sub-LTP302/ses-17/eeg/sub-LTP302_ses-17_task-ltpFR2_events.tsv,594012,594262,250,True,
LTP302,17,6,7,INFANT,737,1190.414,595207,0,data/ds004395/sub-LTP302/ses-17/eeg/sub-LTP302_ses-17_task-ltpFR2_eeg.edf,data/ds004395/sub-LTP302/ses-17/eeg/sub-LTP302_ses-17_task-ltpFR2_events.tsv,595357,595607,250,True,
LTP302,17,6,8,DRINK,498,1193.044,596522,0,data/ds004395/sub-LTP302/ses-17/eeg/sub-LTP302_ses-17_task-ltpFR2_eeg.edf,data/ds004395/sub-LTP302/ses-17/eeg/sub-LTP302_ses-17_task-ltpFR2_events.tsv,596672,596922,250,True,
LTP302,17,6,9,OUTLAW,989,1195.798,597899,0,data/ds004395/sub-LTP302/ses-17/eeg/sub-LTP302_ses-17_task-ltpFR2_eeg.edf,data/ds004395/sub-LTP302/ses-17/eeg/sub-LTP302_ses-17_task-ltpFR2_events.tsv,598049,598299,250,True,
LTP302,17,6,10,HELMET,702,1198.382,599191,0,data/ds004395/sub-LTP302/ses-17/eeg/sub-LTP302_ses-17_task-ltpFR2_eeg.edf,data/ds004395/sub-LTP302/ses-17/eeg/sub-LTP302_ses-17_task-ltpFR2_events.tsv,599341,599591,250,True,
LTP302,17,6,11,WOMAN,1620,1201.192,600596,0,data/ds004395/sub-LTP302/ses-17/eeg/sub-LTP302_ses-17_task-ltpFR2_eeg.edf,data/ds004395/sub-LTP302/ses-17/eeg/sub-LTP302_ses-17_task-ltpFR2_events.tsv,600746,600996,250,True,
LTP302,17,6,12,QUARTER,1148,1203.686,601843,0,data/ds004395/sub-LTP302/ses-17/eeg/sub-LTP302_ses-17_task-ltpFR2_eeg.edf,data/ds004395/sub-LTP302/ses-17/eeg/sub-LTP302_ses-17_task-ltpFR2_events.tsv,601993,602243,250,True,
LTP302,17,6,13,WRIST,1626,1206.444,603222,0,data/ds004395/sub-LTP302/ses-17/eeg/sub-LTP302_ses-17_task-ltpFR2_eeg.edf,data/ds004395/sub-LTP302/ses-17/eeg/sub-LTP302_ses-17_task-ltpFR2_events.tsv,603372,603622,250,True,
LTP302,17,6,14,SUNSET,1408,1209.138,604569,0,data/ds004395/sub-LTP302/ses-17/eeg/sub-LTP302_ses-17_task-ltpFR2_eeg.edf,data/ds004395/sub-LTP302/ses-17/eeg/sub-LTP302_ses-17_task-ltpFR2_events.tsv,604719,604969,250,True,
LTP302,17,6,15,BRACES,164,1211.732,605866,1,data/ds004395/sub-LTP302/ses-17/eeg/sub-LTP302_ses-17_task-ltpFR2_eeg.edf,data/ds004395/sub-LTP302/ses-17/eeg/sub-LTP302_ses-17_task-ltpFR2_events.tsv,606016,606266,250,True,
LTP302,17,6,16,AWARD,63,1214.344,607172,1,data/ds004395/sub-LTP302/ses-17/eeg/sub-LTP302_ses-17_task-ltpFR2_eeg.edf,data/ds004395/sub-LTP302/ses-17/eeg/sub-LTP302_ses-17_task-ltpFR2_events.tsv,607322,607572,250,True,
LTP302,17,6,17,LEG,809,1217.13,608565,1,data/ds004395/sub-LTP302/ses-17/eeg/sub-LTP302_ses-17_task-ltpFR2_eeg.edf,data/ds004395/sub-LTP302/ses-17/eeg/sub-LTP302_ses-17_task-ltpFR2_events.tsv,608715,608965,250,True,
LTP302,17,6,18,SHERIFF,1284,1219.59,609795,0,data/ds004395/sub-LTP302/ses-17/eeg/sub-LTP302_ses-17_task-ltpFR2_eeg.edf,data/ds004395/sub-LTP302/ses-17/eeg/sub-LTP302_ses-17_task-ltpFR2_events.tsv,609945,610195,250,True,
LTP302,17,6,19,SADDLE,1221,1222.074,611037,1,data/ds004395/sub-LTP302/ses-17/eeg/sub-LTP302_ses-17_task-ltpFR2_eeg.edf,data/ds004395/sub-LTP302/ses-17/eeg/sub-LTP302_ses-17_task-ltpFR2_events.tsv,611187,611437,250,True,
LTP302,17,6,20,RADISH,1158,1224.812,612406,0,data/ds004395/sub-LTP302/ses-17/eeg/sub-LTP302_ses-17_task-ltpFR2_eeg.edf,data/ds004395/sub-LTP302/ses-17/eeg/sub-LTP302_ses-17_task-ltpFR2_events.tsv,612556,612806,250,True,
LTP302,17,6,21,PICTURE,1061,1227.312,613656,1,data/ds004395/sub-LTP302/ses-17/eeg/sub-LTP302_ses-17_task-ltpFR2_eeg.edf,data/ds004395/sub-LTP302/ses-17/eeg/sub-LTP302_ses-17_task-ltpFR2_events.tsv,613806,614056,250,True,
LTP302,17,6,22,DRAWING,494,1230.04,615020,1,data/ds004395/sub-LTP302/ses-17/eeg/sub-LTP302_ses-17_task-ltpFR2_eeg.edf,data/ds004395/sub-LTP302/ses-17/eeg/sub-LTP302_ses-17_task-ltpFR2_events.tsv,615170,615420,250,True,
LTP302,17,6,23,BEAST,108,1232.476,616238,0,data/ds004395/sub-LTP302/ses-17/eeg/sub-LTP302_ses-17_task-ltpFR2_eeg.edf,data/ds004395/sub-LTP302/ses-17/eeg/sub-LTP302_ses-17_task-ltpFR2_events.tsv,616388,616638,250,True,
LTP302,17,6,24,FOX,598,1235.278,617639,0,data/ds004395/sub-LTP302/ses-17/eeg/sub-LTP302_ses-17_task-ltpFR2_eeg.edf,data/ds004395/sub-LTP302/ses-17/eeg/sub-LTP302_ses-17_task-ltpFR2_events.tsv,617789,618039,250,True,
LTP302,17,7,1,RABBIT,1152,1378.24,689120,0,data/ds004395/sub-LTP302/ses-17/eeg/sub-LTP302_ses-17_task-ltpFR2_eeg.edf,data/ds004395/sub-LTP302/ses-17/eeg/sub-LTP302_ses-17_task-ltpFR2_events.tsv,689270,689520,250,True,
LTP302,17,7,2,PIMPLE,1071,1380.86,690430,0,data/ds004395/sub-LTP302/ses-17/eeg/sub-LTP302_ses-17_task-ltpFR2_eeg.edf,data/ds004395/sub-LTP302/ses-17/eeg/sub-LTP302_ses-17_task-ltpFR2_events.tsv,690580,690830,250,True,
LTP302,17,7,3,KITCHEN,778,1383.66,691830,0,data/ds004395/sub-LTP302/ses-17/eeg/sub-LTP302_ses-17_task-ltpFR2_eeg.edf,data/ds004395/sub-LTP302/ses-17/eeg/sub-LTP302_ses-17_task-ltpFR2_events.tsv,691980,692230,250,True,
LTP302,17,7,4,CANDY,230,1386.378,693189,0,data/ds004395/sub-LTP302/ses-17/eeg/sub-LTP302_ses-17_task-ltpFR2_eeg.edf,data/ds004395/sub-LTP302/ses-17/eeg/sub-LTP302_ses-17_task-ltpFR2_events.tsv,693339,693589,250,True,
LTP302,17,7,5,FRANCE,601,1388.946,694473,0,data/ds004395/sub-LTP302/ses-17/eeg/sub-LTP302_ses-17_task-ltpFR2_eeg.edf,data/ds004395/sub-LTP302/ses-17/eeg/sub-LTP302_ses-17_task-ltpFR2_events.tsv,694623,694873,250,True,
LTP302,17,7,6,JEANS,752,1391.498,695749,0,data/ds004395/sub-LTP302/ses-17/eeg/sub-LTP302_ses-17_task-ltpFR2_eeg.edf,data/ds004395/sub-LTP302/ses-17/eeg/sub-LTP302_ses-17_task-ltpFR2_events.tsv,695899,696149,250,True,
LTP302,17,7,7,TOASTER,1472,1394.152,697076,0,data/ds004395/sub-LTP302/ses-17/eeg/sub-LTP302_ses-17_task-ltpFR2_eeg.edf,data/ds004395/sub-LTP302/ses-17/eeg/sub-LTP302_ses-17_task-ltpFR2_events.tsv,697226,697476,250,True,
LTP302,17,7,8,NOVEL,960,1396.668,698334,0,data/ds004395/sub-LTP302/ses-17/eeg/sub-LTP302_ses-17_task-ltpFR2_eeg.edf,data/ds004395/sub-LTP302/ses-17/eeg/sub-LTP302_ses-17_task-ltpFR2_events.tsv,698484,698734,250,True,
LTP302,17,7,9,PRINCE,1124,1399.438,699719,0,data/ds004395/sub-LTP302/ses-17/eeg/sub-LTP302_ses-17_task-ltpFR2_eeg.edf,data/ds004395/sub-LTP302/ses-17/eeg/sub-LTP302_ses-17_task-ltpFR2_events.tsv,699869,700119,250,True,
LTP302,17,7,10,CLIMBER,323,1401.874,700937,0,data/ds004395/sub-LTP302/ses-17/eeg/sub-LTP302_ses-17_task-ltpFR2_eeg.edf,data/ds004395/sub-LTP302/ses-17/eeg/sub-LTP302_ses-17_task-ltpFR2_events.tsv,701087,701337,250,True,
LTP302,17,7,11,CRICKET,408,1404.458,702229,0,data/ds004395/sub-LTP302/ses-17/eeg/sub-LTP302_ses-17_task-ltpFR2_eeg.edf,data/ds004395/sub-LTP302/ses-17/eeg/sub-LTP302_ses-17_task-ltpFR2_events.tsv,702379,702629,250,True,
LTP302,17,7,12,COCOON,339,1407.082,703541,0,data/ds004395/sub-LTP302/ses-17/eeg/sub-LTP302_ses-17_task-ltpFR2_eeg.edf,data/ds004395/sub-LTP302/ses-17/eeg/sub-LTP302_ses-17_task-ltpFR2_events.tsv,703691,703941,250,True,
LTP302,17,7,13,BANK,83,1409.814,704907,1,data/ds004395/sub-LTP302/ses-17/eeg/sub-LTP302_ses-17_task-ltpFR2_eeg.edf,data/ds004395/sub-LTP302/ses-17/eeg/sub-LTP302_ses-17_task-ltpFR2_events.tsv,705057,705307,250,True,
LTP302,17,7,14,ROBBER,1197,1412.348,706174,1,data/ds004395/sub-LTP302/ses-17/eeg/sub-LTP302_ses-17_task-ltpFR2_eeg.edf,data/ds004395/sub-LTP302/ses-17/eeg/sub-LTP302_ses-17_task-ltpFR2_events.tsv,706324,706574,250,True,
LTP302,17,7,15,MARINE,869,1414.934,707467,0,data/ds004395/sub-LTP302/ses-17/eeg/sub-LTP302_ses-17_task-ltpFR2_eeg.edf,data/ds004395/sub-LTP302/ses-17/eeg/sub-LTP302_ses-17_task-ltpFR2_events.tsv,707617,707867,250,True,
LTP302,17,7,16,TREAT,1501,1417.636,708818,0,data/ds004395/sub-LTP302/ses-17/eeg/sub-LTP302_ses-17_task-ltpFR2_eeg.edf,data/ds004395/sub-LTP302/ses-17/eeg/sub-LTP302_ses-17_task-ltpFR2_events.tsv,708968,709218,250,True,
LTP302,17,7,17,BUGGY,188,1420.156,710078,1,data/ds004395/sub-LTP302/ses-17/eeg/sub-LTP302_ses-17_task-ltpFR2_eeg.edf,data/ds004395/sub-LTP302/ses-17/eeg/sub-LTP302_ses-17_task-ltpFR2_events.tsv,710228,710478,250,True,
LTP302,17,7,18,HORSE,719,1422.69,711345,1,data/ds004395/sub-LTP302/ses-17/eeg/sub-LTP302_ses-17_task-ltpFR2_eeg.edf,data/ds004395/sub-LTP302/ses-17/eeg/sub-LTP302_ses-17_task-ltpFR2_events.tsv,711495,711745,250,True,
LTP302,17,7,19,CREVICE,405,1425.282,712641,1,data/ds004395/sub-LTP302/ses-17/eeg/sub-LTP302_ses-17_task-ltpFR2_eeg.edf,data/ds004395/sub-LTP302/ses-17/eeg/sub-LTP302_ses-17_task-ltpFR2_events.tsv,712791,713041,250,True,
LTP302,17,7,20,DOLPHIN,483,1427.794,713897,0,data/ds004395/sub-LTP302/ses-17/eeg/sub-LTP302_ses-17_task-ltpFR2_eeg.edf,data/ds004395/sub-LTP302/ses-17/eeg/sub-LTP302_ses-17_task-ltpFR2_events.tsv,714047,714297,250,True,
LTP302,17,7,21,APPLE,33,1430.58,715290,0,data/ds004395/sub-LTP302/ses-17/eeg/sub-LTP302_ses-17_task-ltpFR2_eeg.edf,data/ds004395/sub-LTP302/ses-17/eeg/sub-LTP302_ses-17_task-ltpFR2_events.tsv,715440,715690,250,True,
LTP302,17,7,22,SUPPER,1411,1433.114,716557,0,data/ds004395/sub-LTP302/ses-17/eeg/sub-LTP302_ses-17_task-ltpFR2_eeg.edf,data/ds004395/sub-LTP302/ses-17/eeg/sub-LTP302_ses-17_task-ltpFR2_events.tsv,716707,716957,250,True,
LTP302,17,7,23,VELVET,1555,1435.59,717795,1,data/ds004395/sub-LTP302/ses-17/eeg/sub-LTP302_ses-17_task-ltpFR2_eeg.edf,data/ds004395/sub-LTP302/ses-17/eeg/sub-LTP302_ses-17_task-ltpFR2_events.tsv,717945,718195,250,True,
LTP302,17,7,24,SILK,1307,1438.158,719079,1,data/ds004395/sub-LTP302/ses-17/eeg/sub-LTP302_ses-17_task-ltpFR2_eeg.edf,data/ds004395/sub-LTP302/ses-17/eeg/sub-LTP302_ses-17_task-ltpFR2_events.tsv,719229,719479,250,True,
LTP302,17,8,1,BANJO,82,1580.946,790473,0,data/ds004395/sub-LTP302/ses-17/eeg/sub-LTP302_ses-17_task-ltpFR2_eeg.edf,data/ds004395/sub-LTP302/ses-17/eeg/sub-LTP302_ses-17_task-ltpFR2_events.tsv,790623,790873,250,True,
LTP302,17,8,2,PIGMENT,1066,1583.414,791707,0,data/ds004395/sub-LTP302/ses-17/eeg/sub-LTP302_ses-17_task-ltpFR2_eeg.edf,data/ds004395/sub-LTP302/ses-17/eeg/sub-LTP302_ses-17_task-ltpFR2_events.tsv,791857,792107,250,True,
LTP302,17,8,3,MAILMAN,858,1586.034,793017,1,data/ds004395/sub-LTP302/ses-17/eeg/sub-LTP302_ses-17_task-ltpFR2_eeg.edf,data/ds004395/sub-LTP302/ses-17/eeg/sub-LTP302_ses-17_task-ltpFR2_events.tsv,793167,793417,250,True,
LTP302,17,8,4,COOK,372,1588.786,794393,1,data/ds004395/sub-LTP302/ses-17/eeg/sub-LTP302_ses-17_task-ltpFR2_eeg.edf,data/ds004395/sub-LTP302/ses-17/eeg/sub-LTP302_ses-17_task-ltpFR2_events.tsv,794543,794793,250,True,
LTP302,17,8,5,SANDWICH,1232,1591.538,795769,1,data/ds004395/sub-LTP302/ses-17/eeg/sub-LTP302_ses-17_task-ltpFR2_eeg.edf,data/ds004395/sub-LTP302/ses-17/eeg/sub-LTP302_ses-17_task-ltpFR2_events.tsv,795919,796169,250,True,
LTP302,17,8,6,MILK,895,1594.208,797104,1,data/ds004395/sub-LTP302/ses-17/eeg/sub-LTP302_ses-17_task-ltpFR2_eeg.edf,data/ds004395/sub-LTP302/ses-17/eeg/sub-LTP302_ses-17_task-ltpFR2_events.tsv,797254,797504,250,True,
LTP302,17,8,7,GALLON,618,1596.81,798405,1,data/ds004395/sub-LTP302/ses-17/eeg/sub-LTP302_ses-17_task-ltpFR2_eeg.edf,data/ds004395/sub-LTP302/ses-17/eeg/sub-LTP302_ses-17_task-ltpFR2_events.tsv,798555,798805,250,True,
LTP302,17,8,8,COSTUME,383,1599.244,799622,1,data/ds004395/sub-LTP302/ses-17/eeg/sub-LTP302_ses-17_task-ltpFR2_eeg.edf,data/ds004395/sub-LTP302/ses-17/eeg/sub-LTP302_ses-17_task-ltpFR2_events.tsv,799772,800022,250,True,
LTP302,17,8,9,PILOT,1070,1601.83,800915,0,data/ds004395/sub-LTP302/ses-17/eeg/sub-LTP302_ses-17_task-ltpFR2_eeg.edf,data/ds004395/sub-LTP302/ses-17/eeg/sub-LTP302_ses-17_task-ltpFR2_events.tsv,801065,801315,250,True,
LTP302,17,8,10,PEPPER,1047,1604.48,802240,0,data/ds004395/sub-LTP302/ses-17/eeg/sub-LTP302_ses-17_task-ltpFR2_eeg.edf,data/ds004395/sub-LTP302/ses-17/eeg/sub-LTP302_ses-17_task-ltpFR2_events.tsv,802390,802640,250,True,
LTP302,17,8,11,GOBLIN,645,1607.184,803592,0,data/ds004395/sub-LTP302/ses-17/eeg/sub-LTP302_ses-17_task-ltpFR2_eeg.edf,data/ds004395/sub-LTP302/ses-17/eeg/sub-LTP302_ses-17_task-ltpFR2_events.tsv,803742,803992,250,True,
LTP302,17,8,12,FILM,565,1609.854,804927,0,data/ds004395/sub-LTP302/ses-17/eeg/sub-LTP302_ses-17_task-ltpFR2_eeg.edf,data/ds004395/sub-LTP302/ses-17/eeg/sub-LTP302_ses-17_task-ltpFR2_events.tsv,805077,805327,250,True,
LTP302,17,8,13,LUNCH,849,1612.354,806177,1,data/ds004395/sub-LTP302/ses-17/eeg/sub-LTP302_ses-17_task-ltpFR2_eeg.edf,data/ds004395/sub-LTP302/ses-17/eeg/sub-LTP302_ses-17_task-ltpFR2_events.tsv,806327,806577,250,True,
LTP302,17,8,14,CUSTARD,429,1614.79,807395,0,data/ds004395/sub-LTP302/ses-17/eeg/sub-LTP302_ses-17_task-ltpFR2_eeg.edf,data/ds004395/sub-LTP302/ses-17/eeg/sub-LTP302_ses-17_task-ltpFR2_events.tsv,807545,807795,250,True,
LTP302,17,8,15,SHELF,1280,1617.258,808629,0,data/ds004395/sub-LTP302/ses-17/eeg/sub-LTP302_ses-17_task-ltpFR2_eeg.edf,data/ds004395/sub-LTP302/ses-17/eeg/sub-LTP302_ses-17_task-ltpFR2_events.tsv,808779,809029,250,True,
LTP302,17,8,16,TRACTOR,1493,1619.794,809897,0,data/ds004395/sub-LTP302/ses-17/eeg/sub-LTP302_ses-17_task-ltpFR2_eeg.edf,data/ds004395/sub-LTP302/ses-17/eeg/sub-LTP302_ses-17_task-ltpFR2_events.tsv,810047,810297,250,True,
LTP302,17,8,17,CARROT,249,1622.544,811272,0,data/ds004395/sub-LTP302/ses-17/eeg/sub-LTP302_ses-17_task-ltpFR2_eeg.edf,data/ds004395/sub-LTP302/ses-17/eeg/sub-LTP302_ses-17_task-ltpFR2_events.tsv,811422,811672,250,True,
LTP302,17,8,18,HAMPER,682,1625.148,812574,0,data/ds004395/sub-LTP302/ses-17/eeg/sub-LTP302_ses-17_task-ltpFR2_eeg.edf,data/ds004395/sub-LTP302/ses-17/eeg/sub-LTP302_ses-17_task-ltpFR2_events.tsv,812724,812974,250,True,
LTP302,17,8,19,BABY,64,1627.716,813858,0,data/ds004395/sub-LTP302/ses-17/eeg/sub-LTP302_ses-17_task-ltpFR2_eeg.edf,data/ds004395/sub-LTP302/ses-17/eeg/sub-LTP302_ses-17_task-ltpFR2_events.tsv,814008,814258,250,True,
LTP302,17,8,20,RATTLE,1170,1630.202,815101,0,data/ds004395/sub-LTP302/ses-17/eeg/sub-LTP302_ses-17_task-ltpFR2_eeg.edf,data/ds004395/sub-LTP302/ses-17/eeg/sub-LTP302_ses-17_task-ltpFR2_events.tsv,815251,815501,250,True,
LTP302,17,8,21,WARDROBE,1587,1632.654,816327,0,data/ds004395/sub-LTP302/ses-17/eeg/sub-LTP302_ses-17_task-ltpFR2_eeg.edf,data/ds004395/sub-LTP302/ses-17/eeg/sub-LTP302_ses-17_task-ltpFR2_events.tsv,816477,816727,250,True,
LTP302,17,8,22,GUITAR,670,1635.106,817553,0,data/ds004395/sub-LTP302/ses-17/eeg/sub-LTP302_ses-17_task-ltpFR2_eeg.edf,data/ds004395/sub-LTP302/ses-17/eeg/sub-LTP302_ses-17_task-ltpFR2_events.tsv,817703,817953,250,True,
LTP302,17,8,23,BASEMENT,94,1637.874,818937,0,data/ds004395/sub-LTP302/ses-17/eeg/sub-LTP302_ses-17_task-ltpFR2_eeg.edf,data/ds004395/sub-LTP302/ses-17/eeg/sub-LTP302_ses-17_task-ltpFR2_events.tsv,819087,819337,250,True,
LTP302,17,8,24,FREEZER,604,1640.526,820263,0,data/ds004395/sub-LTP302/ses-17/eeg/sub-LTP302_ses-17_task-ltpFR2_eeg.edf,data/ds004395/sub-LTP302/ses-17/eeg/sub-LTP302_ses-17_task-ltpFR2_events.tsv,820413,820663,250,True,
LTP302,17,9,1,ICING,732,1895.532,947766,0,data/ds004395/sub-LTP302/ses-17/eeg/sub-LTP302_ses-17_task-ltpFR2_eeg.edf,data/ds004395/sub-LTP302/ses-17/eeg/sub-LTP302_ses-17_task-ltpFR2_events.tsv,947916,948166,250,True,
LTP302,17,9,2,PEACH,1031,1898.128,949064,0,data/ds004395/sub-LTP302/ses-17/eeg/sub-LTP302_ses-17_task-ltpFR2_eeg.edf,data/ds004395/sub-LTP302/ses-17/eeg/sub-LTP302_ses-17_task-ltpFR2_events.tsv,949214,949464,250,True,
LTP302,17,9,3,CRATER,400,1900.93,950465,0,data/ds004395/sub-LTP302/ses-17/eeg/sub-LTP302_ses-17_task-ltpFR2_eeg.edf,data/ds004395/sub-LTP302/ses-17/eeg/sub-LTP302_ses-17_task-ltpFR2_events.tsv,950615,950865,250,True,
LTP302,17,9,4,KNIFE,785,1903.654,951827,0,data/ds004395/sub-LTP302/ses-17/eeg/sub-LTP302_ses-17_task-ltpFR2_eeg.edf,data/ds004395/sub-LTP302/ses-17/eeg/sub-LTP302_ses-17_task-ltpFR2_events.tsv,951977,952227,250,True,
LTP302,17,9,5,MAPLE,866,1906.434,953217,0,data/ds004395/sub-LTP302/ses-17/eeg/sub-LTP302_ses-17_task-ltpFR2_eeg.edf,data/ds004395/sub-LTP302/ses-17/eeg/sub-LTP302_ses-17_task-ltpFR2_events.tsv,953367,953617,250,True,
LTP302,17,9,6,UNCLE,1536,1909.058,954529,0,data/ds004395/sub-LTP302/ses-17/eeg/sub-LTP302_ses-17_task-ltpFR2_eeg.edf,data/ds004395/sub-LTP302/ses-17/eeg/sub-LTP302_ses-17_task-ltpFR2_events.tsv,954679,954929,250,True,
LTP302,17,9,7,STALLION,1369,1911.654,955827,0,data/ds004395/sub-LTP302/ses-17/eeg/sub-LTP302_ses-17_task-ltpFR2_eeg.edf,data/ds004395/sub-LTP302/ses-17/eeg/sub-LTP302_ses-17_task-ltpFR2_events.tsv,955977,956227,250,True,
LTP302,17,9,8,DIVER,476,1914.206,957103,0,data/ds004395/sub-LTP302/ses-17/eeg/sub-LTP302_ses-17_task-ltpFR2_eeg.edf,data/ds004395/sub-LTP302/ses-17/eeg/sub-LTP302_ses-17_task-ltpFR2_events.tsv,957253,957503,250,True,
LTP302,17,9,9,PROTON,1132,1916.714,958357,0,data/ds004395/sub-LTP302/ses-17/eeg/sub-LTP302_ses-17_task-ltpFR2_eeg.edf,data/ds004395/sub-LTP302/ses-17/eeg/sub-LTP302_ses-17_task-ltpFR2_events.tsv,958507,958757,250,True,
LTP302,17,9,10,VALLEY,1545,1919.21,959605,0,data/ds004395/sub-LTP302/ses-17/eeg/sub-LTP302_ses-17_task-ltpFR2_eeg.edf,data/ds004395/sub-LTP302/ses-17/eeg/sub-LTP302_ses-17_task-ltpFR2_events.tsv,959755,960005,250,True,
LTP302,17,9,11,SUMMIT,1405,1921.896,960948,0,data/ds004395/sub-LTP302/ses-17/eeg/sub-LTP302_ses-17_task-ltpFR2_eeg.edf,data/ds004395/sub-LTP302/ses-17/eeg/sub-LTP302_ses-17_task-ltpFR2_events.tsv,961098,961348,250,True,
LTP302,17,9,12,TURKEY,1520,1924.398,962199,0,data/ds004395/sub-LTP302/ses-17/eeg/sub-LTP302_ses-17_task-ltpFR2_eeg.edf,data/ds004395/sub-LTP302/ses-17/eeg/sub-LTP302_ses-17_task-ltpFR2_events.tsv,962349,962599,250,True,
LTP302,17,9,13,BRANDY,169,1927.0,963500,0,data/ds004395/sub-LTP302/ses-17/eeg/sub-LTP302_ses-17_task-ltpFR2_eeg.edf,data/ds004395/sub-LTP302/ses-17/eeg/sub-LTP302_ses-17_task-ltpFR2_events.tsv,963650,963900,250,True,
LTP302,17,9,14,FLASK,576,1929.71,964855,0,data/ds004395/sub-LTP302/ses-17/eeg/sub-LTP302_ses-17_task-ltpFR2_eeg.edf,data/ds004395/sub-LTP302/ses-17/eeg/sub-LTP302_ses-17_task-ltpFR2_events.tsv,965005,965255,250,True,
LTP302,17,9,15,FOREST,593,1932.328,966164,0,data/ds004395/sub-LTP302/ses-17/eeg/sub-LTP302_ses-17_task-ltpFR2_eeg.edf,data/ds004395/sub-LTP302/ses-17/eeg/sub-LTP302_ses-17_task-ltpFR2_events.tsv,966314,966564,250,True,
LTP302,17,9,16,BACKBONE,66,1934.874,967437,0,data/ds004395/sub-LTP302/ses-17/eeg/sub-LTP302_ses-17_task-ltpFR2_eeg.edf,data/ds004395/sub-LTP302/ses-17/eeg/sub-LTP302_ses-17_task-ltpFR2_events.tsv,967587,967837,250,True,
LTP302,17,9,17,SPOOL,1356,1937.292,968646,0,data/ds004395/sub-LTP302/ses-17/eeg/sub-LTP302_ses-17_task-ltpFR2_eeg.edf,data/ds004395/sub-LTP302/ses-17/eeg/sub-LTP302_ses-17_task-ltpFR2_events.tsv,968796,969046,250,True,
LTP302,17,9,18,GROUND,666,1940.066,970033,0,data/ds004395/sub-LTP302/ses-17/eeg/sub-LTP302_ses-17_task-ltpFR2_eeg.edf,data/ds004395/sub-LTP302/ses-17/eeg/sub-LTP302_ses-17_task-ltpFR2_events.tsv,970183,970433,250,True,
LTP302,17,9,19,BROOK,177,1942.77,971385,0,data/ds004395/sub-LTP302/ses-17/eeg/sub-LTP302_ses-17_task-ltpFR2_eeg.edf,data/ds004395/sub-LTP302/ses-17/eeg/sub-LTP302_ses-17_task-ltpFR2_events.tsv,971535,971785,250,True,
LTP302,17,9,20,SPOON,1357,1945.338,972669,0,data/ds004395/sub-LTP302/ses-17/eeg/sub-LTP302_ses-17_task-ltpFR2_eeg.edf,data/ds004395/sub-LTP302/ses-17/eeg/sub-LTP302_ses-17_task-ltpFR2_events.tsv,972819,973069,250,True,
LTP302,17,9,21,OMELET,976,1947.8,973900,1,data/ds004395/sub-LTP302/ses-17/eeg/sub-LTP302_ses-17_task-ltpFR2_eeg.edf,data/ds004395/sub-LTP302/ses-17/eeg/sub-LTP302_ses-17_task-ltpFR2_events.tsv,974050,974300,250,True,
LTP302,17,9,22,BACON,67,1950.344,975172,1,data/ds004395/sub-LTP302/ses-17/eeg/sub-LTP302_ses-17_task-ltpFR2_eeg.edf,data/ds004395/sub-LTP302/ses-17/eeg/sub-LTP302_ses-17_task-ltpFR2_events.tsv,975322,975572,250,True,
LTP302,17,9,23,ISLAND,745,1953.036,976518,1,data/ds004395/sub-LTP302/ses-17/eeg/sub-LTP302_ses-17_task-ltpFR2_eeg.edf,data/ds004395/sub-LTP302/ses-17/eeg/sub-LTP302_ses-17_task-ltpFR2_events.tsv,976668,976918,250,True,
LTP302,17,9,24,MUFFIN,929,1955.856,977928,1,data/ds004395/sub-LTP302/ses-17/eeg/sub-LTP302_ses-17_task-ltpFR2_eeg.edf,data/ds004395/sub-LTP302/ses-17/eeg/sub-LTP302_ses-17_task-ltpFR2_events.tsv,978078,978328,250,True,
LTP302,17,10,1,PASSAGE,1019,2073.714,1036857,0,data/ds004395/sub-LTP302/ses-17/eeg/sub-LTP302_ses-17_task-ltpFR2_eeg.edf,data/ds004395/sub-LTP302/ses-17/eeg/sub-LTP302_ses-17_task-ltpFR2_events.tsv,1037007,1037257,250,True,
LTP302,17,10,2,TILE,1468,2076.316,1038158,1,data/ds004395/sub-LTP302/ses-17/eeg/sub-LTP302_ses-17_task-ltpFR2_eeg.edf,data/ds004395/sub-LTP302/ses-17/eeg/sub-LTP302_ses-17_task-ltpFR2_events.tsv,1038308,1038558,250,True,
LTP302,17,10,3,MONSTER,912,2078.752,1039376,0,data/ds004395/sub-LTP302/ses-17/eeg/sub-LTP302_ses-17_task-ltpFR2_eeg.edf,data/ds004395/sub-LTP302/ses-17/eeg/sub-LTP302_ses-17_task-ltpFR2_events.tsv,1039526,1039776,250,True,
LTP302,17,10,4,CLOTHES,327,2081.22,1040610,0,data/ds004395/sub-LTP302/ses-17/eeg/sub-LTP302_ses-17_task-ltpFR2_eeg.edf,data/ds004395/sub-LTP302/ses-17/eeg/sub-LTP302_ses-17_task-ltpFR2_events.tsv,1040760,1041010,250,True,
LTP302,17,10,5,BUREAU,199,2083.906,1041953,0,data/ds004395/sub-LTP302/ses-17/eeg/sub-LTP302_ses-17_task-ltpFR2_eeg.edf,data/ds004395/sub-LTP302/ses-17/eeg/sub-LTP302_ses-17_task-ltpFR2_events.tsv,1042103,1042353,250,True,
LTP302,17,10,6,MUMMY,932,2086.64,1043320,1,data/ds004395/sub-LTP302/ses-17/eeg/sub-LTP302_ses-17_task-ltpFR2_eeg.edf,data/ds004395/sub-LTP302/ses-17/eeg/sub-LTP302_ses-17_task-ltpFR2_events.tsv,1043470,1043720,250,True,
LTP302,17,10,7,CHAUFFEUR,283,2089.278,1044639,0,data/ds004395/sub-LTP302/ses-17/eeg/sub-LTP302_ses-17_task-ltpFR2_eeg.edf,data/ds004395/sub-LTP302/ses-17/eeg/sub-LTP302_ses-17_task-ltpFR2_events.tsv,1044789,1045039,250,True,
LTP302,17,10,8,VALVE,1546,2091.978,1045989,0,data/ds004395/sub-LTP302/ses-17/eeg/sub-LTP302_ses-17_task-ltpFR2_eeg.edf,data/ds004395/sub-LTP302/ses-17/eeg/sub-LTP302_ses-17_task-ltpFR2_events.tsv,1046139,1046389,250,True,
LTP302,17,10,9,TUTU,1524,2094.546,1047273,0,data/ds004395/sub-LTP302/ses-17/eeg/sub-LTP302_ses-17_task-ltpFR2_eeg.edf,data/ds004395/sub-LTP302/ses-17/eeg/sub-LTP302_ses-17_task-ltpFR2_events.tsv,1047423,1047673,250,True,
LTP302,17,10,10,EAGLE,512,2097.098,1048549,0,data/ds004395/sub-LTP302/ses-17/eeg/sub-LTP302_ses-17_task-ltpFR2_eeg.edf,data/ds004395/sub-LTP302/ses-17/eeg/sub-LTP302_ses-17_task-ltpFR2_events.tsv,1048699,1048949,250,True,
LTP302,17,10,11,AUTHOR,61,2099.818,1049909,0,data/ds004395/sub-LTP302/ses-17/eeg/sub-LTP302_ses-17_task-ltpFR2_eeg.edf,data/ds004395/sub-LTP302/ses-17/eeg/sub-LTP302_ses-17_task-ltpFR2_events.tsv,1050059,1050309,250,True,
LTP302,17,10,12,SCRIBBLE,1256,2102.402,1051201,0,data/ds004395/sub-LTP302/ses-17/eeg/sub-LTP302_ses-17_task-ltpFR2_eeg.edf,data/ds004395/sub-LTP302/ses-17/eeg/sub-LTP302_ses-17_task-ltpFR2_events.tsv,1051351,1051601,250,True,
LTP302,17,10,13,DANCER,437,2105.072,1052536,0,data/ds004395/sub-LTP302/ses-17/eeg/sub-LTP302_ses-17_task-ltpFR2_eeg.edf,data/ds004395/sub-LTP302/ses-17/eeg/sub-LTP302_ses-17_task-ltpFR2_events.tsv,1052686,1052936,250,True,
LTP302,17,10,14,HORNET,718,2107.656,1053828,0,data/ds004395/sub-LTP302/ses-17/eeg/sub-LTP302_ses-17_task-ltpFR2_eeg.edf,data/ds004395/sub-LTP302/ses-17/eeg/sub-LTP302_ses-17_task-ltpFR2_events.tsv,1053978,1054228,250,True,
LTP302,17,10,15,FUNGUS,614,2110.226,1055113,0,data/ds004395/sub-LTP302/ses-17/eeg/sub-LTP302_ses-17_task-ltpFR2_eeg.edf,data/ds004395/sub-LTP302/ses-17/eeg/sub-LTP302_ses-17_task-ltpFR2_events.tsv,1055263,1055513,250,True,
LTP302,17,10,16,CHIPMUNK,304,2112.644,1056322,1,data/ds004395/sub-LTP302/ses-17/eeg/sub-LTP302_ses-17_task-ltpFR2_eeg.edf,data/ds004395/sub-LTP302/ses-17/eeg/sub-LTP302_ses-17_task-ltpFR2_events.tsv,1056472,1056722,250,True,
LTP302,17,10,17,MAILBOX,857,2115.314,1057657,1,data/ds004395/sub-LTP302/ses-17/eeg/sub-LTP302_ses-17_task-ltpFR2_eeg.edf,data/ds004395/sub-LTP302/ses-17/eeg/sub-LTP302_ses-17_task-ltpFR2_events.tsv,1057807,1058057,250,True,
LTP302,17,10,18,OUTFIT,988,2117.998,1058999,1,data/ds004395/sub-LTP302/ses-17/eeg/sub-LTP302_ses-17_task-ltpFR2_eeg.edf,data/ds004395/sub-LTP302/ses-17/eeg/sub-LTP302_ses-17_task-ltpFR2_events.tsv,1059149,1059399,250,True,
LTP302,17,10,19,TOMBSTONE,1478,2120.618,1060309,1,data/ds004395/sub-LTP302/ses-17/eeg/sub-LTP302_ses-17_task-ltpFR2_eeg.edf,data/ds004395/sub-LTP302/ses-17/eeg/sub-LTP302_ses-17_task-ltpFR2_events.tsv,1060459,1060709,250,True,
LTP302,17,10,20,RECEIPT,1173,2123.136,1061568,1,data/ds004395/sub-LTP302/ses-17/eeg/sub-LTP302_ses-17_task-ltpFR2_eeg.edf,data/ds004395/sub-LTP302/ses-17/eeg/sub-LTP302_ses-17_task-ltpFR2_events.tsv,1061718,1061968,250,True,
LTP302,17,10,21,PARSLEY,1016,2125.672,1062836,1,data/ds004395/sub-LTP302/ses-17/eeg/sub-LTP302_ses-17_task-ltpFR2_eeg.edf,data/ds004395/sub-LTP302/ses-17/eeg/sub-LTP302_ses-17_task-ltpFR2_events.tsv,1062986,1063236,250,True,
LTP302,17,10,22,LONDON,843,2128.194,1064097,1,data/ds004395/sub-LTP302/ses-17/eeg/sub-LTP302_ses-17_task-ltpFR2_eeg.edf,data/ds004395/sub-LTP302/ses-17/eeg/sub-LTP302_ses-17_task-ltpFR2_events.tsv,1064247,1064497,250,True,
LTP302,17,10,23,PREACHER,1119,2130.826,1065413,0,data/ds004395/sub-LTP302/ses-17/eeg/sub-LTP302_ses-17_task-ltpFR2_eeg.edf,data/ds004395/sub-LTP302/ses-17/eeg/sub-LTP302_ses-17_task-ltpFR2_events.tsv,1065563,1065813,250,True,
LTP302,17,10,24,SLIDE,1326,2133.476,1066738,0,data/ds004395/sub-LTP302/ses-17/eeg/sub-LTP302_ses-17_task-ltpFR2_eeg.edf,data/ds004395/sub-LTP302/ses-17/eeg/sub-LTP302_ses-17_task-ltpFR2_events.tsv,1066888,1067138,250,True,
LTP302,17,11,1,STAMP,1370,2251.398,1125699,1,data/ds004395/sub-LTP302/ses-17/eeg/sub-LTP302_ses-17_task-ltpFR2_eeg.edf,data/ds004395/sub-LTP302/ses-17/eeg/sub-LTP302_ses-17_task-ltpFR2_events.tsv,1125849,1126099,250,True,
LTP302,17,11,2,GIFT,635,2253.838,1126919,1,data/ds004395/sub-LTP302/ses-17/eeg/sub-LTP302_ses-17_task-ltpFR2_eeg.edf,data/ds004395/sub-LTP302/ses-17/eeg/sub-LTP302_ses-17_task-ltpFR2_events.tsv,1127069,1127319,250,True,
LTP302,17,11,3,FRAME,600,2256.47,1128235,1,data/ds004395/sub-LTP302/ses-17/eeg/sub-LTP302_ses-17_task-ltpFR2_eeg.edf,data/ds004395/sub-LTP302/ses-17/eeg/sub-LTP302_ses-17_task-ltpFR2_events.tsv,1128385,1128635,250,True,
LTP302,17,11,4,HERO,706,2259.138,1129569,1,data/ds004395/sub-LTP302/ses-17/eeg/sub-LTP302_ses-17_task-ltpFR2_eeg.edf,data/ds004395/sub-LTP302/ses-17/eeg/sub-LTP302_ses-17_task-ltpFR2_events.tsv,1129719,1129969,250,True,
LTP302,17,11,5,SUNRISE,1407,2261.774,1130887,1,data/ds004395/sub-LTP302/ses-17/eeg/sub-LTP302_ses-17_task-ltpFR2_eeg.edf,data/ds004395/sub-LTP302/ses-17/eeg/sub-LTP302_ses-17_task-ltpFR2_events.tsv,1131037,1131287,250,True,
LTP302,17,11,6,WASP,1593,2264.56,1132280,0,data/ds004395/sub-LTP302/ses-17/eeg/sub-LTP302_ses-17_task-ltpFR2_eeg.edf,data/ds004395/sub-LTP302/ses-17/eeg/sub-LTP302_ses-17_task-ltpFR2_events.tsv,1132430,1132680,250,True,
LTP302,17,11,7,MISTER,901,2267.21,1133605,0,data/ds004395/sub-LTP302/ses-17/eeg/sub-LTP302_ses-17_task-ltpFR2_eeg.edf,data/ds004395/sub-LTP302/ses-17/eeg/sub-LTP302_ses-17_task-ltpFR2_events.tsv,1133755,1134005,250,True,
LTP302,17,11,8,NECKLACE,940,2269.832,1134916,0,data/ds004395/sub-LTP302/ses-17/eeg/sub-LTP302_ses-17_task-ltpFR2_eeg.edf,data/ds004395/sub-LTP302/ses-17/eeg/sub-LTP302_ses-17_task-ltpFR2_events.tsv,1135066,1135316,250,True,
LTP302,17,11,9,MEDAL,885,2272.332,1136166,0,data/ds004395/sub-LTP302/ses-17/eeg/sub-LTP302_ses-17_task-ltpFR2_eeg.edf,data/ds004395/sub-LTP302/ses-17/eeg/sub-LTP302_ses-17_task-ltpFR2_events.tsv,1136316,1136566,250,True,
LTP302,17,11,10,YOLK,1633,2275.068,1137534,1,data/ds004395/sub-LTP302/ses-17/eeg/sub-LTP302_ses-17_task-ltpFR2_eeg.edf,data/ds004395/sub-LTP302/ses-17/eeg/sub-LTP302_ses-17_task-ltpFR2_events.tsv,1137684,1137934,250,True,
LTP302,17,11,11,BURGLAR,200,2277.804,1138902,0,data/ds004395/sub-LTP302/ses-17/eeg/sub-LTP302_ses-17_task-ltpFR2_eeg.edf,data/ds004395/sub-LTP302/ses-17/eeg/sub-LTP302_ses-17_task-ltpFR2_events.tsv,1139052,1139302,250,True,
LTP302,17,11,12,TRANSPLANT,1496,2280.306,1140153,0,data/ds004395/sub-LTP302/ses-17/eeg/sub-LTP302_ses-17_task-ltpFR2_eeg.edf,data/ds004395/sub-LTP302/ses-17/eeg/sub-LTP302_ses-17_task-ltpFR2_events.tsv,1140303,1140553,250,True,
LTP302,17,11,13,SKILLET,1317,2282.826,1141413,1,data/ds004395/sub-LTP302/ses-17/eeg/sub-LTP302_ses-17_task-ltpFR2_eeg.edf,data/ds004395/sub-LTP302/ses-17/eeg/sub-LTP302_ses-17_task-ltpFR2_events.tsv,1141563,1141813,250,True,
LTP302,17,11,14,SCULPTURE,1258,2285.426,1142713,0,data/ds004395/sub-LTP302/ses-17/eeg/sub-LTP302_ses-17_task-ltpFR2_eeg.edf,data/ds004395/sub-LTP302/ses-17/eeg/sub-LTP302_ses-17_task-ltpFR2_events.tsv,1142863,1143113,250,True,
LTP302,17,11,15,PERMIT,1051,2287.948,1143974,1,data/ds004395/sub-LTP302/ses-17/eeg/sub-LTP302_ses-17_task-ltpFR2_eeg.edf,data/ds004395/sub-LTP302/ses-17/eeg/sub-LTP302_ses-17_task-ltpFR2_events.tsv,1144124,1144374,250,True,
LTP302,17,11,16,STICKER,1382,2290.598,1145299,0,data/ds004395/sub-LTP302/ses-17/eeg/sub-LTP302_ses-17_task-ltpFR2_eeg.edf,data/ds004395/sub-LTP302/ses-17/eeg/sub-LTP302_ses-17_task-ltpFR2_events.tsv,1145449,1145699,250,True,
LTP302,17,11,17,RIVER,1194,2293.218,1146609,1,data/ds004395/sub-LTP302/ses-17/eeg/sub-LTP302_ses-17_task-ltpFR2_eeg.edf,data/ds004395/sub-LTP302/ses-17/eeg/sub-LTP302_ses-17_task-ltpFR2_events.tsv,1146759,1147009,250,True,
LTP302,17,11,18,SKIRT,1319,2295.92,1147960,1,data/ds004395/sub-LTP302/ses-17/eeg/sub-LTP302_ses-17_task-ltpFR2_eeg.edf,data/ds004395/sub-LTP302/ses-17/eeg/sub-LTP302_ses-17_task-ltpFR2_events.tsv,1148110,1148360,250,True,
LTP302,17,11,19,BOX,159,2298.606,1149303,1,data/ds004395/sub-LTP302/ses-17/eeg/sub-LTP302_ses-17_task-ltpFR2_eeg.edf,data/ds004395/sub-LTP302/ses-17/eeg/sub-LTP302_ses-17_task-ltpFR2_events.tsv,1149453,1149703,250,True,
LTP302,17,11,20,DORM,488,2301.258,1150629,1,data/ds004395/sub-LTP302/ses-17/eeg/sub-LTP302_ses-17_task-ltpFR2_eeg.edf,data/ds004395/sub-LTP302/ses-17/eeg/sub-LTP302_ses-17_task-ltpFR2_events.tsv,1150779,1151029,250,True,
LTP302,17,11,21,WAITER,1580,2304.092,1152046,1,data/ds004395/sub-LTP302/ses-17/eeg/sub-LTP302_ses-17_task-ltpFR2_eeg.edf,data/ds004395/sub-LTP302/ses-17/eeg/sub-LTP302_ses-17_task-ltpFR2_events.tsv,1152196,1152446,250,True,
LTP302,17,11,22,SERVER,1272,2306.828,1153414,1,data/ds004395/sub-LTP302/ses-17/eeg/sub-LTP302_ses-17_task-ltpFR2_eeg.edf,data/ds004395/sub-LTP302/ses-17/eeg/sub-LTP302_ses-17_task-ltpFR2_events.tsv,1153564,1153814,250,True,
LTP302,17,11,23,WAITRESS,1581,2309.264,1154632,1,data/ds004395/sub-LTP302/ses-17/eeg/sub-LTP302_ses-17_task-ltpFR2_eeg.edf,data/ds004395/sub-LTP302/ses-17/eeg/sub-LTP302_ses-17_task-ltpFR2_events.tsv,1154782,1155032,250,True,
LTP302,17,11,24,MUSTARD,935,2311.7,1155850,1,data/ds004395/sub-LTP302/ses-17/eeg/sub-LTP302_ses-17_task-ltpFR2_eeg.edf,data/ds004395/sub-LTP302/ses-17/eeg/sub-LTP302_ses-17_task-ltpFR2_events.tsv,1156000,1156250,250,True,
LTP302,17,12,1,BALLOON,75,2429.69,1214845,0,data/ds004395/sub-LTP302/ses-17/eeg/sub-LTP302_ses-17_task-ltpFR2_eeg.edf,data/ds004395/sub-LTP302/ses-17/eeg/sub-LTP302_ses-17_task-ltpFR2_events.tsv,1214995,1215245,250,True,
LTP302,17,12,2,PERFUME,1049,2432.444,1216222,0,data/ds004395/sub-LTP302/ses-17/eeg/sub-LTP302_ses-17_task-ltpFR2_eeg.edf,data/ds004395/sub-LTP302/ses-17/eeg/sub-LTP302_ses-17_task-ltpFR2_events.tsv,1216372,1216622,250,True,
LTP302,17,12,3,FRAGRANCE,599,2435.254,1217627,0,data/ds004395/sub-LTP302/ses-17/eeg/sub-LTP302_ses-17_task-ltpFR2_eeg.edf,data/ds004395/sub-LTP302/ses-17/eeg/sub-LTP302_ses-17_task-ltpFR2_events.tsv,1217777,1218027,250,True,
LTP302,17,12,4,STOMACH,1384,2438.046,1219023,1,data/ds004395/sub-LTP302/ses-17/eeg/sub-LTP302_ses-17_task-ltpFR2_eeg.edf,data/ds004395/sub-LTP302/ses-17/eeg/sub-LTP302_ses-17_task-ltpFR2_events.tsv,1219173,1219423,250,True,
LTP302,17,12,5,HAWK,692,2440.548,1220274,0,data/ds004395/sub-LTP302/ses-17/eeg/sub-LTP302_ses-17_task-ltpFR2_eeg.edf,data/ds004395/sub-LTP302/ses-17/eeg/sub-LTP302_ses-17_task-ltpFR2_events.tsv,1220424,1220674,250,True,
LTP302,17,12,6,SNACK,1331,2443.178,1221589,1,data/ds004395/sub-LTP302/ses-17/eeg/sub-LTP302_ses-17_task-ltpFR2_eeg.edf,data/ds004395/sub-LTP302/ses-17/eeg/sub-LTP302_ses-17_task-ltpFR2_events.tsv,1221739,1221989,250,True,
LTP302,17,12,7,GANGSTER,620,2445.98,1222990,1,data/ds004395/sub-LTP302/ses-17/eeg/sub-LTP302_ses-17_task-ltpFR2_eeg.edf,data/ds004395/sub-LTP302/ses-17/eeg/sub-LTP302_ses-17_task-ltpFR2_events.tsv,1223140,1223390,250,True,
LTP302,17,12,8,SHELTER,1282,2448.482,1224241,0,data/ds004395/sub-LTP302/ses-17/eeg/sub-LTP302_ses-17_task-ltpFR2_eeg.edf,data/ds004395/sub-LTP302/ses-17/eeg/sub-LTP302_ses-17_task-ltpFR2_events.tsv,1224391,1224641,250,True,
LTP302,17,12,9,PICNIC,1060,2450.992,1225496,0,data/ds004395/sub-LTP302/ses-17/eeg/sub-LTP302_ses-17_task-ltpFR2_eeg.edf,data/ds004395/sub-LTP302/ses-17/eeg/sub-LTP302_ses-17_task-ltpFR2_events.tsv,1225646,1225896,250,True,
LTP302,17,12,10,MOTEL,919,2453.47,1226735,0,data/ds004395/sub-LTP302/ses-17/eeg/sub-LTP302_ses-17_task-ltpFR2_eeg.edf,data/ds004395/sub-LTP302/ses-17/eeg/sub-LTP302_ses-17_task-ltpFR2_events.tsv,1226885,1227135,250,True,
LTP302,17,12,11,CABBAGE,210,2455.938,1227969,0,data/ds004395/sub-LTP302/ses-17/eeg/sub-LTP302_ses-17_task-ltpFR2_eeg.edf,data/ds004395/sub-LTP302/ses-17/eeg/sub-LTP302_ses-17_task-ltpFR2_events.tsv,1228119,1228369,250,True,
LTP302,17,12,12,LOFT,840,2458.414,1229207,0,data/ds004395/sub-LTP302/ses-17/eeg/sub-LTP302_ses-17_task-ltpFR2_eeg.edf,data/ds004395/sub-LTP302/ses-17/eeg/sub-LTP302_ses-17_task-ltpFR2_events.tsv,1229357,1229607,250,True,
LTP302,17,12,13,COTTAGE,384,2460.95,1230475,0,data/ds004395/sub-LTP302/ses-17/eeg/sub-LTP302_ses-17_task-ltpFR2_eeg.edf,data/ds004395/sub-LTP302/ses-17/eeg/sub-LTP302_ses-17_task-ltpFR2_events.tsv,1230625,1230875,250,True,
LTP302,17,12,14,TEACHER,1440,2463.412,1231706,0,data/ds004395/sub-LTP302/ses-17/eeg/sub-LTP302_ses-17_task-ltpFR2_eeg.edf,data/ds004395/sub-LTP302/ses-17/eeg/sub-LTP302_ses-17_task-ltpFR2_events.tsv,1231856,1232106,250,True,
LTP302,17,12,15,VAGRANT,1544,2465.838,1232919,0,data/ds004395/sub-LTP302/ses-17/eeg/sub-LTP302_ses-17_task-ltpFR2_eeg.edf,data/ds004395/sub-LTP302/ses-17/eeg/sub-LTP302_ses-17_task-ltpFR2_events.tsv,1233069,1233319,250,True,
LTP302,17,12,16,VIKING,1565,2468.272,1234136,1,data/ds004395/sub-LTP302/ses-17/eeg/sub-LTP302_ses-17_task-ltpFR2_eeg.edf,data/ds004395/sub-LTP302/ses-17/eeg/sub-LTP302_ses-17_task-ltpFR2_events.tsv,1234286,1234536,250,True,
LTP302,17,12,17,RAFT,1159,2471.022,1235511,1,data/ds004395/sub-LTP302/ses-17/eeg/sub-LTP302_ses-17_task-ltpFR2_eeg.edf,data/ds004395/sub-LTP302/ses-17/eeg/sub-LTP302_ses-17_task-ltpFR2_events.tsv,1235661,1235911,250,True,
LTP302,17,12,18,MILDEW,893,2473.476,1236738,1,data/ds004395/sub-LTP302/ses-17/eeg/sub-LTP302_ses-17_task-ltpFR2_eeg.edf,data/ds004395/sub-LTP302/ses-17/eeg/sub-LTP302_ses-17_task-ltpFR2_events.tsv,1236888,1237138,250,True,
LTP302,17,12,19,BRICK,172,2476.14,1238070,1,data/ds004395/sub-LTP302/ses-17/eeg/sub-LTP302_ses-17_task-ltpFR2_eeg.edf,data/ds004395/sub-LTP302/ses-17/eeg/sub-LTP302_ses-17_task-ltpFR2_events.tsv,1238220,1238470,250,True,
LTP302,17,12,20,LIPSTICK,829,2478.892,1239446,0,data/ds004395/sub-LTP302/ses-17/eeg/sub-LTP302_ses-17_task-ltpFR2_eeg.edf,data/ds004395/sub-LTP302/ses-17/eeg/sub-LTP302_ses-17_task-ltpFR2_events.tsv,1239596,1239846,250,True,
LTP302,17,12,21,DUSTPAN,509,2481.466,1240733,0,data/ds004395/sub-LTP302/ses-17/eeg/sub-LTP302_ses-17_task-ltpFR2_eeg.edf,data/ds004395/sub-LTP302/ses-17/eeg/sub-LTP302_ses-17_task-ltpFR2_events.tsv,1240883,1241133,250,True,
LTP302,17,12,22,DRILL,497,2484.118,1242059,0,data/ds004395/sub-LTP302/ses-17/eeg/sub-LTP302_ses-17_task-ltpFR2_eeg.edf,data/ds004395/sub-LTP302/ses-17/eeg/sub-LTP302_ses-17_task-ltpFR2_events.tsv,1242209,1242459,250,True,
LTP302,17,12,23,SPIDER,1351,2486.882,1243441,0,data/ds004395/sub-LTP302/ses-17/eeg/sub-LTP302_ses-17_task-ltpFR2_eeg.edf,data/ds004395/sub-LTP302/ses-17/eeg/sub-LTP302_ses-17_task-ltpFR2_events.tsv,1243591,1243841,250,True,
LTP302,17,12,24,LAMP,798,2489.65,1244825,0,data/ds004395/sub-LTP302/ses-17/eeg/sub-LTP302_ses-17_task-ltpFR2_eeg.edf,data/ds004395/sub-LTP302/ses-17/eeg/sub-LTP302_ses-17_task-ltpFR2_events.tsv,1244975,1245225,250,True,
LTP302,17,13,1,OINTMENT,974,2607.628,1303814,1,data/ds004395/sub-LTP302/ses-17/eeg/sub-LTP302_ses-17_task-ltpFR2_eeg.edf,data/ds004395/sub-LTP302/ses-17/eeg/sub-LTP302_ses-17_task-ltpFR2_events.tsv,1303964,1304214,250,True,
LTP302,17,13,2,GARLIC,624,2610.348,1305174,0,data/ds004395/sub-LTP302/ses-17/eeg/sub-LTP302_ses-17_task-ltpFR2_eeg.edf,data/ds004395/sub-LTP302/ses-17/eeg/sub-LTP302_ses-17_task-ltpFR2_events.tsv,1305324,1305574,250,True,
LTP302,17,13,3,TABLE,1426,2612.868,1306434,0,data/ds004395/sub-LTP302/ses-17/eeg/sub-LTP302_ses-17_task-ltpFR2_eeg.edf,data/ds004395/sub-LTP302/ses-17/eeg/sub-LTP302_ses-17_task-ltpFR2_events.tsv,1306584,1306834,250,True,
LTP302,17,13,4,SPHINX,1349,2615.568,1307784,0,data/ds004395/sub-LTP302/ses-17/eeg/sub-LTP302_ses-17_task-ltpFR2_eeg.edf,data/ds004395/sub-LTP302/ses-17/eeg/sub-LTP302_ses-17_task-ltpFR2_events.tsv,1307934,1308184,250,True,
LTP302,17,13,5,LUGGAGE,847,2618.354,1309177,0,data/ds004395/sub-LTP302/ses-17/eeg/sub-LTP302_ses-17_task-ltpFR2_eeg.edf,data/ds004395/sub-LTP302/ses-17/eeg/sub-LTP302_ses-17_task-ltpFR2_events.tsv,1309327,1309577,250,True,
LTP302,17,13,6,BRIEFCASE,175,2621.146,1310573,0,data/ds004395/sub-LTP302/ses-17/eeg/sub-LTP302_ses-17_task-ltpFR2_eeg.edf,data/ds004395/sub-LTP302/ses-17/eeg/sub-LTP302_ses-17_task-ltpFR2_events.tsv,1310723,1310973,250,True,
LTP302,17,13,7,RIFLE,1192,2623.68,1311840,0,data/ds004395/sub-LTP302/ses-17/eeg/sub-LTP302_ses-17_task-ltpFR2_eeg.edf,data/ds004395/sub-LTP302/ses-17/eeg/sub-LTP302_ses-17_task-ltpFR2_events.tsv,1311990,1312240,250,True,
LTP302,17,13,8,MOTOR,922,2626.21,1313105,1,data/ds004395/sub-LTP302/ses-17/eeg/sub-LTP302_ses-17_task-ltpFR2_eeg.edf,data/ds004395/sub-LTP302/ses-17/eeg/sub-LTP302_ses-17_task-ltpFR2_events.tsv,1313255,1313505,250,True,
LTP302,17,13,9,CRAB,397,2628.996,1314498,1,data/ds004395/sub-LTP302/ses-17/eeg/sub-LTP302_ses-17_task-ltpFR2_eeg.edf,data/ds004395/sub-LTP302/ses-17/eeg/sub-LTP302_ses-17_task-ltpFR2_events.tsv,1314648,1314898,250,True,
LTP302,17,13,10,CITRUS,313,2631.566,1315783,1,data/ds004395/sub-LTP302/ses-17/eeg/sub-LTP302_ses-17_task-ltpFR2_eeg.edf,data/ds004395/sub-LTP302/ses-17/eeg/sub-LTP302_ses-17_task-ltpFR2_events.tsv,1315933,1316183,250,True,
LTP302,17,13,11,ORANGE,980,2634.368,1317184,1,data/ds004395/sub-LTP302/ses-17/eeg/sub-LTP302_ses-17_task-ltpFR2_eeg.edf,data/ds004395/sub-LTP302/ses-17/eeg/sub-LTP302_ses-17_task-ltpFR2_events.tsv,1317334,1317584,250,True,
LTP302,17,13,12,DINER,467,2637.052,1318526,1,data/ds004395/sub-LTP302/ses-17/eeg/sub-LTP302_ses-17_task-ltpFR2_eeg.edf,data/ds004395/sub-LTP302/ses-17/eeg/sub-LTP302_ses-17_task-ltpFR2_events.tsv,1318676,1318926,250,True,
LTP302,17,13,13,LAPEL,800,2639.51,1319755,1,data/ds004395/sub-LTP302/ses-17/eeg/sub-LTP302_ses-17_task-ltpFR2_eeg.edf,data/ds004395/sub-LTP302/ses-17/eeg/sub-LTP302_ses-17_task-ltpFR2_events.tsv,1319905,1320155,250,True,
LTP302,17,13,14,GARDEN,623,2642.008,1321004,0,data/ds004395/sub-LTP302/ses-17/eeg/sub-LTP302_ses-17_task-ltpFR2_eeg.edf,data/ds004395/sub-LTP302/ses-17/eeg/sub-LTP302_ses-17_task-ltpFR2_events.tsv,1321154,1321404,250,True,
LTP302,17,13,15,DONOR,485,2644.598,1322299,1,data/ds004395/sub-LTP302/ses-17/eeg/sub-LTP302_ses-17_task-ltpFR2_eeg.edf,data/ds004395/sub-LTP302/ses-17/eeg/sub-LTP302_ses-17_task-ltpFR2_events.tsv,1322449,1322699,250,True,
LTP302,17,13,16,LIZARD,834,2647.112,1323556,0,data/ds004395/sub-LTP302/ses-17/eeg/sub-LTP302_ses-17_task-ltpFR2_eeg.edf,data/ds004395/sub-LTP302/ses-17/eeg/sub-LTP302_ses-17_task-ltpFR2_events.tsv,1323706,1323956,250,True,
LTP302,17,13,17,HOOD,714,2649.898,1324949,0,data/ds004395/sub-LTP302/ses-17/eeg/sub-LTP302_ses-17_task-ltpFR2_eeg.edf,data/ds004395/sub-LTP302/ses-17/eeg/sub-LTP302_ses-17_task-ltpFR2_events.tsv,1325099,1325349,250,True,
LTP302,17,13,18,MOP,916,2652.506,1326253,0,data/ds004395/sub-LTP302/ses-17/eeg/sub-LTP302_ses-17_task-ltpFR2_eeg.edf,data/ds004395/sub-LTP302/ses-17/eeg/sub-LTP302_ses-17_task-ltpFR2_events.tsv,1326403,1326653,250,True,
LTP302,17,13,19,TWIG,1527,2655.118,1327559,0,data/ds004395/sub-LTP302/ses-17/eeg/sub-LTP302_ses-17_task-ltpFR2_eeg.edf,data/ds004395/sub-LTP302/ses-17/eeg/sub-LTP302_ses-17_task-ltpFR2_events.tsv,1327709,1327959,250,True,
LTP302,17,13,20,COIN,343,2657.902,1328951,0,data/ds004395/sub-LTP302/ses-17/eeg/sub-LTP302_ses-17_task-ltpFR2_eeg.edf,data/ds004395/sub-LTP302/ses-17/eeg/sub-LTP302_ses-17_task-ltpFR2_events.tsv,1329101,1329351,250,True,
LTP302,17,13,21,CONTRACT,368,2660.444,1330222,1,data/ds004395/sub-LTP302/ses-17/eeg/sub-LTP302_ses-17_task-ltpFR2_eeg.edf,data/ds004395/sub-LTP302/ses-17/eeg/sub-LTP302_ses-17_task-ltpFR2_events.tsv,1330372,1330622,250,True,
LTP302,17,13,22,CHEST,295,2663.048,1331524,0,data/ds004395/sub-LTP302/ses-17/eeg/sub-LTP302_ses-17_task-ltpFR2_eeg.edf,data/ds004395/sub-LTP302/ses-17/eeg/sub-LTP302_ses-17_task-ltpFR2_events.tsv,1331674,1331924,250,True,
LTP302,17,13,23,EYELASH,546,2665.7,1332850,1,data/ds004395/sub-LTP302/ses-17/eeg/sub-LTP302_ses-17_task-ltpFR2_eeg.edf,data/ds004395/sub-LTP302/ses-17/eeg/sub-LTP302_ses-17_task-ltpFR2_events.tsv,1333000,1333250,250,True,
LTP302,17,13,24,EGYPT,519,2668.286,1334143,0,data/ds004395/sub-LTP302/ses-17/eeg/sub-LTP302_ses-17_task-ltpFR2_eeg.edf,data/ds004395/sub-LTP302/ses-17/eeg/sub-LTP302_ses-17_task-ltpFR2_events.tsv,1334293,1334543,250,True,
LTP302,17,14,1,GYMNAST,675,2786.168,1393084,1,data/ds004395/sub-LTP302/ses-17/eeg/sub-LTP302_ses-17_task-ltpFR2_eeg.edf,data/ds004395/sub-LTP302/ses-17/eeg/sub-LTP302_ses-17_task-ltpFR2_events.tsv,1393234,1393484,250,True,
LTP302,17,14,2,BOARD,143,2788.938,1394469,1,data/ds004395/sub-LTP302/ses-17/eeg/sub-LTP302_ses-17_task-ltpFR2_eeg.edf,data/ds004395/sub-LTP302/ses-17/eeg/sub-LTP302_ses-17_task-ltpFR2_events.tsv,1394619,1394869,250,True,
LTP302,17,14,3,LASER,801,2791.49,1395745,1,data/ds004395/sub-LTP302/ses-17/eeg/sub-LTP302_ses-17_task-ltpFR2_eeg.edf,data/ds004395/sub-LTP302/ses-17/eeg/sub-LTP302_ses-17_task-ltpFR2_events.tsv,1395895,1396145,250,True,
LTP302,17,14,4,COUCH,386,2794.108,1397054,1,data/ds004395/sub-LTP302/ses-17/eeg/sub-LTP302_ses-17_task-ltpFR2_eeg.edf,data/ds004395/sub-LTP302/ses-17/eeg/sub-LTP302_ses-17_task-ltpFR2_events.tsv,1397204,1397454,250,True,
LTP302,17,14,5,PAIL,1002,2796.794,1398397,0,data/ds004395/sub-LTP302/ses-17/eeg/sub-LTP302_ses-17_task-ltpFR2_eeg.edf,data/ds004395/sub-LTP302/ses-17/eeg/sub-LTP302_ses-17_task-ltpFR2_events.tsv,1398547,1398797,250,True,
LTP302,17,14,6,MARSH,874,2799.394,1399697,1,data/ds004395/sub-LTP302/ses-17/eeg/sub-LTP302_ses-17_task-ltpFR2_eeg.edf,data/ds004395/sub-LTP302/ses-17/eeg/sub-LTP302_ses-17_task-ltpFR2_events.tsv,1399847,1400097,250,True,
LTP302,17,14,7,CASKET,255,2802.064,1401032,1,data/ds004395/sub-LTP302/ses-17/eeg/sub-LTP302_ses-17_task-ltpFR2_eeg.edf,data/ds004395/sub-LTP302/ses-17/eeg/sub-LTP302_ses-17_task-ltpFR2_events.tsv,1401182,1401432,250,True,
LTP302,17,14,8,GRAVE,658,2804.65,1402325,1,data/ds004395/sub-LTP302/ses-17/eeg/sub-LTP302_ses-17_task-ltpFR2_eeg.edf,data/ds004395/sub-LTP302/ses-17/eeg/sub-LTP302_ses-17_task-ltpFR2_events.tsv,1402475,1402725,250,True,
LTP302,17,14,9,LAKE,796,2807.384,1403692,1,data/ds004395/sub-LTP302/ses-17/eeg/sub-LTP302_ses-17_task-ltpFR2_eeg.edf,data/ds004395/sub-LTP302/ses-17/eeg/sub-LTP302_ses-17_task-ltpFR2_events.tsv,1403842,1404092,250,True,
LTP302,17,14,10,PACKAGE,997,2810.188,1405094,1,data/ds004395/sub-LTP302/ses-17/eeg/sub-LTP302_ses-17_task-ltpFR2_eeg.edf,data/ds004395/sub-LTP302/ses-17/eeg/sub-LTP302_ses-17_task-ltpFR2_events.tsv,1405244,1405494,250,True,
LTP302,17,14,11,SWORD,1423,2812.706,1406353,1,data/ds004395/sub-LTP302/ses-17/eeg/sub-LTP302_ses-17_task-ltpFR2_eeg.edf,data/ds004395/sub-LTP302/ses-17/eeg/sub-LTP302_ses-17_task-ltpFR2_events.tsv,1406503,1406753,250,True,
LTP302,17,14,12,SODA,1341,2815.242,1407621,1,data/ds004395/sub-LTP302/ses-17/eeg/sub-LTP302_ses-17_task-ltpFR2_eeg.edf,data/ds004395/sub-LTP302/ses-17/eeg/sub-LTP302_ses-17_task-ltpFR2_events.tsv,1407771,1408021,250,True,
LTP302,17,14,13,CANAL,226,2817.812,1408906,0,data/ds004395/sub-LTP302/ses-17/eeg/sub-LTP302_ses-17_task-ltpFR2_eeg.edf,data/ds004395/sub-LTP302/ses-17/eeg/sub-LTP302_ses-17_task-ltpFR2_events.tsv,1409056,1409306,250,True,
LTP302,17,14,14,VIRUS,1572,2820.462,1410231,0,data/ds004395/sub-LTP302/ses-17/eeg/sub-LTP302_ses-17_task-ltpFR2_eeg.edf,data/ds004395/sub-LTP302/ses-17/eeg/sub-LTP302_ses-17_task-ltpFR2_events.tsv,1410381,1410631,250,True,
LTP302,17,14,15,DRESSER,496,2823.214,1411607,0,data/ds004395/sub-LTP302/ses-17/eeg/sub-LTP302_ses-17_task-ltpFR2_eeg.edf,data/ds004395/sub-LTP302/ses-17/eeg/sub-LTP302_ses-17_task-ltpFR2_events.tsv,1411757,1412007,250,True,
LTP302,17,14,16,SLIME,1327,2825.834,1412917,0,data/ds004395/sub-LTP302/ses-17/eeg/sub-LTP302_ses-17_task-ltpFR2_eeg.edf,data/ds004395/sub-LTP302/ses-17/eeg/sub-LTP302_ses-17_task-ltpFR2_events.tsv,1413067,1413317,250,True,
LTP302,17,14,17,CATTLE,261,2828.622,1414311,0,data/ds004395/sub-LTP302/ses-17/eeg/sub-LTP302_ses-17_task-ltpFR2_eeg.edf,data/ds004395/sub-LTP302/ses-17/eeg/sub-LTP302_ses-17_task-ltpFR2_events.tsv,1414461,1414711,250,True,
LTP302,17,14,18,SEAL,1262,2831.222,1415611,0,data/ds004395/sub-LTP302/ses-17/eeg/sub-LTP302_ses-17_task-ltpFR2_eeg.edf,data/ds004395/sub-LTP302/ses-17/eeg/sub-LTP302_ses-17_task-ltpFR2_events.tsv,1415761,1416011,250,True,
LTP302,17,14,19,BUBBLE,183,2833.824,1416912,0,data/ds004395/sub-LTP302/ses-17/eeg/sub-LTP302_ses-17_task-ltpFR2_eeg.edf,data/ds004395/sub-LTP302/ses-17/eeg/sub-LTP302_ses-17_task-ltpFR2_events.tsv,1417062,1417312,250,True,
LTP302,17,14,20,NIGHTGOWN,953,2836.374,1418187,0,data/ds004395/sub-LTP302/ses-17/eeg/sub-LTP302_ses-17_task-ltpFR2_eeg.edf,data/ds004395/sub-LTP302/ses-17/eeg/sub-LTP302_ses-17_task-ltpFR2_events.tsv,1418337,1418587,250,True,
LTP302,17,14,21,MAMMAL,861,2839.11,1419555,0,data/ds004395/sub-LTP302/ses-17/eeg/sub-LTP302_ses-17_task-ltpFR2_eeg.edf,data/ds004395/sub-LTP302/ses-17/eeg/sub-LTP302_ses-17_task-ltpFR2_events.tsv,1419705,1419955,250,True,
LTP302,17,14,22,BLUEPRINT,142,2841.646,1420823,0,data/ds004395/sub-LTP302/ses-17/eeg/sub-LTP302_ses-17_task-ltpFR2_eeg.edf,data/ds004395/sub-LTP302/ses-17/eeg/sub-LTP302_ses-17_task-ltpFR2_events.tsv,1420973,1421223,250,True,
LTP302,17,14,23,PLASTER,1085,2844.114,1422057,0,data/ds004395/sub-LTP302/ses-17/eeg/sub-LTP302_ses-17_task-ltpFR2_eeg.edf,data/ds004395/sub-LTP302/ses-17/eeg/sub-LTP302_ses-17_task-ltpFR2_events.tsv,1422207,1422457,250,True,
LTP302,17,14,24,XEROX,1628,2846.85,1423425,1,data/ds004395/sub-LTP302/ses-17/eeg/sub-LTP302_ses-17_task-ltpFR2_eeg.edf,data/ds004395/sub-LTP302/ses-17/eeg/sub-LTP302_ses-17_task-ltpFR2_events.tsv,1423575,1423825,250,True,
LTP302,17,15,1,NAPKIN,937,2989.908,1494954,0,data/ds004395/sub-LTP302/ses-17/eeg/sub-LTP302_ses-17_task-ltpFR2_eeg.edf,data/ds004395/sub-LTP302/ses-17/eeg/sub-LTP302_ses-17_task-ltpFR2_events.tsv,1495104,1495354,250,True,
LTP302,17,15,2,WASHER,1592,2992.678,1496339,0,data/ds004395/sub-LTP302/ses-17/eeg/sub-LTP302_ses-17_task-ltpFR2_eeg.edf,data/ds004395/sub-LTP302/ses-17/eeg/sub-LTP302_ses-17_task-ltpFR2_events.tsv,1496489,1496739,250,True,
LTP302,17,15,3,ARMY,39,2995.43,1497715,1,data/ds004395/sub-LTP302/ses-17/eeg/sub-LTP302_ses-17_task-ltpFR2_eeg.edf,data/ds004395/sub-LTP302/ses-17/eeg/sub-LTP302_ses-17_task-ltpFR2_events.tsv,1497865,1498115,250,True,
LTP302,17,15,4,WIFE,1609,2998.032,1499016,1,data/ds004395/sub-LTP302/ses-17/eeg/sub-LTP302_ses-17_task-ltpFR2_eeg.edf,data/ds004395/sub-LTP302/ses-17/eeg/sub-LTP302_ses-17_task-ltpFR2_events.tsv,1499166,1499416,250,True,
LTP302,17,15,5,PASTRY,1022,3000.852,1500426,1,data/ds004395/sub-LTP302/ses-17/eeg/sub-LTP302_ses-17_task-ltpFR2_eeg.edf,data/ds004395/sub-LTP302/ses-17/eeg/sub-LTP302_ses-17_task-ltpFR2_events.tsv,1500576,1500826,250,True,
LTP302,17,15,6,BINDER,127,3003.57,1501785,1,data/ds004395/sub-LTP302/ses-17/eeg/sub-LTP302_ses-17_task-ltpFR2_eeg.edf,data/ds004395/sub-LTP302/ses-17/eeg/sub-LTP302_ses-17_task-ltpFR2_events.tsv,1501935,1502185,250,True,
LTP302,17,15,7,CRIB,407,3006.154,1503077,1,data/ds004395/sub-LTP302/ses-17/eeg/sub-LTP302_ses-17_task-ltpFR2_eeg.edf,data/ds004395/sub-LTP302/ses-17/eeg/sub-LTP302_ses-17_task-ltpFR2_events.tsv,1503227,1503477,250,True,
LTP302,17,15,8,THIEF,1456,3008.592,1504296,0,data/ds004395/sub-LTP302/ses-17/eeg/sub-LTP302_ses-17_task-ltpFR2_eeg.edf,data/ds004395/sub-LTP302/ses-17/eeg/sub-LTP302_ses-17_task-ltpFR2_events.tsv,1504446,1504696,250,True,
LTP302,17,15,9,COMET,353,3011.192,1505596,0,data/ds004395/sub-LTP302/ses-17/eeg/sub-LTP302_ses-17_task-ltpFR2_eeg.edf,data/ds004395/sub-LTP302/ses-17/eeg/sub-LTP302_ses-17_task-ltpFR2_events.tsv,1505746,1505996,250,True,
LTP302,17,15,10,MACHINE,852,3013.88,1506940,0,data/ds004395/sub-LTP302/ses-17/eeg/sub-LTP302_ses-17_task-ltpFR2_eeg.edf,data/ds004395/sub-LTP302/ses-17/eeg/sub-LTP302_ses-17_task-ltpFR2_events.tsv,1507090,1507340,250,True,
LTP302,17,15,11,FLEET,578,3016.648,1508324,1,data/ds004395/sub-LTP302/ses-17/eeg/sub-LTP302_ses-17_task-ltpFR2_eeg.edf,data/ds004395/sub-LTP302/ses-17/eeg/sub-LTP302_ses-17_task-ltpFR2_events.tsv,1508474,1508724,250,True,
LTP302,17,15,12,COLONEL,348,3019.45,1509725,1,data/ds004395/sub-LTP302/ses-17/eeg/sub-LTP302_ses-17_task-ltpFR2_eeg.edf,data/ds004395/sub-LTP302/ses-17/eeg/sub-LTP302_ses-17_task-ltpFR2_events.tsv,1509875,1510125,250,True,
LTP302,17,15,13,TRENCH,1503,3022.218,1511109,1,data/ds004395/sub-LTP302/ses-17/eeg/sub-LTP302_ses-17_task-ltpFR2_eeg.edf,data/ds004395/sub-LTP302/ses-17/eeg/sub-LTP302_ses-17_task-ltpFR2_events.tsv,1511259,1511509,250,True,
LTP302,17,15,14,GARBAGE,622,3024.922,1512461,0,data/ds004395/sub-LTP302/ses-17/eeg/sub-LTP302_ses-17_task-ltpFR2_eeg.edf,data/ds004395/sub-LTP302/ses-17/eeg/sub-LTP302_ses-17_task-ltpFR2_events.tsv,1512611,1512861,250,True,
LTP302,17,15,15,NOTEBOOK,959,3027.356,1513678,0,data/ds004395/sub-LTP302/ses-17/eeg/sub-LTP302_ses-17_task-ltpFR2_eeg.edf,data/ds004395/sub-LTP302/ses-17/eeg/sub-LTP302_ses-17_task-ltpFR2_events.tsv,1513828,1514078,250,True,
LTP302,17,15,16,JUNGLE,764,3029.876,1514938,0,data/ds004395/sub-LTP302/ses-17/eeg/sub-LTP302_ses-17_task-ltpFR2_eeg.edf,data/ds004395/sub-LTP302/ses-17/eeg/sub-LTP302_ses-17_task-ltpFR2_events.tsv,1515088,1515338,250,True,
LTP302,17,15,17,TABLET,1427,3032.362,1516181,0,data/ds004395/sub-LTP302/ses-17/eeg/sub-LTP302_ses-17_task-ltpFR2_eeg.edf,data/ds004395/sub-LTP302/ses-17/eeg/sub-LTP302_ses-17_task-ltpFR2_events.tsv,1516331,1516581,250,True,
LTP302,17,15,18,BLADE,134,3035.146,1517573,0,data/ds004395/sub-LTP302/ses-17/eeg/sub-LTP302_ses-17_task-ltpFR2_eeg.edf,data/ds004395/sub-LTP302/ses-17/eeg/sub-LTP302_ses-17_task-ltpFR2_events.tsv,1517723,1517973,250,True,
LTP302,17,15,19,SCALPEL,1243,3037.682,1518841,0,data/ds004395/sub-LTP302/ses-17/eeg/sub-LTP302_ses-17_task-ltpFR2_eeg.edf,data/ds004395/sub-LTP302/ses-17/eeg/sub-LTP302_ses-17_task-ltpFR2_events.tsv,1518991,1519241,250,True,
LTP302,17,15,20,STATUE,1374,3040.4,1520200,0,data/ds004395/sub-LTP302/ses-17/eeg/sub-LTP302_ses-17_task-ltpFR2_eeg.edf,data/ds004395/sub-LTP302/ses-17/eeg/sub-LTP302_ses-17_task-ltpFR2_events.tsv,1520350,1520600,250,True,
LTP302,17,15,21,KEEPER,769,3042.888,1521444,0,data/ds004395/sub-LTP302/ses-17/eeg/sub-LTP302_ses-17_task-ltpFR2_eeg.edf,data/ds004395/sub-LTP302/ses-17/eeg/sub-LTP302_ses-17_task-ltpFR2_events.tsv,1521594,1521844,250,True,
LTP302,17,15,22,SPACE,1345,3045.504,1522752,0,data/ds004395/sub-LTP302/ses-17/eeg/sub-LTP302_ses-17_task-ltpFR2_eeg.edf,data/ds004395/sub-LTP302/ses-17/eeg/sub-LTP302_ses-17_task-ltpFR2_events.tsv,1522902,1523152,250,True,
LTP302,17,15,23,LAVA,804,3048.29,1524145,0,data/ds004395/sub-LTP302/ses-17/eeg/sub-LTP302_ses-17_task-ltpFR2_eeg.edf,data/ds004395/sub-LTP302/ses-17/eeg/sub-LTP302_ses-17_task-ltpFR2_events.tsv,1524295,1524545,250,True,
LTP302,17,15,24,PEBBLE,1035,3050.758,1525379,0,data/ds004395/sub-LTP302/ses-17/eeg/sub-LTP302_ses-17_task-ltpFR2_eeg.edf,data/ds004395/sub-LTP302/ses-17/eeg/sub-LTP302_ses-17_task-ltpFR2_events.tsv,1525529,1525779,250,True,
LTP302,17,16,1,LIGHTNING,820,3193.564,1596782,0,data/ds004395/sub-LTP302/ses-17/eeg/sub-LTP302_ses-17_task-ltpFR2_eeg.edf,data/ds004395/sub-LTP302/ses-17/eeg/sub-LTP302_ses-17_task-ltpFR2_events.tsv,1596932,1597182,250,True,
LTP302,17,16,2,SCALLOP,1242,3196.316,1598158,0,data/ds004395/sub-LTP302/ses-17/eeg/sub-LTP302_ses-17_task-ltpFR2_eeg.edf,data/ds004395/sub-LTP302/ses-17/eeg/sub-LTP302_ses-17_task-ltpFR2_events.tsv,1598308,1598558,250,True,
LTP302,17,16,3,LABEL,790,3199.118,1599559,1,data/ds004395/sub-LTP302/ses-17/eeg/sub-LTP302_ses-17_task-ltpFR2_eeg.edf,data/ds004395/sub-LTP302/ses-17/eeg/sub-LTP302_ses-17_task-ltpFR2_events.tsv,1599709,1599959,250,True,
LTP302,17,16,4,CASHEW,253,3201.772,1600886,1,data/ds004395/sub-LTP302/ses-17/eeg/sub-LTP302_ses-17_task-ltpFR2_eeg.edf,data/ds004395/sub-LTP302/ses-17/eeg/sub-LTP302_ses-17_task-ltpFR2_events.tsv,1601036,1601286,250,True,
LTP302,17,16,5,STOVE,1388,3204.49,1602245,1,data/ds004395/sub-LTP302/ses-17/eeg/sub-LTP302_ses-17_task-ltpFR2_eeg.edf,data/ds004395/sub-LTP302/ses-17/eeg/sub-LTP302_ses-17_task-ltpFR2_events.tsv,1602395,1602645,250,True,
LTP302,17,16,6,LODGE,839,3206.974,1603487,0,data/ds004395/sub-LTP302/ses-17/eeg/sub-LTP302_ses-17_task-ltpFR2_eeg.edf,data/ds004395/sub-LTP302/ses-17/eeg/sub-LTP302_ses-17_task-ltpFR2_events.tsv,1603637,1603887,250,True,
LTP302,17,16,7,CHAPEL,280,3209.564,1604782,1,data/ds004395/sub-LTP302/ses-17/eeg/sub-LTP302_ses-17_task-ltpFR2_eeg.edf,data/ds004395/sub-LTP302/ses-17/eeg/sub-LTP302_ses-17_task-ltpFR2_events.tsv,1604932,1605182,250,True,
LTP302,17,16,8,SEAFOOD,1260,3212.252,1606126,0,data/ds004395/sub-LTP302/ses-17/eeg/sub-LTP302_ses-17_task-ltpFR2_eeg.edf,data/ds004395/sub-LTP302/ses-17/eeg/sub-LTP302_ses-17_task-ltpFR2_events.tsv,1606276,1606526,250,True,
LTP302,17,16,9,PARROT,1015,3215.032,1607516,0,data/ds004395/sub-LTP302/ses-17/eeg/sub-LTP302_ses-17_task-ltpFR2_eeg.edf,data/ds004395/sub-LTP302/ses-17/eeg/sub-LTP302_ses-17_task-ltpFR2_events.tsv,1607666,1607916,250,True,
LTP302,17,16,10,JOURNAL,760,3217.69,1608845,0,data/ds004395/sub-LTP302/ses-17/eeg/sub-LTP302_ses-17_task-ltpFR2_eeg.edf,data/ds004395/sub-LTP302/ses-17/eeg/sub-LTP302_ses-17_task-ltpFR2_events.tsv,1608995,1609245,250,True,
LTP302,17,16,11,SHORTS,1293,3220.42,1610210,0,data/ds004395/sub-LTP302/ses-17/eeg/sub-LTP302_ses-17_task-ltpFR2_eeg.edf,data/ds004395/sub-LTP302/ses-17/eeg/sub-LTP302_ses-17_task-ltpFR2_events.tsv,1610360,1610610,250,True,
LTP302,17,16,12,RAZOR,1171,3223.028,1611514,0,data/ds004395/sub-LTP302/ses-17/eeg/sub-LTP302_ses-17_task-ltpFR2_eeg.edf,data/ds004395/sub-LTP302/ses-17/eeg/sub-LTP302_ses-17_task-ltpFR2_events.tsv,1611664,1611914,250,True,
LTP302,17,16,13,IGLOO,734,3225.592,1612796,0,data/ds004395/sub-LTP302/ses-17/eeg/sub-LTP302_ses-17_task-ltpFR2_eeg.edf,data/ds004395/sub-LTP302/ses-17/eeg/sub-LTP302_ses-17_task-ltpFR2_events.tsv,1612946,1613196,250,True,
LTP302,17,16,14,LAGOON,795,3228.064,1614032,0,data/ds004395/sub-LTP302/ses-17/eeg/sub-LTP302_ses-17_task-ltpFR2_eeg.edf,data/ds004395/sub-LTP302/ses-17/eeg/sub-LTP302_ses-17_task-ltpFR2_events.tsv,1614182,1614432,250,True,
LTP302,17,16,15,BATHTUB,100,3230.696,1615348,0,data/ds004395/sub-LTP302/ses-17/eeg/sub-LTP302_ses-17_task-ltpFR2_eeg.edf,data/ds004395/sub-LTP302/ses-17/eeg/sub-LTP302_ses-17_task-ltpFR2_events.tsv,1615498,1615748,250,True,
LTP302,17,16,16,MEAT,883,3233.348,1616674,0,data/ds004395/sub-LTP302/ses-17/eeg/sub-LTP302_ses-17_task-ltpFR2_eeg.edf,data/ds004395/sub-LTP302/ses-17/eeg/sub-LTP302_ses-17_task-ltpFR2_events.tsv,1616824,1617074,250,True,
LTP302,17,16,17,BUTCHER,203,3235.866,1617933,0,data/ds004395/sub-LTP302/ses-17/eeg/sub-LTP302_ses-17_task-ltpFR2_eeg.edf,data/ds004395/sub-LTP302/ses-17/eeg/sub-LTP302_ses-17_task-ltpFR2_events.tsv,1618083,1618333,250,True,
LTP302,17,16,18,PADDLE,1000,3238.668,1619334,0,data/ds004395/sub-LTP302/ses-17/eeg/sub-LTP302_ses-17_task-ltpFR2_eeg.edf,data/ds004395/sub-LTP302/ses-17/eeg/sub-LTP302_ses-17_task-ltpFR2_events.tsv,1619484,1619734,250,True,
LTP302,17,16,19,STREAM,1392,3241.456,1620728,1,data/ds004395/sub-LTP302/ses-17/eeg/sub-LTP302_ses-17_task-ltpFR2_eeg.edf,data/ds004395/sub-LTP302/ses-17/eeg/sub-LTP302_ses-17_task-ltpFR2_events.tsv,1620878,1621128,250,True,
LTP302,17,16,20,TWISTER,1530,3244.256,1622128,1,data/ds004395/sub-LTP302/ses-17/eeg/sub-LTP302_ses-17_task-ltpFR2_eeg.edf,data/ds004395/sub-LTP302/ses-17/eeg/sub-LTP302_ses-17_task-ltpFR2_events.tsv,1622278,1622528,250,True,
LTP302,17,16,21,REBEL,1172,3246.91,1623455,1,data/ds004395/sub-LTP302/ses-17/eeg/sub-LTP302_ses-17_task-ltpFR2_eeg.edf,data/ds004395/sub-LTP302/ses-17/eeg/sub-LTP302_ses-17_task-ltpFR2_events.tsv,1623605,1623855,250,True,
LTP302,17,16,22,BISON,131,3249.712,1624856,1,data/ds004395/sub-LTP302/ses-17/eeg/sub-LTP302_ses-17_task-ltpFR2_eeg.edf,data/ds004395/sub-LTP302/ses-17/eeg/sub-LTP302_ses-17_task-ltpFR2_events.tsv,1625006,1625256,250,True,
LTP302,17,16,23,AIRPLANE,12,3252.446,1626223,1,data/ds004395/sub-LTP302/ses-17/eeg/sub-LTP302_ses-17_task-ltpFR2_eeg.edf,data/ds004395/sub-LTP302/ses-17/eeg/sub-LTP302_ses-17_task-ltpFR2_events.tsv,1626373,1626623,250,True,
LTP302,17,16,24,CABIN,211,3254.934,1627467,0,data/ds004395/sub-LTP302/ses-17/eeg/sub-LTP302_ses-17_task-ltpFR2_eeg.edf,data/ds004395/sub-LTP302/ses-17/eeg/sub-LTP302_ses-17_task-ltpFR2_events.tsv,1627617,1627867,250,True,
LTP302,17,17,1,GLOVE,642,3482.626,1741313,0,data/ds004395/sub-LTP302/ses-17/eeg/sub-LTP302_ses-17_task-ltpFR2_eeg.edf,data/ds004395/sub-LTP302/ses-17/eeg/sub-LTP302_ses-17_task-ltpFR2_events.tsv,1741463,1741713,250,True,
LTP302,17,17,2,PARENT,1013,3485.394,1742697,0,data/ds004395/sub-LTP302/ses-17/eeg/sub-LTP302_ses-17_task-ltpFR2_eeg.edf,data/ds004395/sub-LTP302/ses-17/eeg/sub-LTP302_ses-17_task-ltpFR2_events.tsv,1742847,1743097,250,True,
LTP302,17,17,3,CHILD,299,3488.064,1744032,0,data/ds004395/sub-LTP302/ses-17/eeg/sub-LTP302_ses-17_task-ltpFR2_eeg.edf,data/ds004395/sub-LTP302/ses-17/eeg/sub-LTP302_ses-17_task-ltpFR2_events.tsv,1744182,1744432,250,True,
LTP302,17,17,4,ELBOW,520,3490.818,1745409,0,data/ds004395/sub-LTP302/ses-17/eeg/sub-LTP302_ses-17_task-ltpFR2_eeg.edf,data/ds004395/sub-LTP302/ses-17/eeg/sub-LTP302_ses-17_task-ltpFR2_events.tsv,1745559,1745809,250,True,
LTP302,17,17,5,SUBWAY,1400,3493.42,1746710,0,data/ds004395/sub-LTP302/ses-17/eeg/sub-LTP302_ses-17_task-ltpFR2_eeg.edf,data/ds004395/sub-LTP302/ses-17/eeg/sub-LTP302_ses-17_task-ltpFR2_events.tsv,1746860,1747110,250,True,
LTP302,17,17,6,CONCERT,360,3495.904,1747952,0,data/ds004395/sub-LTP302/ses-17/eeg/sub-LTP302_ses-17_task-ltpFR2_eeg.edf,data/ds004395/sub-LTP302/ses-17/eeg/sub-LTP302_ses-17_task-ltpFR2_events.tsv,1748102,1748352,250,True,
LTP302,17,17,7,ZIPPER,1636,3498.656,1749328,0,data/ds004395/sub-LTP302/ses-17/eeg/sub-LTP302_ses-17_task-ltpFR2_eeg.edf,data/ds004395/sub-LTP302/ses-17/eeg/sub-LTP302_ses-17_task-ltpFR2_events.tsv,1749478,1749728,250,True,
LTP302,17,17,8,JELLY,755,3501.224,1750612,0,data/ds004395/sub-LTP302/ses-17/eeg/sub-LTP302_ses-17_task-ltpFR2_eeg.edf,data/ds004395/sub-LTP302/ses-17/eeg/sub-LTP302_ses-17_task-ltpFR2_events.tsv,1750762,1751012,250,True,
LTP302,17,17,9,WIDOW,1608,3503.66,1751830,0,data/ds004395/sub-LTP302/ses-17/eeg/sub-LTP302_ses-17_task-ltpFR2_eeg.edf,data/ds004395/sub-LTP302/ses-17/eeg/sub-LTP302_ses-17_task-ltpFR2_events.tsv,1751980,1752230,250,True,
LTP302,17,17,10,FRECKLE,602,3506.196,1753098,0,data/ds004395/sub-LTP302/ses-17/eeg/sub-LTP302_ses-17_task-ltpFR2_eeg.edf,data/ds004395/sub-LTP302/ses-17/eeg/sub-LTP302_ses-17_task-ltpFR2_events.tsv,1753248,1753498,250,True,
LTP302,17,17,11,ROOSTER,1209,3508.73,1754365,1,data/ds004395/sub-LTP302/ses-17/eeg/sub-LTP302_ses-17_task-ltpFR2_eeg.edf,data/ds004395/sub-LTP302/ses-17/eeg/sub-LTP302_ses-17_task-ltpFR2_events.tsv,1754515,1754765,250,True,
LTP302,17,17,12,CLOCK,325,3511.534,1755767,1,data/ds004395/sub-LTP302/ses-17/eeg/sub-LTP302_ses-17_task-ltpFR2_eeg.edf,data/ds004395/sub-LTP302/ses-17/eeg/sub-LTP302_ses-17_task-ltpFR2_events.tsv,1755917,1756167,250,True,
LTP302,17,17,13,PLAID,1080,3514.052,1757026,1,data/ds004395/sub-LTP302/ses-17/eeg/sub-LTP302_ses-17_task-ltpFR2_eeg.edf,data/ds004395/sub-LTP302/ses-17/eeg/sub-LTP302_ses-17_task-ltpFR2_events.tsv,1757176,1757426,250,True,
LTP302,17,17,14,SHOULDER,1294,3516.638,1758319,1,data/ds004395/sub-LTP302/ses-17/eeg/sub-LTP302_ses-17_task-ltpFR2_eeg.edf,data/ds004395/sub-LTP302/ses-17/eeg/sub-LTP302_ses-17_task-ltpFR2_events.tsv,1758469,1758719,250,True,
LTP302,17,17,15,HUMAN,726,3519.206,1759603,1,data/ds004395/sub-LTP302/ses-17/eeg/sub-LTP302_ses-17_task-ltpFR2_eeg.edf,data/ds004395/sub-LTP302/ses-17/eeg/sub-LTP302_ses-17_task-ltpFR2_events.tsv,1759753,1760003,250,True,
LTP302,17,17,16,YACHT,1629,3521.794,1760897,1,data/ds004395/sub-LTP302/ses-17/eeg/sub-LTP302_ses-17_task-ltpFR2_eeg.edf,data/ds004395/sub-LTP302/ses-17/eeg/sub-LTP302_ses-17_task-ltpFR2_events.tsv,1761047,1761297,250,True,
LTP302,17,17,17,HUSBAND,728,3524.278,1762139,1,data/ds004395/sub-LTP302/ses-17/eeg/sub-LTP302_ses-17_task-ltpFR2_eeg.edf,data/ds004395/sub-LTP302/ses-17/eeg/sub-LTP302_ses-17_task-ltpFR2_events.tsv,1762289,1762539,250,True,
LTP302,17,17,18,SPOUSE,1358,3527.062,1763531,1,data/ds004395/sub-LTP302/ses-17/eeg/sub-LTP302_ses-17_task-ltpFR2_eeg.edf,data/ds004395/sub-LTP302/ses-17/eeg/sub-LTP302_ses-17_task-ltpFR2_events.tsv,1763681,1763931,250,True,
LTP302,17,17,19,LADY,794,3529.882,1764941,0,data/ds004395/sub-LTP302/ses-17/eeg/sub-LTP302_ses-17_task-ltpFR2_eeg.edf,data/ds004395/sub-LTP302/ses-17/eeg/sub-LTP302_ses-17_task-ltpFR2_events.tsv,1765091,1765341,250,True,
LTP302,17,17,20,RELISH,1183,3532.418,1766209,0,data/ds004395/sub-LTP302/ses-17/eeg/sub-LTP302_ses-17_task-ltpFR2_eeg.edf,data/ds004395/sub-LTP302/ses-17/eeg/sub-LTP302_ses-17_task-ltpFR2_events.tsv,1766359,1766609,250,True,
LTP302,17,17,21,HAND,683,3534.886,1767443,0,data/ds004395/sub-LTP302/ses-17/eeg/sub-LTP302_ses-17_task-ltpFR2_eeg.edf,data/ds004395/sub-LTP302/ses-17/eeg/sub-LTP302_ses-17_task-ltpFR2_events.tsv,1767593,1767843,250,True,
LTP302,17,17,22,UMPIRE,1535,3537.704,1768852,0,data/ds004395/sub-LTP302/ses-17/eeg/sub-LTP302_ses-17_task-ltpFR2_eeg.edf,data/ds004395/sub-LTP302/ses-17/eeg/sub-LTP302_ses-17_task-ltpFR2_events.tsv,1769002,1769252,250,True,
LTP302,17,17,23,STAKE,1368,3540.374,1770187,0,data/ds004395/sub-LTP302/ses-17/eeg/sub-LTP302_ses-17_task-ltpFR2_eeg.edf,data/ds004395/sub-LTP302/ses-17/eeg/sub-LTP302_ses-17_task-ltpFR2_events.tsv,1770337,1770587,250,True,
LTP302,17,17,24,PADDING,999,3543.058,1771529,0,data/ds004395/sub-LTP302/ses-17/eeg/sub-LTP302_ses-17_task-ltpFR2_eeg.edf,data/ds004395/sub-LTP302/ses-17/eeg/sub-LTP302_ses-17_task-ltpFR2_events.tsv,1771679,1771929,250,True,
LTP302,17,18,1,KETCHUP,771,3686.02,1843010,0,data/ds004395/sub-LTP302/ses-17/eeg/sub-LTP302_ses-17_task-ltpFR2_eeg.edf,data/ds004395/sub-LTP302/ses-17/eeg/sub-LTP302_ses-17_task-ltpFR2_events.tsv,1843160,1843410,250,True,
LTP302,17,18,2,BUNNY,198,3688.684,1844342,1,data/ds004395/sub-LTP302/ses-17/eeg/sub-LTP302_ses-17_task-ltpFR2_eeg.edf,data/ds004395/sub-LTP302/ses-17/eeg/sub-LTP302_ses-17_task-ltpFR2_events.tsv,1844492,1844742,250,True,
LTP302,17,18,3,LETTUCE,814,3691.236,1845618,1,data/ds004395/sub-LTP302/ses-17/eeg/sub-LTP302_ses-17_task-ltpFR2_eeg.edf,data/ds004395/sub-LTP302/ses-17/eeg/sub-LTP302_ses-17_task-ltpFR2_events.tsv,1845768,1846018,250,True,
LTP302,17,18,4,SHIRT,1287,3693.96,1846980,1,data/ds004395/sub-LTP302/ses-17/eeg/sub-LTP302_ses-17_task-ltpFR2_eeg.edf,data/ds004395/sub-LTP302/ses-17/eeg/sub-LTP302_ses-17_task-ltpFR2_events.tsv,1847130,1847380,250,True,
LTP302,17,18,5,PLUTO,1092,3696.742,1848371,1,data/ds004395/sub-LTP302/ses-17/eeg/sub-LTP302_ses-17_task-ltpFR2_eeg.edf,data/ds004395/sub-LTP302/ses-17/eeg/sub-LTP302_ses-17_task-ltpFR2_events.tsv,1848521,1848771,250,True,
LTP302,17,18,6,SHARK,1275,3699.41,1849705,0,data/ds004395/sub-LTP302/ses-17/eeg/sub-LTP302_ses-17_task-ltpFR2_eeg.edf,data/ds004395/sub-LTP302/ses-17/eeg/sub-LTP302_ses-17_task-ltpFR2_events.tsv,1849855,1850105,250,True,
LTP302,17,18,7,DANDRUFF,439,3701.946,1850973,0,data/ds004395/sub-LTP302/ses-17/eeg/sub-LTP302_ses-17_task-ltpFR2_eeg.edf,data/ds004395/sub-LTP302/ses-17/eeg/sub-LTP302_ses-17_task-ltpFR2_events.tsv,1851123,1851373,250,True,
LTP302,17,18,8,AIRPORT,13,3704.598,1852299,1,data/ds004395/sub-LTP302/ses-17/eeg/sub-LTP302_ses-17_task-ltpFR2_eeg.edf,data/ds004395/sub-LTP302/ses-17/eeg/sub-LTP302_ses-17_task-ltpFR2_events.tsv,1852449,1852699,250,True,
LTP302,17,18,9,WINDOW,1611,3707.284,1853642,1,data/ds004395/sub-LTP302/ses-17/eeg/sub-LTP302_ses-17_task-ltpFR2_eeg.edf,data/ds004395/sub-LTP302/ses-17/eeg/sub-LTP302_ses-17_task-ltpFR2_events.tsv,1853792,1854042,250,True,
LTP302,17,18,10,BARLEY,88,3709.87,1854935,1,data/ds004395/sub-LTP302/ses-17/eeg/sub-LTP302_ses-17_task-ltpFR2_eeg.edf,data/ds004395/sub-LTP302/ses-17/eeg/sub-LTP302_ses-17_task-ltpFR2_events.tsv,1855085,1855335,250,True,
LTP302,17,18,11,WITNESS,1618,3712.538,1856269,1,data/ds004395/sub-LTP302/ses-17/eeg/sub-LTP302_ses-17_task-ltpFR2_eeg.edf,data/ds004395/sub-LTP302/ses-17/eeg/sub-LTP302_ses-17_task-ltpFR2_events.tsv,1856419,1856669,250,True,
LTP302,17,18,12,SWIMMER,1420,3715.26,1857630,1,data/ds004395/sub-LTP302/ses-17/eeg/sub-LTP302_ses-17_task-ltpFR2_eeg.edf,data/ds004395/sub-LTP302/ses-17/eeg/sub-LTP302_ses-17_task-ltpFR2_events.tsv,1857780,1858030,250,True,
LTP302,17,18,13,COBRA,336,3718.058,1859029,0,data/ds004395/sub-LTP302/ses-17/eeg/sub-LTP302_ses-17_task-ltpFR2_eeg.edf,data/ds004395/sub-LTP302/ses-17/eeg/sub-LTP302_ses-17_task-ltpFR2_events.tsv,1859179,1859429,250,True,
LTP302,17,18,14,TROMBONE,1508,3720.846,1860423,0,data/ds004395/sub-LTP302/ses-17/eeg/sub-LTP302_ses-17_task-ltpFR2_eeg.edf,data/ds004395/sub-LTP302/ses-17/eeg/sub-LTP302_ses-17_task-ltpFR2_events.tsv,1860573,1860823,250,True,
LTP302,17,18,15,NURSE,963,3723.448,1861724,0,data/ds004395/sub-LTP302/ses-17/eeg/sub-LTP302_ses-17_task-ltpFR2_eeg.edf,data/ds004395/sub-LTP302/ses-17/eeg/sub-LTP302_ses-17_task-ltpFR2_events.tsv,1861874,1862124,250,True,
LTP302,17,18,16,AGENT,10,3726.248,1863124,0,data/ds004395/sub-LTP302/ses-17/eeg/sub-LTP302_ses-17_task-ltpFR2_eeg.edf,data/ds004395/sub-LTP302/ses-17/eeg/sub-LTP302_ses-17_task-ltpFR2_events.tsv,1863274,1863524,250,True,
LTP302,17,18,17,POLICE,1098,3728.77,1864385,1,data/ds004395/sub-LTP302/ses-17/eeg/sub-LTP302_ses-17_task-ltpFR2_eeg.edf,data/ds004395/sub-LTP302/ses-17/eeg/sub-LTP302_ses-17_task-ltpFR2_events.tsv,1864535,1864785,250,True,
LTP302,17,18,18,DONKEY,484,3731.486,1865743,1,data/ds004395/sub-LTP302/ses-17/eeg/sub-LTP302_ses-17_task-ltpFR2_eeg.edf,data/ds004395/sub-LTP302/ses-17/eeg/sub-LTP302_ses-17_task-ltpFR2_events.tsv,1865893,1866143,250,True,
LTP302,17,18,19,PATIENT,1024,3733.956,1866978,0,data/ds004395/sub-LTP302/ses-17/eeg/sub-LTP302_ses-17_task-ltpFR2_eeg.edf,data/ds004395/sub-LTP302/ses-17/eeg/sub-LTP302_ses-17_task-ltpFR2_events.tsv,1867128,1867378,250,True,
LTP302,17,18,20,PUPPY,1144,3736.558,1868279,1,data/ds004395/sub-LTP302/ses-17/eeg/sub-LTP302_ses-17_task-ltpFR2_eeg.edf,data/ds004395/sub-LTP302/ses-17/eeg/sub-LTP302_ses-17_task-ltpFR2_events.tsv,1868429,1868679,250,True,
LTP302,17,18,21,POISON,1096,3739.128,1869564,1,data/ds004395/sub-LTP302/ses-17/eeg/sub-LTP302_ses-17_task-ltpFR2_eeg.edf,data/ds004395/sub-LTP302/ses-17/eeg/sub-LTP302_ses-17_task-ltpFR2_events.tsv,1869714,1869964,250,True,
LTP302,17,18,22,SNAKE,1333,3741.646,1870823,1,data/ds004395/sub-LTP302/ses-17/eeg/sub-LTP302_ses-17_task-ltpFR2_eeg.edf,data/ds004395/sub-LTP302/ses-17/eeg/sub-LTP302_ses-17_task-ltpFR2_events.tsv,1870973,1871223,250,True,
LTP302,17,18,23,BREAST,171,3744.182,1872091,0,data/ds004395/sub-LTP302/ses-17/eeg/sub-LTP302_ses-17_task-ltpFR2_eeg.edf,data/ds004395/sub-LTP302/ses-17/eeg/sub-LTP302_ses-17_task-ltpFR2_events.tsv,1872241,1872491,250,True,
LTP302,17,18,24,SCARECROW,1245,3746.95,1873475,0,data/ds004395/sub-LTP302/ses-17/eeg/sub-LTP302_ses-17_task-ltpFR2_eeg.edf,data/ds004395/sub-LTP302/ses-17/eeg/sub-LTP302_ses-17_task-ltpFR2_events.tsv,1873625,1873875,250,True,
LTP302,17,19,1,HATCHET,691,3889.646,1944823,1,data/ds004395/sub-LTP302/ses-17/eeg/sub-LTP302_ses-17_task-ltpFR2_eeg.edf,data/ds004395/sub-LTP302/ses-17/eeg/sub-LTP302_ses-17_task-ltpFR2_events.tsv,1944973,1945223,250,True,
LTP302,17,19,2,HOUND,724,3892.162,1946081,1,data/ds004395/sub-LTP302/ses-17/eeg/sub-LTP302_ses-17_task-ltpFR2_eeg.edf,data/ds004395/sub-LTP302/ses-17/eeg/sub-LTP302_ses-17_task-ltpFR2_events.tsv,1946231,1946481,250,True,
LTP302,17,19,3,CRUTCH,417,3894.616,1947308,1,data/ds004395/sub-LTP302/ses-17/eeg/sub-LTP302_ses-17_task-ltpFR2_eeg.edf,data/ds004395/sub-LTP302/ses-17/eeg/sub-LTP302_ses-17_task-ltpFR2_events.tsv,1947458,1947708,250,True,
LTP302,17,19,4,DRAGON,492,3897.078,1948539,1,data/ds004395/sub-LTP302/ses-17/eeg/sub-LTP302_ses-17_task-ltpFR2_eeg.edf,data/ds004395/sub-LTP302/ses-17/eeg/sub-LTP302_ses-17_task-ltpFR2_events.tsv,1948689,1948939,250,True,
LTP302,17,19,5,PENGUIN,1044,3899.57,1949785,1,data/ds004395/sub-LTP302/ses-17/eeg/sub-LTP302_ses-17_task-ltpFR2_eeg.edf,data/ds004395/sub-LTP302/ses-17/eeg/sub-LTP302_ses-17_task-ltpFR2_events.tsv,1949935,1950185,250,True,
LTP302,17,19,6,OUTDOORS,987,3902.172,1951086,1,data/ds004395/sub-LTP302/ses-17/eeg/sub-LTP302_ses-17_task-ltpFR2_eeg.edf,data/ds004395/sub-LTP302/ses-17/eeg/sub-LTP302_ses-17_task-ltpFR2_events.tsv,1951236,1951486,250,True,
LTP302,17,19,7,HEADBAND,696,3904.834,1952417,1,data/ds004395/sub-LTP302/ses-17/eeg/sub-LTP302_ses-17_task-ltpFR2_eeg.edf,data/ds004395/sub-LTP302/ses-17/eeg/sub-LTP302_ses-17_task-ltpFR2_events.tsv,1952567,1952817,250,True,
LTP302,17,19,8,WHISKERS,1605,3907.62,1953810,1,data/ds004395/sub-LTP302/ses-17/eeg/sub-LTP302_ses-17_task-ltpFR2_eeg.edf,data/ds004395/sub-LTP302/ses-17/eeg/sub-LTP302_ses-17_task-ltpFR2_events.tsv,1953960,1954210,250,True,
LTP302,17,19,9,FEMALE,559,3910.172,1955086,1,data/ds004395/sub-LTP302/ses-17/eeg/sub-LTP302_ses-17_task-ltpFR2_eeg.edf,data/ds004395/sub-LTP302/ses-17/eeg/sub-LTP302_ses-17_task-ltpFR2_events.tsv,1955236,1955486,250,True,
LTP302,17,19,10,GRIZZLY,662,3912.946,1956473,0,data/ds004395/sub-LTP302/ses-17/eeg/sub-LTP302_ses-17_task-ltpFR2_eeg.edf,data/ds004395/sub-LTP302/ses-17/eeg/sub-LTP302_ses-17_task-ltpFR2_events.tsv,1956623,1956873,250,True,
LTP302,17,19,11,FLASHLIGHT,575,3915.476,1957738,1,data/ds004395/sub-LTP302/ses-17/eeg/sub-LTP302_ses-17_task-ltpFR2_eeg.edf,data/ds004395/sub-LTP302/ses-17/eeg/sub-LTP302_ses-17_task-ltpFR2_events.tsv,1957888,1958138,250,True,
LTP302,17,19,12,FIREMAN,569,3917.952,1958976,1,data/ds004395/sub-LTP302/ses-17/eeg/sub-LTP302_ses-17_task-ltpFR2_eeg.edf,data/ds004395/sub-LTP302/ses-17/eeg/sub-LTP302_ses-17_task-ltpFR2_events.tsv,1959126,1959376,250,True,
LTP302,17,19,13,LION,827,3920.63,1960315,0,data/ds004395/sub-LTP302/ses-17/eeg/sub-LTP302_ses-17_task-ltpFR2_eeg.edf,data/ds004395/sub-LTP302/ses-17/eeg/sub-LTP302_ses-17_task-ltpFR2_events.tsv,1960465,1960715,250,True,
LTP302,17,19,14,DIME,466,3923.066,1961533,0,data/ds004395/sub-LTP302/ses-17/eeg/sub-LTP302_ses-17_task-ltpFR2_eeg.edf,data/ds004395/sub-LTP302/ses-17/eeg/sub-LTP302_ses-17_task-ltpFR2_events.tsv,1961683,1961933,250,True,
LTP302,17,19,15,CLAMP,316,3925.556,1962778,0,data/ds004395/sub-LTP302/ses-17/eeg/sub-LTP302_ses-17_task-ltpFR2_eeg.edf,data/ds004395/sub-LTP302/ses-17/eeg/sub-LTP302_ses-17_task-ltpFR2_events.tsv,1962928,1963178,250,True,
LTP302,17,19,16,TWEEZERS,1526,3928.12,1964060,1,data/ds004395/sub-LTP302/ses-17/eeg/sub-LTP302_ses-17_task-ltpFR2_eeg.edf,data/ds004395/sub-LTP302/ses-17/eeg/sub-LTP302_ses-17_task-ltpFR2_events.tsv,1964210,1964460,250,True,
LTP302,17,19,17,CROSS,413,3930.69,1965345,1,data/ds004395/sub-LTP302/ses-17/eeg/sub-LTP302_ses-17_task-ltpFR2_eeg.edf,data/ds004395/sub-LTP302/ses-17/eeg/sub-LTP302_ses-17_task-ltpFR2_events.tsv,1965495,1965745,250,True,
LTP302,17,19,18,CHURCH,307,3933.414,1966707,1,data/ds004395/sub-LTP302/ses-17/eeg/sub-LTP302_ses-17_task-ltpFR2_eeg.edf,data/ds004395/sub-LTP302/ses-17/eeg/sub-LTP302_ses-17_task-ltpFR2_events.tsv,1966857,1967107,250,True,
LTP302,17,19,19,CEILING,265,3935.844,1967922,1,data/ds004395/sub-LTP302/ses-17/eeg/sub-LTP302_ses-17_task-ltpFR2_eeg.edf,data/ds004395/sub-LTP302/ses-17/eeg/sub-LTP302_ses-17_task-ltpFR2_events.tsv,1968072,1968322,250,True,
LTP302,17,19,20,BLOCKADE,137,3938.546,1969273,0,data/ds004395/sub-LTP302/ses-17/eeg/sub-LTP302_ses-17_task-ltpFR2_eeg.edf,data/ds004395/sub-LTP302/ses-17/eeg/sub-LTP302_ses-17_task-ltpFR2_events.tsv,1969423,1969673,250,True,
LTP302,17,19,21,BUCKET,184,3941.118,1970559,0,data/ds004395/sub-LTP302/ses-17/eeg/sub-LTP302_ses-17_task-ltpFR2_eeg.edf,data/ds004395/sub-LTP302/ses-17/eeg/sub-LTP302_ses-17_task-ltpFR2_events.tsv,1970709,1970959,250,True,
LTP302,17,19,22,LOVER,846,3943.668,1971834,0,data/ds004395/sub-LTP302/ses-17/eeg/sub-LTP302_ses-17_task-ltpFR2_eeg.edf,data/ds004395/sub-LTP302/ses-17/eeg/sub-LTP302_ses-17_task-ltpFR2_events.tsv,1971984,1972234,250,True,
LTP302,17,19,23,TRIBE,1505,3946.402,1973201,0,data/ds004395/sub-LTP302/ses-17/eeg/sub-LTP302_ses-17_task-ltpFR2_eeg.edf,data/ds004395/sub-LTP302/ses-17/eeg/sub-LTP302_ses-17_task-ltpFR2_events.tsv,1973351,1973601,250,True,
LTP302,17,19,24,GRAVEL,659,3949.072,1974536,0,data/ds004395/sub-LTP302/ses-17/eeg/sub-LTP302_ses-17_task-ltpFR2_eeg.edf,data/ds004395/sub-LTP302/ses-17/eeg/sub-LTP302_ses-17_task-ltpFR2_events.tsv,1974686,1974936,250,True,
LTP302,17,20,1,TAXI,1438,4092.02,2046010,0,data/ds004395/sub-LTP302/ses-17/eeg/sub-LTP302_ses-17_task-ltpFR2_eeg.edf,data/ds004395/sub-LTP302/ses-17/eeg/sub-LTP302_ses-17_task-ltpFR2_events.tsv,2046160,2046410,250,True,
LTP302,17,20,2,PATROL,1027,4094.504,2047252,0,data/ds004395/sub-LTP302/ses-17/eeg/sub-LTP302_ses-17_task-ltpFR2_eeg.edf,data/ds004395/sub-LTP302/ses-17/eeg/sub-LTP302_ses-17_task-ltpFR2_events.tsv,2047402,2047652,250,True,
LTP302,17,20,3,ZEBRA,1635,4097.296,2048648,0,data/ds004395/sub-LTP302/ses-17/eeg/sub-LTP302_ses-17_task-ltpFR2_eeg.edf,data/ds004395/sub-LTP302/ses-17/eeg/sub-LTP302_ses-17_task-ltpFR2_events.tsv,2048798,2049048,250,True,
LTP302,17,20,4,COWBOY,395,4099.868,2049934,0,data/ds004395/sub-LTP302/ses-17/eeg/sub-LTP302_ses-17_task-ltpFR2_eeg.edf,data/ds004395/sub-LTP302/ses-17/eeg/sub-LTP302_ses-17_task-ltpFR2_events.tsv,2050084,2050334,250,True,
LTP302,17,20,5,SUSPECT,1415,4102.696,2051348,0,data/ds004395/sub-LTP302/ses-17/eeg/sub-LTP302_ses-17_task-ltpFR2_eeg.edf,data/ds004395/sub-LTP302/ses-17/eeg/sub-LTP302_ses-17_task-ltpFR2_events.tsv,2051498,2051748,250,True,
LTP302,17,20,6,TART,1436,4105.446,2052723,0,data/ds004395/sub-LTP302/ses-17/eeg/sub-LTP302_ses-17_task-ltpFR2_eeg.edf,data/ds004395/sub-LTP302/ses-17/eeg/sub-LTP302_ses-17_task-ltpFR2_events.tsv,2052873,2053123,250,True,
LTP302,17,20,7,ROBOT,1200,4108.024,2054012,0,data/ds004395/sub-LTP302/ses-17/eeg/sub-LTP302_ses-17_task-ltpFR2_eeg.edf,data/ds004395/sub-LTP302/ses-17/eeg/sub-LTP302_ses-17_task-ltpFR2_events.tsv,2054162,2054412,250,True,
LTP302,17,20,8,CHEMIST,292,4110.81,2055405,0,data/ds004395/sub-LTP302/ses-17/eeg/sub-LTP302_ses-17_task-ltpFR2_eeg.edf,data/ds004395/sub-LTP302/ses-17/eeg/sub-LTP302_ses-17_task-ltpFR2_events.tsv,2055555,2055805,250,True,
LTP302,17,20,9,WAGON,1578,4113.57,2056785,0,data/ds004395/sub-LTP302/ses-17/eeg/sub-LTP302_ses-17_task-ltpFR2_eeg.edf,data/ds004395/sub-LTP302/ses-17/eeg/sub-LTP302_ses-17_task-ltpFR2_events.tsv,2056935,2057185,250,True,
LTP302,17,20,10,MESSAGE,888,4116.006,2058003,0,data/ds004395/sub-LTP302/ses-17/eeg/sub-LTP302_ses-17_task-ltpFR2_eeg.edf,data/ds004395/sub-LTP302/ses-17/eeg/sub-LTP302_ses-17_task-ltpFR2_events.tsv,2058153,2058403,250,True,
LTP302,17,20,11,SURVEY,1414,4118.706,2059353,0,data/ds004395/sub-LTP302/ses-17/eeg/sub-LTP302_ses-17_task-ltpFR2_eeg.edf,data/ds004395/sub-LTP302/ses-17/eeg/sub-LTP302_ses-17_task-ltpFR2_events.tsv,2059503,2059753,250,True,
LTP302,17,20,12,BEEF,113,4121.142,2060571,1,data/ds004395/sub-LTP302/ses-17/eeg/sub-LTP302_ses-17_task-ltpFR2_eeg.edf,data/ds004395/sub-LTP302/ses-17/eeg/sub-LTP302_ses-17_task-ltpFR2_events.tsv,2060721,2060971,250,True,
LTP302,17,20,13,JURY,766,4123.568,2061784,0,data/ds004395/sub-LTP302/ses-17/eeg/sub-LTP302_ses-17_task-ltpFR2_eeg.edf,data/ds004395/sub-LTP302/ses-17/eeg/sub-LTP302_ses-17_task-ltpFR2_events.tsv,2061934,2062184,250,True,
LTP302,17,20,14,ROBIN,1199,4126.296,2063148,0,data/ds004395/sub-LTP302/ses-17/eeg/sub-LTP302_ses-17_task-ltpFR2_eeg.edf,data/ds004395/sub-LTP302/ses-17/eeg/sub-LTP302_ses-17_task-ltpFR2_events.tsv,2063298,2063548,250,True,
LTP302,17,20,15,COUNTY,389,4128.916,2064458,0,data/ds004395/sub-LTP302/ses-17/eeg/sub-LTP302_ses-17_task-ltpFR2_eeg.edf,data/ds004395/sub-LTP302/ses-17/eeg/sub-LTP302_ses-17_task-ltpFR2_events.tsv,2064608,2064858,250,True,
LTP302,17,20,16,SCARF,1246,4131.584,2065792,0,data/ds004395/sub-LTP302/ses-17/eeg/sub-LTP302_ses-17_task-ltpFR2_eeg.edf,data/ds004395/sub-LTP302/ses-17/eeg/sub-LTP302_ses-17_task-ltpFR2_events.tsv,2065942,2066192,250,True,
LTP302,17,20,17,BOUQUET,157,4134.078,2067039,0,data/ds004395/sub-LTP302/ses-17/eeg/sub-LTP302_ses-17_task-ltpFR2_eeg.edf,data/ds004395/sub-LTP302/ses-17/eeg/sub-LTP302_ses-17_task-ltpFR2_events.tsv,2067189,2067439,250,True,
LTP302,17,20,18,SNAIL,1332,4136.748,2068374,1,data/ds004395/sub-LTP302/ses-17/eeg/sub-LTP302_ses-17_task-ltpFR2_eeg.edf,data/ds004395/sub-LTP302/ses-17/eeg/sub-LTP302_ses-17_task-ltpFR2_events.tsv,2068524,2068774,250,True,
LTP302,17,20,19,SLUG,1329,4139.374,2069687,1,data/ds004395/sub-LTP302/ses-17/eeg/sub-LTP302_ses-17_task-ltpFR2_eeg.edf,data/ds004395/sub-LTP302/ses-17/eeg/sub-LTP302_ses-17_task-ltpFR2_events.tsv,2069837,2070087,250,True,
LTP302,17,20,20,OX,994,4141.968,2070984,1,data/ds004395/sub-LTP302/ses-17/eeg/sub-LTP302_ses-17_task-ltpFR2_eeg.edf,data/ds004395/sub-LTP302/ses-17/eeg/sub-LTP302_ses-17_task-ltpFR2_events.tsv,2071134,2071384,250,True,
LTP302,17,20,21,CRAYON,401,4144.544,2072272,1,data/ds004395/sub-LTP302/ses-17/eeg/sub-LTP302_ses-17_task-ltpFR2_eeg.edf,data/ds004395/sub-LTP302/ses-17/eeg/sub-LTP302_ses-17_task-ltpFR2_events.tsv,2072422,2072672,250,True,
LTP302,17,20,22,MASK,876,4147.324,2073662,1,data/ds004395/sub-LTP302/ses-17/eeg/sub-LTP302_ses-17_task-ltpFR2_eeg.edf,data/ds004395/sub-LTP302/ses-17/eeg/sub-LTP302_ses-17_task-ltpFR2_events.tsv,2073812,2074062,250,True,
LTP302,17,20,23,PIGEON,1065,4149.882,2074941,1,data/ds004395/sub-LTP302/ses-17/eeg/sub-LTP302_ses-17_task-ltpFR2_eeg.edf,data/ds004395/sub-LTP302/ses-17/eeg/sub-LTP302_ses-17_task-ltpFR2_events.tsv,2075091,2075341,250,True,
LTP302,17,20,24,HONEY,713,4152.634,2076317,1,data/ds004395/sub-LTP302/ses-17/eeg/sub-LTP302_ses-17_task-ltpFR2_eeg.edf,data/ds004395/sub-LTP302/ses-17/eeg/sub-LTP302_ses-17_task-ltpFR2_events.tsv,2076467,2076717,250,True,
LTP302,17,21,1,HANDBAG,684,4270.476,2135238,0,data/ds004395/sub-LTP302/ses-17/eeg/sub-LTP302_ses-17_task-ltpFR2_eeg.edf,data/ds004395/sub-LTP302/ses-17/eeg/sub-LTP302_ses-17_task-ltpFR2_events.tsv,2135388,2135638,250,True,
LTP302,17,21,2,KNAPSACK,783,4272.964,2136482,0,data/ds004395/sub-LTP302/ses-17/eeg/sub-LTP302_ses-17_task-ltpFR2_eeg.edf,data/ds004395/sub-LTP302/ses-17/eeg/sub-LTP302_ses-17_task-ltpFR2_events.tsv,2136632,2136882,250,True,
LTP302,17,21,3,BADGE,68,4275.53,2137765,0,data/ds004395/sub-LTP302/ses-17/eeg/sub-LTP302_ses-17_task-ltpFR2_eeg.edf,data/ds004395/sub-LTP302/ses-17/eeg/sub-LTP302_ses-17_task-ltpFR2_events.tsv,2137915,2138165,250,True,
LTP302,17,21,4,COMPASS,358,4277.998,2138999,0,data/ds004395/sub-LTP302/ses-17/eeg/sub-LTP302_ses-17_task-ltpFR2_eeg.edf,data/ds004395/sub-LTP302/ses-17/eeg/sub-LTP302_ses-17_task-ltpFR2_events.tsv,2139149,2139399,250,True,
LTP302,17,21,5,SLOPE,1328,4280.568,2140284,0,data/ds004395/sub-LTP302/ses-17/eeg/sub-LTP302_ses-17_task-ltpFR2_eeg.edf,data/ds004395/sub-LTP302/ses-17/eeg/sub-LTP302_ses-17_task-ltpFR2_events.tsv,2140434,2140684,250,True,
LTP302,17,21,6,PLATE,1086,4283.022,2141511,0,data/ds004395/sub-LTP302/ses-17/eeg/sub-LTP302_ses-17_task-ltpFR2_eeg.edf,data/ds004395/sub-LTP302/ses-17/eeg/sub-LTP302_ses-17_task-ltpFR2_events.tsv,2141661,2141911,250,True,
LTP302,17,21,7,SHOVEL,1295,4285.72,2142860,0,data/ds004395/sub-LTP302/ses-17/eeg/sub-LTP302_ses-17_task-ltpFR2_eeg.edf,data/ds004395/sub-LTP302/ses-17/eeg/sub-LTP302_ses-17_task-ltpFR2_events.tsv,2143010,2143260,250,True,
LTP302,17,21,8,ROD,1203,4288.338,2144169,1,data/ds004395/sub-LTP302/ses-17/eeg/sub-LTP302_ses-17_task-ltpFR2_eeg.edf,data/ds004395/sub-LTP302/ses-17/eeg/sub-LTP302_ses-17_task-ltpFR2_events.tsv,2144319,2144569,250,True,
LTP302,17,21,9,HIKER,708,4291.124,2145562,0,data/ds004395/sub-LTP302/ses-17/eeg/sub-LTP302_ses-17_task-ltpFR2_eeg.edf,data/ds004395/sub-LTP302/ses-17/eeg/sub-LTP302_ses-17_task-ltpFR2_events.tsv,2145712,2145962,250,True,
LTP302,17,21,10,EMPIRE,530,4293.676,2146838,1,data/ds004395/sub-LTP302/ses-17/eeg/sub-LTP302_ses-17_task-ltpFR2_eeg.edf,data/ds004395/sub-LTP302/ses-17/eeg/sub-LTP302_ses-17_task-ltpFR2_events.tsv,2146988,2147238,250,True,
LTP302,17,21,11,RUG,1215,4296.398,2148199,1,data/ds004395/sub-LTP302/ses-17/eeg/sub-LTP302_ses-17_task-ltpFR2_eeg.edf,data/ds004395/sub-LTP302/ses-17/eeg/sub-LTP302_ses-17_task-ltpFR2_events.tsv,2148349,2148599,250,True,
LTP302,17,21,12,GIRL,637,4298.864,2149432,1,data/ds004395/sub-LTP302/ses-17/eeg/sub-LTP302_ses-17_task-ltpFR2_eeg.edf,data/ds004395/sub-LTP302/ses-17/eeg/sub-LTP302_ses-17_task-ltpFR2_events.tsv,2149582,2149832,250,True,
LTP302,17,21,13,ANKLE,24,4301.382,2150691,1,data/ds004395/sub-LTP302/ses-17/eeg/sub-LTP302_ses-17_task-ltpFR2_eeg.edf,data/ds004395/sub-LTP302/ses-17/eeg/sub-LTP302_ses-17_task-ltpFR2_events.tsv,2150841,2151091,250,True,
LTP302,17,21,14,QUAIL,1147,4304.006,2152003,1,data/ds004395/sub-LTP302/ses-17/eeg/sub-LTP302_ses-17_task-ltpFR2_eeg.edf,data/ds004395/sub-LTP302/ses-17/eeg/sub-LTP302_ses-17_task-ltpFR2_events.tsv,2152153,2152403,250,True,
LTP302,17,21,15,SISTER,1312,4306.52,2153260,1,data/ds004395/sub-LTP302/ses-17/eeg/sub-LTP302_ses-17_task-ltpFR2_eeg.edf,data/ds004395/sub-LTP302/ses-17/eeg/sub-LTP302_ses-17_task-ltpFR2_events.tsv,2153410,2153660,250,True,
LTP302,17,21,16,BROTHER,179,4309.138,2154569,1,data/ds004395/sub-LTP302/ses-17/eeg/sub-LTP302_ses-17_task-ltpFR2_eeg.edf,data/ds004395/sub-LTP302/ses-17/eeg/sub-LTP302_ses-17_task-ltpFR2_events.tsv,2154719,2154969,250,True,
LTP302,17,21,17,SWITCH,1422,4311.958,2155979,0,data/ds004395/sub-LTP302/ses-17/eeg/sub-LTP302_ses-17_task-ltpFR2_eeg.edf,data/ds004395/sub-LTP302/ses-17/eeg/sub-LTP302_ses-17_task-ltpFR2_events.tsv,2156129,2156379,250,True,
LTP302,17,21,18,ITEM,746,4314.594,2157297,0,data/ds004395/sub-LTP302/ses-17/eeg/sub-LTP302_ses-17_task-ltpFR2_eeg.edf,data/ds004395/sub-LTP302/ses-17/eeg/sub-LTP302_ses-17_task-ltpFR2_events.tsv,2157447,2157697,250,True,
LTP302,17,21,19,COUSIN,392,4317.162,2158581,1,data/ds004395/sub-LTP302/ses-17/eeg/sub-LTP302_ses-17_task-ltpFR2_eeg.edf,data/ds004395/sub-LTP302/ses-17/eeg/sub-LTP302_ses-17_task-ltpFR2_events.tsv,2158731,2158981,250,True,
LTP302,17,21,20,SIBLING,1301,4319.62,2159810,1,data/ds004395/sub-LTP302/ses-17/eeg/sub-LTP302_ses-17_task-ltpFR2_eeg.edf,data/ds004395/sub-LTP302/ses-17/eeg/sub-LTP302_ses-17_task-ltpFR2_events.tsv,2159960,2160210,250,True,
LTP302,17,21,21,GUARD,667,4322.422,2161211,0,data/ds004395/sub-LTP302/ses-17/eeg/sub-LTP302_ses-17_task-ltpFR2_eeg.edf,data/ds004395/sub-LTP302/ses-17/eeg/sub-LTP302_ses-17_task-ltpFR2_events.tsv,2161361,2161611,250,True,
LTP302,17,21,22,ANTLER,29,4324.852,2162426,1,data/ds004395/sub-LTP302/ses-17/eeg/sub-LTP302_ses-17_task-ltpFR2_eeg.edf,data/ds004395/sub-LTP302/ses-17/eeg/sub-LTP302_ses-17_task-ltpFR2_events.tsv,2162576,2162826,250,True,
LTP302,17,21,23,QUEEN,1149,4327.544,2163772,1,data/ds004395/sub-LTP302/ses-17/eeg/sub-LTP302_ses-17_task-ltpFR2_eeg.edf,data/ds004395/sub-LTP302/ses-17/eeg/sub-LTP302_ses-17_task-ltpFR2_events.tsv,2163922,2164172,250,True,
LTP302,17,21,24,PERCH,1048,4330.294,2165147,1,data/ds004395/sub-LTP302/ses-17/eeg/sub-LTP302_ses-17_task-ltpFR2_eeg.edf,data/ds004395/sub-LTP302/ses-17/eeg/sub-LTP302_ses-17_task-ltpFR2_events.tsv,2165297,2165547,250,True,
LTP302,17,22,1,POWDER,1117,4473.5,2236750,0,data/ds004395/sub-LTP302/ses-17/eeg/sub-LTP302_ses-17_task-ltpFR2_eeg.edf,data/ds004395/sub-LTP302/ses-17/eeg/sub-LTP302_ses-17_task-ltpFR2_events.tsv,2236900,2237150,250,True,
LTP302,17,22,2,MARS,873,4475.986,2237993,0,data/ds004395/sub-LTP302/ses-17/eeg/sub-LTP302_ses-17_task-ltpFR2_eeg.edf,data/ds004395/sub-LTP302/ses-17/eeg/sub-LTP302_ses-17_task-ltpFR2_events.tsv,2238143,2238393,250,True,
LTP302,17,22,3,CURTAIN,427,4478.454,2239227,0,data/ds004395/sub-LTP302/ses-17/eeg/sub-LTP302_ses-17_task-ltpFR2_eeg.edf,data/ds004395/sub-LTP302/ses-17/eeg/sub-LTP302_ses-17_task-ltpFR2_events.tsv,2239377,2239627,250,True,
LTP302,17,22,4,WORLD,1622,4481.056,2240528,0,data/ds004395/sub-LTP302/ses-17/eeg/sub-LTP302_ses-17_task-ltpFR2_eeg.edf,data/ds004395/sub-LTP302/ses-17/eeg/sub-LTP302_ses-17_task-ltpFR2_events.tsv,2240678,2240928,250,True,
LTP302,17,22,5,ICEBERG,731,4483.674,2241837,0,data/ds004395/sub-LTP302/ses-17/eeg/sub-LTP302_ses-17_task-ltpFR2_eeg.edf,data/ds004395/sub-LTP302/ses-17/eeg/sub-LTP302_ses-17_task-ltpFR2_events.tsv,2241987,2242237,250,True,
LTP302,17,22,6,KLEENEX,782,4486.194,2243097,1,data/ds004395/sub-LTP302/ses-17/eeg/sub-LTP302_ses-17_task-ltpFR2_eeg.edf,data/ds004395/sub-LTP302/ses-17/eeg/sub-LTP302_ses-17_task-ltpFR2_events.tsv,2243247,2243497,250,True,
LTP302,17,22,7,FRIAR,605,4488.646,2244323,0,data/ds004395/sub-LTP302/ses-17/eeg/sub-LTP302_ses-17_task-ltpFR2_eeg.edf,data/ds004395/sub-LTP302/ses-17/eeg/sub-LTP302_ses-17_task-ltpFR2_events.tsv,2244473,2244723,250,True,
LTP302,17,22,8,CIGAR,308,4491.314,2245657,1,data/ds004395/sub-LTP302/ses-17/eeg/sub-LTP302_ses-17_task-ltpFR2_eeg.edf,data/ds004395/sub-LTP302/ses-17/eeg/sub-LTP302_ses-17_task-ltpFR2_events.tsv,2245807,2246057,250,True,
LTP302,17,22,9,GHETTO,633,4493.8,2246900,0,data/ds004395/sub-LTP302/ses-17/eeg/sub-LTP302_ses-17_task-ltpFR2_eeg.edf,data/ds004395/sub-LTP302/ses-17/eeg/sub-LTP302_ses-17_task-ltpFR2_events.tsv,2247050,2247300,250,True,
LTP302,17,22,10,GAZELLE,628,4496.502,2248251,0,data/ds004395/sub-LTP302/ses-17/eeg/sub-LTP302_ses-17_task-ltpFR2_eeg.edf,data/ds004395/sub-LTP302/ses-17/eeg/sub-LTP302_ses-17_task-ltpFR2_events.tsv,2248401,2248651,250,True,
LTP302,17,22,11,CROWN,415,4499.304,2249652,0,data/ds004395/sub-LTP302/ses-17/eeg/sub-LTP302_ses-17_task-ltpFR2_eeg.edf,data/ds004395/sub-LTP302/ses-17/eeg/sub-LTP302_ses-17_task-ltpFR2_events.tsv,2249802,2250052,250,True,
LTP302,17,22,12,PLAYGROUND,1087,4501.89,2250945,0,data/ds004395/sub-LTP302/ses-17/eeg/sub-LTP302_ses-17_task-ltpFR2_eeg.edf,data/ds004395/sub-LTP302/ses-17/eeg/sub-LTP302_ses-17_task-ltpFR2_events.tsv,2251095,2251345,250,True,
LTP302,17,22,13,CASHIER,254,4504.492,2252246,0,data/ds004395/sub-LTP302/ses-17/eeg/sub-LTP302_ses-17_task-ltpFR2_eeg.edf,data/ds004395/sub-LTP302/ses-17/eeg/sub-LTP302_ses-17_task-ltpFR2_events.tsv,2252396,2252646,250,True,
LTP302,17,22,14,DENIM,446,4507.092,2253546,0,data/ds004395/sub-LTP302/ses-17/eeg/sub-LTP302_ses-17_task-ltpFR2_eeg.edf,data/ds004395/sub-LTP302/ses-17/eeg/sub-LTP302_ses-17_task-ltpFR2_events.tsv,2253696,2253946,250,True,
LTP302,17,22,15,POSSUM,1112,4509.914,2254957,0,data/ds004395/sub-LTP302/ses-17/eeg/sub-LTP302_ses-17_task-ltpFR2_eeg.edf,data/ds004395/sub-LTP302/ses-17/eeg/sub-LTP302_ses-17_task-ltpFR2_events.tsv,2255107,2255357,250,True,
LTP302,17,22,16,PASTA,1021,4512.666,2256333,0,data/ds004395/sub-LTP302/ses-17/eeg/sub-LTP302_ses-17_task-ltpFR2_eeg.edf,data/ds004395/sub-LTP302/ses-17/eeg/sub-LTP302_ses-17_task-ltpFR2_events.tsv,2256483,2256733,250,True,
LTP302,17,22,17,VENUS,1557,4515.316,2257658,0,data/ds004395/sub-LTP302/ses-17/eeg/sub-LTP302_ses-17_task-ltpFR2_eeg.edf,data/ds004395/sub-LTP302/ses-17/eeg/sub-LTP302_ses-17_task-ltpFR2_events.tsv,2257808,2258058,250,True,
LTP302,17,22,18,POCKET,1093,4518.034,2259017,0,data/ds004395/sub-LTP302/ses-17/eeg/sub-LTP302_ses-17_task-ltpFR2_eeg.edf,data/ds004395/sub-LTP302/ses-17/eeg/sub-LTP302_ses-17_task-ltpFR2_events.tsv,2259167,2259417,250,True,
LTP302,17,22,19,INMATE,738,4520.84,2260420,1,data/ds004395/sub-LTP302/ses-17/eeg/sub-LTP302_ses-17_task-ltpFR2_eeg.edf,data/ds004395/sub-LTP302/ses-17/eeg/sub-LTP302_ses-17_task-ltpFR2_events.tsv,2260570,2260820,250,True,
LTP302,17,22,20,CAPTIVE,240,4523.392,2261696,1,data/ds004395/sub-LTP302/ses-17/eeg/sub-LTP302_ses-17_task-ltpFR2_eeg.edf,data/ds004395/sub-LTP302/ses-17/eeg/sub-LTP302_ses-17_task-ltpFR2_events.tsv,2261846,2262096,250,True,
LTP302,17,22,21,PUPIL,1143,4526.108,2263054,1,data/ds004395/sub-LTP302/ses-17/eeg/sub-LTP302_ses-17_task-ltpFR2_eeg.edf,data/ds004395/sub-LTP302/ses-17/eeg/sub-LTP302_ses-17_task-ltpFR2_events.tsv,2263204,2263454,250,True,
LTP302,17,22,22,BLACKBOARD,133,4528.81,2264405,1,data/ds004395/sub-LTP302/ses-17/eeg/sub-LTP302_ses-17_task-ltpFR2_eeg.edf,data/ds004395/sub-LTP302/ses-17/eeg/sub-LTP302_ses-17_task-ltpFR2_events.tsv,2264555,2264805,250,True,
LTP302,17,22,23,PORK,1108,4531.466,2265733,1,data/ds004395/sub-LTP302/ses-17/eeg/sub-LTP302_ses-17_task-ltpFR2_eeg.edf,data/ds004395/sub-LTP302/ses-17/eeg/sub-LTP302_ses-17_task-ltpFR2_events.tsv,2265883,2266133,250,True,
LTP302,17,22,24,SMOG,1330,4533.896,2266948,1,data/ds004395/sub-LTP302/ses-17/eeg/sub-LTP302_ses-17_task-ltpFR2_eeg.edf,data/ds004395/sub-LTP302/ses-17/eeg/sub-LTP302_ses-17_task-ltpFR2_events.tsv,2267098,2267348,250,True,
LTP302,17,23,1,CANYON,235,4651.738,2325869,0,data/ds004395/sub-LTP302/ses-17/eeg/sub-LTP302_ses-17_task-ltpFR2_eeg.edf,data/ds004395/sub-LTP302/ses-17/eeg/sub-LTP302_ses-17_task-ltpFR2_events.tsv,2326019,2326269,250,True,
LTP302,17,23,2,DENTIST,447,4654.186,2327093,0,data/ds004395/sub-LTP302/ses-17/eeg/sub-LTP302_ses-17_task-ltpFR2_eeg.edf,data/ds004395/sub-LTP302/ses-17/eeg/sub-LTP302_ses-17_task-ltpFR2_events.tsv,2327243,2327493,250,True,
LTP302,17,23,3,SHRUB,1299,4656.744,2328372,0,data/ds004395/sub-LTP302/ses-17/eeg/sub-LTP302_ses-17_task-ltpFR2_eeg.edf,data/ds004395/sub-LTP302/ses-17/eeg/sub-LTP302_ses-17_task-ltpFR2_events.tsv,2328522,2328772,250,True,
LTP302,17,23,4,LUMBER,848,4659.556,2329778,0,data/ds004395/sub-LTP302/ses-17/eeg/sub-LTP302_ses-17_task-ltpFR2_eeg.edf,data/ds004395/sub-LTP302/ses-17/eeg/sub-LTP302_ses-17_task-ltpFR2_events.tsv,2329928,2330178,250,True,
LTP302,17,23,5,CAMEL,223,4662.26,2331130,0,data/ds004395/sub-LTP302/ses-17/eeg/sub-LTP302_ses-17_task-ltpFR2_eeg.edf,data/ds004395/sub-LTP302/ses-17/eeg/sub-LTP302_ses-17_task-ltpFR2_events.tsv,2331280,2331530,250,True,
LTP302,17,23,6,LEADER,807,4664.712,2332356,0,data/ds004395/sub-LTP302/ses-17/eeg/sub-LTP302_ses-17_task-ltpFR2_eeg.edf,data/ds004395/sub-LTP302/ses-17/eeg/sub-LTP302_ses-17_task-ltpFR2_events.tsv,2332506,2332756,250,True,
LTP302,17,23,7,DRIVER,499,4667.164,2333582,0,data/ds004395/sub-LTP302/ses-17/eeg/sub-LTP302_ses-17_task-ltpFR2_eeg.edf,data/ds004395/sub-LTP302/ses-17/eeg/sub-LTP302_ses-17_task-ltpFR2_events.tsv,2333732,2333982,250,True,
LTP302,17,23,8,FINGER,567,4669.9,2334950,1,data/ds004395/sub-LTP302/ses-17/eeg/sub-LTP302_ses-17_task-ltpFR2_eeg.edf,data/ds004395/sub-LTP302/ses-17/eeg/sub-LTP302_ses-17_task-ltpFR2_events.tsv,2335100,2335350,250,True,
LTP302,17,23,9,FLIPPER,580,4672.536,2336268,1,data/ds004395/sub-LTP302/ses-17/eeg/sub-LTP302_ses-17_task-ltpFR2_eeg.edf,data/ds004395/sub-LTP302/ses-17/eeg/sub-LTP302_ses-17_task-ltpFR2_events.tsv,2336418,2336668,250,True,
LTP302,17,23,10,ATLAS,53,4675.072,2337536,1,data/ds004395/sub-LTP302/ses-17/eeg/sub-LTP302_ses-17_task-ltpFR2_eeg.edf,data/ds004395/sub-LTP302/ses-17/eeg/sub-LTP302_ses-17_task-ltpFR2_events.tsv,2337686,2337936,250,True,
LTP302,17,23,11,BLENDER,136,4677.556,2338778,1,data/ds004395/sub-LTP302/ses-17/eeg/sub-LTP302_ses-17_task-ltpFR2_eeg.edf,data/ds004395/sub-LTP302/ses-17/eeg/sub-LTP302_ses-17_task-ltpFR2_events.tsv,2338928,2339178,250,True,
LTP302,17,23,12,BANQUET,86,4680.176,2340088,1,data/ds004395/sub-LTP302/ses-17/eeg/sub-LTP302_ses-17_task-ltpFR2_eeg.edf,data/ds004395/sub-LTP302/ses-17/eeg/sub-LTP302_ses-17_task-ltpFR2_events.tsv,2340238,2340488,250,True,
LTP302,17,23,13,PISTON,1076,4682.626,2341313,0,data/ds004395/sub-LTP302/ses-17/eeg/sub-LTP302_ses-17_task-ltpFR2_eeg.edf,data/ds004395/sub-LTP302/ses-17/eeg/sub-LTP302_ses-17_task-ltpFR2_events.tsv,2341463,2341713,250,True,
LTP302,17,23,14,NOMAD,955,4685.144,2342572,0,data/ds004395/sub-LTP302/ses-17/eeg/sub-LTP302_ses-17_task-ltpFR2_eeg.edf,data/ds004395/sub-LTP302/ses-17/eeg/sub-LTP302_ses-17_task-ltpFR2_events.tsv,2342722,2342972,250,True,
LTP302,17,23,15,SERVANT,1271,4687.732,2343866,0,data/ds004395/sub-LTP302/ses-17/eeg/sub-LTP302_ses-17_task-ltpFR2_eeg.edf,data/ds004395/sub-LTP302/ses-17/eeg/sub-LTP302_ses-17_task-ltpFR2_events.tsv,2344016,2344266,250,True,
LTP302,17,23,16,SHORTCAKE,1292,4690.334,2345167,1,data/ds004395/sub-LTP302/ses-17/eeg/sub-LTP302_ses-17_task-ltpFR2_eeg.edf,data/ds004395/sub-LTP302/ses-17/eeg/sub-LTP302_ses-17_task-ltpFR2_events.tsv,2345317,2345567,250,True,
LTP302,17,23,17,SALMON,1227,4692.986,2346493,1,data/ds004395/sub-LTP302/ses-17/eeg/sub-LTP302_ses-17_task-ltpFR2_eeg.edf,data/ds004395/sub-LTP302/ses-17/eeg/sub-LTP302_ses-17_task-ltpFR2_events.tsv,2346643,2346893,250,True,
LTP302,17,23,18,PECAN,1036,4695.422,2347711,1,data/ds004395/sub-LTP302/ses-17/eeg/sub-LTP302_ses-17_task-ltpFR2_eeg.edf,data/ds004395/sub-LTP302/ses-17/eeg/sub-LTP302_ses-17_task-ltpFR2_events.tsv,2347861,2348111,250,True,
LTP302,17,23,19,PEANUT,1032,4697.874,2348937,1,data/ds004395/sub-LTP302/ses-17/eeg/sub-LTP302_ses-17_task-ltpFR2_eeg.edf,data/ds004395/sub-LTP302/ses-17/eeg/sub-LTP302_ses-17_task-ltpFR2_events.tsv,2349087,2349337,250,True,
LTP302,17,23,20,BEAVER,109,4700.326,2350163,1,data/ds004395/sub-LTP302/ses-17/eeg/sub-LTP302_ses-17_task-ltpFR2_eeg.edf,data/ds004395/sub-LTP302/ses-17/eeg/sub-LTP302_ses-17_task-ltpFR2_events.tsv,2350313,2350563,250,True,
LTP302,17,23,21,BRANCH,168,4703.094,2351547,1,data/ds004395/sub-LTP302/ses-17/eeg/sub-LTP302_ses-17_task-ltpFR2_eeg.edf,data/ds004395/sub-LTP302/ses-17/eeg/sub-LTP302_ses-17_task-ltpFR2_events.tsv,2351697,2351947,250,True,
LTP302,17,23,22,WORKER,1621,4705.714,2352857,1,data/ds004395/sub-LTP302/ses-17/eeg/sub-LTP302_ses-17_task-ltpFR2_eeg.edf,data/ds004395/sub-LTP302/ses-17/eeg/sub-LTP302_ses-17_task-ltpFR2_events.tsv,2353007,2353257,250,True,
LTP302,17,23,23,FIDDLE,561,4708.466,2354233,0,data/ds004395/sub-LTP302/ses-17/eeg/sub-LTP302_ses-17_task-ltpFR2_eeg.edf,data/ds004395/sub-LTP302/ses-17/eeg/sub-LTP302_ses-17_task-ltpFR2_events.tsv,2354383,2354633,250,True,
LTP302,17,23,24,EXPERT,543,4711.018,2355509,0,data/ds004395/sub-LTP302/ses-17/eeg/sub-LTP302_ses-17_task-ltpFR2_eeg.edf,data/ds004395/sub-LTP302/ses-17/eeg/sub-LTP302_ses-17_task-ltpFR2_events.tsv,2355659,2355909,250,True,
LTP302,17,24,1,PAPER,1011,4853.73,2426865,0,data/ds004395/sub-LTP302/ses-17/eeg/sub-LTP302_ses-17_task-ltpFR2_eeg.edf,data/ds004395/sub-LTP302/ses-17/eeg/sub-LTP302_ses-17_task-ltpFR2_events.tsv,2427015,2427265,250,True,
LTP302,17,24,2,SCOTCH,1251,4856.292,2428146,1,data/ds004395/sub-LTP302/ses-17/eeg/sub-LTP302_ses-17_task-ltpFR2_eeg.edf,data/ds004395/sub-LTP302/ses-17/eeg/sub-LTP302_ses-17_task-ltpFR2_events.tsv,2428296,2428546,250,True,
LTP302,17,24,3,CHAMPAGNE,278,4858.91,2429455,0,data/ds004395/sub-LTP302/ses-17/eeg/sub-LTP302_ses-17_task-ltpFR2_eeg.edf,data/ds004395/sub-LTP302/ses-17/eeg/sub-LTP302_ses-17_task-ltpFR2_events.tsv,2429605,2429855,250,True,
LTP302,17,24,4,MATTRESS,879,4861.612,2430806,0,data/ds004395/sub-LTP302/ses-17/eeg/sub-LTP302_ses-17_task-ltpFR2_eeg.edf,data/ds004395/sub-LTP302/ses-17/eeg/sub-LTP302_ses-17_task-ltpFR2_events.tsv,2430956,2431206,250,True,
LTP302,17,24,5,CUPBOARD,425,4864.104,2432052,0,data/ds004395/sub-LTP302/ses-17/eeg/sub-LTP302_ses-17_task-ltpFR2_eeg.edf,data/ds004395/sub-LTP302/ses-17/eeg/sub-LTP302_ses-17_task-ltpFR2_events.tsv,2432202,2432452,250,True,
LTP302,17,24,6,SCISSORS,1250,4866.79,2433395,0,data/ds004395/sub-LTP302/ses-17/eeg/sub-LTP302_ses-17_task-ltpFR2_eeg.edf,data/ds004395/sub-LTP302/ses-17/eeg/sub-LTP302_ses-17_task-ltpFR2_events.tsv,2433545,2433795,250,True,
LTP302,17,24,7,MATCH,878,4869.29,2434645,0,data/ds004395/sub-LTP302/ses-17/eeg/sub-LTP302_ses-17_task-ltpFR2_eeg.edf,data/ds004395/sub-LTP302/ses-17/eeg/sub-LTP302_ses-17_task-ltpFR2_events.tsv,2434795,2435045,250,True,
LTP302,17,24,8,PORTRAIT,1111,4871.844,2435922,0,data/ds004395/sub-LTP302/ses-17/eeg/sub-LTP302_ses-17_task-ltpFR2_eeg.edf,data/ds004395/sub-LTP302/ses-17/eeg/sub-LTP302_ses-17_task-ltpFR2_events.tsv,2436072,2436322,250,True,
LTP302,17,24,9,SKETCH,1315,4874.63,2437315,0,data/ds004395/sub-LTP302/ses-17/eeg/sub-LTP302_ses-17_task-ltpFR2_eeg.edf,data/ds004395/sub-LTP302/ses-17/eeg/sub-LTP302_ses-17_task-ltpFR2_events.tsv,2437465,2437715,250,True,
LTP302,17,24,10,BANKER,84,4877.308,2438654,0,data/ds004395/sub-LTP302/ses-17/eeg/sub-LTP302_ses-17_task-ltpFR2_eeg.edf,data/ds004395/sub-LTP302/ses-17/eeg/sub-LTP302_ses-17_task-ltpFR2_events.tsv,2438804,2439054,250,True,
LTP302,17,24,11,MARROW,872,4879.852,2439926,0,data/ds004395/sub-LTP302/ses-17/eeg/sub-LTP302_ses-17_task-ltpFR2_eeg.edf,data/ds004395/sub-LTP302/ses-17/eeg/sub-LTP302_ses-17_task-ltpFR2_events.tsv,2440076,2440326,250,True,
LTP302,17,24,12,ARM,38,4882.28,2441140,0,data/ds004395/sub-LTP302/ses-17/eeg/sub-LTP302_ses-17_task-ltpFR2_eeg.edf,data/ds004395/sub-LTP302/ses-17/eeg/sub-LTP302_ses-17_task-ltpFR2_events.tsv,2441290,2441540,250,True,
LTP302,17,24,13,POET,1095,4884.882,2442441,0,data/ds004395/sub-LTP302/ses-17/eeg/sub-LTP302_ses-17_task-ltpFR2_eeg.edf,data/ds004395/sub-LTP302/ses-17/eeg/sub-LTP302_ses-17_task-ltpFR2_events.tsv,2442591,2442841,250,True,
LTP302,17,24,14,COLLEGE,346,4887.366,2443683,0,data/ds004395/sub-LTP302/ses-17/eeg/sub-LTP302_ses-17_task-ltpFR2_eeg.edf,data/ds004395/sub-LTP302/ses-17/eeg/sub-LTP302_ses-17_task-ltpFR2_events.tsv,2443833,2444083,250,True,
LTP302,17,24,15,COFFEE,341,4889.954,2444977,0,data/ds004395/sub-LTP302/ses-17/eeg/sub-LTP302_ses-17_task-ltpFR2_eeg.edf,data/ds004395/sub-LTP302/ses-17/eeg/sub-LTP302_ses-17_task-ltpFR2_events.tsv,2445127,2445377,250,True,
LTP302,17,24,16,CLOUD,328,4892.422,2446211,0,data/ds004395/sub-LTP302/ses-17/eeg/sub-LTP302_ses-17_task-ltpFR2_eeg.edf,data/ds004395/sub-LTP302/ses-17/eeg/sub-LTP302_ses-17_task-ltpFR2_events.tsv,2446361,2446611,250,True,
LTP302,17,24,17,DASHBOARD,441,4894.94,2447470,0,data/ds004395/sub-LTP302/ses-17/eeg/sub-LTP302_ses-17_task-ltpFR2_eeg.edf,data/ds004395/sub-LTP302/ses-17/eeg/sub-LTP302_ses-17_task-ltpFR2_events.tsv,2447620,2447870,250,True,
LTP302,17,24,18,RACKET,1155,4897.526,2448763,0,data/ds004395/sub-LTP302/ses-17/eeg/sub-LTP302_ses-17_task-ltpFR2_eeg.edf,data/ds004395/sub-LTP302/ses-17/eeg/sub-LTP302_ses-17_task-ltpFR2_events.tsv,2448913,2449163,250,True,
LTP302,17,24,19,GAVEL,627,4900.012,2450006,0,data/ds004395/sub-LTP302/ses-17/eeg/sub-LTP302_ses-17_task-ltpFR2_eeg.edf,data/ds004395/sub-LTP302/ses-17/eeg/sub-LTP302_ses-17_task-ltpFR2_events.tsv,2450156,2450406,250,True,
LTP302,17,24,20,TRUCK,1512,4902.496,2451248,1,data/ds004395/sub-LTP302/ses-17/eeg/sub-LTP302_ses-17_task-ltpFR2_eeg.edf,data/ds004395/sub-LTP302/ses-17/eeg/sub-LTP302_ses-17_task-ltpFR2_events.tsv,2451398,2451648,250,True,
LTP302,17,24,21,STUDENT,1395,4904.964,2452482,1,data/ds004395/sub-LTP302/ses-17/eeg/sub-LTP302_ses-17_task-ltpFR2_eeg.edf,data/ds004395/sub-LTP302/ses-17/eeg/sub-LTP302_ses-17_task-ltpFR2_events.tsv,2452632,2452882,250,True,
LTP302,17,24,22,RUST,1219,4907.5,2453750,1,data/ds004395/sub-LTP302/ses-17/eeg/sub-LTP302_ses-17_task-ltpFR2_eeg.edf,data/ds004395/sub-LTP302/ses-17/eeg/sub-LTP302_ses-17_task-ltpFR2_events.tsv,2453900,2454150,250,True,
LTP302,17,24,23,DAUGHTER,442,4909.986,2454993,1,data/ds004395/sub-LTP302/ses-17/eeg/sub-LTP302_ses-17_task-ltpFR2_eeg.edf,data/ds004395/sub-LTP302/ses-17/eeg/sub-LTP302_ses-17_task-ltpFR2_events.tsv,2455143,2455393,250,True,
LTP302,17,24,24,BUG,187,4912.542,2456271,1,data/ds004395/sub-LTP302/ses-17/eeg/sub-LTP302_ses-17_task-ltpFR2_eeg.edf,data/ds004395/sub-LTP302/ses-17/eeg/sub-LTP302_ses-17_task-ltpFR2_events.tsv,2456421,2456671,250,True,
