subject,session,trial,serialpos,word,recalled,embedding_fidelity
LTP269,12,1,1,JELLY,1,0.8560197423374648
LTP269,12,1,2,SHORTCAKE,1,0.8661081363725394
LTP269,12,1,3,TROMBONE,0,0.8751228589110138
LTP269,12,1,4,GUITAR,0,0.766741192742055
LTP269,12,1,5,FARMER,1,0.806058927393585
LTP269,12,1,6,PICNIC,1,0.8348401682604975
LTP269,12,1,7,MAILMAN,1,0.8793760073575076
LTP269,12,1,8,PLUTO,1,0.8667783901658289
LTP269,12,1,9,SOFTBALL,1,0.8759904689803603
LTP269,12,1,10,UMPIRE,1,0.8535584886058711
LTP269,12,1,11,SUMMIT,0,0.8487043784293299
LTP269,12,1,12,SURVEY,0,0.8383689962919452
LTP269,12,1,13,LADDER,1,0.8300735090165972
LTP269,12,1,14,PORTRAIT,1,0.8796755259509262
LTP269,12,1,15,SKETCH,1,0.868888292868739
LTP269,12,1,16,GIFT,0,0.8440828459078467
LTP269,12,1,17,RATTLE,0,0.8744114376197071
LTP269,12,1,18,TUTU,1,0.7974539803001381
LTP269,12,1,19,KEEPER,1,0.8237167318919077
LTP269,12,1,20,SHRUB,0,0.8513695023892178
LTP269,12,1,21,COFFEE,0,0.8703995500038783
LTP269,12,1,22,POISON,0,0.8265131275308925
LTP269,12,1,23,ZIPPER,0,0.7845000854807898
LTP269,12,1,24,BANQUET,0,0.8874353815088796
LTP269,12,2,1,CABIN,0,0.8421754964617263
LTP269,12,2,2,QUAIL,0,0.8710801864159258
LTP269,12,2,3,ARM,1,0.8119154368049132
LTP269,12,2,4,HOOD,1,0.8644352159904067
LTP269,12,2,5,SHIRT,0,0.862826856712383
LTP269,12,2,6,FLESH,1,0.8465293727534622
LTP269,12,2,7,ANKLE,1,0.8663993479395744
LTP269,12,2,8,CHEST,1,0.8180051479500349
LTP269,12,2,9,FOREHEAD,0,0.8262158766191724
LTP269,12,2,10,TYPIST,0,0.8920361285137517
LTP269,12,2,11,REBEL,1,0.8413321365280203
LTP269,12,2,12,COWBOY,1,0.8639370111219136
LTP269,12,2,13,PIGEON,1,0.8890679439606799
LTP269,12,2,14,PLIERS,1,0.8694684339035487
LTP269,12,2,15,TEMPLE,0,0.8774373293530247
LTP269,12,2,16,MOP,0,0.7926231076156645
LTP269,12,2,17,MARKET,0,0.8488570376060424
LTP269,12,2,18,BEAKER,0,0.8566779903520069
LTP269,12,2,19,NIGHTGOWN,0,0.8357585106901041
LTP269,12,2,20,SCRIBBLE,0,0.8441685684178785
LTP269,12,2,21,VALVE,0,0.8652565965023183
LTP269,12,2,22,DASHBOARD,0,0.8849981290698979
LTP269,12,2,23,SCALPEL,1,0.8900180950539579
LTP269,12,2,24,CRICKET,0,0.8774505360831705
LTP269,12,3,1,GYMNAST,1,0.8704693800991969
LTP269,12,3,2,FOOTBALL,1,0.8447969195989489
LTP269,12,3,3,RIFLE,1,0.860971719572369
LTP269,12,3,4,PEBBLE,1,0.8351428805020257
LTP269,12,3,5,VIKING,1,0.8096326521948479
LTP269,12,3,6,BUBBLE,1,0.8797559172644468
LTP269,12,3,7,BATHTUB,1,0.8586107119204803
LTP269,12,3,8,GROUND,0,0.8184310968575363
LTP269,12,3,9,CONTRACT,0,0.8057871583791659
LTP269,12,3,10,DRINK,0,0.8195148844843424
LTP269,12,3,11,BRANDY,0,0.8744379551697855
LTP269,12,3,12,STONE,0,0.8387523916119825
LTP269,12,3,13,FLUTE,0,0.8241324749374616
LTP269,12,3,14,LEADER,0,0.8263918058261083
LTP269,12,3,15,CASHIER,0,0.8703626516498435
LTP269,12,3,16,COIN,0,0.8349451493887201
LTP269,12,3,17,CABBAGE,0,0.8527628960806718
LTP269,12,3,18,PALACE,0,0.8531934031885193
LTP269,12,3,19,SKIRT,0,0.8608521086646604
LTP269,12,3,20,PEACH,1,0.8326827215096919
LTP269,12,3,21,SUITCASE,0,0.8552075848105193
LTP269,12,3,22,SCISSORS,1,0.8254496367016265
LTP269,12,3,23,GRAVEL,0,0.7658780376477187
LTP269,12,3,24,EMPIRE,0,0.8395277551083483
LTP269,12,4,1,ROBBER,1,0.8409960642035322
LTP269,12,4,2,FRIAR,1,0.8540828986263499
LTP269,12,4,3,CROSS,0,0.8728234401558214
LTP269,12,4,4,OX,1,0.793267858405273
LTP269,12,4,5,BELLY,0,0.8756626151716393
LTP269,12,4,6,EAGLE,0,0.8444811127942254
LTP269,12,4,7,STATUE,1,0.813446068786487
LTP269,12,4,8,SCULPTURE,1,0.8555559430039826
LTP269,12,4,9,WORKER,1,0.8488199558229745
LTP269,12,4,10,BLUEPRINT,1,0.9049756595049904
LTP269,12,4,11,MAPLE,0,0.7851749821023519
LTP269,12,4,12,SPIDER,0,0.8702374580328985
LTP269,12,4,13,YARN,0,0.8635468954703168
LTP269,12,4,14,MARS,0,0.8361465885781244
LTP269,12,4,15,DAISY,0,0.8600661264886827
LTP269,12,4,16,PREACHER,0,0.8515222248080327
LTP269,12,4,17,NECKLACE,0,0.8998449645269755
LTP269,12,4,18,CARRIAGE,0,0.8619292748435826
LTP269,12,4,19,LOFT,1,0.8853038562514435
LTP269,12,4,20,WARDROBE,0,0.8946466189316818
LTP269,12,4,21,DENIM,0,0.8649717347038895
LTP269,12,4,22,JEANS,0,0.865652415605191
LTP269,12,4,23,STOMACH,0,0.8274341518554518
LTP269,12,4,24,CREVICE,0,0.8837523444155947
LTP269,12,5,1,EGYPT,1,0.8496572058149062
LTP269,12,5,2,GOBLIN,1,0.8585991439984266
LTP269,12,5,3,ATLAS,1,0.7649256334450899
LTP269,12,5,4,WAITRESS,1,0.8463415514576934
LTP269,12,5,5,SUPPER,1,0.7973137253164759
LTP269,12,5,6,CHAPEL,0,0.83673070037498
LTP269,12,5,7,JUDGE,0,0.8255265949776254
LTP269,12,5,8,SPOOL,0,0.8702634738361636
LTP269,12,5,9,DRESS,0,0.8714489876763872
LTP269,12,5,10,WAITER,1,0.8526283142422564
LTP269,12,5,11,HOOK,1,0.8897805455050494
LTP269,12,5,12,VICTIM,0,0.8210943686751534
LTP269,12,5,13,CHEMIST,1,0.8798174748222904
LTP269,12,5,14,MARKER,1,0.8741129879282024
LTP269,12,5,15,THRONE,0,0.8558179126437602
LTP269,12,5,16,WITNESS,1,0.8215235465893035
LTP269,12,5,17,AWARD,1,0.8402775117532094
LTP269,12,5,18,LAGOON,1,0.8431011210864099
LTP269,12,5,19,BLACKBOARD,0,0.8376512925908428
LTP269,12,5,20,SERVANT,1,0.7840285950675384
LTP269,12,5,21,CHAMPAGNE,0,0.8506390119403799
LTP269,12,5,22,COCKTAIL,0,0.8572734756712548
LTP269,12,5,23,LUMBER,1,0.8804981280164749
LTP269,12,5,24,LEG,0,0.8359279928089801
LTP269,12,6,1,SCARF,1,0.8589382753796455
LTP269,12,6,2,TOMBSTONE,1,0.8819412168473043
LTP269,12,6,3,MARROW,1,0.8765049955046139
LTP269,12,6,4,DIVER,0,0.7944974261948463
LTP269,12,6,5,ITEM,0,0.8275419382716477
LTP269,12,6,6,BUTCHER,1,0.8434810232035844
LTP269,12,6,7,PAIL,1,0.8468788295300146
LTP269,12,6,8,LIZARD,0,0.8762820927072924
LTP269,12,6,9,DENTIST,1,0.8557666546179797
LTP269,12,6,10,CRATER,0,0.8751365958063592
LTP269,12,6,11,DOUGHNUT,0,0.8878135799449337
LTP269,12,6,12,KNIFE,1,0.8259253267165372
LTP269,12,6,13,BODY,0,0.7515661217757386
LTP269,12,6,14,CASHEW,0,0.8842412243799279
LTP269,12,6,15,BOYFRIEND,0,0.8771471246850598
LTP269,12,6,16,REPORT,0,0.8074024546955278
LTP269,12,6,17,CRIB,0,0.8481227507412409
LTP269,12,6,18,RABBIT,1,0.8254782106359744
LTP269,12,6,19,FOX,1,0.800071642401397
LTP269,12,6,20,APRON,0,0.8838206966916825
LTP269,12,6,21,MUMMY,0,0.8590458677529805
LTP269,12,6,22,SPHINX,0,0.8639606486473944
LTP269,12,6,23,SAUSAGE,0,0.826872461513692
LTP269,12,6,24,VAGRANT,0,0.848050257844028
LTP269,12,7,1,LACE,0,0.814521404781148
LTP269,12,7,2,MACHINE,0,0.8367277564016967
LTP269,12,7,3,RUST,0,0.8569023081714111
LTP269,12,7,4,CHAUFFEUR,0,0.8460649559353562
LTP269,12,7,5,GUARD,0,0.8687857153213014
LTP269,12,7,6,NEUTRON,0,0.9006154107795546
LTP269,12,7,7,XEROX,0,0.8708133231218939
LTP269,12,7,8,STAR,0,0.8440676579889829
LTP269,12,7,9,PADDING,0,0.8700114133921497
LTP269,12,7,10,CANYON,0,0.8421315853585104
LTP269,12,7,11,ISLAND,1,0.7665325860574018
LTP269,12,7,12,CYCLONE,1,0.8818669591881554
LTP269,12,7,13,COUNTRY,1,0.8358838309368372
LTP269,12,7,14,LASER,1,0.7794743743462365
LTP269,12,7,15,PISTOL,1,0.8674171187054299
LTP269,12,7,16,BLENDER,1,0.9037126212105703
LTP269,12,7,17,RIVER,1,0.8811044099966537
LTP269,12,7,18,DRILL,1,0.8641801155478116
LTP269,12,7,19,PARROT,1,0.8500788243491103
LTP269,12,7,20,SEAGULL,1,0.8818304702235804
LTP269,12,7,21,OFFICE,1,0.8555709941639001
LTP269,12,7,22,OZONE,0,0.8566056185395828
LTP269,12,7,23,PROTON,0,0.8357636600287145
LTP269,12,7,24,QUARTER,0,0.8387442079661912
LTP269,12,8,1,SCOTCH,0,0.8601691700174665
LTP269,12,8,2,SWIMMER,0,0.7939451436027095
LTP269,12,8,3,NOVEL,0,0.8335572441652961
LTP269,12,8,4,MILK,0,0.8141705543985684
LTP269,12,8,5,INMATE,0,0.853938027060801
LTP269,12,8,6,PRINCESS,0,0.8748313451726761
LTP269,12,8,7,PLAZA,0,0.7948918844020154
LTP269,12,8,8,SISTER,0,0.7924732009548722
LTP269,12,8,9,MUFFIN,0,0.8531293210219191
LTP269,12,8,10,TURTLE,0,0.8813010495345712
LTP269,12,8,11,PACKAGE,1,0.8482629483428534
LTP269,12,8,12,CITRUS,0,0.8721022650848739
LTP269,12,8,13,UNCLE,0,0.7995462822540461
LTP269,12,8,14,BLADE,0,0.8796759808575056
LTP269,12,8,15,FRIEND,0,0.84161744710804
LTP269,12,8,16,IGLOO,0,0.845480542798779
LTP269,12,8,17,BROOK,0,0.8348532655290759
LTP269,12,8,18,SLIDE,0,0.8613372901212474
LTP269,12,8,19,COURSE,1,0.8307746790949786
LTP269,12,8,20,COLLEGE,1,0.8773528475437133
LTP269,12,8,21,HEART,1,0.8745631744757781
LTP269,12,8,22,TRANSPLANT,1,0.7937546141594033
LTP269,12,8,23,POET,1,0.8067741459788674
LTP269,12,8,24,BOX,1,0.7635568603008301
LTP269,12,9,1,SWAMP,0,0.7688395997014779
LTP269,12,9,2,CANAL,0,0.8667489754931806
LTP269,12,9,3,CHILD,0,0.8360203390527684
LTP269,12,9,4,LIVER,0,0.8125291875825541
LTP269,12,9,5,ROOSTER,0,0.8651200774401185
LTP269,12,9,6,SUNRISE,1,0.8943821885307367
LTP269,12,9,7,SERVER,0,0.8093606734092854
LTP269,12,9,8,FRAME,1,0.874653463325399
LTP269,12,9,9,PICTURE,1,0.8208833555632765
LTP269,12,9,10,PENGUIN,1,0.8900972921928448
LTP269,12,9,11,PLAYGROUND,1,0.8619129394462952
LTP269,12,9,12,GRAPE,1,0.7725706315884451
LTP269,12,9,13,FRUIT,1,0.8358985476346134
LTP269,12,9,14,SMOG,0,0.8468567328777222
LTP269,12,9,15,PUDDLE,0,0.8915911277791544
LTP269,12,9,16,CATTLE,0,0.8882844847288206
LTP269,12,9,17,DRAWING,0,0.8612276082888277
LTP269,12,9,18,ORANGE,1,0.8523246555363723
LTP269,12,9,19,BUCKET,1,0.8734941876783026
LTP269,12,9,20,BARLEY,1,0.8762998583616467
LTP269,12,9,21,FIDDLE,0,0.909253536372827
LTP269,12,9,22,SUNSET,0,0.8443420286275339
LTP269,12,9,23,BADGE,0,0.8439928322625133
LTP269,12,9,24,PIZZA,0,0.8331545946171434
LTP269,12,10,1,GIRL,0,0.8764889429495297
LTP269,12,10,2,OINTMENT,0,0.8478569816858468
LTP269,12,10,3,LABEL,0,0.8589261036817615
LTP269,12,10,4,LODGE,0,0.8717663135301298
LTP269,12,10,5,KITCHEN,0,0.8752101412821626
LTP269,12,10,6,DRUG,1,0.8744234651091026
LTP269,12,10,7,TABLET,0,0.8675840162293941
LTP269,12,10,8,CUPBOARD,0,0.8804073323844533
LTP269,12,10,9,BLOCKADE,1,0.8626774375268547
LTP269,12,10,10,TILE,0,0.8370629060229766
LTP269,12,10,11,SALT,0,0.8440725548909168
LTP269,12,10,12,AGENT,0,0.7928578916528699
LTP269,12,10,13,MOTEL,1,0.881345351908219
LTP269,12,10,14,BURGLAR,1,0.885628788678616
LTP269,12,10,15,PUPPY,1,0.8871873324163002
LTP269,12,10,16,DONKEY,0,0.8956832383958765
LTP269,12,10,17,JUGGLER,0,0.8531356522742451
LTP269,12,10,18,BABY,1,0.8381517913576838
LTP269,12,10,19,INFANT,1,0.8666916167512952
LTP269,12,10,20,SKILLET,1,0.8923625569158614
LTP269,12,10,21,OYSTER,1,0.8624728106145823
LTP269,12,10,22,ATOM,0,0.7802471552536742
LTP269,12,10,23,MISSILE,0,0.8385221963270122
LTP269,12,10,24,GRIZZLY,0,0.858859344918293
LTP269,12,11,1,LETTUCE,0,0.881295994354831
LTP269,12,11,2,EXPERT,0,0.8272524013171558
LTP269,12,11,3,DORM,0,0.7849062781450432
LTP269,12,11,4,KNAPSACK,0,0.8503551860374493
LTP269,12,11,5,APPLE,1,0.8461959068142951
LTP269,12,11,6,LOVER,0,0.7920251160061513
LTP269,12,11,7,FRANCE,0,0.8490105635562051
LTP269,12,11,8,PERCH,0,0.8847430959189923
LTP269,12,11,9,SPOUSE,0,0.8769437658197168
LTP269,12,11,10,ELBOW,0,0.8605341231660582
LTP269,12,11,11,BUG,0,0.843230364840768
LTP269,12,11,12,SLUG,0,0.8784310305206021
LTP269,12,11,13,GLOBE,0,0.8373132337477293
LTP269,12,11,14,BRICK,0,0.892376935169243
LTP269,12,11,15,HAWK,0,0.8090302801256344
LTP269,12,11,16,NAPKIN,0,0.8417539250989021
LTP269,12,11,17,STAPLE,0,0.859372284498529
LTP269,12,11,18,SHOULDER,0,0.869976350545512
LTP269,12,11,19,CLIMBER,0,0.8293292661491235
LTP269,12,11,20,SLOPE,1,0.8663363859175287
LTP269,12,11,21,TRACTOR,1,0.8414786126507228
LTP269,12,11,22,LAKE,1,0.848659830590772
LTP269,12,11,23,MONEY,1,0.8248954726360734
LTP269,12,11,24,COLONEL,1,0.8737658294653616
LTP269,12,12,1,LAVA,0,0.8119129710035099
LTP269,12,12,2,HUSBAND,0,0.8401680269874413
LTP269,12,12,3,MARINE,0,0.8625068561351186
LTP269,12,12,4,TROUT,0,0.8013793341636344
LTP269,12,12,5,BACON,0,0.802268520054577
LTP269,12,12,6,TUNNEL,0,0.8853651795844392
LTP269,12,12,7,LAMP,0,0.8473969965882211
LTP269,12,12,8,CRAB,0,0.8742941499420898
LTP269,12,12,9,BRAKE,0,0.8869981122007518
LTP269,12,12,10,TAXI,0,0.858602892422878
LTP269,12,12,11,NOMAD,0,0.817148174305371
LTP269,12,12,12,AIRPLANE,0,0.854750886286164
LTP269,12,12,13,CORAL,0,0.8420887523561303
LTP269,12,12,14,JUNGLE,0,0.8789099636494839
LTP269,12,12,15,FLIPPER,0,0.8462841666003132
LTP269,12,12,16,MAMMAL,0,0.8082086082161334
LTP269,12,12,17,ROBOT,0,0.8484287976902667
LTP269,12,12,18,SHELTER,0,0.832187015615885
LTP269,12,12,19,SNACK,0,0.8744766784800918
LTP269,12,12,20,DOLPHIN,0,0.8550425292590814
LTP269,12,12,21,CASKET,0,0.8872033775462678
LTP269,12,12,22,DUSTPAN,1,0.8767887285697485
LTP269,12,12,23,OMELET,1,0.8486413741027946
LTP269,12,12,24,SCARECROW,1,0.8902914402924056
LTP269,12,13,1,JELLO,1,0.8654589343029003
LTP269,12,13,2,TWISTER,1,0.8531359957576222
LTP269,12,13,3,HAND,1,0.8166326808341536
LTP269,12,13,4,SNAIL,1,0.8826860342266104
LTP269,12,13,5,TWEEZERS,0,0.8402592178822795
LTP269,12,13,6,CAPTIVE,0,0.8292281489101504
LTP269,12,13,7,SALMON,0,0.8541422509472562
LTP269,12,13,8,SEAFOOD,0,0.8698561715996269
LTP269,12,13,9,RAFT,0,0.8703932151699303
LTP269,12,13,10,SPONGE,0,0.8727622724143073
LTP269,12,13,11,WASHER,0,0.8535182819040236
LTP269,12,13,12,LILY,0,0.8063319891040881
LTP269,12,13,13,SPOON,0,0.8703638022050532
LTP269,12,13,14,RECEIPT,0,0.8415299424495556
LTP269,12,13,15,HOSTESS,0,0.8295835749867271
LTP269,12,13,16,STAMP,0,0.8057305765082496
LTP269,12,13,17,RUG,0,0.8379459283707251
LTP269,12,13,18,SILK,0,0.8830823555606113
LTP269,12,13,19,ORCHID,0,0.8544765747575448
LTP269,12,13,20,CRUTCH,0,0.889139928061326
LTP269,12,13,21,SADDLE,0,0.8651190500568354
LTP269,12,13,22,GREASE,0,0.8641572073406466
LTP269,12,13,23,DRESSER,1,0.8507995895903987
LTP269,12,13,24,SHELF,1,0.8177495411356048
LTP269,12,14,1,TRENCH,0,0.8260769476164783
LTP269,12,14,2,COMPASS,0,0.8755137166568371
LTP269,12,14,3,BACKBONE,0,0.8870734276233261
LTP269,12,14,4,MONSTER,0,0.8514027240115679
LTP269,12,14,5,WINDOW,0,0.8334800072103908
LTP269,12,14,6,CAMEL,0,0.8821749627404325
LTP269,12,14,7,FLASK,0,0.8825497119886817
LTP269,12,14,8,PLAID,0,0.8048960685720321
LTP269,12,14,9,BUNNY,0,0.8566637915686101
LTP269,12,14,10,SWORD,0,0.7955179819463268
LTP269,12,14,11,CIGAR,0,0.8603458108917755
LTP269,12,14,12,SNAKE,0,0.9018249300233997
LTP269,12,14,13,FIREPLACE,0,0.87542605138062
LTP269,12,14,14,PASTRY,0,0.8571557595766693
LTP269,12,14,15,FRAGRANCE,0,0.8776125652995694
LTP269,12,14,16,TUBA,0,0.8558304661706823
LTP269,12,14,17,WHISTLE,0,0.8794950306827662
LTP269,12,14,18,HAMPER,0,0.8892232069125818
LTP269,12,14,19,RADISH,0,0.8689138308549358
LTP269,12,14,20,SALAD,0,0.8710067396025523
LTP269,12,14,21,GLASS,0,0.8576530321460212
LTP269,12,14,22,COCOON,1,0.8197662794469736
LTP269,12,14,23,TERMITE,1,0.8803931240371199
LTP269,12,14,24,FIREMAN,1,0.8836597863240745
LTP269,12,15,1,VIRUS,1,0.8070895271095405
LTP269,12,15,2,WOMAN,1,0.8500030370199756
LTP269,12,15,3,PASSAGE,1,0.8663356558971729
LTP269,12,15,4,JOURNAL,1,0.8337221309015098
LTP269,12,15,5,BREAST,1,0.8742614716582389
LTP269,12,15,6,CLAMP,1,0.7897289580037868
LTP269,12,15,7,RELISH,0,0.8419153601938751
LTP269,12,15,8,FLAG,0,0.7915346672097097
LTP269,12,15,9,BANK,0,0.8782739088646725
LTP269,12,15,10,PARENT,0,0.7901465609732121
LTP269,12,15,11,FOOT,0,0.7845557394089446
LTP269,12,15,12,DIME,0,0.8399534536921505
LTP269,12,15,13,PATROL,0,0.849859225039084
LTP269,12,15,14,PERMIT,0,0.8561358010744597
LTP269,12,15,15,PORK,0,0.8580179845555514
LTP269,12,15,16,PIMPLE,0,0.861586995695687
LTP269,12,15,17,WIDOW,0,0.8382570731742871
LTP269,12,15,18,ACTOR,0,0.7755234131372537
LTP269,12,15,19,RACKET,0,0.8931004287134003
LTP269,12,15,20,BANJO,0,0.8808886514539358
LTP269,12,15,21,RECORD,0,0.8587563610902629
LTP269,12,15,22,GRILL,0,0.8751407057596854
LTP269,12,15,23,ICEBERG,0,0.8901169046799294
LTP269,12,15,24,FREEZER,0,0.8197954044503556
LTP269,12,16,1,POSTAGE,1,0.8690505262136835
LTP269,12,16,2,MESSAGE,0,0.8482883769163654
LTP269,12,16,3,HONEY,0,0.8488925783147575
LTP269,12,16,4,ARMY,1,0.8753730380131046
LTP269,12,16,5,FLEET,1,0.8352550355648669
LTP269,12,16,6,PLATE,0,0.7802265084143681
LTP269,12,16,7,HANDBAG,0,0.8736294985701984
LTP269,12,16,8,LUNCH,0,0.8081424338361476
LTP269,12,16,9,KIDNEY,0,0.8507682806627245
LTP269,12,16,10,TWIG,0,0.8480666358722909
LTP269,12,16,11,STICKER,0,0.8611903835864176
LTP269,12,16,12,HUMAN,0,0.8217800717599997
LTP269,12,16,13,STREAM,0,0.8870466498830126
LTP269,12,16,14,BINDER,0,0.853804226873746
LTP269,12,16,15,BANKER,0,0.8985926970934457
LTP269,12,16,16,MEAT,0,0.8590083214704239
LTP269,12,16,17,GLOVE,0,0.8889387238481622
LTP269,12,16,18,BUGGY,0,0.8818882481935922
LTP269,12,16,19,TEACHER,0,0.8474339953151949
LTP269,12,16,20,COOKBOOK,1,0.8616178981904439
LTP269,12,16,21,COOK,1,0.8231249669428216
LTP269,12,16,22,BEEF,0,0.8017563484907153
LTP269,12,16,23,TURKEY,0,0.8777807878330283
LTP269,12,16,24,BASEMENT,0,0.856729703054599
LTP269,12,17,1,FINGER,1,0.8788747879847455
LTP269,12,17,2,WRIST,0,0.8576447871794545
LTP269,12,17,3,COUCH,0,0.8442396142077891
LTP269,12,17,4,TABLE,0,0.8341787603818185
LTP269,12,17,5,SCALLOP,0,0.8567781249785827
LTP269,12,17,6,IDOL,0,0.7924930344078325
LTP269,12,17,7,GALLON,0,0.8526602298068976
LTP269,12,17,8,PISTON,0,0.8779419139661147
LTP269,12,17,9,FRECKLE,0,0.8618228638600643
LTP269,12,17,10,YOLK,0,0.871560361032332
LTP269,12,17,11,KETCHUP,0,0.8877666875018175
LTP269,12,17,12,ONION,1,0.8213479784257061
LTP269,12,17,13,POCKET,1,0.859232085098296
LTP269,12,17,14,PARSLEY,0,0.8787850646255524
LTP269,12,17,15,DINER,1,0.7971296500288426
LTP269,12,17,16,MUSTARD,1,0.7760147583593682
LTP269,12,17,17,CAFE,1,0.8083322763892372
LTP269,12,17,18,LONDON,1,0.81980890103387
LTP269,12,17,19,GANGSTER,0,0.8532205705906508
LTP269,12,17,20,POWDER,0,0.831681483247066
LTP269,12,17,21,EUROPE,1,0.7787206652371564
LTP269,12,17,22,VALLEY,1,0.8764234388826335
LTP269,12,17,23,PUDDING,1,0.8725819052323663
LTP269,12,17,24,SHORTS,0,0.813316433027003
LTP269,12,18,1,GHETTO,1,0.8775020923890638
LTP269,12,18,2,CARROT,1,0.8520094709393091
LTP269,12,18,3,GARDEN,0,0.8534768261428594
LTP269,12,18,4,MILDEW,0,0.8845190812465462
LTP269,12,18,5,BOUQUET,1,0.8758888817184858
LTP269,12,18,6,STALLION,1,0.8598196249108111
LTP269,12,18,7,WAGON,0,0.8595974177279954
LTP269,12,18,8,NURSE,1,0.8729663290078098
LTP269,12,18,9,GAZELLE,0,0.8696503550413421
LTP269,12,18,10,PERFUME,1,0.873566175248907
LTP269,12,18,11,RAZOR,0,0.8572614043219385
LTP269,12,18,12,WHISKERS,0,0.8651332445469933
LTP269,12,18,13,ROBIN,0,0.8262253605568124
LTP269,12,18,14,PRIMATE,0,0.8370757212016026
LTP269,12,18,15,BIKE,0,0.8647853422673033
LTP269,12,18,16,PEDAL,0,0.8536110831967343
LTP269,12,18,17,CONCERT,0,0.8155019023096877
LTP269,12,18,18,FLOWER,1,0.8835664688894421
LTP269,12,18,19,BUREAU,0,0.843149213789162
LTP269,12,18,20,GARBAGE,0,0.88529769351453
LTP269,12,18,21,OUTDOORS,1,0.8269501000152059
LTP269,12,18,22,CLOTHES,0,0.8721596818033677
LTP269,12,18,23,CELLAR,0,0.8700801714362923
LTP269,12,18,24,TURNIP,1,0.8923369377386172
LTP269,12,19,1,DANCER,0,0.8872888215536331
LTP269,12,19,2,DANDRUFF,0,0.886869757965222
LTP269,12,19,3,BALLOON,0,0.8913433735173023
LTP269,12,19,4,HATCHET,0,0.8532657598897344
LTP269,12,19,5,BRANCH,0,0.8555646834378864
LTP269,12,19,6,FILM,0,0.8605603450681243
LTP269,12,19,7,OUTFIT,0,0.8628464916846705
LTP269,12,19,8,COSTUME,0,0.874364427846691
LTP269,12,19,9,LADY,0,0.8008028826093793
LTP269,12,19,10,COD,0,0.8019179244654335
LTP269,12,19,11,ZEBRA,0,0.8630849958918214
LTP269,12,19,12,NOTEBOOK,0,0.7951662298068753
LTP269,12,19,13,ULCER,1,0.8464931666964991
LTP269,12,19,14,JURY,1,0.8427120116847553
LTP269,12,19,15,GAVEL,1,0.7900996219854939
LTP269,12,19,16,BRIEFCASE,0,0.8564638947748752
LTP269,12,19,17,POPCORN,0,0.8333614898383956
LTP269,12,19,18,WIFE,0,0.7849083517193629
LTP269,12,19,19,CUSTARD,0,0.8773177204249228
LTP269,12,19,20,POLICE,1,0.8330377091880351
LTP269,12,19,21,STUDENT,1,0.8316138784162809
LTP269,12,19,22,ICING,1,0.8445387686744447
LTP269,12,19,23,CLAM,1,0.7874603712352993
LTP269,12,19,24,SPARROW,0,0.8409463847829294
LTP269,12,20,1,WASP,0,0.8306986627709526
LTP269,12,20,2,HORNET,0,0.8681636854918902
LTP269,12,20,3,GARLIC,0,0.851225833136421
LTP269,12,20,4,PASTA,0,0.863338097304741
LTP269,12,20,5,THIEF,0,0.8406762254915702
LTP269,12,20,6,SHOVEL,0,0.8940500426244509
LTP269,12,20,7,HEADBAND,0,0.8707318997805631
LTP269,12,20,8,BARREL,0,0.8370093090638983
LTP269,12,20,9,BLOUSE,0,0.8780076886373782
LTP269,12,20,10,HELMET,0,0.857978836335749
LTP269,12,20,11,SUSPECT,0,0.8692050034599199
LTP269,12,20,12,BEAVER,0,0.8509010174920392
LTP269,12,20,13,MASK,0,0.7995406496873776
LTP269,12,20,14,SHARK,0,0.7913495382361401
LTP269,12,20,15,CROWN,0,0.8725762906482979
LTP269,12,20,16,CEILING,0,0.8446020838664506
LTP269,12,20,17,PLASTER,0,0.8082361688885092
LTP269,12,20,18,BULLET,0,0.8593912344408723
LTP269,12,20,19,JAPAN,1,0.7982286116513916
LTP269,12,20,20,CREATURE,1,0.8536076264983457
LTP269,12,20,21,THREAD,0,0.8485850556746823
LTP269,12,20,22,FEMALE,0,0.8045970570170464
LTP269,12,20,23,PECAN,0,0.8300046076262341
LTP269,12,20,24,PEPPER,0,0.8478582560530856
LTP269,12,21,1,PUPIL,0,0.851736199510393
LTP269,12,21,2,SIDEWALK,0,0.878974317511716
LTP269,12,21,3,HIGHWAY,1,0.7969484697501359
LTP269,12,21,4,PADDLE,1,0.8765189825994313
LTP269,12,21,5,SEAL,1,0.7884963729686258
LTP269,12,21,6,EYELASH,0,0.8524192273873894
LTP269,12,21,7,WORLD,0,0.8189748860528675
LTP269,12,21,8,MAILBOX,0,0.864353015345386
LTP269,12,21,9,LION,1,0.8396071824755775
LTP269,12,21,10,PANTHER,1,0.8647196576039204
LTP269,12,21,11,TRIBE,1,0.8670269751288842
LTP269,12,21,12,PARTNER,0,0.848909428301584
LTP269,12,21,13,COUSIN,0,0.872214398756463
LTP269,12,21,14,CHURCH,0,0.8058163813347603
LTP269,12,21,15,LIPSTICK,0,0.8667021402848978
LTP269,12,21,16,YACHT,0,0.8768854449254211
LTP269,12,21,17,BOARD,1,0.7868294727676868
LTP269,12,21,18,CATCHER,0,0.8759941896404587
LTP269,12,21,19,PAPER,1,0.8014959743047793
LTP269,12,21,20,PRINCE,1,0.8146870889444641
LTP269,12,21,21,QUEEN,1,0.8626295444478735
LTP269,12,21,22,MATTRESS,0,0.8706201656063551
LTP269,12,21,23,LEOPARD,1,0.865526184553263
LTP269,12,21,24,STAKE,0,0.8208580627216392
LTP269,12,22,1,FOREST,1,0.8213131715500921
LTP269,12,22,2,HEDGE,1,0.8468366687752977
LTP269,12,22,3,CRITIC,0,0.8179538644867733
LTP269,12,22,4,COBRA,0,0.8102835908416287
LTP269,12,22,5,LUGGAGE,0,0.8769878261817995
LTP269,12,22,6,ROCKET,0,0.8926384396825975
LTP269,12,22,7,KLEENEX,0,0.8378497170682876
LTP269,12,22,8,SWITCH,0,0.7786981285950311
LTP269,12,22,9,FLASHLIGHT,0,0.8357295047007888
LTP269,12,22,10,ASIA,0,0.7978241654631243
LTP269,12,22,11,DRAGON,0,0.8862888903506
LTP269,12,22,12,FUNGUS,0,0.8680193643370925
LTP269,12,22,13,VENUS,0,0.8285128816430221
LTP269,12,22,14,SHERIFF,0,0.884369362529246
LTP269,12,22,15,COUNTY,0,0.8406381920272302
LTP269,12,22,16,TOURIST,0,0.870133041793827
LTP269,12,22,17,HOUND,0,0.8926495553869693
LTP269,12,22,18,CURTAIN,0,0.8984461507717811
LTP269,12,22,19,PIANO,0,0.8569015984178336
LTP269,12,22,20,ACTRESS,0,0.8814113754395709
LTP269,12,22,21,PILOT,0,0.891265649600149
LTP269,12,22,22,SLIME,1,0.8786093579530669
LTP269,12,22,23,VELVET,1,0.8679253018279138
LTP269,12,22,24,LAPEL,1,0.8437955844917298
LTP269,12,23,1,PEANUT,0,0.8751548731778216
LTP269,12,23,2,DRIVER,0,0.8348223485166856
LTP269,12,23,3,MATCH,0,0.8578864330082783
LTP269,12,23,4,HARP,0,0.8683261039270928
LTP269,12,23,5,LIGHTNING,0,0.8826512637786263
LTP269,12,23,6,SPACE,0,0.7768506257746128
LTP269,12,23,7,DAUGHTER,0,0.825504675731918
LTP269,12,23,8,BROTHER,0,0.8815522478862391
LTP269,12,23,9,WRENCH,0,0.8411325050786767
LTP269,12,23,10,STOVE,0,0.8494765746937416
LTP269,12,23,11,CLOCK,0,0.8417007342918308
LTP269,12,23,12,DUST,0,0.8523745044198535
LTP269,12,23,13,COTTAGE,1,0.8735928113578668
LTP269,12,23,14,SUBWAY,1,0.8838543384002304
LTP269,12,23,15,SANDWICH,0,0.8905775541125981
LTP269,12,23,16,MARSH,1,0.8782818131138954
LTP269,12,23,17,AUTHOR,0,0.8560218434607918
LTP269,12,23,18,PIGMENT,0,0.8785897056977097
LTP269,12,23,19,CRAYON,0,0.89745057933314
LTP269,12,23,20,BISON,0,0.8688230891295707
LTP269,12,23,21,TOASTER,0,0.8462078327259941
LTP269,12,23,22,HIKER,1,0.8738563552740878
LTP269,12,23,23,ROD,1,0.8407187909995065
LTP269,12,23,24,BEAST,0,0.8099232269082614
LTP269,12,24,1,OUTLAW,1,0.876864866209399
LTP269,12,24,2,CONVICT,1,0.8225184824886128
LTP269,12,24,3,GRAVE,1,0.7870100215066353
LTP269,12,24,4,CHIPMUNK,1,0.8726329678098259
LTP269,12,24,5,ANTLER,0,0.8670513660445442
LTP269,12,24,6,AIRPORT,1,0.846357807745394
LTP269,12,24,7,MOTOR,0,0.8104626704161734
LTP269,12,24,8,TRUCK,0,0.841215667860924
LTP269,12,24,9,BRACES,0,0.8646170577290471
LTP269,12,24,10,SIBLING,0,0.8500734835948375
LTP269,12,24,11,MEDAL,0,0.8574120799186891
LTP269,12,24,12,POSSUM,0,0.8441098828429375
LTP269,12,24,13,CANDY,1,0.8886319908723697
LTP269,12,24,14,TART,1,0.8372782290662625
LTP269,12,24,15,SODA,0,0.8006531031099643
LTP269,12,24,16,COMET,0,0.8413412347346045
LTP269,12,24,17,CLOUD,0,0.8443525103081838
LTP269,12,24,18,TORTOISE,0,0.8960577808655935
LTP269,12,24,19,PATIENT,0,0.855166785982951
LTP269,12,24,20,DONOR,0,0.8401431917978738
LTP269,12,24,21,HORSE,0,0.8528429557000404
LTP269,12,24,22,TREAT,1,0.7379222899626952
LTP269,12,24,23,MISTER,0,0.8158304859448032
LTP269,12,24,24,HERO,1,0.8703371025222177
LTP269,20,1,1,SWIMMER,1,0.7788402171252605
LTP269,20,1,2,WHISTLE,1,0.8785014162656669
LTP269,20,1,3,SCULPTURE,1,0.851800168969471
LTP269,20,1,4,EXPERT,1,0.8384030685531808
LTP269,20,1,5,SCISSORS,1,0.807834469565043
LTP269,20,1,6,CASHIER,1,0.8684904390884872
LTP269,20,1,7,ACTRESS,1,0.884209738970984
LTP269,20,1,8,RECEIPT,1,0.8522021910965596
LTP269,20,1,9,ARMY,0,0.8665769803339168
LTP269,20,1,10,MARINE,0,0.8597114174972534
LTP269,20,1,11,RACKET,0,0.8884235031999168
LTP269,20,1,12,PECAN,0,0.8058739107617285
LTP269,20,1,13,CASHEW,0,0.885460916941436
LTP269,20,1,14,SKETCH,0,0.8633493295123896
LTP269,20,1,15,MATCH,0,0.8463364772061063
LTP269,20,1,16,ZIPPER,0,0.7859622653837998
LTP269,20,1,17,AUTHOR,0,0.8603558697457117
LTP269,20,1,18,POSTAGE,0,0.8707964641252506
LTP269,20,1,19,BLENDER,0,0.8917296551404498
LTP269,20,1,20,BELLY,0,0.8661113687952184
LTP269,20,1,21,PLAID,0,0.7959283859417238
LTP269,20,1,22,MONEY,0,0.8354381400133373
LTP269,20,1,23,POISON,1,0.82695948625479
LTP269,20,1,24,DRUG,0,0.8588499367311334
LTP269,20,2,1,PUPIL,0,0.8514201255243605
LTP269,20,2,2,CREVICE,0,0.8678950312045707
LTP269,20,2,3,TYPIST,0,0.8960326144504003
LTP269,20,2,4,PEACH,0,0.8479492643425534
LTP269,20,2,5,NOTEBOOK,0,0.7957929723687961
LTP269,20,2,6,FEMALE,0,0.796517860356276
LTP269,20,2,7,FOOT,0,0.791164063397468
LTP269,20,2,8,STUDENT,0,0.8381417265530725
LTP269,20,2,9,PASTA,0,0.8659572554347272
LTP269,20,2,10,PICTURE,0,0.8299982107652926
LTP269,20,2,11,PLATE,0,0.7967154232175895
LTP269,20,2,12,ATOM,0,0.7769840017398854
LTP269,20,2,13,PROTON,1,0.8243027314688494
LTP269,20,2,14,RUG,1,0.830249724329836
LTP269,20,2,15,TEACHER,0,0.8541025788399887
LTP269,20,2,16,HAWK,0,0.7921173871583231
LTP269,20,2,17,TRIBE,0,0.8649212945240106
LTP269,20,2,18,FOOTBALL,0,0.8428814924150286
LTP269,20,2,19,WOMAN,0,0.8469946561724851
LTP269,20,2,20,CRATER,0,0.86838884757342
LTP269,20,2,21,TUTU,0,0.8058321794566836
LTP269,20,2,22,DRESS,0,0.8664184747721475
LTP269,20,2,23,SHELTER,1,0.8332878148353853
LTP269,20,2,24,KEEPER,0,0.8201474268534245
LTP269,20,3,1,ROCKET,1,0.8903623919361214
LTP269,20,3,2,DOLPHIN,1,0.8420917876828965
LTP269,20,3,3,FLIPPER,1,0.8451642247810899
LTP269,20,3,4,GYMNAST,1,0.862874880790754
LTP269,20,3,5,MEDAL,1,0.8497047459350799
LTP269,20,3,6,LEADER,1,0.8162229465265726
LTP269,20,3,7,SPACE,1,0.7866338392756805
LTP269,20,3,8,VENUS,1,0.81283148289778
LTP269,20,3,9,HIGHWAY,1,0.7901715132020207
LTP269,20,3,10,SWAMP,1,0.7734989245961627
LTP269,20,3,11,POCKET,1,0.8640987564422915
LTP269,20,3,12,SEAFOOD,0,0.8737394411499357
LTP269,20,3,13,FLASK,1,0.8797772757271449
LTP269,20,3,14,PACKAGE,0,0.8478383614188105
LTP269,20,3,15,SPOON,0,0.8741294545428174
LTP269,20,3,16,RIFLE,0,0.8547364741249555
LTP269,20,3,17,MAPLE,1,0.7802676574290759
LTP269,20,3,18,SNACK,1,0.8667197246671654
LTP269,20,3,19,CLOCK,0,0.8412534719676907
LTP269,20,3,20,GARLIC,1,0.8543137549538224
LTP269,20,3,21,SALT,1,0.8532388899965604
LTP269,20,3,22,STONE,1,0.8462523365313654
LTP269,20,3,23,GANGSTER,1,0.8548664062052347
LTP269,20,3,24,SPOOL,1,0.8810892946921156
LTP269,20,4,1,ROBIN,1,0.8298725102138399
LTP269,20,4,2,ROOSTER,1,0.8790035061786188
LTP269,20,4,3,HAMPER,1,0.8841509620330892
LTP269,20,4,4,BUREAU,1,0.8496494924638103
LTP269,20,4,5,EUROPE,1,0.78965141470581
LTP269,20,4,6,MAILMAN,1,0.8862818748363309
LTP269,20,4,7,IGLOO,1,0.8400858543776865
LTP269,20,4,8,ICEBERG,1,0.8965341935219473
LTP269,20,4,9,BLACKBOARD,0,0.8350848279761
LTP269,20,4,10,NECKLACE,0,0.893913247330823
LTP269,20,4,11,TORTOISE,0,0.8943878442891301
LTP269,20,4,12,NAPKIN,0,0.8309550604292945
LTP269,20,4,13,ORANGE,0,0.8549977144626181
LTP269,20,4,14,PLIERS,0,0.8578892606052768
LTP269,20,4,15,EYELASH,0,0.8470587438544556
LTP269,20,4,16,SUBWAY,0,0.8811398784095955
LTP269,20,4,17,SPARROW,0,0.8328216534377871
LTP269,20,4,18,DONOR,0,0.8252585661967652
LTP269,20,4,19,FOREST,0,0.8175991188352003
LTP269,20,4,20,BANQUET,1,0.8787397138675953
LTP269,20,4,21,SLUG,1,0.8603192977917755
LTP269,20,4,22,FRUIT,1,0.8389787046621486
LTP269,20,4,23,VALVE,1,0.8681952802384413
LTP269,20,4,24,ZEBRA,0,0.8714435887897984
LTP269,20,5,1,GRAVEL,0,0.7663525054275541
LTP269,20,5,2,GOBLIN,0,0.8549824488588053
LTP269,20,5,3,COSTUME,0,0.8680149061569971
LTP269,20,5,4,BRAKE,0,0.8819351651365149
LTP269,20,5,5,AGENT,0,0.804086300322963
LTP269,20,5,6,OMELET,0,0.8626602573740229
LTP269,20,5,7,FLUTE,0,0.8327860018692123
LTP269,20,5,8,PERMIT,0,0.8497176962266044
LTP269,20,5,9,SIDEWALK,0,0.861305212046128
LTP269,20,5,10,COTTAGE,0,0.869765742258277
LTP269,20,5,11,MOP,0,0.7955993944681059
LTP269,20,5,12,BOUQUET,0,0.87298529000191
LTP269,20,5,13,SHORTCAKE,0,0.8472657731229912
LTP269,20,5,14,LOFT,0,0.8973451593939283
LTP269,20,5,15,PERFUME,0,0.8770356253794693
LTP269,20,5,16,ONION,0,0.8222389611868027
LTP269,20,5,17,CAFE,0,0.8155396174467916
LTP269,20,5,18,ROBBER,0,0.8371361942036238
LTP269,20,5,19,MAILBOX,1,0.8673699639727577
LTP269,20,5,20,DAISY,1,0.8334682828038621
LTP269,20,5,21,TURNIP,1,0.8876453997684526
LTP269,20,5,22,LUMBER,1,0.8770114843116121
LTP269,20,5,23,COOKBOOK,0,0.8524529310712862
LTP269,20,5,24,ACTOR,1,0.7824963115639471
LTP269,20,6,1,QUARTER,0,0.8330824561932141
LTP269,20,6,2,DRAGON,0,0.8517052955956796
LTP269,20,6,3,BARREL,0,0.8162756512521938
LTP269,20,6,4,PEBBLE,0,0.8436249809586704
LTP269,20,6,5,LAKE,0,0.8372225556358031
LTP269,20,6,6,GIRL,0,0.8520858281276422
LTP269,20,6,7,KETCHUP,0,0.8678442234041126
LTP269,20,6,8,TREAT,0,0.7167983686645226
LTP269,20,6,9,PATIENT,1,0.8213888710985445
LTP269,20,6,10,OINTMENT,1,0.8276108866468729
LTP269,20,6,11,BARLEY,1,0.8728483702791014
LTP269,20,6,12,CANDY,1,0.8837683571528852
LTP269,20,6,13,BANJO,1,0.8661334064797624
LTP269,20,6,14,POPCORN,0,0.827634399358521
LTP269,20,6,15,RELISH,0,0.8243593423194288
LTP269,20,6,16,SALAD,0,0.827996943473726
LTP269,20,6,17,SCALLOP,1,0.8403672244018572
LTP269,20,6,18,SALMON,1,0.8442388839006888
LTP269,20,6,19,PEPPER,1,0.85715045723512
LTP269,20,6,20,VIKING,0,0.7875697603836739
LTP269,20,6,21,MARS,1,0.8180514457238597
LTP269,20,6,22,PLUTO,1,0.8332316262745166
LTP269,20,6,23,TUBA,0,0.7993313561688626
LTP269,20,6,24,KNAPSACK,0,0.821708036461789
LTP269,20,7,1,DRAWING,1,0.8376399383960241
LTP269,20,7,2,FRAME,1,0.860068656671035
LTP269,20,7,3,SWORD,1,0.7792191375914849
LTP269,20,7,4,RADISH,1,0.8544054675156224
LTP269,20,7,5,CANYON,1,0.8303222038094767
LTP269,20,7,6,TUNNEL,1,0.865950195171927
LTP269,20,7,7,BUBBLE,1,0.8816404607800163
LTP269,20,7,8,BABY,1,0.8266157311388787
LTP269,20,7,9,MOTOR,0,0.7812819372872146
LTP269,20,7,10,BALLOON,1,0.8779407683012168
LTP269,20,7,11,HARP,1,0.8602952995164684
LTP269,20,7,12,MILK,0,0.8221374385671273
LTP269,20,7,13,ARM,0,0.8190127037452463
LTP269,20,7,14,SUNRISE,0,0.8717972435881702
LTP269,20,7,15,DAUGHTER,0,0.8122893802242704
LTP269,20,7,16,RATTLE,0,0.8759622299855961
LTP269,20,7,17,SUNSET,0,0.8374617772773046
LTP269,20,7,18,LIGHTNING,0,0.8635546738247074
LTP269,20,7,19,QUAIL,0,0.852338128975542
LTP269,20,7,20,SPOUSE,0,0.8671813576315204
LTP269,20,7,21,WIDOW,0,0.8225983859197091
LTP269,20,7,22,HAND,0,0.8056577659863298
LTP269,20,7,23,CHEMIST,0,0.8648588815556868
LTP269,20,7,24,BEAKER,0,0.8569705730323147
LTP269,20,8,1,HELMET,0,0.8539046022766331
LTP269,20,8,2,SUITCASE,0,0.8409789075598547
LTP269,20,8,3,FOREHEAD,0,0.8147761168408991
LTP269,20,8,4,FREEZER,0,0.8217441011703469
LTP269,20,8,5,DINER,0,0.7856621424486562
LTP269,20,8,6,RAZOR,0,0.8499357680860987
LTP269,20,8,7,XEROX,0,0.8632996604907424
LTP269,20,8,8,COD,0,0.803688512785948
LTP269,20,8,9,JELLY,0,0.8599655457456444
LTP269,20,8,10,SILK,0,0.8658107772107646
LTP269,20,8,11,PADDING,0,0.8574770635244694
LTP269,20,8,12,RAFT,0,0.8570053801876115
LTP269,20,8,13,CARROT,0,0.8574489870488189
LTP269,20,8,14,BUNNY,0,0.8496363962428757
LTP269,20,8,15,SEAL,0,0.7753349490422627
LTP269,20,8,16,BUTCHER,0,0.844543705164201
LTP269,20,8,17,COCKTAIL,0,0.8581275789347226
LTP269,20,8,18,PILOT,0,0.8693490376067302
LTP269,20,8,19,FRECKLE,0,0.8607448363729231
LTP269,20,8,20,HUMAN,0,0.8016846921793439
LTP269,20,8,21,OX,0,0.7953596345006395
LTP269,20,8,22,SCARF,0,0.8621458500553307
LTP269,20,8,23,TART,0,0.8332475205706016
LTP269,20,8,24,MEAT,0,0.8547439263771982
LTP269,20,9,1,INMATE,1,0.8502419663162558
LTP269,20,9,2,BRIEFCASE,1,0.849508618950941
LTP269,20,9,3,ROBOT,1,0.8402348339516355
LTP269,20,9,4,TWISTER,1,0.8454448505118435
LTP269,20,9,5,PIZZA,0,0.8333522546106178
LTP269,20,9,6,PIGEON,0,0.8881153362128019
LTP269,20,9,7,CROWN,0,0.864742018120267
LTP269,20,9,8,BASEMENT,0,0.8616705935124349
LTP269,20,9,9,GARDEN,0,0.8420633360009656
LTP269,20,9,10,BLUEPRINT,0,0.9049482228483217
LTP269,20,9,11,CELLAR,0,0.867889436369119
LTP269,20,9,12,OUTFIT,0,0.8667374967617563
LTP269,20,9,13,REBEL,1,0.8386126591800647
LTP269,20,9,14,PLAYGROUND,1,0.8618547534887018
LTP269,20,9,15,BANKER,0,0.8831390742700321
LTP269,20,9,16,LIZARD,0,0.8744547462482295
LTP269,20,9,17,PUDDING,0,0.8842026769663103
LTP269,20,9,18,JELLO,0,0.856295689401595
LTP269,20,9,19,MARKET,0,0.8612170823034494
LTP269,20,9,20,SUPPER,0,0.7913850051693307
LTP269,20,9,21,DRILL,0,0.8735455866568627
LTP269,20,9,22,COIN,0,0.8360881170015022
LTP269,20,9,23,PERCH,0,0.8887385332529808
LTP269,20,9,24,TROUT,0,0.8004072407678207
LTP269,20,10,1,SPONGE,0,0.8613866709710013
LTP269,20,10,2,PAIL,0,0.8531238163270305
LTP269,20,10,3,BUGGY,0,0.8763271636254629
LTP269,20,10,4,CARRIAGE,0,0.8571705969241179
LTP269,20,10,5,SLIME,0,0.8765657717863663
LTP269,20,10,6,PASSAGE,0,0.8613862914030124
LTP269,20,10,7,JURY,0,0.8407037558951314
LTP269,20,10,8,STAPLE,0,0.8592592508285747
LTP269,20,10,9,REPORT,0,0.814647744266267
LTP269,20,10,10,COMPASS,0,0.8827640347187303
LTP269,20,10,11,ATLAS,0,0.7635357741142325
LTP269,20,10,12,ORCHID,0,0.8558117397394687
LTP269,20,10,13,MATTRESS,1,0.8670848559077688
LTP269,20,10,14,HERO,1,0.8662349885927195
LTP269,20,10,15,SHELF,0,0.8199375498035986
LTP269,20,10,16,BATHTUB,0,0.8524775547223278
LTP269,20,10,17,LASER,0,0.7814692715113958
LTP269,20,10,18,SOFTBALL,0,0.8716637907255305
LTP269,20,10,19,BOX,0,0.772380426896264
LTP269,20,10,20,BULLET,0,0.8658413458303612
LTP269,20,10,21,UNCLE,0,0.806377619548424
LTP269,20,10,22,MOTEL,0,0.8788278036243897
LTP269,20,10,23,CRUTCH,0,0.8792664990334105
LTP269,20,10,24,TILE,0,0.8467706199291641
LTP269,20,11,1,MUSTARD,1,0.7702260445915241
LTP269,20,11,2,APPLE,1,0.8438137542068668
LTP269,20,11,3,OZONE,1,0.8505386967522343
LTP269,20,11,4,DRIVER,1,0.8293420651300921
LTP269,20,11,5,OYSTER,0,0.8580002647464
LTP269,20,11,6,STICKER,1,0.8576166690509571
LTP269,20,11,7,DASHBOARD,0,0.8804380137945361
LTP269,20,11,8,CORAL,1,0.8405537639843192
LTP269,20,11,9,CRAB,1,0.8720227876332313
LTP269,20,11,10,MARKER,0,0.8679982161262121
LTP269,20,11,11,GUITAR,0,0.7688886565923352
LTP269,20,11,12,PREACHER,0,0.8524098600120753
LTP269,20,11,13,CUPBOARD,0,0.8889000629728199
LTP269,20,11,14,CITRUS,0,0.8711178764150451
LTP269,20,11,15,LION,0,0.8371898964173804
LTP269,20,11,16,SKILLET,0,0.8900019644607889
LTP269,20,11,17,CLAM,0,0.7912299399825921
LTP269,20,11,18,PEDAL,0,0.8555763130878323
LTP269,20,11,19,BIKE,0,0.8715527108599631
LTP269,20,11,20,EAGLE,1,0.8435311341801817
LTP269,20,11,21,LUNCH,1,0.8154314962808332
LTP269,20,11,22,TWIG,0,0.8491298537244473
LTP269,20,11,23,PASTRY,0,0.8628155645466534
LTP269,20,11,24,HEART,0,0.8734824806094548
LTP269,20,12,1,MISSILE,0,0.8453904859463293
LTP269,20,12,2,TAXI,0,0.8598133798712894
LTP269,20,12,3,HIKER,0,0.8721803579809596
LTP269,20,12,4,MARROW,0,0.8790696954380363
LTP269,20,12,5,BODY,0,0.7460466292684296
LTP269,20,12,6,PIMPLE,0,0.8673806691184983
LTP269,20,12,7,ISLAND,0,0.769435269938054
LTP269,20,12,8,PORK,1,0.85807359309288
LTP269,20,12,9,PIANO,0,0.8559776846722877
LTP269,20,12,10,NIGHTGOWN,0,0.8404590770710748
LTP269,20,12,11,CLOTHES,0,0.8708053106703082
LTP269,20,12,12,PATROL,1,0.8646885544831746
LTP269,20,12,13,JOURNAL,1,0.8429956678079075
LTP269,20,12,14,FOX,0,0.7978129626472963
LTP269,20,12,15,CLAMP,1,0.7990563830294394
LTP269,20,12,16,SUMMIT,0,0.8467821657962779
LTP269,20,12,17,SEAGULL,0,0.8843794044684605
LTP269,20,12,18,CABIN,0,0.8404554175244492
LTP269,20,12,19,LONDON,0,0.8138444368950011
LTP269,20,12,20,FRANCE,0,0.8562267188156155
LTP269,20,12,21,ITEM,0,0.8291542490663942
LTP269,20,12,22,GREASE,1,0.8573548080337099
LTP269,20,12,23,LIPSTICK,1,0.8720977555946491
LTP269,20,12,24,TROMBONE,1,0.8812174223904488
LTP269,20,13,1,CREATURE,0,0.8572734631051049
LTP269,20,13,2,JEANS,1,0.8623109494249317
LTP269,20,13,3,SHORTS,1,0.8195474096380586
LTP269,20,13,4,SERVER,1,0.8180066639170039
LTP269,20,13,5,GRAPE,0,0.7757764803315745
LTP269,20,13,6,LADDER,1,0.8259898961443377
LTP269,20,13,7,COBRA,1,0.8112730848245131
LTP269,20,13,8,COUNTY,0,0.8467053696484985
LTP269,20,13,9,DOUGHNUT,1,0.8851126940920885
LTP269,20,13,10,CYCLONE,0,0.8803137541194246
LTP269,20,13,11,SKIRT,1,0.8559122780988597
LTP269,20,13,12,WAGON,0,0.8488918379745122
LTP269,20,13,13,COURSE,0,0.8356931410445949
LTP269,20,13,14,BLOUSE,1,0.8759142969435566
LTP269,20,13,15,COUNTRY,0,0.8432677759010712
LTP269,20,13,16,STOMACH,1,0.823018257351898
LTP269,20,13,17,GAZELLE,0,0.8595608514081845
LTP269,20,13,18,MONSTER,0,0.8521373851496383
LTP269,20,13,19,CHIPMUNK,0,0.8777309443479998
LTP269,20,13,20,GIFT,0,0.8471080599845457
LTP269,20,13,21,FLEET,1,0.8395540641288336
LTP269,20,13,22,COLONEL,1,0.8759584260294841
LTP269,20,13,23,CONTRACT,1,0.8176421933989508
LTP269,20,13,24,ICING,1,0.8518879582337373
LTP269,20,14,1,FRAGRANCE,1,0.8764480200816024
LTP269,20,14,2,CAPTIVE,1,0.8384248687958223
LTP269,20,14,3,CONVICT,1,0.8367579313223167
LTP269,20,14,4,TRANSPLANT,0,0.7966327374389475
LTP269,20,14,5,SWITCH,0,0.7834614680102453
LTP269,20,14,6,NEUTRON,0,0.8930776410650526
LTP269,20,14,7,IDOL,0,0.7888742728019602
LTP269,20,14,8,PARTNER,0,0.8519268264283546
LTP269,20,14,9,GALLON,0,0.8443414818503998
LTP269,20,14,10,ANTLER,0,0.8625235798497838
LTP269,20,14,11,LOVER,0,0.798244474997438
LTP269,20,14,12,MILDEW,0,0.8856307277983144
LTP269,20,14,13,POLICE,1,0.8298507537923449
LTP269,20,14,14,COMET,0,0.84402359915714
LTP269,20,14,15,THREAD,1,0.8450601346468597
LTP269,20,14,16,JUNGLE,1,0.8784133036998245
LTP269,20,14,17,AWARD,1,0.8381121855429564
LTP269,20,14,18,SHERIFF,1,0.8840201561345529
LTP269,20,14,19,CURTAIN,0,0.8964678630232366
LTP269,20,14,20,BADGE,1,0.8426314880846857
LTP269,20,14,21,VIRUS,0,0.8166942482512257
LTP269,20,14,22,CASKET,0,0.8889117074110066
LTP269,20,14,23,BOYFRIEND,0,0.8744267211077908
LTP269,20,14,24,FRIEND,0,0.8462211757147085
LTP269,20,15,1,NOVEL,1,0.8283962477239262
LTP269,20,15,2,MARSH,1,0.8717030144680585
LTP269,20,15,3,SHOVEL,1,0.8945293160090793
LTP269,20,15,4,GLOVE,1,0.887420790905349
LTP269,20,15,5,ELBOW,0,0.853145618573429
LTP269,20,15,6,TOMBSTONE,1,0.874414220321538
LTP269,20,15,7,BUCKET,0,0.8640460653064004
LTP269,20,15,8,BOARD,0,0.7809339603297584
LTP269,20,15,9,STREAM,0,0.8823186363054684
LTP269,20,15,10,WORLD,0,0.8204787805983662
LTP269,20,15,11,CATCHER,1,0.8701997346272018
LTP269,20,15,12,JUDGE,1,0.8236867773555816
LTP269,20,15,13,SUSPECT,1,0.8699417778903052
LTP269,20,15,14,ANKLE,0,0.8605357276880905
LTP269,20,15,15,PLAZA,0,0.7898199859642957
LTP269,20,15,16,CATTLE,0,0.8890706127260928
LTP269,20,15,17,WRENCH,0,0.8406615492935126
LTP269,20,15,18,BRANDY,0,0.8752738014177546
LTP269,20,15,19,EMPIRE,0,0.8359623546139762
LTP269,20,15,20,FRIAR,1,0.8488110438486843
LTP269,20,15,21,SHOULDER,0,0.8667781351898333
LTP269,20,15,22,CHURCH,0,0.8054861509721203
LTP269,20,15,23,TEMPLE,0,0.8723309602268919
LTP269,20,15,24,GRAVE,0,0.7907826935967163
LTP269,20,16,1,WASP,1,0.8083767195232191
LTP269,20,16,2,DRINK,1,0.7908395259249614
LTP269,20,16,3,CHAMPAGNE,1,0.8236987951139698
LTP269,20,16,4,LEOPARD,1,0.833819646147345
LTP269,20,16,5,DIVER,1,0.773529549008771
LTP269,20,16,6,CRICKET,1,0.8563754472831385
LTP269,20,16,7,TERMITE,1,0.8489188518266193
LTP269,20,16,8,HONEY,1,0.8412045391857896
LTP269,20,16,9,CHEST,1,0.7919731589602393
LTP269,20,16,10,TURKEY,0,0.8597228328520389
LTP269,20,16,11,COOK,0,0.8070382062882576
LTP269,20,16,12,GLASS,0,0.8501476236021159
LTP269,20,16,13,BANK,0,0.8810186712872826
LTP269,20,16,14,DIME,0,0.8216317781951668
LTP269,20,16,15,COFFEE,0,0.8440406463094804
LTP269,20,16,16,MESSAGE,0,0.8358390717736102
LTP269,20,16,17,STAMP,1,0.7601535365458642
LTP269,20,16,18,TOASTER,0,0.8318385349674784
LTP269,20,16,19,HORSE,0,0.8303273837532098
LTP269,20,16,20,PAPER,0,0.7709622413208856
LTP269,20,16,21,QUEEN,0,0.8348118010419231
LTP269,20,16,22,KLEENEX,0,0.815679443343243
LTP269,20,16,23,BROTHER,0,0.8506239941866004
LTP269,20,16,24,BINDER,1,0.843258158474113
LTP269,20,17,1,SHARK,1,0.7752676153408936
LTP269,20,17,2,POSSUM,1,0.8452525547562688
LTP269,20,17,3,BEAVER,1,0.8427148694961436
LTP269,20,17,4,SCALPEL,1,0.882816321250595
LTP269,20,17,5,DENTIST,1,0.8405917307980433
LTP269,20,17,6,BACKBONE,1,0.8885741397432333
LTP269,20,17,7,SCOTCH,1,0.863500445844524
LTP269,20,17,8,WASHER,0,0.8491064765480321
LTP269,20,17,9,SLOPE,0,0.8560608509375863
LTP269,20,17,10,UMPIRE,0,0.8562099484059259
LTP269,20,17,11,LAGOON,1,0.8345428042917032
LTP269,20,17,12,VALLEY,1,0.8817174370873141
LTP269,20,17,13,WHISKERS,1,0.8679886234771372
LTP269,20,17,14,FILM,0,0.856078206217396
LTP269,20,17,15,OFFICE,0,0.8616044309681491
LTP269,20,17,16,CLIMBER,0,0.8296775542759851
LTP269,20,17,17,APRON,0,0.8827428752651182
LTP269,20,17,18,WORKER,0,0.8477504823732342
LTP269,20,17,19,PADDLE,1,0.8694525781112739
LTP269,20,17,20,PRINCE,1,0.8184508691854199
LTP269,20,17,21,PARSLEY,1,0.8750079856834111
LTP269,20,17,22,FUNGUS,1,0.8606732901670492
LTP269,20,17,23,DORM,0,0.7842513980500255
LTP269,20,17,24,BACON,0,0.7958489209740439
LTP269,20,18,1,LILY,0,0.8090162955782866
LTP269,20,18,2,INFANT,0,0.8641209945313696
LTP269,20,18,3,NURSE,0,0.8746320814160987
LTP269,20,18,4,CHAPEL,0,0.8401340842738396
LTP269,20,18,5,CROSS,0,0.8739573923888084
LTP269,20,18,6,CUSTARD,0,0.8719772525964554
LTP269,20,18,7,WITNESS,0,0.8210948134458387
LTP269,20,18,8,AIRPORT,0,0.8434399895484255
LTP269,20,18,9,BISON,0,0.8691524899042075
LTP269,20,18,10,YARN,0,0.8777898904664873
LTP269,20,18,11,SNAKE,0,0.9005677729736532
LTP269,20,18,12,BLOCKADE,0,0.8539032969341999
LTP269,20,18,13,BRICK,0,0.8940067307295082
LTP269,20,18,14,PUDDLE,0,0.8945280555303843
LTP269,20,18,15,MUFFIN,0,0.8549699797087631
LTP269,20,18,16,PRIMATE,0,0.839221345921399
LTP269,20,18,17,COUSIN,0,0.8692728025560396
LTP269,20,18,18,BURGLAR,1,0.8833367904704057
LTP269,20,18,19,FIREMAN,0,0.8875696688060328
LTP269,20,18,20,PALACE,0,0.8636795773157907
LTP269,20,18,21,PRINCESS,0,0.890633531681897
LTP269,20,18,22,MASK,0,0.8014625581347717
LTP269,20,18,23,POWDER,0,0.8352487079310957
LTP269,20,18,24,FLOWER,1,0.882710097827252
LTP269,20,19,1,CEILING,1,0.8406340561020554
LTP269,20,19,2,GARBAGE,0,0.8787973626972402
LTP269,20,19,3,CAMEL,1,0.8888882497294581
LTP269,20,19,4,STOVE,1,0.8549054951409435
LTP269,20,19,5,PISTOL,1,0.8725053819242259
LTP269,20,19,6,EGYPT,1,0.8476867171181554
LTP269,20,19,7,SPIDER,0,0.8733695697962747
LTP269,20,19,8,COCOON,0,0.8145559126147176
LTP269,20,19,9,TRENCH,0,0.8252650354513961
LTP269,20,19,10,LAVA,0,0.8046490326054205
LTP269,20,19,11,LADY,0,0.8028956760005731
LTP269,20,19,12,PLASTER,0,0.8050699369527762
LTP269,20,19,13,MACHINE,0,0.8386402262514198
LTP269,20,19,14,HOSTESS,0,0.8389488970775159
LTP269,20,19,15,WAITER,0,0.8496377046231766
LTP269,20,19,16,ULCER,0,0.846077823006407
LTP269,20,19,17,YOLK,0,0.8738063160224679
LTP269,20,19,18,BREAST,1,0.8691820481082069
LTP269,20,19,19,CIGAR,1,0.8578349110853851
LTP269,20,19,20,MISTER,1,0.8179378114115917
LTP269,20,19,21,FINGER,0,0.8933760513205148
LTP269,20,19,22,PARROT,1,0.8477303448624182
LTP269,20,19,23,STATUE,1,0.809714756966485
LTP269,20,19,24,CONCERT,0,0.8090779068273778
LTP269,20,20,1,MUMMY,0,0.863143917414164
LTP269,20,20,2,LUGGAGE,0,0.8829525293451044
LTP269,20,20,3,CANAL,0,0.8629837144080167
LTP269,20,20,4,RIVER,0,0.8720512974575707
LTP269,20,20,5,JUGGLER,0,0.8541634734705872
LTP269,20,20,6,CLOUD,0,0.8546421326982113
LTP269,20,20,7,DRESSER,0,0.852238025268907
LTP269,20,20,8,TOURIST,0,0.8625444997478918
LTP269,20,20,9,VICTIM,0,0.8161682160723163
LTP269,20,20,10,SPHINX,0,0.8612334378628888
LTP269,20,20,11,LODGE,0,0.8733448278795544
LTP269,20,20,12,WINDOW,0,0.838463379122087
LTP269,20,20,13,DANCER,0,0.8861551229904407
LTP269,20,20,14,LEG,0,0.8424598331162512
LTP269,20,20,15,HORNET,0,0.8723636978192504
LTP269,20,20,16,GRIZZLY,1,0.8557707674391308
LTP269,20,20,17,BEAST,1,0.8059300249809914
LTP269,20,20,18,BROOK,1,0.84659372007007
LTP269,20,20,19,FIREPLACE,1,0.8807038820382502
LTP269,20,20,20,STAKE,1,0.818974783952198
LTP269,20,20,21,FIDDLE,1,0.9046992783302265
LTP269,20,20,22,SLIDE,0,0.8698041998866668
LTP269,20,20,23,SMOG,0,0.8538417723493433
LTP269,20,20,24,LABEL,0,0.8557835581288313
LTP269,20,21,1,HEDGE,0,0.8553781122661377
LTP269,20,21,2,DENIM,1,0.861226694908066
LTP269,20,21,3,TURTLE,0,0.893298786864369
LTP269,20,21,4,SHRUB,0,0.8644688843927769
LTP269,20,21,5,BRANCH,0,0.8398845299096996
LTP269,20,21,6,HOOK,0,0.8909264628274348
LTP269,20,21,7,TWEEZERS,0,0.846307472431537
LTP269,20,21,8,LAMP,0,0.8368437162465838
LTP269,20,21,9,FLASHLIGHT,0,0.8430299190634933
LTP269,20,21,10,TABLET,0,0.8698860560706979
LTP269,20,21,11,WIFE,0,0.7899886949937247
LTP269,20,21,12,LACE,0,0.8162577304526767
LTP269,20,21,13,PARENT,0,0.7938324212571631
LTP269,20,21,14,SISTER,0,0.7999718959232481
LTP269,20,21,15,GHETTO,0,0.886846113640133
LTP269,20,21,16,HEADBAND,0,0.8724881041580264
LTP269,20,21,17,PISTON,0,0.8753218790569868
LTP269,20,21,18,HOOD,0,0.8752984349154819
LTP269,20,21,19,PIGMENT,0,0.878419371512657
LTP269,20,21,20,KIDNEY,1,0.8608953603718048
LTP269,20,21,21,RABBIT,1,0.8306013065534229
LTP269,20,21,22,VAGRANT,1,0.8477836544800421
LTP269,20,21,23,PICNIC,1,0.8283184454068657
LTP269,20,21,24,KITCHEN,1,0.8769702254301047
LTP269,20,22,1,SCARECROW,0,0.88945786737323
LTP269,20,22,2,PEANUT,0,0.8700367738539253
LTP269,20,22,3,STALLION,1,0.8632381810105846
LTP269,20,22,4,SNAIL,0,0.8728935009754728
LTP269,20,22,5,VELVET,0,0.8679540139643018
LTP269,20,22,6,NOMAD,0,0.8127119101194834
LTP269,20,22,7,COWBOY,1,0.8557482589656743
LTP269,20,22,8,GLOBE,0,0.8346793049670099
LTP269,20,22,9,CRAYON,0,0.8928159250683505
LTP269,20,22,10,CHAUFFEUR,0,0.8509812225830565
LTP269,20,22,11,HATCHET,1,0.8668622522763134
LTP269,20,22,12,KNIFE,0,0.8317062140439385
LTP269,20,22,13,DANDRUFF,0,0.8998318206484128
LTP269,20,22,14,HOUND,0,0.8950008687123264
LTP269,20,22,15,PUPPY,0,0.8868454872469624
LTP269,20,22,16,SIBLING,0,0.85605253712732
LTP269,20,22,17,SADDLE,0,0.8681257520048521
LTP269,20,22,18,SURVEY,0,0.8255424929574421
LTP269,20,22,19,FARMER,0,0.8173074592856683
LTP269,20,22,20,FLESH,0,0.8504586745907244
LTP269,20,22,21,RECORD,0,0.8467796239341914
LTP269,20,22,22,YACHT,0,0.881683854206698
LTP269,20,22,23,SAUSAGE,0,0.8267119791701234
LTP269,20,22,24,LIVER,0,0.8183817659752154
LTP269,20,23,1,BUG,0,0.8385775917286052
LTP269,20,23,2,HANDBAG,0,0.879051144895334
LTP269,20,23,3,PENGUIN,0,0.8936302981163697
LTP269,20,23,4,HUSBAND,0,0.8520097507900978
LTP269,20,23,5,LETTUCE,0,0.8792469591284897
LTP269,20,23,6,RUST,0,0.8580478412455261
LTP269,20,23,7,THRONE,0,0.8604560038746224
LTP269,20,23,8,COUCH,0,0.8392560499402877
LTP269,20,23,9,TABLE,0,0.8476006928155856
LTP269,20,23,10,ROD,0,0.8409901376168278
LTP269,20,23,11,SANDWICH,0,0.8928688501127554
LTP269,20,23,12,TRUCK,0,0.8444077452570686
LTP269,20,23,13,GUARD,0,0.8673593590617087
LTP269,20,23,14,POET,0,0.8105146906351715
LTP269,20,23,15,BEEF,0,0.8125244022191613
LTP269,20,23,16,TRACTOR,0,0.8433319930981705
LTP269,20,23,17,PORTRAIT,1,0.876331532023533
LTP269,20,23,18,GRILL,1,0.864026051344718
LTP269,20,23,19,CABBAGE,1,0.8399513738769367
LTP269,20,23,20,DUSTPAN,1,0.8838860176160782
LTP269,20,23,21,DUST,1,0.8484410144953854
LTP269,20,23,22,WARDROBE,0,0.8969684875295684
LTP269,20,23,23,SCRIBBLE,0,0.8226167700917968
LTP269,20,23,24,SODA,1,0.7885447772843197
LTP269,20,24,1,ASIA,0,0.795220768211472
LTP269,20,24,2,STAR,0,0.8374774367749611
LTP269,20,24,3,SHIRT,0,0.8540145912444517
LTP269,20,24,4,LAPEL,0,0.8488915040568775
LTP269,20,24,5,SERVANT,0,0.7964709835904552
LTP269,20,24,6,WAITRESS,0,0.835082597519841
LTP269,20,24,7,WRIST,0,0.866956302402125
LTP269,20,24,8,FLAG,0,0.7857038859232298
LTP269,20,24,9,JAPAN,0,0.7988861401123043
LTP269,20,24,10,COLLEGE,0,0.8681676443995272
LTP269,20,24,11,GAVEL,0,0.7933847360093381
LTP269,20,24,12,DONKEY,0,0.8840104179929742
LTP269,20,24,13,BRACES,0,0.8610026395229058
LTP269,20,24,14,CRITIC,0,0.8213851322710993
LTP269,20,24,15,THIEF,0,0.846225897864696
LTP269,20,24,16,CHILD,0,0.8364858269008733
LTP269,20,24,17,GROUND,0,0.8214744822958517
LTP269,20,24,18,MAMMAL,1,0.7997509278751481
LTP269,20,24,19,BLADE,0,0.8762983532149363
LTP269,20,24,20,OUTLAW,1,0.8765111367475139
LTP269,20,24,21,OUTDOORS,1,0.8146721535843156
LTP269,20,24,22,PANTHER,1,0.8475268006314817
LTP269,20,24,23,CRIB,1,0.8469318617101981
LTP269,20,24,24,AIRPLANE,0,0.852880337597106
LTP293,5,1,1,AUTHOR,1,0.8589788746534405
LTP293,5,1,2,JOURNAL,1,0.8357843902899319
LTP293,5,1,3,VIKING,1,0.7968229517406326
LTP293,5,1,4,CRAB,1,0.862756192747901
LTP293,5,1,5,YACHT,0,0.8791448899276858
LTP293,5,1,6,CASKET,1,0.8903654494892306
LTP293,5,1,7,PARTNER,0,0.8454974039333908
LTP293,5,1,8,SHELTER,1,0.8385071881432029
LTP293,5,1,9,KEEPER,0,0.8167882845927734
LTP293,5,1,10,RAFT,1,0.8542723379430548
LTP293,5,1,11,SCALPEL,0,0.8784744634881748
LTP293,5,1,12,SERVER,0,0.8151326103448806
LTP293,5,1,13,EMPIRE,1,0.8367098411073334
LTP293,5,1,14,PADDLE,1,0.873193116924912
LTP293,5,1,15,FUNGUS,0,0.8586373418013431
LTP293,5,1,16,TOASTER,1,0.8392776238812879
LTP293,5,1,17,SUITCASE,1,0.8521296267995988
LTP293,5,1,18,CHEST,0,0.818612204026142
LTP293,5,1,19,PALACE,1,0.8586236468893907
LTP293,5,1,20,PATIENT,0,0.857462218996392
LTP293,5,1,21,GROUND,1,0.8189078146385137
LTP293,5,1,22,COFFEE,1,0.8647527076991834
LTP293,5,1,23,CASHIER,1,0.8733404814406349
LTP293,5,1,24,FLAG,0,0.7812630393302425
LTP293,5,2,1,AIRPLANE,1,0.8568208529275629
LTP293,5,2,2,LUMBER,0,0.8800014904215598
LTP293,5,2,3,AIRPORT,1,0.8463586171213282
LTP293,5,2,4,OFFICE,1,0.8525608516295717
LTP293,5,2,5,NIGHTGOWN,1,0.8440411308601786
LTP293,5,2,6,POSTAGE,0,0.8676093989879141
LTP293,5,2,7,COWBOY,1,0.8520021316567631
LTP293,5,2,8,DORM,1,0.7800761066789691
LTP293,5,2,9,TWISTER,0,0.849329370372696
LTP293,5,2,10,JUGGLER,0,0.8525026908930365
LTP293,5,2,11,BASEMENT,0,0.8636183665102426
LTP293,5,2,12,PLUTO,0,0.8640413076608049
LTP293,5,2,13,HEDGE,0,0.8474469116635857
LTP293,5,2,14,TWIG,0,0.848456467546171
LTP293,5,2,15,BROOK,0,0.844313134913113
LTP293,5,2,16,KIDNEY,0,0.8575300448358563
LTP293,5,2,17,PLAID,1,0.8063049106632197
LTP293,5,2,18,TABLE,1,0.8450168437062261
LTP293,5,2,19,COUCH,1,0.8446240274028065
LTP293,5,2,20,STAKE,1,0.8177741326961052
LTP293,5,2,21,DAUGHTER,1,0.8312834594123875
LTP293,5,2,22,HUSBAND,0,0.850109206236386
LTP293,5,2,23,WIDOW,0,0.847679154925916
LTP293,5,2,24,TYPIST,1,0.8873999477504265
LTP293,5,3,1,FIDDLE,0,0.9037437996613656
LTP293,5,3,2,BATHTUB,1,0.85071386996811
LTP293,5,3,3,TROUT,0,0.8043034612831308
LTP293,5,3,4,CURTAIN,0,0.898649957504919
LTP293,5,3,5,TORTOISE,0,0.8917507452847298
LTP293,5,3,6,STOMACH,1,0.8240901482800672
LTP293,5,3,7,CRICKET,1,0.8724049656579752
LTP293,5,3,8,SLUG,1,0.8664543303982629
LTP293,5,3,9,PILOT,1,0.884812601532584
LTP293,5,3,10,SMOG,1,0.8580867755514076
LTP293,5,3,11,CLOUD,1,0.8530868532521106
LTP293,5,3,12,BOUQUET,0,0.8683333242282949
LTP293,5,3,13,POPCORN,0,0.8413549523136638
LTP293,5,3,14,CRITIC,1,0.8239921386726554
LTP293,5,3,15,MILDEW,1,0.890100562567043
LTP293,5,3,16,SHORTCAKE,1,0.8678468759470284
LTP293,5,3,17,LIVER,1,0.8207203320566162
LTP293,5,3,18,SLIME,1,0.8789251410906006
LTP293,5,3,19,MAMMAL,1,0.7993070201909434
LTP293,5,3,20,CABBAGE,1,0.8415428969385018
LTP293,5,3,21,SNAIL,1,0.8737264701281293
LTP293,5,3,22,DRAWING,1,0.8545645910137383
LTP293,5,3,23,BOYFRIEND,1,0.8665239523383451
LTP293,5,3,24,STATUE,0,0.811389062458716
LTP293,5,4,1,TREAT,1,0.7392825251373064
LTP293,5,4,2,CHILD,1,0.8431273123832775
LTP293,5,4,3,BANK,1,0.863175718678796
LTP293,5,4,4,CHAUFFEUR,0,0.849584607715745
LTP293,5,4,5,LILY,1,0.8078465939384497
LTP293,5,4,6,FRAGRANCE,0,0.8761470127373597
LTP293,5,4,7,WHISTLE,0,0.8760014196133311
LTP293,5,4,8,FLASK,1,0.8782018136525586
LTP293,5,4,9,SCOTCH,1,0.8622189986590598
LTP293,5,4,10,BUCKET,1,0.8721253117412079
LTP293,5,4,11,GRAVE,0,0.7840738992757019
LTP293,5,4,12,MARKET,0,0.8614007740606532
LTP293,5,4,13,TART,1,0.8313493702185007
LTP293,5,4,14,HAWK,0,0.8049702825483982
LTP293,5,4,15,ROBIN,1,0.8289989849041259
LTP293,5,4,16,GRILL,1,0.8705280518009777
LTP293,5,4,17,HORNET,0,0.8746444576924683
LTP293,5,4,18,PORK,1,0.8608900177192881
LTP293,5,4,19,PORTRAIT,0,0.8806866662546097
LTP293,5,4,20,RIVER,1,0.8735378173033279
LTP293,5,4,21,PERMIT,1,0.8455769319244566
LTP293,5,4,22,STICKER,1,0.8602518647531453
LTP293,5,4,23,PANTHER,1,0.8533471565114982
LTP293,5,4,24,MONSTER,1,0.8537974520127359
LTP293,5,5,1,FRUIT,0,0.848852984337158
LTP293,5,5,2,SUNSET,1,0.8478169062493207
LTP293,5,5,3,SPARROW,0,0.8394453025595315
LTP293,5,5,4,BEEF,1,0.8088009585581338
LTP293,5,5,5,SUNRISE,1,0.8956989274702815
LTP293,5,5,6,DIVER,1,0.794822783878785
LTP293,5,5,7,RADISH,1,0.8724090342034918
LTP293,5,5,8,SALAD,1,0.8644804415206725
LTP293,5,5,9,PLATE,1,0.7825704670466581
LTP293,5,5,10,SWORD,1,0.7981072193643238
LTP293,5,5,11,HUMAN,1,0.8228343483709455
LTP293,5,5,12,BLENDER,1,0.8931268981675244
LTP293,5,5,13,TAXI,1,0.852515673690501
LTP293,5,5,14,GALLON,1,0.8363925011427409
LTP293,5,5,15,SLIDE,0,0.8636609448770575
LTP293,5,5,16,FLESH,1,0.8423287475326289
LTP293,5,5,17,DUST,1,0.8533437292970998
LTP293,5,5,18,PIANO,0,0.8462566977477065
LTP293,5,5,19,MOTOR,1,0.8116919116543636
LTP293,5,5,20,INFANT,0,0.8701670752973281
LTP293,5,5,21,FOOT,0,0.7893966158074089
LTP293,5,5,22,GANGSTER,1,0.8552792836089149
LTP293,5,5,23,REPORT,1,0.8030950532482192
LTP293,5,5,24,BRIEFCASE,1,0.8506384489331384
LTP293,5,6,1,NOMAD,1,0.8105695284705658
LTP293,5,6,2,ACTOR,0,0.7865184310423807
LTP293,5,6,3,ACTRESS,0,0.8767078364937541
LTP293,5,6,4,PARSLEY,1,0.8693806369244894
LTP293,5,6,5,MARKER,0,0.8606493854560536
LTP293,5,6,6,FRECKLE,0,0.8539563942935361
LTP293,5,6,7,CONCERT,1,0.812582821918459
LTP293,5,6,8,GIRL,1,0.868844805119596
LTP293,5,6,9,INMATE,1,0.8473050366844279
LTP293,5,6,10,BACON,1,0.8066147476916163
LTP293,5,6,11,SURVEY,0,0.8292659383600438
LTP293,5,6,12,ISLAND,0,0.772307895567919
LTP293,5,6,13,CONTRACT,0,0.8149304892315655
LTP293,5,6,14,BEAKER,1,0.8571109961137918
LTP293,5,6,15,BACKBONE,0,0.885807811323121
LTP293,5,6,16,CELLAR,1,0.8731998174852912
LTP293,5,6,17,TILE,1,0.8373703114767251
LTP293,5,6,18,SALMON,0,0.8516760826310548
LTP293,5,6,19,FLIPPER,1,0.8369261511920718
LTP293,5,6,20,PLAYGROUND,1,0.8526620212764986
LTP293,5,6,21,CHEMIST,1,0.8762610499708944
LTP293,5,6,22,CABIN,1,0.8420380297143445
LTP293,5,6,23,OUTLAW,1,0.8707047959460467
LTP293,5,6,24,SCISSORS,0,0.8231573171883163
LTP293,5,7,1,COIN,1,0.839793283705953
LTP293,5,7,2,COUNTRY,1,0.8362150832024631
LTP293,5,7,3,THREAD,1,0.8457100622771925
LTP293,5,7,4,ASIA,0,0.7932814929194303
LTP293,5,7,5,TRIBE,0,0.8678297242227527
LTP293,5,7,6,LAGOON,0,0.8357995846470745
LTP293,5,7,7,STONE,0,0.8503198717512404
LTP293,5,7,8,PEACH,0,0.8357738572653974
LTP293,5,7,9,HAMPER,1,0.8841184497594219
LTP293,5,7,10,SCARF,0,0.8606173944313035
LTP293,5,7,11,CRAYON,0,0.898342501657208
LTP293,5,7,12,RIFLE,0,0.8568415595222078
LTP293,5,7,13,STAPLE,0,0.860989534194026
LTP293,5,7,14,HELMET,0,0.8542030411177435
LTP293,5,7,15,PEBBLE,0,0.8209988736154817
LTP293,5,7,16,LONDON,0,0.7996920387958574
LTP293,5,7,17,PEPPER,1,0.8468642876469419
LTP293,5,7,18,SALT,1,0.8519807588268793
LTP293,5,7,19,BRACES,0,0.86832799014418
LTP293,5,7,20,FIREPLACE,0,0.8753672009734884
LTP293,5,7,21,SEAFOOD,0,0.8663284790731397
LTP293,5,7,22,BURGLAR,0,0.8828497828447165
LTP293,5,7,23,BRICK,1,0.8928018952552488
LTP293,5,7,24,ANTLER,1,0.8676996314154372
LTP293,5,8,1,VENUS,1,0.8222179777493329
LTP293,5,8,2,HORSE,1,0.8558185761740074
LTP293,5,8,3,XEROX,0,0.865814451555417
LTP293,5,8,4,ROBOT,0,0.8355008669935103
LTP293,5,8,5,PIGMENT,0,0.8476790616350259
LTP293,5,8,6,BREAST,0,0.8608450396580559
LTP293,5,8,7,PUPPY,1,0.885372200613656
LTP293,5,8,8,FOX,1,0.7976066207812224
LTP293,5,8,9,PIGEON,1,0.8914578867014248
LTP293,5,8,10,SIBLING,0,0.8512697345840943
LTP293,5,8,11,MARROW,0,0.8813429368828111
LTP293,5,8,12,GHETTO,0,0.879196376516355
LTP293,5,8,13,DONOR,0,0.8268405416145742
LTP293,5,8,14,HEART,0,0.8758335004249851
LTP293,5,8,15,MATCH,0,0.8511507161477291
LTP293,5,8,16,CATTLE,1,0.8928664040259827
LTP293,5,8,17,CLOCK,0,0.838965957675343
LTP293,5,8,18,SUPPER,0,0.7974413733544349
LTP293,5,8,19,WASHER,1,0.8529897870985611
LTP293,5,8,20,BROTHER,0,0.8821316924541445
LTP293,5,8,21,JURY,1,0.8323848690139621
LTP293,5,8,22,SILK,1,0.8768443263262145
LTP293,5,8,23,LAVA,1,0.7957290954016666
LTP293,5,8,24,FOREHEAD,1,0.8211808599189356
LTP293,5,9,1,AWARD,1,0.8246346915848339
LTP293,5,9,2,NURSE,0,0.8768725397670848
LTP293,5,9,3,GREASE,1,0.8555386815726939
LTP293,5,9,4,PISTON,0,0.8839424063236414
LTP293,5,9,5,KNIFE,0,0.8263007933956962
LTP293,5,9,6,TUNNEL,1,0.8854157888178736
LTP293,5,9,7,GARBAGE,1,0.8721084417889247
LTP293,5,9,8,PLIERS,1,0.8760105374770348
LTP293,5,9,9,PISTOL,0,0.8778135897532169
LTP293,5,9,10,SHORTS,0,0.8265986756625808
LTP293,5,9,11,LASER,0,0.7751357535948946
LTP293,5,9,12,JELLY,1,0.8592176706611998
LTP293,5,9,13,GOBLIN,0,0.8446069111963284
LTP293,5,9,14,BLOUSE,0,0.871269982960277
LTP293,5,9,15,MARINE,1,0.8579558490824644
LTP293,5,9,16,CRIB,0,0.833378838082832
LTP293,5,9,17,CANAL,1,0.8612066998084835
LTP293,5,9,18,HOOK,0,0.8856940324143046
LTP293,5,9,19,SADDLE,1,0.8692963049358222
LTP293,5,9,20,STALLION,1,0.8572887127576856
LTP293,5,9,21,HATCHET,0,0.8539956153184483
LTP293,5,9,22,MAILBOX,0,0.8650795185577638
LTP293,5,9,23,GIFT,1,0.843971192613207
LTP293,5,9,24,KETCHUP,1,0.878486342030133
LTP293,5,10,1,ANKLE,1,0.8691753739583905
LTP293,5,10,2,LACE,0,0.8136485288995949
LTP293,5,10,3,SHIRT,1,0.8577223707028917
LTP293,5,10,4,UMPIRE,1,0.8543997291937967
LTP293,5,10,5,DRESS,1,0.863330155260723
LTP293,5,10,6,BUREAU,0,0.8427998987859289
LTP293,5,10,7,HAND,1,0.8103642671855733
LTP293,5,10,8,FRIAR,0,0.8500321645151445
LTP293,5,10,9,TEMPLE,0,0.8699894913356834
LTP293,5,10,10,SCARECROW,0,0.8891219991823865
LTP293,5,10,11,DOLPHIN,0,0.8463465009916397
LTP293,5,10,12,CLAMP,0,0.8056136349710185
LTP293,5,10,13,DASHBOARD,1,0.8803582167178987
LTP293,5,10,14,BARLEY,0,0.879401267387961
LTP293,5,10,15,SLOPE,0,0.8600849227207058
LTP293,5,10,16,SHOULDER,1,0.8689289871519177
LTP293,5,10,17,SWAMP,1,0.7781839284750157
LTP293,5,10,18,GRAPE,0,0.7728744319263534
LTP293,5,10,19,BRANCH,1,0.8441900867535083
LTP293,5,10,20,CONVICT,1,0.82241355424941
LTP293,5,10,21,SUSPECT,1,0.8650690359689025
LTP293,5,10,22,BUBBLE,1,0.8717006884858045
LTP293,5,10,23,BLACKBOARD,1,0.82957124721161
LTP293,5,10,24,SKIRT,1,0.8570541338298703
LTP293,5,11,1,APRON,1,0.8782128426369995
LTP293,5,11,2,GARLIC,0,0.8578039552587409
LTP293,5,11,3,PUPIL,1,0.8415800678010416
LTP293,5,11,4,EAGLE,0,0.8492913286797398
LTP293,5,11,5,KNAPSACK,0,0.8540517886324326
LTP293,5,11,6,MEAT,0,0.8549594297164564
LTP293,5,11,7,BISON,0,0.8644659973642688
LTP293,5,11,8,MUFFIN,0,0.8694548664950845
LTP293,5,11,9,TUTU,1,0.7997189081578415
LTP293,5,11,10,JEANS,1,0.870004322559008
LTP293,5,11,11,ZIPPER,1,0.7900922953001004
LTP293,5,11,12,TROMBONE,0,0.8819355355941904
LTP293,5,11,13,VAGRANT,1,0.8520271868506117
LTP293,5,11,14,TURKEY,1,0.8716853882527227
LTP293,5,11,15,COCOON,1,0.8177434645507122
LTP293,5,11,16,OMELET,1,0.8501845685649585
LTP293,5,11,17,BARREL,1,0.836897880783863
LTP293,5,11,18,CHAMPAGNE,0,0.8530254144678947
LTP293,5,11,19,MATTRESS,0,0.871114712815093
LTP293,5,11,20,ATOM,1,0.7862855926062265
LTP293,5,11,21,MISSILE,1,0.8448156927741383
LTP293,5,11,22,GUITAR,0,0.7676553416826332
LTP293,5,11,23,BEAST,1,0.803583667745574
LTP293,5,11,24,PENGUIN,1,0.8969156389678744
LTP293,5,12,1,TWEEZERS,1,0.8424345873872948
LTP293,5,12,2,CRUTCH,0,0.888665616412853
LTP293,5,12,3,CHIPMUNK,1,0.8851296656987895
LTP293,5,12,4,PIMPLE,1,0.8726613608621407
LTP293,5,12,5,BUGGY,1,0.8775846024521334
LTP293,5,12,6,COTTAGE,0,0.878808361726389
LTP293,5,12,7,POLICE,1,0.8310178478816441
LTP293,5,12,8,NOTEBOOK,1,0.7997022237546515
LTP293,5,12,9,MESSAGE,1,0.8458923278875108
LTP293,5,12,10,ORCHID,0,0.8636297323063394
LTP293,5,12,11,RATTLE,0,0.877831718994809
LTP293,5,12,12,GUARD,1,0.8734685467378406
LTP293,5,12,13,COOK,0,0.819817301523105
LTP293,5,12,14,CUPBOARD,0,0.8836705499239546
LTP293,5,12,15,CARRIAGE,0,0.8570576740376168
LTP293,5,12,16,JUDGE,0,0.8282929261164871
LTP293,5,12,17,SERVANT,0,0.8020006563716365
LTP293,5,12,18,DRINK,0,0.8130284014840848
LTP293,5,12,19,SEAL,0,0.7755010657920804
LTP293,5,12,20,VIRUS,1,0.8181587717041222
LTP293,5,12,21,CAMEL,1,0.8823518534405229
LTP293,5,12,22,CIGAR,0,0.8665765042477279
LTP293,5,12,23,POET,0,0.8163254515062656
LTP293,5,12,24,FOOTBALL,0,0.8392686144897575
LTP293,5,13,1,SODA,0,0.7867895248330355
LTP293,5,13,2,PLAZA,1,0.796878580090511
LTP293,5,13,3,APPLE,1,0.8457258191433741
LTP293,5,13,4,FLOWER,1,0.8846406882954722
LTP293,5,13,5,PREACHER,0,0.8544076208376304
LTP293,5,13,6,PECAN,0,0.8233838807666961
LTP293,5,13,7,ITEM,0,0.8250168312398503
LTP293,5,13,8,WRIST,0,0.8738629792661223
LTP293,5,13,9,BANQUET,1,0.8827324640208453
LTP293,5,13,10,RELISH,1,0.8410792417226047
LTP293,5,13,11,DAISY,1,0.8602549160762039
LTP293,5,13,12,WRENCH,0,0.8449869563711883
LTP293,5,13,13,CHAPEL,0,0.8348389045429251
LTP293,5,13,14,GARDEN,0,0.8543790338777653
LTP293,5,13,15,SCALLOP,0,0.8533970193732875
LTP293,5,13,16,TUBA,0,0.8573893809511991
LTP293,5,13,17,ROOSTER,0,0.8680715491349746
LTP293,5,13,18,YOLK,0,0.8753196224518112
LTP293,5,13,19,FRAME,0,0.8735190045793035
LTP293,5,13,20,JELLO,0,0.8626895127867038
LTP293,5,13,21,FINGER,0,0.891142154191882
LTP293,5,13,22,BLADE,1,0.8807852910446464
LTP293,5,13,23,RAZOR,1,0.8453338623542828
LTP293,5,13,24,GRAVEL,1,0.7625916081985937
LTP293,5,14,1,CRATER,1,0.872057879112663
LTP293,5,14,2,CREATURE,1,0.8549707151204144
LTP293,5,14,3,PACKAGE,1,0.8596125261415795
LTP293,5,14,4,EGYPT,0,0.8522231505146679
LTP293,5,14,5,RECORD,0,0.8482644805311753
LTP293,5,14,6,HARP,0,0.8593727927002929
LTP293,5,14,7,WORLD,1,0.8091973329388219
LTP293,5,14,8,SWIMMER,0,0.8008065589005556
LTP293,5,14,9,DINER,1,0.7941789795999767
LTP293,5,14,10,CYCLONE,0,0.8752486528320161
LTP293,5,14,11,SAUSAGE,1,0.8292157988518001
LTP293,5,14,12,PASTA,1,0.8565354198511638
LTP293,5,14,13,SIDEWALK,0,0.8713654073400766
LTP293,5,14,14,OINTMENT,0,0.8482348619464912
LTP293,5,14,15,MAILMAN,1,0.8853763563677927
LTP293,5,14,16,COMPASS,1,0.8775615142404248
LTP293,5,14,17,PUDDING,0,0.8748519208482098
LTP293,5,14,18,VALLEY,0,0.8816294697668118
LTP293,5,14,19,DENTIST,0,0.8563605199507194
LTP293,5,14,20,DRILL,0,0.8681154807306093
LTP293,5,14,21,WOMAN,0,0.8469345383917729
LTP293,5,14,22,POSSUM,1,0.8388638027497023
LTP293,5,14,23,FRANCE,0,0.8594141290108245
LTP293,5,14,24,GAVEL,0,0.7863262907666969
LTP293,5,15,1,UNCLE,1,0.8015572514401341
LTP293,5,15,2,KITCHEN,1,0.8847098438972363
LTP293,5,15,3,ROBBER,0,0.8355680449968678
LTP293,5,15,4,PEANUT,0,0.8666693004001471
LTP293,5,15,5,OYSTER,1,0.8450571556703418
LTP293,5,15,6,FARMER,0,0.8045564275656986
LTP293,5,15,7,FLEET,0,0.8328439687985586
LTP293,5,15,8,BOARD,1,0.7809983721818816
LTP293,5,15,9,PRINCE,0,0.8112771425455148
LTP293,5,15,10,DOUGHNUT,0,0.890866078266884
LTP293,5,15,11,HOUND,0,0.8924770444774514
LTP293,5,15,12,CLAM,1,0.7851812838118941
LTP293,5,15,13,TEACHER,1,0.8452399854153577
LTP293,5,15,14,COLLEGE,1,0.8776423133828484
LTP293,5,15,15,CREVICE,1,0.8790072307119658
LTP293,5,15,16,COUNTY,1,0.844954954668577
LTP293,5,15,17,MACHINE,0,0.8390869250856348
LTP293,5,15,18,MUMMY,0,0.8636161037306305
LTP293,5,15,19,SPHINX,0,0.8565167647011295
LTP293,5,15,20,THIEF,1,0.8375610596518196
LTP293,5,15,21,CAFE,0,0.8132079631948628
LTP293,5,15,22,OUTFIT,1,0.8704617310174648
LTP293,5,15,23,RABBIT,0,0.8228283003202923
LTP293,5,15,24,LETTUCE,0,0.8808162451951488
LTP293,5,16,1,BUNNY,1,0.8587881951894485
LTP293,5,16,2,GYMNAST,1,0.869307309610352
LTP293,5,16,3,WHISKERS,0,0.8733725985348373
LTP293,5,16,4,SCULPTURE,0,0.8434947618897894
LTP293,5,16,5,COOKBOOK,0,0.8440534767890401
LTP293,5,16,6,ICING,0,0.8542793026243598
LTP293,5,16,7,SKILLET,0,0.8916788708375678
LTP293,5,16,8,STUDENT,0,0.8367452291052108
LTP293,5,16,9,STOVE,0,0.8494430250176507
LTP293,5,16,10,DRESSER,0,0.8491889152089777
LTP293,5,16,11,WARDROBE,0,0.8940556409331536
LTP293,5,16,12,MILK,1,0.8213306123598206
LTP293,5,16,13,CEILING,0,0.8422888866029588
LTP293,5,16,14,CARROT,1,0.8477133796860739
LTP293,5,16,15,MUSTARD,0,0.7746073704643702
LTP293,5,16,16,WAITER,1,0.8513374661714218
LTP293,5,16,17,ORANGE,0,0.8410450000423179
LTP293,5,16,18,BLOCKADE,0,0.8575065705636365
LTP293,5,16,19,PERFUME,1,0.8764775617921684
LTP293,5,16,20,ONION,1,0.8126512865174931
LTP293,5,16,21,BADGE,0,0.8430369415998429
LTP293,5,16,22,REBEL,0,0.8386354626217455
LTP293,5,16,23,ROD,1,0.8357130087278385
LTP293,5,16,24,BUTCHER,1,0.843380228967202
LTP293,5,17,1,TURTLE,1,0.8935561858890487
LTP293,5,17,2,STREAM,1,0.8807640189569065
LTP293,5,17,3,CANYON,1,0.8351534012947638
LTP293,5,17,4,HIKER,1,0.8774806768449249
LTP293,5,17,5,MARSH,0,0.8696764269670274
LTP293,5,17,6,EYELASH,0,0.8459689504469521
LTP293,5,17,7,LIPSTICK,1,0.8580164924597904
LTP293,5,17,8,WORKER,0,0.8558617768391239
LTP293,5,17,9,ZEBRA,1,0.8701268931298497
LTP293,5,17,10,TRUCK,0,0.8451307462015414
LTP293,5,17,11,COBRA,1,0.79754913914696
LTP293,5,17,12,DANCER,0,0.8887750784032414
LTP293,5,17,13,SNAKE,1,0.8977911375845377
LTP293,5,17,14,LIZARD,0,0.8705436734822065
LTP293,5,17,15,RACKET,0,0.8934834739195102
LTP293,5,17,16,OX,1,0.7896506438234039
LTP293,5,17,17,CATCHER,0,0.8780275308160569
LTP293,5,17,18,QUEEN,1,0.8561762879721213
LTP293,5,17,19,LEADER,1,0.8185557952996443
LTP293,5,17,20,FOREST,0,0.8025446176577978
LTP293,5,17,21,HEADBAND,1,0.8560324312071036
LTP293,5,17,22,TRANSPLANT,0,0.7843300726324753
LTP293,5,17,23,THRONE,1,0.8555688646492513
LTP293,5,17,24,YARN,1,0.8782734090426443
LTP293,5,18,1,POISON,1,0.8277513212546966
LTP293,5,18,2,BRANDY,1,0.8722861225648738
LTP293,5,18,3,KLEENEX,0,0.8397422342822547
LTP293,5,18,4,TRENCH,0,0.8339876882358042
LTP293,5,18,5,NEUTRON,0,0.8980729757957281
LTP293,5,18,6,SPIDER,1,0.8698090314593028
LTP293,5,18,7,BUG,1,0.8341956716621604
LTP293,5,18,8,CITRUS,0,0.8670820056654521
LTP293,5,18,9,MOP,1,0.7975097077337256
LTP293,5,18,10,DRUG,0,0.8630913361233706
LTP293,5,18,11,MEDAL,1,0.8490961292193439
LTP293,5,18,12,COSTUME,0,0.8723206174910687
LTP293,5,18,13,PADDING,0,0.864479727884609
LTP293,5,18,14,GRIZZLY,0,0.853878496706607
LTP293,5,18,15,LEOPARD,0,0.8651652150507617
LTP293,5,18,16,COCKTAIL,0,0.857486714905152
LTP293,5,18,17,PEDAL,0,0.8589207680092341
LTP293,5,18,18,TOMBSTONE,0,0.879101681452273
LTP293,5,18,19,TRACTOR,1,0.8494964814729112
LTP293,5,18,20,RUG,1,0.8398065989466867
LTP293,5,18,21,ATLAS,1,0.7590199308221759
LTP293,5,18,22,TURNIP,1,0.893086985791398
LTP293,5,18,23,CROWN,1,0.873728590953983
LTP293,5,18,24,PRINCESS,1,0.8787982766828312
LTP293,5,19,1,SWITCH,1,0.7862508163982493
LTP293,5,19,2,DRIVER,0,0.8310203073114799
LTP293,5,19,3,WIFE,1,0.7823421578114481
LTP293,5,19,4,SPOON,0,0.8694950586980627
LTP293,5,19,5,BINDER,1,0.8542693200352378
LTP293,5,19,6,PAPER,1,0.8039666890564025
LTP293,5,19,7,FEMALE,1,0.8040102256034327
LTP293,5,19,8,BLUEPRINT,0,0.90213419462864
LTP293,5,19,9,STAMP,0,0.8042892099370331
LTP293,5,19,10,LADDER,0,0.8380392554055777
LTP293,5,19,11,MOTEL,0,0.8868420824160034
LTP293,5,19,12,ULCER,0,0.8469186973881557
LTP293,5,19,13,BULLET,0,0.8683690658332386
LTP293,5,19,14,WAGON,0,0.8501129146637013
LTP293,5,19,15,LEG,0,0.8374865702427092
LTP293,5,19,16,MONEY,1,0.8282918872853794
LTP293,5,19,17,QUARTER,0,0.8345714850184653
LTP293,5,19,18,SPOUSE,1,0.8829531897016352
LTP293,5,19,19,BODY,0,0.7510644823348792
LTP293,5,19,20,COURSE,0,0.8294360747876661
LTP293,5,19,21,PICNIC,1,0.8369843082937268
LTP293,5,19,22,BELLY,0,0.8763117844655556
LTP293,5,19,23,SPACE,0,0.7834242301090669
LTP293,5,19,24,PIZZA,0,0.8361517159682171
LTP293,5,20,1,WITNESS,1,0.8219401596858659
LTP293,5,20,2,CUSTARD,1,0.8705611122783871
LTP293,5,20,3,NAPKIN,1,0.8373653357595172
LTP293,5,20,4,FREEZER,1,0.8214068766034852
LTP293,5,20,5,OZONE,0,0.8474374157741268
LTP293,5,20,6,SUMMIT,0,0.8487781203181971
LTP293,5,20,7,SHARK,1,0.7954715717403876
LTP293,5,20,8,COD,1,0.8008678764907925
LTP293,5,20,9,FLUTE,1,0.8262421360735906
LTP293,5,20,10,EXPERT,0,0.8306740829959363
LTP293,5,20,11,DUSTPAN,0,0.8746799963611045
LTP293,5,20,12,SPONGE,0,0.8734194062348247
LTP293,5,20,13,FILM,0,0.8549828360565347
LTP293,5,20,14,BALLOON,0,0.8909517931878759
LTP293,5,20,15,DONKEY,0,0.892603322247551
LTP293,5,20,16,ROCKET,0,0.8871187181181611
LTP293,5,20,17,COMET,0,0.8337632390061913
LTP293,5,20,18,PARROT,0,0.851887464916221
LTP293,5,20,19,MISTER,0,0.8141836041551076
LTP293,5,20,20,LAMP,0,0.8378890654291545
LTP293,5,20,21,HOOD,0,0.8682207371638113
LTP293,5,20,22,HONEY,0,0.8487339040331983
LTP293,5,20,23,ELBOW,1,0.8603518646537354
LTP293,5,20,24,FLASHLIGHT,0,0.8454924925152144
LTP293,5,21,1,WINDOW,1,0.8436690380402829
LTP293,5,21,2,CLOTHES,1,0.8744146688857212
LTP293,5,21,3,LUNCH,1,0.818930636820369
LTP293,5,21,4,SANDWICH,1,0.8948563876749172
LTP293,5,21,5,PERCH,0,0.8820948133765385
LTP293,5,21,6,DANDRUFF,0,0.8877384168014516
LTP293,5,21,7,MAPLE,1,0.7871337609980567
LTP293,5,21,8,SCRIBBLE,1,0.8250552297550461
LTP293,5,21,9,SHRUB,0,0.8572438046460303
LTP293,5,21,10,CASHEW,0,0.8889707449289551
LTP293,5,21,11,CAPTIVE,1,0.8367681934648442
LTP293,5,21,12,LAPEL,0,0.850792843695999
LTP293,5,21,13,SPOOL,0,0.8772829628805726
LTP293,5,21,14,NOVEL,1,0.8266129053397258
LTP293,5,21,15,ARMY,1,0.8677992637706469
LTP293,5,21,16,COLONEL,1,0.8722277638768121
LTP293,5,21,17,CHURCH,0,0.8036570489826936
LTP293,5,21,18,PAIL,0,0.8502602598538223
LTP293,5,21,19,LOFT,0,0.8867546159868264
LTP293,5,21,20,TERMITE,0,0.8780741297819168
LTP293,5,21,21,PROTON,0,0.8211356860910616
LTP293,5,21,22,SHERIFF,0,0.8842854056580022
LTP293,5,21,23,SKETCH,1,0.8630708898693543
LTP293,5,21,24,SHELF,1,0.8200924624225181
LTP293,5,22,1,LION,1,0.8326446849405343
LTP293,5,22,2,HANDBAG,1,0.8725668532564368
LTP293,5,22,3,BANKER,0,0.882503482250571
LTP293,5,22,4,PARENT,1,0.797942256699215
LTP293,5,22,5,VELVET,1,0.8715802499183222
LTP293,5,22,6,PICTURE,1,0.8271254573686863
LTP293,5,22,7,BOX,0,0.7617420795099883
LTP293,5,22,8,MARS,0,0.8357064634130306
LTP293,5,22,9,HOSTESS,1,0.8356842641558259
LTP293,5,22,10,WAITRESS,1,0.84071502708073
LTP293,5,22,11,POWDER,0,0.8342174567060724
LTP293,5,22,12,FIREMAN,0,0.8852647652150515
LTP293,5,22,13,SISTER,0,0.796516696273354
LTP293,5,22,14,IDOL,0,0.7984684987248655
LTP293,5,22,15,CLIMBER,0,0.8298137657687069
LTP293,5,22,16,COUSIN,1,0.8668609309375463
LTP293,5,22,17,GLOBE,0,0.8402523160325283
LTP293,5,22,18,PLASTER,1,0.8055532155741785
LTP293,5,22,19,AGENT,1,0.8039721611265468
LTP293,5,22,20,JAPAN,0,0.796951252483732
LTP293,5,22,21,EUROPE,0,0.780606783068071
LTP293,5,22,22,DRAGON,1,0.8845221192063708
LTP293,5,22,23,SEAGULL,1,0.8869776240990287
LTP293,5,22,24,BABY,1,0.8290454507795926
LTP293,5,23,1,PASSAGE,0,0.8717371198978291
LTP293,5,23,2,OUTDOORS,0,0.8292051978628118
LTP293,5,23,3,HERO,1,0.8666342713661032
LTP293,5,23,4,DENIM,0,0.8620466311842597
LTP293,5,23,5,POCKET,0,0.8569569835435152
LTP293,5,23,6,WASP,0,0.8261866831689255
LTP293,5,23,7,GLOVE,0,0.8993961883337648
LTP293,5,23,8,PRIMATE,1,0.8367868196145553
LTP293,5,23,9,JUNGLE,0,0.8794188986615603
LTP293,5,23,10,MASK,0,0.7948479021039458
LTP293,5,23,11,TABLET,0,0.865864606126801
LTP293,5,23,12,BRAKE,0,0.8938006114540976
LTP293,5,23,13,LABEL,0,0.8629428415661655
LTP293,5,23,14,BANJO,1,0.8764716560654623
LTP293,5,23,15,ARM,0,0.82895486444445
LTP293,5,23,16,SOFTBALL,0,0.8632347594713781
LTP293,5,23,17,DIME,1,0.8444411368827663
LTP293,5,23,18,RUST,0,0.8546861305028729
LTP293,5,23,19,LADY,1,0.8065223610355968
LTP293,5,23,20,RECEIPT,0,0.8449600159132526
LTP293,5,23,21,VALVE,0,0.8787607201660796
LTP293,5,23,22,SUBWAY,1,0.8815429327035977
LTP293,5,23,23,QUAIL,1,0.8751438463599143
LTP293,5,23,24,LAKE,1,0.8532493096743007
LTP293,5,24,1,SHOVEL,1,0.8933193472204893
LTP293,5,24,2,BIKE,1,0.8826321864725127
LTP293,5,24,3,LOVER,0,0.794942122930239
LTP293,5,24,4,FRIEND,0,0.8335632833735817
LTP293,5,24,5,CANDY,0,0.8948198418628325
LTP293,5,24,6,CORAL,1,0.8386702695758355
LTP293,5,24,7,PATROL,0,0.8514960581128822
LTP293,5,24,8,GLASS,0,0.8509882398385789
LTP293,5,24,9,VICTIM,0,0.8109928601490747
LTP293,5,24,10,LODGE,1,0.8745996889917766
LTP293,5,24,11,BEAVER,0,0.8475010871338697
LTP293,5,24,12,TOURIST,0,0.862086340971549
LTP293,5,24,13,LUGGAGE,0,0.8874740452322484
LTP293,5,24,14,CROSS,0,0.8741037772240748
LTP293,5,24,15,HIGHWAY,0,0.7957821032158167
LTP293,5,24,16,PASTRY,0,0.8526805789822104
LTP293,5,24,17,ICEBERG,1,0.8887327662553738
LTP293,5,24,18,PUDDLE,0,0.8854041589395821
LTP293,5,24,19,GAZELLE,1,0.8622662769722882
LTP293,5,24,20,LIGHTNING,1,0.8756376897911288
LTP293,5,24,21,STAR,1,0.8470181623060725
LTP293,5,24,22,SNACK,0,0.8683602097440863
LTP293,5,24,23,NECKLACE,1,0.8938360976166783
LTP293,5,24,24,IGLOO,1,0.8407044675881006
LTP293,22,1,1,CATTLE,1,0.8913848420409035
LTP293,22,1,2,LIGHTNING,1,0.8699976077412029
LTP293,22,1,3,GYMNAST,1,0.8557543365530857
LTP293,22,1,4,JEANS,1,0.8598817723253906
LTP293,22,1,5,OX,1,0.7881264249881164
LTP293,22,1,6,TABLET,1,0.86311109178814
LTP293,22,1,7,DRESSER,1,0.8575733320966685
LTP293,22,1,8,FRANCE,1,0.8483020804017519
LTP293,22,1,9,DONOR,0,0.8259789690993856
LTP293,22,1,10,CHEST,1,0.820995137488844
LTP293,22,1,11,ANTLER,0,0.8642522020463765
LTP293,22,1,12,ELBOW,1,0.8581713633655746
LTP293,22,1,13,ROBOT,0,0.8343978553539579
LTP293,22,1,14,SHOULDER,0,0.8719503107464368
LTP293,22,1,15,BEAST,1,0.8040033938704665
LTP293,22,1,16,CHIPMUNK,0,0.8744161372588046
LTP293,22,1,17,BACON,0,0.8075110196112222
LTP293,22,1,18,MILDEW,1,0.8862843786530061
LTP293,22,1,19,CABBAGE,1,0.839882716271657
LTP293,22,1,20,GRIZZLY,1,0.8540381192836752
LTP293,22,1,21,HAND,1,0.8133504440489954
LTP293,22,1,22,LASER,0,0.7788992674615418
LTP293,22,1,23,RIFLE,0,0.8531980805337754
LTP293,22,1,24,SERVER,0,0.8164672834548162
LTP293,22,2,1,RECORD,0,0.8488607148497099
LTP293,22,2,2,COBRA,1,0.7943082502459601
LTP293,22,2,3,OUTDOORS,1,0.8232618022314425
LTP293,22,2,4,LETTUCE,1,0.8821178266605019
LTP293,22,2,5,SALAD,1,0.8666338430123421
LTP293,22,2,6,LAGOON,1,0.8412913519867613
LTP293,22,2,7,FRIAR,0,0.8497972029460498
LTP293,22,2,8,TURKEY,1,0.8754847314503451
LTP293,22,2,9,PORTRAIT,1,0.8760722667475628
LTP293,22,2,10,SNAIL,1,0.8708289857688648
LTP293,22,2,11,FLEET,0,0.8386630650454003
LTP293,22,2,12,TROMBONE,0,0.8818177187103764
LTP293,22,2,13,SHOVEL,0,0.8920935468339215
LTP293,22,2,14,SERVANT,0,0.7966460993104739
LTP293,22,2,15,SCRIBBLE,1,0.8306381533481026
LTP293,22,2,16,GARDEN,1,0.8457005288993761
LTP293,22,2,17,SKETCH,0,0.8675694780439781
LTP293,22,2,18,ORCHID,1,0.8613911242533077
LTP293,22,2,19,FLIPPER,0,0.8442143499304026
LTP293,22,2,20,DAUGHTER,0,0.8293398337417057
LTP293,22,2,21,PIMPLE,0,0.8673559457764582
LTP293,22,2,22,FRECKLE,0,0.8799633962557746
LTP293,22,2,23,PEDAL,0,0.85688937467809
LTP293,22,2,24,PICTURE,1,0.8232273944425762
LTP293,22,3,1,PEPPER,1,0.8452203954278906
LTP293,22,3,2,TURNIP,1,0.8963818989483968
LTP293,22,3,3,STICKER,1,0.8586637509214824
LTP293,22,3,4,DOLPHIN,1,0.8611941037075258
LTP293,22,3,5,DANDRUFF,0,0.8967984091619926
LTP293,22,3,6,VALVE,0,0.8611354440412285
LTP293,22,3,7,BURGLAR,1,0.8814394380217987
LTP293,22,3,8,MAMMAL,1,0.8070957014305957
LTP293,22,3,9,STALLION,0,0.8628919953730728
LTP293,22,3,10,QUEEN,1,0.8488477776290199
LTP293,22,3,11,IGLOO,1,0.8333869891690678
LTP293,22,3,12,STATUE,1,0.8102034347882149
LTP293,22,3,13,IDOL,1,0.7920511979625238
LTP293,22,3,14,PLASTER,0,0.799339999185981
LTP293,22,3,15,SUNSET,0,0.8433588397461698
LTP293,22,3,16,VIRUS,1,0.8222811695093374
LTP293,22,3,17,PRINCESS,1,0.8782144106592992
LTP293,22,3,18,SPHINX,1,0.8651856591707712
LTP293,22,3,19,MARROW,0,0.8812332430724001
LTP293,22,3,20,KIDNEY,0,0.8578668319115664
LTP293,22,3,21,JUNGLE,1,0.8780575243329036
LTP293,22,3,22,PRIMATE,1,0.8466188083267826
LTP293,22,3,23,CONVICT,1,0.8202199151199363
LTP293,22,3,24,CRUTCH,1,0.8901284603925297
LTP293,22,4,1,ROCKET,1,0.8948055711918322
LTP293,22,4,2,LOFT,1,0.887969983257969
LTP293,22,4,3,HARP,1,0.8661573270324746
LTP293,22,4,4,CAPTIVE,1,0.8351123648744893
LTP293,22,4,5,MARS,0,0.8339542456117758
LTP293,22,4,6,ROBBER,0,0.838389907589248
LTP293,22,4,7,COTTAGE,0,0.8777870327498007
LTP293,22,4,8,DORM,1,0.785759662510968
LTP293,22,4,9,HOOD,0,0.8696826377210216
LTP293,22,4,10,HELMET,0,0.8512338352269755
LTP293,22,4,11,CHEMIST,0,0.8849363805938565
LTP293,22,4,12,BEAKER,0,0.8539928033519063
LTP293,22,4,13,PEACH,0,0.8366781192399484
LTP293,22,4,14,LEG,1,0.8297930033895609
LTP293,22,4,15,GRILL,0,0.8755418786899873
LTP293,22,4,16,BRANCH,0,0.8488151542404351
LTP293,22,4,17,TOASTER,0,0.8385192270048514
LTP293,22,4,18,DIME,0,0.839427131102608
LTP293,22,4,19,MASK,0,0.7961687590607804
LTP293,22,4,20,POPCORN,0,0.8338647066879019
LTP293,22,4,21,BINDER,1,0.8529206264589084
LTP293,22,4,22,ORANGE,1,0.8436345597090359
LTP293,22,4,23,TOMBSTONE,0,0.8813499854475724
LTP293,22,4,24,PADDING,1,0.874354137175901
LTP293,22,5,1,ACTOR,1,0.7770713476755261
LTP293,22,5,2,WHISKERS,0,0.8704488548299874
LTP293,22,5,3,PENGUIN,0,0.8912947683027569
LTP293,22,5,4,COMET,0,0.8395351236410827
LTP293,22,5,5,HERO,0,0.8662498108426292
LTP293,22,5,6,MISSILE,1,0.837497051642938
LTP293,22,5,7,ROOSTER,0,0.8712480403583395
LTP293,22,5,8,TWEEZERS,1,0.8367952865129679
LTP293,22,5,9,LEADER,0,0.8290921563682959
LTP293,22,5,10,BRICK,0,0.8872930966827425
LTP293,22,5,11,BULLET,1,0.8545974855817093
LTP293,22,5,12,COUCH,1,0.8446562472110123
LTP293,22,5,13,TABLE,0,0.8439346919299154
LTP293,22,5,14,CLOTHES,0,0.8762299902935815
LTP293,22,5,15,PASTRY,0,0.8640292370619405
LTP293,22,5,16,SHELTER,1,0.8367562385074896
LTP293,22,5,17,BABY,0,0.8296217169890331
LTP293,22,5,18,FOREHEAD,1,0.8257301314040302
LTP293,22,5,19,SODA,0,0.7943352475101026
LTP293,22,5,20,BARLEY,0,0.8807242908680155
LTP293,22,5,21,WORKER,1,0.8615131245413422
LTP293,22,5,22,BADGE,0,0.840801370464365
LTP293,22,5,23,GUARD,0,0.8733575741200233
LTP293,22,5,24,CHAUFFEUR,1,0.8406922647086194
LTP293,22,6,1,KITCHEN,1,0.8812691908764795
LTP293,22,6,2,NOMAD,0,0.8201559248916143
LTP293,22,6,3,YACHT,1,0.8804928470767224
LTP293,22,6,4,MARINE,1,0.8626961603203722
LTP293,22,6,5,CLAM,1,0.7801075592759381
LTP293,22,6,6,PREACHER,0,0.8475643912027269
LTP293,22,6,7,TEMPLE,0,0.8807070076631012
LTP293,22,6,8,COLONEL,1,0.8858607623611305
LTP293,22,6,9,SPIDER,0,0.8625416182806712
LTP293,22,6,10,ICEBERG,1,0.8917335631874557
LTP293,22,6,11,CELLAR,1,0.8701846219788292
LTP293,22,6,12,QUARTER,0,0.8503453309043321
LTP293,22,6,13,TRACTOR,1,0.8411332932693543
LTP293,22,6,14,CRAYON,1,0.8982364766421832
LTP293,22,6,15,COURSE,0,0.8336944438201606
LTP293,22,6,16,BLOUSE,0,0.8711507594999259
LTP293,22,6,17,VALLEY,0,0.8847555494277858
LTP293,22,6,18,JAPAN,0,0.794113379883147
LTP293,22,6,19,PLIERS,0,0.8681974626416936
LTP293,22,6,20,COLLEGE,0,0.8822031058089231
LTP293,22,6,21,TERMITE,0,0.8889443671476848
LTP293,22,6,22,BODY,1,0.7528127392026722
LTP293,22,6,23,STOVE,1,0.845717205141891
LTP293,22,6,24,PIGMENT,0,0.8785377570186474
LTP293,22,7,1,QUAIL,1,0.866221026091153
LTP293,22,7,2,PASSAGE,0,0.8631389326300904
LTP293,22,7,3,FINGER,1,0.8957536613389249
LTP293,22,7,4,PERCH,1,0.8909166567908735
LTP293,22,7,5,HORSE,0,0.8588529728462334
LTP293,22,7,6,SPACE,1,0.7771504845203236
LTP293,22,7,7,WORLD,1,0.8136212131658282
LTP293,22,7,8,GRAVE,1,0.7853305147149854
LTP293,22,7,9,DINER,1,0.796265402284028
LTP293,22,7,10,SANDWICH,1,0.891182806409325
LTP293,22,7,11,CUPBOARD,0,0.8853127246779361
LTP293,22,7,12,MUFFIN,1,0.8619635181383012
LTP293,22,7,13,HAWK,1,0.8084989342111981
LTP293,22,7,14,TUBA,0,0.8509529976533192
LTP293,22,7,15,GIFT,0,0.8397776447412872
LTP293,22,7,16,SOFTBALL,0,0.8663840634093288
LTP293,22,7,17,FRUIT,1,0.8390630680860841
LTP293,22,7,18,COIN,1,0.837567930779277
LTP293,22,7,19,BOX,1,0.7664939330997118
LTP293,22,7,20,SPARROW,0,0.8322003381680324
LTP293,22,7,21,SIDEWALK,1,0.8685012813504899
LTP293,22,7,22,KETCHUP,1,0.8830528426424786
LTP293,22,7,23,MUSTARD,1,0.7727253979282157
LTP293,22,7,24,EMPIRE,0,0.8343283466349242
LTP293,22,8,1,NEUTRON,1,0.8880153883308903
LTP293,22,8,2,CABIN,1,0.8473506571155042
LTP293,22,8,3,PERMIT,0,0.8508518502419543
LTP293,22,8,4,FRAGRANCE,0,0.872261135934973
LTP293,22,8,5,WIDOW,0,0.844133876433424
LTP293,22,8,6,COOK,0,0.8235892737327689
LTP293,22,8,7,FOREST,0,0.8135152749460481
LTP293,22,8,8,COCOON,1,0.8253965563466805
LTP293,22,8,9,CRATER,0,0.8698043171267947
LTP293,22,8,10,FEMALE,1,0.7971173668297645
LTP293,22,8,11,LOVER,1,0.7864859741976648
LTP293,22,8,12,WAITRESS,0,0.8422351361055354
LTP293,22,8,13,CANYON,1,0.8505628495920791
LTP293,22,8,14,CROWN,0,0.8665683285716351
LTP293,22,8,15,GARLIC,0,0.8571791577912702
LTP293,22,8,16,BUGGY,0,0.8700438645637049
LTP293,22,8,17,DONKEY,1,0.8922560643007396
LTP293,22,8,18,KEEPER,1,0.82276214432573
LTP293,22,8,19,PERFUME,0,0.8755371035237528
LTP293,22,8,20,LUNCH,1,0.8061629341898122
LTP293,22,8,21,LADDER,1,0.824033991688782
LTP293,22,8,22,ATOM,1,0.7745554671352829
LTP293,22,8,23,PEANUT,1,0.8767869840765891
LTP293,22,8,24,CASHEW,0,0.8927075016677557
LTP293,22,9,1,POET,1,0.8044991445319337
LTP293,22,9,2,CHAPEL,1,0.8236572299063819
LTP293,22,9,3,PUDDLE,1,0.8841874529944658
LTP293,22,9,4,SWIMMER,1,0.8010079987591214
LTP293,22,9,5,MARSH,1,0.8661555450502428
LTP293,22,9,6,CAMEL,1,0.8763617852196712
LTP293,22,9,7,HOUND,1,0.8783135757939218
LTP293,22,9,8,COUSIN,1,0.8674896658665946
LTP293,22,9,9,PAIL,1,0.8376432868129482
LTP293,22,9,10,ROD,0,0.8526285374456848
LTP293,22,9,11,BALLOON,0,0.8799190369353975
LTP293,22,9,12,SUITCASE,1,0.8409184745292614
LTP293,22,9,13,BRIEFCASE,1,0.8510933656623423
LTP293,22,9,14,JELLY,1,0.8521830138193237
LTP293,22,9,15,DANCER,1,0.8890437899534385
LTP293,22,9,16,SCOTCH,1,0.8603898859119421
LTP293,22,9,17,DIVER,0,0.801508428519329
LTP293,22,9,18,DRIVER,0,0.840348095708831
LTP293,22,9,19,MARKET,1,0.8535091546176043
LTP293,22,9,20,CONCERT,1,0.809079735462072
LTP293,22,9,21,RECEIPT,0,0.834295340735525
LTP293,22,9,22,RUG,0,0.8297014817575769
LTP293,22,9,23,PLAZA,1,0.7993202134565809
LTP293,22,9,24,SLIDE,0,0.8709356801816565
LTP293,22,10,1,XEROX,1,0.8618098724400842
LTP293,22,10,2,GAVEL,1,0.7924214730257054
LTP293,22,10,3,ATLAS,1,0.7692219650286762
LTP293,22,10,4,MISTER,1,0.8097146559034715
LTP293,22,10,5,HORNET,0,0.8610536071088577
LTP293,22,10,6,BLADE,0,0.8841702701203826
LTP293,22,10,7,PARTNER,0,0.8459011143463508
LTP293,22,10,8,WOMAN,0,0.8344513278242557
LTP293,22,10,9,PISTON,0,0.8716897911366436
LTP293,22,10,10,TAXI,1,0.8615010044492502
LTP293,22,10,11,SWAMP,1,0.778419615364235
LTP293,22,10,12,CANAL,1,0.864744996856361
LTP293,22,10,13,HATCHET,0,0.8513658394831055
LTP293,22,10,14,SLOPE,0,0.8601486493273026
LTP293,22,10,15,NOTEBOOK,0,0.7902575847204152
LTP293,22,10,16,KLEENEX,0,0.8373403862387048
LTP293,22,10,17,LAMP,1,0.8409004672225163
LTP293,22,10,18,BACKBONE,0,0.8807518194354965
LTP293,22,10,19,LIZARD,0,0.8693018020865164
LTP293,22,10,20,AIRPLANE,1,0.8581490469433671
LTP293,22,10,21,SUMMIT,0,0.8426456567981789
LTP293,22,10,22,TREAT,0,0.7357408593180752
LTP293,22,10,23,AIRPORT,1,0.8430778919184524
LTP293,22,10,24,PATROL,0,0.8655250169904377
LTP293,22,11,1,DRESS,1,0.8699407164968546
LTP293,22,11,2,COD,1,0.8008609615890473
LTP293,22,11,3,INMATE,1,0.8494637044761766
LTP293,22,11,4,GRAPE,1,0.7752854575381105
LTP293,22,11,5,LODGE,0,0.864678260095503
LTP293,22,11,6,PASTA,1,0.8652545485150429
LTP293,22,11,7,STAMP,1,0.8125289642693944
LTP293,22,11,8,TYPIST,1,0.8941307001980662
LTP293,22,11,9,FIDDLE,0,0.894483401190557
LTP293,22,11,10,PARSLEY,0,0.8682866181448219
LTP293,22,11,11,LEOPARD,1,0.8694290592659365
LTP293,22,11,12,ONION,1,0.815703041832566
LTP293,22,11,13,SALT,1,0.8529138383658657
LTP293,22,11,14,BANK,0,0.8640083858637218
LTP293,22,11,15,TRUCK,0,0.8443585686844703
LTP293,22,11,16,SHIRT,0,0.859148991560798
LTP293,22,11,17,HOOK,1,0.8887375716163314
LTP293,22,11,18,NAPKIN,1,0.8355305076249349
LTP293,22,11,19,PAPER,1,0.8060535041647684
LTP293,22,11,20,OFFICE,1,0.853056876793797
LTP293,22,11,21,FILM,0,0.8636615730792083
LTP293,22,11,22,SPOOL,0,0.8716499680692352
LTP293,22,11,23,BUCKET,0,0.8663778406180599
LTP293,22,11,24,RAFT,1,0.8679164227322659
LTP293,22,12,1,PALACE,1,0.8520701597622198
LTP293,22,12,2,ZIPPER,1,0.7873450004022553
LTP293,22,12,3,SADDLE,1,0.8685276441005395
LTP293,22,12,4,BUBBLE,0,0.864545904232067
LTP293,22,12,5,SLIME,1,0.8865375408276155
LTP293,22,12,6,PRINCE,1,0.8069923642090114
LTP293,22,12,7,FOOTBALL,0,0.8359903094278642
LTP293,22,12,8,BOYFRIEND,0,0.8655262159730047
LTP293,22,12,9,SCALPEL,1,0.8838855408347573
LTP293,22,12,10,BUTCHER,1,0.8400390913553316
LTP293,22,12,11,TOURIST,0,0.8586872772132803
LTP293,22,12,12,CRITIC,0,0.8153512417136495
LTP293,22,12,13,ACTRESS,0,0.8789524660864205
LTP293,22,12,14,PADDLE,0,0.8792729301667044
LTP293,22,12,15,VIKING,0,0.8135294553118002
LTP293,22,12,16,GRAVEL,1,0.769969685629023
LTP293,22,12,17,BEEF,0,0.8057152971419232
LTP293,22,12,18,DUSTPAN,0,0.870088519429393
LTP293,22,12,19,CITRUS,0,0.8618383957513257
LTP293,22,12,20,FLAG,0,0.7942742533497672
LTP293,22,12,21,CASKET,0,0.8893029053355842
LTP293,22,12,22,DUST,1,0.8461777214183505
LTP293,22,12,23,LAPEL,1,0.8503047151246723
LTP293,22,12,24,MEAT,0,0.8596351033366577
LTP293,22,13,1,POSSUM,1,0.8466911876837581
LTP293,22,13,2,PORK,0,0.8616977512899046
LTP293,22,13,3,LION,1,0.8364995685907223
LTP293,22,13,4,LONDON,1,0.8070659901145363
LTP293,22,13,5,CLAMP,0,0.8022600089212019
LTP293,22,13,6,BROTHER,1,0.8784108088200854
LTP293,22,13,7,SMOG,1,0.8608585800432185
LTP293,22,13,8,CLOUD,1,0.8514552864220539
LTP293,22,13,9,PIZZA,1,0.8325028861548452
LTP293,22,13,10,BEAVER,0,0.8483255427753238
LTP293,22,13,11,MOP,0,0.7957410209753191
LTP293,22,13,12,STAKE,1,0.8225482917242422
LTP293,22,13,13,FIREMAN,1,0.882240103381613
LTP293,22,13,14,FARMER,1,0.8142881704339349
LTP293,22,13,15,PECAN,0,0.8211941475906573
LTP293,22,13,16,NIGHTGOWN,1,0.8353400542143128
LTP293,22,13,17,MATTRESS,1,0.8671759719225736
LTP293,22,13,18,BANQUET,0,0.8806015250756213
LTP293,22,13,19,SCALLOP,0,0.8534353508859689
LTP293,22,13,20,ARMY,0,0.8736385630114154
LTP293,22,13,21,ASIA,0,0.7966774239323926
LTP293,22,13,22,PLATE,0,0.7897308690020551
LTP293,22,13,23,THIEF,0,0.8406199488464006
LTP293,22,13,24,COUNTRY,1,0.8354920784436626
LTP293,22,14,1,SWORD,1,0.8042762652154475
LTP293,22,14,2,SNAKE,1,0.8933461092845176
LTP293,22,14,3,MILK,0,0.8247094059459492
LTP293,22,14,4,SUSPECT,0,0.8683394720206612
LTP293,22,14,5,PUDDING,1,0.8634038084103292
LTP293,22,14,6,COCKTAIL,1,0.8515040575087459
LTP293,22,14,7,FLASK,1,0.8812294390509816
LTP293,22,14,8,SHORTS,0,0.8191451879816949
LTP293,22,14,9,FRAME,0,0.8744653983304863
LTP293,22,14,10,CATCHER,0,0.8708199796712632
LTP293,22,14,11,PACKAGE,1,0.8550513952423527
LTP293,22,14,12,SEAL,1,0.7800020710175379
LTP293,22,14,13,CHILD,1,0.8442937085805202
LTP293,22,14,14,PLAYGROUND,1,0.8586613107579576
LTP293,22,14,15,POLICE,0,0.8314434304153195
LTP293,22,14,16,JUDGE,1,0.82860691626063
LTP293,22,14,17,RAZOR,1,0.8500495272049117
LTP293,22,14,18,KNIFE,0,0.8235758276633471
LTP293,22,14,19,BRANDY,0,0.8744837503384219
LTP293,22,14,20,DRAWING,1,0.8542850206849327
LTP293,22,14,21,OUTFIT,0,0.8629008162632166
LTP293,22,14,22,SURVEY,0,0.8368157287933842
LTP293,22,14,23,ARM,0,0.8274959986852077
LTP293,22,14,24,JELLO,1,0.8592125429523321
LTP293,22,15,1,PLUTO,0,0.8616142407150827
LTP293,22,15,2,BLUEPRINT,1,0.908073791947007
LTP293,22,15,3,BLENDER,0,0.8994626793774715
LTP293,22,15,4,SPONGE,0,0.8739430550328963
LTP293,22,15,5,BROOK,0,0.8423844629213333
LTP293,22,15,6,AUTHOR,0,0.8527715222950448
LTP293,22,15,7,FLOWER,1,0.8857693882373007
LTP293,22,15,8,GOBLIN,0,0.8560616275000801
LTP293,22,15,9,CRAB,1,0.8738052522432879
LTP293,22,15,10,CLIMBER,0,0.8296103938876049
LTP293,22,15,11,NOVEL,0,0.8262649699393554
LTP293,22,15,12,SHRUB,0,0.8592885117773664
LTP293,22,15,13,SAUSAGE,0,0.8225564453629853
LTP293,22,15,14,PICNIC,0,0.8240592560516374
LTP293,22,15,15,WAITER,0,0.8487499793267953
LTP293,22,15,16,MACHINE,0,0.8369450383079715
LTP293,22,15,17,COMPASS,0,0.8768569420957173
LTP293,22,15,18,REBEL,0,0.8394860442025508
LTP293,22,15,19,VENUS,0,0.8212293856819182
LTP293,22,15,20,MONSTER,0,0.8573478910668207
LTP293,22,15,21,BASEMENT,0,0.8612778426213578
LTP293,22,15,22,WASHER,1,0.854927563852984
LTP293,22,15,23,CIGAR,1,0.8619268891513389
LTP293,22,15,24,GIRL,0,0.8766186518752747
LTP293,22,16,1,VAGRANT,0,0.8483818193515522
LTP293,22,16,2,GHETTO,1,0.8783839250258513
LTP293,22,16,3,RELISH,0,0.841724284324896
LTP293,22,16,4,SHELF,0,0.8200263356393038
LTP293,22,16,5,ICING,0,0.8486150085667197
LTP293,22,16,6,LILY,0,0.8089939971409873
LTP293,22,16,7,MAILBOX,1,0.8603358845326001
LTP293,22,16,8,FRIEND,0,0.8372750813198737
LTP293,22,16,9,HANDBAG,0,0.8756441626180137
LTP293,22,16,10,MAILMAN,1,0.8773846294917936
LTP293,22,16,11,GANGSTER,1,0.8586426597866412
LTP293,22,16,12,POWDER,1,0.8285496287720143
LTP293,22,16,13,GAZELLE,1,0.8656333566409576
LTP293,22,16,14,SEAGULL,1,0.8867427150610702
LTP293,22,16,15,SLUG,0,0.8663765156476599
LTP293,22,16,16,TURTLE,0,0.8890221244686549
LTP293,22,16,17,THREAD,1,0.8409856065608403
LTP293,22,16,18,EYELASH,0,0.8584673021109359
LTP293,22,16,19,LIPSTICK,0,0.8712000807428026
LTP293,22,16,20,GUITAR,0,0.7670133358900627
LTP293,22,16,21,SHORTCAKE,0,0.8648771619110042
LTP293,22,16,22,HIGHWAY,0,0.79228765486557
LTP293,22,16,23,SPOUSE,1,0.8713177945102383
LTP293,22,16,24,UNCLE,0,0.7938205704668367
LTP293,22,17,1,CEILING,1,0.845087293702936
LTP293,22,17,2,OINTMENT,1,0.8462270256600976
LTP293,22,17,3,VICTIM,0,0.8077593587807281
LTP293,22,17,4,TORTOISE,0,0.8758324748087735
LTP293,22,17,5,CORAL,0,0.8246451014059848
LTP293,22,17,6,MATCH,0,0.8482871712768386
LTP293,22,17,7,DRILL,1,0.8714993204695997
LTP293,22,17,8,STONE,0,0.8329780450716134
LTP293,22,17,9,DRUG,1,0.8667595342327117
LTP293,22,17,10,BLACKBOARD,1,0.8172649930215804
LTP293,22,17,11,FLASHLIGHT,1,0.8376927086000956
LTP293,22,17,12,JURY,0,0.8339963519028991
LTP293,22,17,13,TRENCH,0,0.8265552040718794
LTP293,22,17,14,BOARD,1,0.780295813952357
LTP293,22,17,15,SIBLING,0,0.8469834319456055
LTP293,22,17,16,CROSS,1,0.8732072985998593
LTP293,22,17,17,ROBIN,0,0.8219174177129802
LTP293,22,17,18,TILE,0,0.8431043130512623
LTP293,22,17,19,FLESH,1,0.8331168543869271
LTP293,22,17,20,TROUT,0,0.8005558783968707
LTP293,22,17,21,AWARD,0,0.8492738331874505
LTP293,22,17,22,MEDAL,0,0.8526589663390953
LTP293,22,17,23,NECKLACE,0,0.8991621712652687
LTP293,22,17,24,WHISTLE,0,0.8719317617369012
LTP293,22,18,1,OYSTER,1,0.8634890351744884
LTP293,22,18,2,SEAFOOD,1,0.8624282099748792
LTP293,22,18,3,REPORT,1,0.8051691157326475
LTP293,22,18,4,CURTAIN,0,0.8939204210526767
LTP293,22,18,5,OZONE,0,0.8518591650407404
LTP293,22,18,6,FOX,0,0.8048672319360959
LTP293,22,18,7,BUNNY,0,0.8585353556745368
LTP293,22,18,8,PATIENT,0,0.8497847534814394
LTP293,22,18,9,GROUND,1,0.8198384890114099
LTP293,22,18,10,WITNESS,0,0.8231954269484324
LTP293,22,18,11,WASP,0,0.8270981191683863
LTP293,22,18,12,ULCER,0,0.847474629286592
LTP293,22,18,13,HUMAN,0,0.8220495389391396
LTP293,22,18,14,SPOON,0,0.8572223143491314
LTP293,22,18,15,GLASS,0,0.8562233399848276
LTP293,22,18,16,NURSE,0,0.8734123189397998
LTP293,22,18,17,GLOBE,0,0.8385166100038782
LTP293,22,18,18,SHARK,0,0.7876130107722287
LTP293,22,18,19,BOUQUET,0,0.8714436488023697
LTP293,22,18,20,CAFE,1,0.8174119296738456
LTP293,22,18,21,BUG,1,0.8433467433611535
LTP293,22,18,22,CRICKET,1,0.8723508527704696
LTP293,22,18,23,PANTHER,0,0.8534044502265308
LTP293,22,18,24,LACE,1,0.8141060058542537
LTP293,22,19,1,LAVA,1,0.8023466494553927
LTP293,22,19,2,PEBBLE,1,0.8140649426094494
LTP293,22,19,3,EGYPT,0,0.8529536612346281
LTP293,22,19,4,JUGGLER,0,0.838601369354911
LTP293,22,19,5,CANDY,0,0.8887525504118494
LTP293,22,19,6,BISON,1,0.8727871886766708
LTP293,22,19,7,HEART,0,0.8788993136460338
LTP293,22,19,8,BIKE,0,0.8786218614547192
LTP293,22,19,9,CREATURE,0,0.855037298938949
LTP293,22,19,10,BLOCKADE,1,0.8611302037230547
LTP293,22,19,11,SNACK,0,0.8746941326356551
LTP293,22,19,12,HOSTESS,0,0.8319323523293743
LTP293,22,19,13,SILK,1,0.8757080766992211
LTP293,22,19,14,SCARECROW,0,0.8885569562505496
LTP293,22,19,15,CARROT,0,0.8589419087931673
LTP293,22,19,16,RABBIT,0,0.8309625037302832
LTP293,22,19,17,CYCLONE,0,0.8808348115355839
LTP293,22,19,18,MONEY,0,0.8245198930694203
LTP293,22,19,19,BARREL,0,0.8304445502955823
LTP293,22,19,20,APRON,1,0.878324010529452
LTP293,22,19,21,SKILLET,1,0.8918218965564211
LTP293,22,19,22,AGENT,0,0.8055336826705282
LTP293,22,19,23,RACKET,1,0.8909249223434994
LTP293,22,19,24,TART,1,0.8303074131900771
LTP293,22,20,1,DASHBOARD,1,0.8793879604817629
LTP293,22,20,2,PARENT,1,0.8003233589152541
LTP293,22,20,3,WIFE,1,0.7889852885363791
LTP293,22,20,4,HUSBAND,1,0.8528913889141372
LTP293,22,20,5,SCULPTURE,0,0.8491944555178007
LTP293,22,20,6,HEDGE,0,0.8442654661291946
LTP293,22,20,7,PROTON,0,0.8275617518885827
LTP293,22,20,8,ZEBRA,1,0.861880620934174
LTP293,22,20,9,COOKBOOK,0,0.8524014952499024
LTP293,22,20,10,WARDROBE,0,0.8887158225914241
LTP293,22,20,11,RATTLE,0,0.8705973862975697
LTP293,22,20,12,CASHIER,1,0.8739531158434657
LTP293,22,20,13,BANKER,1,0.8900938411466552
LTP293,22,20,14,GALLON,0,0.8346990567384676
LTP293,22,20,15,SUPPER,0,0.8011630407885579
LTP293,22,20,16,KNAPSACK,0,0.8565786048172804
LTP293,22,20,17,POCKET,0,0.8574304691187612
LTP293,22,20,18,APPLE,0,0.8487297271296621
LTP293,22,20,19,STAR,0,0.834149334741023
LTP293,22,20,20,SCARF,1,0.8573172357533688
LTP293,22,20,21,SISTER,1,0.7976890687358863
LTP293,22,20,22,MOTOR,0,0.8095551911229255
LTP293,22,20,23,LUGGAGE,1,0.8780807336043949
LTP293,22,20,24,COSTUME,0,0.871366345203602
LTP293,22,21,1,POISON,1,0.8315195473860909
LTP293,22,21,2,PIANO,1,0.8549716779210474
LTP293,22,21,3,FIREPLACE,1,0.8801005255903375
LTP293,22,21,4,DRAGON,0,0.8840403783958249
LTP293,22,21,5,FOOT,1,0.7915134726274384
LTP293,22,21,6,TWIG,1,0.8502925503443018
LTP293,22,21,7,MAPLE,0,0.7859787264973699
LTP293,22,21,8,OMELET,0,0.8497800325170027
LTP293,22,21,9,DAISY,0,0.8574341973824592
LTP293,22,21,10,TUNNEL,1,0.8848780970296208
LTP293,22,21,11,INFANT,0,0.8697998328483512
LTP293,22,21,12,CONTRACT,0,0.8085848774199067
LTP293,22,21,13,CHURCH,0,0.8035441776900374
LTP293,22,21,14,MESSAGE,1,0.8459149942431672
LTP293,22,21,15,SUNRISE,0,0.8972732956156086
LTP293,22,21,16,ISLAND,1,0.7677583301927424
LTP293,22,21,17,YOLK,0,0.8711766992575305
LTP293,22,21,18,SWITCH,0,0.7920388860798119
LTP293,22,21,19,HEADBAND,1,0.8697749532027393
LTP293,22,21,20,POSTAGE,1,0.8673258109951175
LTP293,22,21,21,PARROT,1,0.8510188550552605
LTP293,22,21,22,BANJO,1,0.8747271137556397
LTP293,22,21,23,MARKER,1,0.8658400574344651
LTP293,22,21,24,SUBWAY,0,0.8856801280241069
LTP293,22,22,1,RADISH,0,0.8671317740352663
LTP293,22,22,2,TUTU,1,0.8030493335400156
LTP293,22,22,3,RUST,1,0.852290130969629
LTP293,22,22,4,TRANSPLANT,0,0.7924668557531638
LTP293,22,22,5,SKIRT,0,0.8320660856970986
LTP293,22,22,6,PIGEON,0,0.8923519859376323
LTP293,22,22,7,WAGON,1,0.8503350719981068
LTP293,22,22,8,EUROPE,1,0.7762840271572146
LTP293,22,22,9,GREASE,0,0.8549591723646668
LTP293,22,22,10,COFFEE,0,0.8740811506318157
LTP293,22,22,11,MUMMY,0,0.8606410548245901
LTP293,22,22,12,COUNTY,0,0.8459482106109021
LTP293,22,22,13,EXPERT,0,0.8316307493579607
LTP293,22,22,14,TEACHER,1,0.8504502532853979
LTP293,22,22,15,THRONE,0,0.8553389974499298
LTP293,22,22,16,LADY,0,0.8041106543737544
LTP293,22,22,17,SALMON,1,0.8426979867971647
LTP293,22,22,18,ITEM,0,0.8271034370275681
LTP293,22,22,19,HONEY,0,0.8539879424754828
LTP293,22,22,20,BELLY,0,0.8780201603095463
LTP293,22,22,21,STOMACH,0,0.823039973156939
LTP293,22,22,22,BATHTUB,0,0.8498159664443321
LTP293,22,22,23,LAKE,0,0.8520965441056706
LTP293,22,22,24,PLAID,0,0.7984630980731994
LTP293,22,23,1,FREEZER,1,0.8190433074503981
LTP293,22,23,2,JOURNAL,1,0.843769163436152
LTP293,22,23,3,BRAKE,0,0.8947828591751597
LTP293,22,23,4,BUREAU,0,0.8479916032329992
LTP293,22,23,5,HIKER,1,0.8736246921558964
LTP293,22,23,6,LUMBER,0,0.8865241031164256
LTP293,22,23,7,LABEL,0,0.8622102928332374
LTP293,22,23,8,CHAMPAGNE,0,0.8414529856100204
LTP293,22,23,9,DENIM,0,0.8651534248278293
LTP293,22,23,10,PUPPY,1,0.884046782612584
LTP293,22,23,11,OUTLAW,0,0.8766592877950924
LTP293,22,23,12,HAMPER,1,0.886084980795939
LTP293,22,23,13,VELVET,0,0.8745687255764655
LTP293,22,23,14,GARBAGE,0,0.8828116255748345
LTP293,22,23,15,BRACES,0,0.8651588799822801
LTP293,22,23,16,DENTIST,0,0.854184281514416
LTP293,22,23,17,EAGLE,0,0.8351156257198118
LTP293,22,23,18,FLUTE,0,0.8217313887353194
LTP293,22,23,19,FUNGUS,1,0.8640586375465285
LTP293,22,23,20,ANKLE,0,0.8586861277316687
LTP293,22,23,21,STAPLE,1,0.8607304330984613
LTP293,22,23,22,PISTOL,1,0.8717111802728332
LTP293,22,23,23,DRINK,0,0.8136592654233872
LTP293,22,23,24,WRENCH,0,0.8467291076953083
LTP293,22,24,1,SHERIFF,0,0.8776339702763403
LTP293,22,24,2,CARRIAGE,1,0.8537137477048484
LTP293,22,24,3,GLOVE,1,0.8951083264993706
LTP293,22,24,4,CLOCK,1,0.8351248777366265
LTP293,22,24,5,COWBOY,1,0.8515533530124132
LTP293,22,24,6,TRIBE,1,0.8740213242466984
LTP293,22,24,7,SCISSORS,1,0.8207128375351486
LTP293,22,24,8,CRIB,0,0.845969826966063
LTP293,22,24,9,STUDENT,0,0.8370525098587538
LTP293,22,24,10,PUPIL,0,0.8382159912403497
LTP293,22,24,11,UMPIRE,0,0.8596967237330628
LTP293,22,24,12,STREAM,0,0.8825960310350549
LTP293,22,24,13,TWISTER,1,0.8528597018807462
LTP293,22,24,14,WINDOW,0,0.8353646756598341
LTP293,22,24,15,MOTEL,1,0.8719045351117546
LTP293,22,24,16,CUSTARD,0,0.8726493663591627
LTP293,22,24,17,DOUGHNUT,0,0.8830734291359246
LTP293,22,24,18,RIVER,0,0.8816493064133566
LTP293,22,24,19,WRIST,1,0.8826048742066122
LTP293,22,24,20,YARN,0,0.8768721933869836
LTP293,22,24,21,LIVER,0,0.8200708108691007
LTP293,22,24,22,BREAST,1,0.8724922787221129
LTP293,22,24,23,PILOT,0,0.8864590320751566
LTP293,22,24,24,CREVICE,0,0.8871549418639744
LTP299,2,1,1,TROMBONE,1,0.8764248404764773
LTP299,2,1,2,FIDDLE,1,0.9043545287814179
LTP299,2,1,3,PARENT,1,0.7799361753551848
LTP299,2,1,4,CEILING,1,0.8356405157844103
LTP299,2,1,5,SMOG,0,0.8602174786606458
LTP299,2,1,6,SCRIBBLE,0,0.8325522199390187
LTP299,2,1,7,SUSPECT,1,0.877808822694766
LTP299,2,1,8,HERO,1,0.870924119151394
LTP299,2,1,9,NURSE,1,0.8734725304484954
LTP299,2,1,10,GIRL,1,0.8736348242265435
LTP299,2,1,11,RUST,1,0.8505763292287587
LTP299,2,1,12,FLIPPER,1,0.8348368003303576
LTP299,2,1,13,FLEET,0,0.8323127230075322
LTP299,2,1,14,GUARD,1,0.8698788131697845
LTP299,2,1,15,TAXI,0,0.8575562674862265
LTP299,2,1,16,FRECKLE,1,0.8662152476322654
LTP299,2,1,17,SUMMIT,1,0.8373987702188685
LTP299,2,1,18,LIGHTNING,1,0.8800083355980889
LTP299,2,1,19,CLOUD,1,0.8472040975582694
LTP299,2,1,20,KLEENEX,0,0.8277308205064715
LTP299,2,1,21,RIFLE,1,0.8617084358239079
LTP299,2,1,22,BABY,1,0.8265878002144569
LTP299,2,1,23,DOLPHIN,1,0.8422942654947284
LTP299,2,1,24,PERFUME,1,0.8798629461862262
LTP299,2,2,1,SWITCH,0,0.7843864576896923
LTP299,2,2,2,FILM,1,0.8699584929881506
LTP299,2,2,3,HOOK,1,0.8935204799715116
LTP299,2,2,4,STAR,1,0.8349857177707446
LTP299,2,2,5,WASP,0,0.8227596684176236
LTP299,2,2,6,DANCER,0,0.8811718415379748
LTP299,2,2,7,COCKTAIL,0,0.858570721392444
LTP299,2,2,8,SURVEY,1,0.8363267128840632
LTP299,2,2,9,HONEY,0,0.8482919484039897
LTP299,2,2,10,BLADE,0,0.8895031874520083
LTP299,2,2,11,GREASE,0,0.8630783893962428
LTP299,2,2,12,SHIRT,0,0.859386542508444
LTP299,2,2,13,CASHEW,0,0.8870618835491313
LTP299,2,2,14,POPCORN,0,0.8381660282505501
LTP299,2,2,15,FLASK,0,0.8781342618158763
LTP299,2,2,16,COIN,1,0.8362167729540018
LTP299,2,2,17,SCOTCH,0,0.8687794507818768
LTP299,2,2,18,SPOOL,1,0.8768430790606868
LTP299,2,2,19,YARN,1,0.8759966574089364
LTP299,2,2,20,DIVER,1,0.7831270347933879
LTP299,2,2,21,TOMBSTONE,1,0.8835498187771712
LTP299,2,2,22,WIDOW,1,0.8484992415890087
LTP299,2,2,23,ORCHID,0,0.8555242797335212
LTP299,2,2,24,SEAFOOD,1,0.867210637267332
LTP299,2,3,1,PUPIL,1,0.8452519089928806
LTP299,2,3,2,DRUG,1,0.8714289945399792
LTP299,2,3,3,BARREL,0,0.8306139941409495
LTP299,2,3,4,CAMEL,0,0.8858411856386532
LTP299,2,3,5,TWIG,0,0.8554041336063084
LTP299,2,3,6,MAPLE,0,0.7829408057592843
LTP299,2,3,7,PUDDLE,0,0.899157205845235
LTP299,2,3,8,PREACHER,1,0.8434737521942915
LTP299,2,3,9,MOTOR,0,0.8022275750770405
LTP299,2,3,10,STREAM,0,0.887941286971778
LTP299,2,3,11,ROBOT,1,0.8375515256127213
LTP299,2,3,12,TABLE,0,0.843112792648341
LTP299,2,3,13,OINTMENT,0,0.8445050619567289
LTP299,2,3,14,KETCHUP,0,0.8839154786165307
LTP299,2,3,15,MUSTARD,0,0.7685702306152761
LTP299,2,3,16,RUG,0,0.8388245626827472
LTP299,2,3,17,SILK,0,0.8797271280038772
LTP299,2,3,18,UNCLE,0,0.7940918996807851
LTP299,2,3,19,COUCH,1,0.8416067059722968
LTP299,2,3,20,EXPERT,1,0.8238600104207404
LTP299,2,3,21,PEACH,0,0.843753397144482
LTP299,2,3,22,CANYON,0,0.8428817462096185
LTP299,2,3,23,GYMNAST,1,0.8726990835941886
LTP299,2,3,24,MACHINE,1,0.8361803474902676
LTP299,2,4,1,WHISTLE,1,0.8815059971228403
LTP299,2,4,2,GANGSTER,1,0.8574738718975421
LTP299,2,4,3,BULLET,1,0.8688813387249686
LTP299,2,4,4,RECORD,0,0.8532620614991213
LTP299,2,4,5,PEPPER,0,0.8410500886621447
LTP299,2,4,6,CARRIAGE,1,0.8495546081908113
LTP299,2,4,7,FUNGUS,1,0.865761663650315
LTP299,2,4,8,SLIME,1,0.8824720340834434
LTP299,2,4,9,BOYFRIEND,1,0.867850000783246
LTP299,2,4,10,JELLY,1,0.8614241027368026
LTP299,2,4,11,SHORTCAKE,1,0.8643815647721615
LTP299,2,4,12,TROUT,1,0.7929986654190864
LTP299,2,4,13,MARKER,0,0.865694846075628
LTP299,2,4,14,WINDOW,0,0.8419055246144328
LTP299,2,4,15,POET,0,0.8061170514635432
LTP299,2,4,16,SLUG,1,0.8690617033019927
LTP299,2,4,17,HORSE,1,0.8557077157739277
LTP299,2,4,18,CRAB,1,0.8727970525775308
LTP299,2,4,19,JUGGLER,0,0.8541733310693383
LTP299,2,4,20,BUGGY,1,0.8783589182056626
LTP299,2,4,21,AIRPLANE,1,0.8485217576463161
LTP299,2,4,22,VALLEY,1,0.8772322010401744
LTP299,2,4,23,SEAGULL,1,0.8859696030631368
LTP299,2,4,24,BRANCH,1,0.8503576696122521
LTP299,2,5,1,LONDON,0,0.799581544367259
LTP299,2,5,2,PLAYGROUND,0,0.8636171140923148
LTP299,2,5,3,FLASHLIGHT,1,0.8480393685652117
LTP299,2,5,4,DRILL,1,0.8701683735710131
LTP299,2,5,5,DAUGHTER,0,0.8217570454262884
LTP299,2,5,6,RABBIT,1,0.8173729778819285
LTP299,2,5,7,COURSE,1,0.8336466986215816
LTP299,2,5,8,BINDER,0,0.8565298592552583
LTP299,2,5,9,POSTAGE,0,0.8692669294683101
LTP299,2,5,10,LAMP,0,0.8433397413647233
LTP299,2,5,11,NIGHTGOWN,1,0.8362869288974678
LTP299,2,5,12,SLOPE,0,0.8641100298285935
LTP299,2,5,13,DASHBOARD,1,0.8853593957310947
LTP299,2,5,14,MOTEL,1,0.8775889446731833
LTP299,2,5,15,DENTIST,1,0.8531969967397744
LTP299,2,5,16,SCULPTURE,1,0.8571485516209055
LTP299,2,5,17,TUNNEL,1,0.8871165444047169
LTP299,2,5,18,SIBLING,1,0.8534657367623159
LTP299,2,5,19,PLIERS,0,0.8688859156372613
LTP299,2,5,20,AWARD,1,0.8384008446159025
LTP299,2,5,21,MEDAL,1,0.8539860312033636
LTP299,2,5,22,BASEMENT,1,0.864827454393436
LTP299,2,5,23,CELLAR,1,0.8678903862286829
LTP299,2,5,24,SERVANT,0,0.7989941015514674
LTP299,2,6,1,PUPPY,1,0.8853631521224541
LTP299,2,6,2,BOUQUET,0,0.8748641761454252
LTP299,2,6,3,KNIFE,1,0.8302369166985021
LTP299,2,6,4,STOVE,1,0.8511025690031648
LTP299,2,6,5,SKILLET,1,0.8960409137239365
LTP299,2,6,6,SNACK,0,0.8752750800124336
LTP299,2,6,7,BLOCKADE,1,0.8676718743581248
LTP299,2,6,8,VALVE,0,0.8699786094534675
LTP299,2,6,9,CRUTCH,0,0.8914805007282424
LTP299,2,6,10,SWORD,1,0.7985626523625294
LTP299,2,6,11,DIME,0,0.8434632811631263
LTP299,2,6,12,TREAT,1,0.7403398503306553
LTP299,2,6,13,MASK,0,0.8061380586067308
LTP299,2,6,14,MATTRESS,0,0.8714590987968095
LTP299,2,6,15,LOFT,0,0.8897159486554599
LTP299,2,6,16,CLOCK,0,0.8513253406409567
LTP299,2,6,17,PATIENT,0,0.852074923120767
LTP299,2,6,18,BRAKE,0,0.891807603202225
LTP299,2,6,19,DENIM,1,0.8627177931680742
LTP299,2,6,20,CANDY,1,0.8910608545218535
LTP299,2,6,21,SALT,0,0.853280813481295
LTP299,2,6,22,PIMPLE,0,0.8668866486436004
LTP299,2,6,23,CLAMP,0,0.8073670094361495
LTP299,2,6,24,SODA,1,0.7978908490433604
LTP299,2,7,1,SHELTER,0,0.8390238194648517
LTP299,2,7,2,PIANO,0,0.8540079579554406
LTP299,2,7,3,PILOT,1,0.8832624569421795
LTP299,2,7,4,PENGUIN,1,0.8889367784450771
LTP299,2,7,5,SOFTBALL,0,0.8694504164402332
LTP299,2,7,6,CATCHER,0,0.8741806207976425
LTP299,2,7,7,SPONGE,0,0.8684445231566316
LTP299,2,7,8,GHETTO,0,0.8775215772132109
LTP299,2,7,9,STAKE,0,0.8269186661741014
LTP299,2,7,10,SNAIL,1,0.8813299097917993
LTP299,2,7,11,PICTURE,0,0.8277584291807254
LTP299,2,7,12,BATHTUB,0,0.8446520048820366
LTP299,2,7,13,AGENT,0,0.8059843423149221
LTP299,2,7,14,SKETCH,0,0.8684079972238025
LTP299,2,7,15,KIDNEY,0,0.855630761562112
LTP299,2,7,16,KEEPER,0,0.8300307080203431
LTP299,2,7,17,ANKLE,0,0.866178185748939
LTP299,2,7,18,LEG,0,0.8409543343421739
LTP299,2,7,19,VENUS,1,0.8218062228385101
LTP299,2,7,20,DORM,0,0.7766641802233667
LTP299,2,7,21,CRICKET,1,0.8658506586413387
LTP299,2,7,22,CREATURE,1,0.8509352386602903
LTP299,2,7,23,LABEL,0,0.8658553871047437
LTP299,2,7,24,PLUTO,1,0.8631677776632738
LTP299,2,8,1,MARSH,1,0.8633482957375638
LTP299,2,8,2,SHERIFF,0,0.8850921713966508
LTP299,2,8,3,CASHIER,0,0.8742597499483153
LTP299,2,8,4,PACKAGE,0,0.848909094618563
LTP299,2,8,5,SEAL,1,0.7876557905484799
LTP299,2,8,6,BLACKBOARD,1,0.8229948624449861
LTP299,2,8,7,FEMALE,1,0.8005732560084116
LTP299,2,8,8,WOMAN,0,0.8383698338527382
LTP299,2,8,9,MONEY,1,0.8254430402683991
LTP299,2,8,10,WAITER,0,0.8513657352507694
LTP299,2,8,11,LASER,0,0.7882627838533676
LTP299,2,8,12,PEBBLE,1,0.8154016032926755
LTP299,2,8,13,HARP,0,0.854981565516197
LTP299,2,8,14,LEOPARD,1,0.8588201869000391
LTP299,2,8,15,SLIDE,1,0.863870874816159
LTP299,2,8,16,ATLAS,1,0.7586865940075048
LTP299,2,8,17,RAZOR,0,0.8457460518808739
LTP299,2,8,18,LAGOON,1,0.8341092056953637
LTP299,2,8,19,WASHER,1,0.8641457631340939
LTP299,2,8,20,TABLET,1,0.8697794176926884
LTP299,2,8,21,HEADBAND,0,0.8662951272105777
LTP299,2,8,22,SISTER,1,0.7940695545307994
LTP299,2,8,23,BROTHER,1,0.8712390223844236
LTP299,2,8,24,BANKER,1,0.8746767758244716
LTP299,2,9,1,PORTRAIT,1,0.8442844504625241
LTP299,2,9,2,LION,1,0.7989546025045801
LTP299,2,9,3,THREAD,1,0.8184035662711023
LTP299,2,9,4,WRENCH,1,0.832345407936776
LTP299,2,9,5,GRILL,0,0.8395992845209822
LTP299,2,9,6,TILE,1,0.80836267318028
LTP299,2,9,7,MILK,1,0.786344770722636
LTP299,2,9,8,HELMET,1,0.824111385497465
LTP299,2,9,9,SCARF,1,0.8183740605892739
LTP299,2,9,10,SANDWICH,1,0.8286397107091741
LTP299,2,9,11,APRON,0,0.8095366520594097
LTP299,2,9,12,CREVICE,0,0.8558674361506187
LTP299,2,9,13,BRICK,0,0.8607221576001011
LTP299,2,9,14,FRAGRANCE,0,0.8202088392793485
LTP299,2,9,15,GRIZZLY,0,0.7536236727807283
LTP299,2,9,16,COOKBOOK,1,0.827293120161106
LTP299,2,9,17,SUBWAY,0,0.8319684067234187
LTP299,2,9,18,SCALLOP,1,0.83332234263258
LTP299,2,9,19,CLAM,1,0.7549576374818836
LTP299,2,9,20,BOARD,0,0.7788274876946698
LTP299,2,9,21,CABIN,0,0.8305276813086008
LTP299,2,9,22,PRINCE,0,0.7953190024673976
LTP299,2,9,23,MEAT,1,0.8457268661688664
LTP299,2,9,24,TURKEY,1,0.8677033900447535
LTP299,2,10,1,TURTLE,1,0.8884450649655989
LTP299,2,10,2,BALLOON,1,0.8773955901857332
LTP299,2,10,3,GOBLIN,1,0.858891509654385
LTP299,2,10,4,MATCH,1,0.8441228087937022
LTP299,2,10,5,HEDGE,0,0.8435919677767163
LTP299,2,10,6,OZONE,0,0.8563590308002423
LTP299,2,10,7,SWIMMER,1,0.8009735186087353
LTP299,2,10,8,ISLAND,1,0.7756666894536681
LTP299,2,10,9,APPLE,1,0.8378319800095702
LTP299,2,10,10,WAGON,1,0.8601247668885884
LTP299,2,10,11,SHARK,0,0.7884979788294764
LTP299,2,10,12,OFFICE,0,0.8524130060513123
LTP299,2,10,13,GLOBE,1,0.843663927790294
LTP299,2,10,14,WORLD,1,0.8307698804976684
LTP299,2,10,15,CLIMBER,0,0.8232833213468571
LTP299,2,10,16,MISTER,0,0.8126203612563748
LTP299,2,10,17,LIZARD,0,0.8723276150838234
LTP299,2,10,18,COCOON,0,0.8155133589837307
LTP299,2,10,19,HIGHWAY,1,0.7979183752293949
LTP299,2,10,20,WIFE,1,0.7944690209491524
LTP299,2,10,21,TRUCK,1,0.8367251347675186
LTP299,2,10,22,HIKER,1,0.8726841547540058
LTP299,2,10,23,HOUND,1,0.8935818014479072
LTP299,2,10,24,OUTFIT,1,0.8565890648231423
LTP299,2,11,1,FREEZER,0,0.8201103577729111
LTP299,2,11,2,CAPTIVE,0,0.828210767876447
LTP299,2,11,3,MILDEW,0,0.8871288111560143
LTP299,2,11,4,DUST,0,0.842782983412113
LTP299,2,11,5,PORK,0,0.853997879311113
LTP299,2,11,6,SHELF,0,0.8130262103174021
LTP299,2,11,7,CYCLONE,0,0.875922564525687
LTP299,2,11,8,REBEL,0,0.835920472802027
LTP299,2,11,9,COMPASS,0,0.8716143762351873
LTP299,2,11,10,CRATER,0,0.8693615582094815
LTP299,2,11,11,CHAUFFEUR,0,0.8501969028735822
LTP299,2,11,12,NECKLACE,0,0.8978273688430422
LTP299,2,11,13,AUTHOR,0,0.8500823687074348
LTP299,2,11,14,TRENCH,1,0.8232440968998178
LTP299,2,11,15,FIREMAN,1,0.8819028415131787
LTP299,2,11,16,BARLEY,1,0.8758227061938678
LTP299,2,11,17,GRAPE,1,0.7807503348474483
LTP299,2,11,18,MUMMY,1,0.8648174173800623
LTP299,2,11,19,PRINCESS,1,0.8781564725264296
LTP299,2,11,20,CROWN,1,0.875758713350432
LTP299,2,11,21,GRAVEL,1,0.7639751890158406
LTP299,2,11,22,DOUGHNUT,0,0.8850543544344269
LTP299,2,11,23,TUBA,1,0.8486820196394135
LTP299,2,11,24,BANJO,1,0.8773632107562805
LTP299,2,12,1,LUGGAGE,1,0.8776657045844971
LTP299,2,12,2,RIVER,1,0.8776012589678605
LTP299,2,12,3,HOOD,1,0.8728446879789815
LTP299,2,12,4,INFANT,1,0.8667587718192507
LTP299,2,12,5,CHILD,1,0.8474555268152448
LTP299,2,12,6,STONE,0,0.8426460151472346
LTP299,2,12,7,SADDLE,0,0.8631277233182278
LTP299,2,12,8,BEAVER,1,0.8558714573587372
LTP299,2,12,9,POISON,0,0.8298930729130087
LTP299,2,12,10,QUAIL,1,0.869635437541608
LTP299,2,12,11,HAWK,1,0.8085662834351172
LTP299,2,12,12,VELVET,1,0.8673056415481286
LTP299,2,12,13,RADISH,1,0.8685890521803302
LTP299,2,12,14,GAZELLE,1,0.8669186537412661
LTP299,2,12,15,LODGE,1,0.8702963213576798
LTP299,2,12,16,ACTOR,1,0.7803791284268302
LTP299,2,12,17,PASTRY,0,0.8644579529268421
LTP299,2,12,18,BLOUSE,0,0.872877024497461
LTP299,2,12,19,EMPIRE,0,0.8433576064981428
LTP299,2,12,20,STATUE,0,0.8091619542534707
LTP299,2,12,21,NAPKIN,0,0.8315050734557784
LTP299,2,12,22,PEDAL,1,0.8647099539943935
LTP299,2,12,23,RELISH,1,0.8428301176895073
LTP299,2,12,24,LAPEL,1,0.8515948208800398
LTP299,2,13,1,BUNNY,1,0.8579458783657073
LTP299,2,13,2,ZIPPER,1,0.783763755611744
LTP299,2,13,3,LAKE,1,0.8453362638564745
LTP299,2,13,4,ITEM,1,0.8273419395597102
LTP299,2,13,5,THRONE,1,0.8510616203862065
LTP299,2,13,6,QUEEN,1,0.8629731853524935
LTP299,2,13,7,IDOL,1,0.7916876280681192
LTP299,2,13,8,PADDING,0,0.8707732486665342
LTP299,2,13,9,JELLO,0,0.8583514101631825
LTP299,2,13,10,FRIEND,0,0.8382275305722584
LTP299,2,13,11,PEANUT,0,0.8743128637995885
LTP299,2,13,12,DAISY,0,0.8605767964239086
LTP299,2,13,13,COUNTRY,0,0.8383021311276088
LTP299,2,13,14,COMET,0,0.8372720798268434
LTP299,2,13,15,DRAGON,0,0.8894774475821988
LTP299,2,13,16,CANAL,0,0.8659410214431914
LTP299,2,13,17,MARROW,1,0.8765630573773353
LTP299,2,13,18,FLESH,1,0.8412782400429786
LTP299,2,13,19,BRIEFCASE,1,0.8492927992844852
LTP299,2,13,20,FOREST,0,0.814958915025469
LTP299,2,13,21,COWBOY,0,0.854796553364093
LTP299,2,13,22,ZEBRA,1,0.8712964137759681
LTP299,2,13,23,PAPER,1,0.792031331861105
LTP299,2,13,24,ARMY,1,0.8727317075577441
LTP299,2,14,1,NEUTRON,1,0.8959237595336358
LTP299,2,14,2,FRAME,1,0.8724363968075893
LTP299,2,14,3,DRAWING,1,0.8544400555118339
LTP299,2,14,4,VICTIM,1,0.8168217132255549
LTP299,2,14,5,PIGMENT,0,0.8792578269420699
LTP299,2,14,6,OYSTER,1,0.8653790929546444
LTP299,2,14,7,SCALPEL,1,0.8798363712748162
LTP299,2,14,8,DRIVER,1,0.8327405892643358
LTP299,2,14,9,COD,1,0.7987257494770681
LTP299,2,14,10,PIGEON,0,0.9008318846550292
LTP299,2,14,11,STAPLE,0,0.859070304231431
LTP299,2,14,12,BADGE,1,0.8410041819390166
LTP299,2,14,13,CARROT,1,0.8540815340221047
LTP299,2,14,14,EYELASH,0,0.8604812650043795
LTP299,2,14,15,VAGRANT,1,0.8481452322596055
LTP299,2,14,16,PRIMATE,0,0.8423793216639824
LTP299,2,14,17,JUNGLE,0,0.8756866070630044
LTP299,2,14,18,PERMIT,0,0.8536985976912084
LTP299,2,14,19,RECEIPT,0,0.8473889269193678
LTP299,2,14,20,WARDROBE,0,0.8931053068836267
LTP299,2,14,21,TRANSPLANT,0,0.7959782829350345
LTP299,2,14,22,CITRUS,1,0.8752884690828017
LTP299,2,14,23,ORANGE,1,0.8516207797395244
LTP299,2,14,24,PERCH,1,0.8907191897775054
LTP299,2,15,1,BEAST,1,0.8020112111725526
LTP299,2,15,2,HAMPER,0,0.8842591355353129
LTP299,2,15,3,PROTON,1,0.8252925570114938
LTP299,2,15,4,MAMMAL,1,0.8033755795262802
LTP299,2,15,5,JAPAN,1,0.8017727941125675
LTP299,2,15,6,YACHT,1,0.8812454816771951
LTP299,2,15,7,YOLK,1,0.8775841005390809
LTP299,2,15,8,SPOON,1,0.8663313745963594
LTP299,2,15,9,IGLOO,0,0.8441578201415689
LTP299,2,15,10,ICEBERG,0,0.8924863119447437
LTP299,2,15,11,ASIA,0,0.8006312151238366
LTP299,2,15,12,ICING,0,0.8587060717589747
LTP299,2,15,13,CRIB,1,0.8427062176245849
LTP299,2,15,14,POWDER,0,0.8391127761163796
LTP299,2,15,15,LIPSTICK,0,0.8702848281280169
LTP299,2,15,16,COUSIN,0,0.8702644767026061
LTP299,2,15,17,TWEEZERS,1,0.8407329122565113
LTP299,2,15,18,ROCKET,0,0.8886863799630917
LTP299,2,15,19,DONKEY,0,0.892361714604851
LTP299,2,15,20,FOREHEAD,0,0.8301152033075873
LTP299,2,15,21,WHISKERS,1,0.8756963476328102
LTP299,2,15,22,SERVER,1,0.8144233145833052
LTP299,2,15,23,PARSLEY,1,0.8753115915010744
LTP299,2,15,24,TURNIP,1,0.8936780078681581
LTP299,2,16,1,DRINK,1,0.8177870260637444
LTP299,2,16,2,EGYPT,1,0.8529758474680283
LTP299,2,16,3,TEMPLE,1,0.8747716531731641
LTP299,2,16,4,SHOULDER,1,0.87136181681446
LTP299,2,16,5,EAGLE,1,0.8475649453887996
LTP299,2,16,6,PLATE,0,0.7896030929502433
LTP299,2,16,7,OUTDOORS,0,0.8239571489534943
LTP299,2,16,8,PISTOL,1,0.8699714516266743
LTP299,2,16,9,OUTLAW,1,0.8728144058204738
LTP299,2,16,10,BANQUET,0,0.8772654239698169
LTP299,2,16,11,DRESSER,0,0.8543342525930085
LTP299,2,16,12,PASTA,0,0.865827003178307
LTP299,2,16,13,WAITRESS,1,0.8462868524175838
LTP299,2,16,14,HAND,0,0.8189637586612663
LTP299,2,16,15,GLASS,0,0.8614368879766131
LTP299,2,16,16,COBRA,1,0.8000056807281628
LTP299,2,16,17,CAFE,1,0.8067175682512288
LTP299,2,16,18,HOSTESS,1,0.8355931489088566
LTP299,2,16,19,FRIAR,1,0.8505995504794289
LTP299,2,16,20,CHURCH,1,0.79601637920535
LTP299,2,16,21,SWAMP,0,0.7727628928464882
LTP299,2,16,22,FLOWER,0,0.8828992521516064
LTP299,2,16,23,LUNCH,0,0.8116894821573419
LTP299,2,16,24,ELBOW,0,0.8573227496434181
LTP299,2,17,1,BURGLAR,1,0.8761810096146733
LTP299,2,17,2,ROBBER,1,0.8235946183357035
LTP299,2,17,3,FIREPLACE,1,0.8645690169895488
LTP299,2,17,4,GRAVE,1,0.7891167756379379
LTP299,2,17,5,OMELET,1,0.85121258058016
LTP299,2,17,6,MARKET,0,0.8447358180496639
LTP299,2,17,7,TART,0,0.8369648125961785
LTP299,2,17,8,LEADER,0,0.8166836046903773
LTP299,2,17,9,TORTOISE,1,0.8902230841482183
LTP299,2,17,10,BIKE,1,0.8601252269398535
LTP299,2,17,11,VIRUS,1,0.8256856261768909
LTP299,2,17,12,XEROX,1,0.8564214686404745
LTP299,2,17,13,ROD,1,0.8528770228457896
LTP299,2,17,14,BACON,1,0.7986663520037841
LTP299,2,17,15,HEART,1,0.8700724786289453
LTP299,2,17,16,LIVER,1,0.830403718995592
LTP299,2,17,17,MARS,1,0.8502916643825673
LTP299,2,17,18,PICNIC,0,0.822292654118006
LTP299,2,17,19,SPHINX,1,0.8446859331165243
LTP299,2,17,20,HATCHET,1,0.8545137633594071
LTP299,2,17,21,DONOR,1,0.8301645029849198
LTP299,2,17,22,CHEST,0,0.8117657707017283
LTP299,2,17,23,TRIBE,1,0.864699619929012
LTP299,2,17,24,RATTLE,1,0.8740597345071833
LTP299,2,18,1,LETTUCE,1,0.8780573151652301
LTP299,2,18,2,SHOVEL,1,0.889157225024628
LTP299,2,18,3,SAUSAGE,1,0.8347158083193815
LTP299,2,18,4,SUPPER,1,0.7981396491277872
LTP299,2,18,5,CONTRACT,0,0.8136024404976314
LTP299,2,18,6,GARLIC,0,0.8659615368140071
LTP299,2,18,7,CUSTARD,0,0.8748385688749846
LTP299,2,18,8,PUDDING,0,0.8726590585979743
LTP299,2,18,9,BEEF,1,0.8055947744418187
LTP299,2,18,10,MISSILE,0,0.8476623808967092
LTP299,2,18,11,DINER,1,0.8026949150081496
LTP299,2,18,12,PALACE,0,0.8624570899854493
LTP299,2,18,13,PIZZA,0,0.8395823583367469
LTP299,2,18,14,HORNET,0,0.868182235029621
LTP299,2,18,15,LADY,1,0.7986392362168643
LTP299,2,18,16,CABBAGE,1,0.8480940003237062
LTP299,2,18,17,FARMER,1,0.8143744132762861
LTP299,2,18,18,GROUND,1,0.8188203928361164
LTP299,2,18,19,SALAD,0,0.865914878476671
LTP299,2,18,20,DRESS,1,0.8745062796255578
LTP299,2,18,21,TRACTOR,1,0.8469282391590153
LTP299,2,18,22,CUPBOARD,1,0.8833326158821311
LTP299,2,18,23,JEANS,1,0.8663405345875566
LTP299,2,18,24,JUDGE,1,0.8238760928198721
LTP299,2,19,1,LOVER,1,0.784509165324285
LTP299,2,19,2,INMATE,1,0.8484827031943333
LTP299,2,19,3,ULCER,1,0.8434703339375599
LTP299,2,19,4,FRANCE,0,0.8526950294781988
LTP299,2,19,5,PLASTER,1,0.8080546250796329
LTP299,2,19,6,BLUEPRINT,1,0.9039649342710673
LTP299,2,19,7,GARBAGE,1,0.8846801986390926
LTP299,2,19,8,MAILMAN,1,0.8857469389589943
LTP299,2,19,9,LADDER,0,0.8301477960617009
LTP299,2,19,10,RAFT,1,0.8583035959543764
LTP299,2,19,11,CASKET,1,0.894460916306143
LTP299,2,19,12,GUITAR,1,0.7708495035425273
LTP299,2,19,13,MUFFIN,0,0.8601202124450876
LTP299,2,19,14,SCARECROW,0,0.8892435395179291
LTP299,2,19,15,SALMON,1,0.8492611712584013
LTP299,2,19,16,MESSAGE,0,0.8511470865096029
LTP299,2,19,17,CROSS,0,0.8739153449882923
LTP299,2,19,18,CHAPEL,0,0.8345036439091997
LTP299,2,19,19,BUBBLE,0,0.8666510624768542
LTP299,2,19,20,MARINE,1,0.8617205652022485
LTP299,2,19,21,STAMP,1,0.801687516343865
LTP299,2,19,22,CONVICT,1,0.8289048930180086
LTP299,2,19,23,JURY,1,0.8335453839045476
LTP299,2,19,24,PISTON,1,0.875586469558384
LTP299,2,20,1,SUNRISE,1,0.8962938282745359
LTP299,2,20,2,BANK,1,0.8711596934299841
LTP299,2,20,3,BRANDY,1,0.8710193240338348
LTP299,2,20,4,SIDEWALK,0,0.8770310001468768
LTP299,2,20,5,SHRUB,1,0.8567334617231517
LTP299,2,20,6,GARDEN,0,0.8515556005297893
LTP299,2,20,7,MAILBOX,1,0.8719939178048912
LTP299,2,20,8,FLUTE,0,0.8218840644603758
LTP299,2,20,9,CHIPMUNK,1,0.8820232087444664
LTP299,2,20,10,SUNSET,1,0.8480488917237053
LTP299,2,20,11,CIGAR,1,0.8600500818266944
LTP299,2,20,12,FOX,1,0.797871996227605
LTP299,2,20,13,BACKBONE,1,0.891622842084182
LTP299,2,20,14,SPACE,0,0.7801184515739733
LTP299,2,20,15,BODY,0,0.749917720967575
LTP299,2,20,16,MOP,0,0.7906171750393935
LTP299,2,20,17,DUSTPAN,0,0.8696114396635409
LTP299,2,20,18,PANTHER,1,0.859216528133045
LTP299,2,20,19,OX,1,0.7906103704540868
LTP299,2,20,20,COLONEL,1,0.8735814003431079
LTP299,2,20,21,CLOTHES,0,0.8699902179579551
LTP299,2,20,22,BUREAU,1,0.848616443643623
LTP299,2,20,23,BRACES,1,0.8686596050171898
LTP299,2,20,24,SCISSORS,1,0.8254311344925451
LTP299,2,21,1,CATTLE,1,0.8934833151577115
LTP299,2,21,2,SPIDER,1,0.8631043408951417
LTP299,2,21,3,SPARROW,1,0.8335720475466457
LTP299,2,21,4,PARROT,0,0.8579617030112019
LTP299,2,21,5,PAIL,1,0.8471366343681007
LTP299,2,21,6,LACE,1,0.8104062087510131
LTP299,2,21,7,SKIRT,0,0.8496096107528531
LTP299,2,21,8,RACKET,0,0.8859220046650733
LTP299,2,21,9,ARM,0,0.830840570556977
LTP299,2,21,10,BREAST,1,0.8686829503336353
LTP299,2,21,11,CONCERT,0,0.811661325912064
LTP299,2,21,12,ATOM,0,0.7849854704129443
LTP299,2,21,13,NOTEBOOK,0,0.7970649561316514
LTP299,2,21,14,BUG,1,0.8342547085514319
LTP299,2,21,15,NOMAD,0,0.8176195580874166
LTP299,2,21,16,HUMAN,1,0.8226259697921259
LTP299,2,21,17,PATROL,1,0.8650155607593214
LTP299,2,21,18,QUARTER,0,0.8453053609622626
LTP299,2,21,19,TERMITE,1,0.8822569020025852
LTP299,2,21,20,CHEMIST,0,0.8812153962341067
LTP299,2,21,21,TOASTER,0,0.8468702920501209
LTP299,2,21,22,EUROPE,1,0.786433930916607
LTP299,2,21,23,BUTCHER,1,0.8412454726174651
LTP299,2,21,24,KITCHEN,1,0.8762989074120253
LTP299,2,22,1,CORAL,1,0.8432357042323855
LTP299,2,22,2,ANTLER,1,0.8668282157882701
LTP299,2,22,3,BEAKER,1,0.8534223605716476
LTP299,2,22,4,POCKET,0,0.8624658964756918
LTP299,2,22,5,TWISTER,1,0.8486292695105795
LTP299,2,22,6,TEACHER,1,0.8491294596514543
LTP299,2,22,7,DANDRUFF,0,0.8863273975925529
LTP299,2,22,8,KNAPSACK,1,0.8474638391128202
LTP299,2,22,9,CRITIC,1,0.8206921078339428
LTP299,2,22,10,ACTRESS,1,0.8812640629752522
LTP299,2,22,11,STUDENT,0,0.8375973099058162
LTP299,2,22,12,STALLION,0,0.865558264730556
LTP299,2,22,13,BISON,0,0.8695814627697367
LTP299,2,22,14,PARTNER,1,0.854280849898265
LTP299,2,22,15,BELLY,1,0.8719210554324447
LTP299,2,22,16,STOMACH,1,0.823695195369345
LTP299,2,22,17,SHORTS,0,0.8200973951784911
LTP299,2,22,18,BLENDER,0,0.8932216965834414
LTP299,2,22,19,POLICE,1,0.8286389312001409
LTP299,2,22,20,COSTUME,1,0.8717240859489894
LTP299,2,22,21,MONSTER,0,0.8553049904994778
LTP299,2,22,22,THIEF,0,0.8431855384515606
LTP299,2,22,23,ONION,0,0.8212613125927165
LTP299,2,22,24,COUNTY,0,0.8458310633390557
LTP299,2,23,1,COTTAGE,1,0.8739224686822028
LTP299,2,23,2,BUCKET,1,0.8707258604034231
LTP299,2,23,3,BROOK,1,0.8446745623841889
LTP299,2,23,4,AIRPORT,1,0.8433926360045592
LTP299,2,23,5,GALLON,0,0.8387650094618999
LTP299,2,23,6,LILY,1,0.80389364879758
LTP299,2,23,7,TUTU,1,0.8063004385947613
LTP299,2,23,8,BOX,1,0.7633484188054415
LTP299,2,23,9,LUMBER,1,0.8795077002848318
LTP299,2,23,10,PADDLE,0,0.8713307530067046
LTP299,2,23,11,REPORT,1,0.8057759313889752
LTP299,2,23,12,FLAG,0,0.7875994068529147
LTP299,2,23,13,SNAKE,1,0.8878142260131331
LTP299,2,23,14,SUITCASE,1,0.8540874371329846
LTP299,2,23,15,TOURIST,1,0.8702390070359526
LTP299,2,23,16,POSSUM,1,0.8465121776743716
LTP299,2,23,17,HANDBAG,0,0.872937141846885
LTP299,2,23,18,VIKING,1,0.8116221234167906
LTP299,2,23,19,FOOTBALL,0,0.8485452007890933
LTP299,2,23,20,GIFT,0,0.8465965244963094
LTP299,2,23,21,CRAYON,0,0.8950909764177196
LTP299,2,23,22,PLAID,0,0.8004439885787857
LTP299,2,23,23,UMPIRE,1,0.8626131939024315
LTP299,2,23,24,PLAZA,0,0.7894131723596084
LTP299,2,24,1,WRIST,1,0.8687065146649459
LTP299,2,24,2,WORKER,0,0.8548481827592744
LTP299,2,24,3,TYPIST,1,0.8895164606260405
LTP299,2,24,4,PECAN,0,0.8063543208847449
LTP299,2,24,5,FRUIT,0,0.8363404284072371
LTP299,2,24,6,ROBIN,0,0.831905051957567
LTP299,2,24,7,GLOVE,0,0.8895068780201999
LTP299,2,24,8,CURTAIN,0,0.8969532522204178
LTP299,2,24,9,WITNESS,0,0.8193890771177385
LTP299,2,24,10,FINGER,0,0.8929614758275914
LTP299,2,24,11,CHAMPAGNE,0,0.8403979486170088
LTP299,2,24,12,GAVEL,1,0.7817543448858666
LTP299,2,24,13,NOVEL,0,0.829403657701494
LTP299,2,24,14,STICKER,1,0.8535027091822867
LTP299,2,24,15,COLLEGE,1,0.8786343394405388
LTP299,2,24,16,FOOT,1,0.7921477896660538
LTP299,2,24,17,PASSAGE,0,0.8607269125174077
LTP299,2,24,18,JOURNAL,0,0.8349857922430812
LTP299,2,24,19,ROOSTER,0,0.8646504854180808
LTP299,2,24,20,LAVA,0,0.7901100862467458
LTP299,2,24,21,SPOUSE,1,0.8797683157386595
LTP299,2,24,22,HUSBAND,1,0.8447112040919094
LTP299,2,24,23,COOK,1,0.828368239308091
LTP299,2,24,24,COFFEE,1,0.8683376090244724
LTP299,6,1,1,DIME,1,0.8326041259673133
LTP299,6,1,2,SCISSORS,1,0.8162054636869197
LTP299,6,1,3,MISSILE,1,0.8383907890664107
LTP299,6,1,4,LETTUCE,1,0.875954701915848
LTP299,6,1,5,NAPKIN,1,0.8290444904916975
LTP299,6,1,6,LAMP,0,0.8348890715826705
LTP299,6,1,7,BRANDY,1,0.8668299838788858
LTP299,6,1,8,GIRL,1,0.8690021717255314
LTP299,6,1,9,PARTNER,0,0.8406198873267753
LTP299,6,1,10,BANQUET,1,0.8798333467755258
LTP299,6,1,11,WAITER,1,0.8449342485802918
LTP299,6,1,12,PERCH,1,0.8831566693421179
LTP299,6,1,13,ROBIN,1,0.827163609893654
LTP299,6,1,14,PEDAL,0,0.8474789340751773
LTP299,6,1,15,TRANSPLANT,1,0.796694379244388
LTP299,6,1,16,CAPTIVE,0,0.8377260144421066
LTP299,6,1,17,STREAM,1,0.8776613453774792
LTP299,6,1,18,COCKTAIL,0,0.8511828806365771
LTP299,6,1,19,LUMBER,0,0.8823451914848679
LTP299,6,1,20,BULLET,0,0.8655990867383583
LTP299,6,1,21,INMATE,0,0.853380975841988
LTP299,6,1,22,TOASTER,1,0.8428184216683651
LTP299,6,1,23,MARSH,1,0.8751969244464595
LTP299,6,1,24,VICTIM,0,0.8177952201509601
LTP299,6,2,1,CROWN,1,0.8697794417411593
LTP299,6,2,2,PALACE,1,0.855083614628062
LTP299,6,2,3,LIZARD,1,0.8777541842370781
LTP299,6,2,4,DUSTPAN,0,0.8728908519932339
LTP299,6,2,5,JEANS,0,0.8685113025842053
LTP299,6,2,6,MISTER,0,0.8138406313386483
LTP299,6,2,7,BINDER,0,0.8560123154806194
LTP299,6,2,8,BRIEFCASE,1,0.8552622473736455
LTP299,6,2,9,SHORTS,0,0.8182806923902352
LTP299,6,2,10,SMOG,0,0.8516780214181899
LTP299,6,2,11,MARKER,0,0.8710264094227452
LTP299,6,2,12,PIGEON,1,0.8917768078882232
LTP299,6,2,13,SHOVEL,0,0.892642374661095
LTP299,6,2,14,EAGLE,1,0.8374422741743536
LTP299,6,2,15,DENIM,0,0.8674567169284427
LTP299,6,2,16,PLAID,0,0.8042011931818724
LTP299,6,2,17,CLOUD,1,0.8534870385365816
LTP299,6,2,18,DRESSER,1,0.8543141283844262
LTP299,6,2,19,STUDENT,1,0.8322617070227942
LTP299,6,2,20,HOOK,0,0.8819443983809007
LTP299,6,2,21,SWITCH,0,0.7796755455450347
LTP299,6,2,22,TURKEY,1,0.8737691419990286
LTP299,6,2,23,BLOUSE,1,0.8791975321252605
LTP299,6,2,24,ZIPPER,1,0.784710699721866
LTP299,6,3,1,ONION,1,0.814130944907356
LTP299,6,3,2,CLOTHES,1,0.8710314209018005
LTP299,6,3,3,BRACES,0,0.8678098172559351
LTP299,6,3,4,CHILD,1,0.8385764280223912
LTP299,6,3,5,SHORTCAKE,0,0.8610090135856784
LTP299,6,3,6,DONOR,0,0.8301949470951755
LTP299,6,3,7,SPIDER,0,0.8710280236093123
LTP299,6,3,8,SHERIFF,0,0.8788029909606906
LTP299,6,3,9,BUREAU,0,0.8411442838478562
LTP299,6,3,10,PEACH,0,0.8379964719213493
LTP299,6,3,11,SOFTBALL,0,0.8639321572405894
LTP299,6,3,12,GAZELLE,1,0.862137733994299
LTP299,6,3,13,LAPEL,0,0.843575516870469
LTP299,6,3,14,LOFT,1,0.8870935177376588
LTP299,6,3,15,DORM,0,0.7854742698096144
LTP299,6,3,16,DRILL,0,0.8627444691872611
LTP299,6,3,17,CREATURE,0,0.8515841435369726
LTP299,6,3,18,BABY,1,0.826096878022497
LTP299,6,3,19,TUBA,1,0.8498958547541974
LTP299,6,3,20,FIDDLE,0,0.8975164299406723
LTP299,6,3,21,SLIME,1,0.8795885542794998
LTP299,6,3,22,CITRUS,0,0.8683385647752295
LTP299,6,3,23,SPACE,0,0.7812673675882791
LTP299,6,3,24,KNIFE,0,0.8301049465416239
LTP299,6,4,1,TRACTOR,1,0.8490600585763602
LTP299,6,4,2,OINTMENT,0,0.8425296627163558
LTP299,6,4,3,FRANCE,1,0.8549389860615252
LTP299,6,4,4,BLADE,1,0.8884004780274722
LTP299,6,4,5,PORK,1,0.8637217343473973
LTP299,6,4,6,KEEPER,1,0.8264498788428295
LTP299,6,4,7,PEBBLE,1,0.8331573367664101
LTP299,6,4,8,MOTOR,0,0.8065059095092675
LTP299,6,4,9,LASER,1,0.7767545747451251
LTP299,6,4,10,STONE,0,0.8452313419573573
LTP299,6,4,11,JELLO,1,0.8634301855343276
LTP299,6,4,12,TURTLE,1,0.8967059302821982
LTP299,6,4,13,RABBIT,1,0.8299994056531584
LTP299,6,4,14,CUPBOARD,1,0.8883615722930617
LTP299,6,4,15,CARROT,1,0.858071483807645
LTP299,6,4,16,BUNNY,1,0.8583408909104568
LTP299,6,4,17,CAFE,1,0.8130740702883846
LTP299,6,4,18,TRENCH,1,0.8334040351413469
LTP299,6,4,19,CREVICE,1,0.8786584667810095
LTP299,6,4,20,STAKE,1,0.8213665119693251
LTP299,6,4,21,MATCH,0,0.849633002232885
LTP299,6,4,22,BUGGY,1,0.8801692135178172
LTP299,6,4,23,SUNSET,1,0.8511797391128737
LTP299,6,4,24,FRIEND,1,0.8347530660395992
LTP299,6,5,1,SKETCH,1,0.8661074988544522
LTP299,6,5,2,PORTRAIT,1,0.8780039187891785
LTP299,6,5,3,SCULPTURE,1,0.8541495374028691
LTP299,6,5,4,ORANGE,1,0.8491131618859245
LTP299,6,5,5,DANCER,1,0.885166771034897
LTP299,6,5,6,WASHER,1,0.8549860599486617
LTP299,6,5,7,TILE,1,0.8398904530826344
LTP299,6,5,8,COOK,1,0.8292638781499314
LTP299,6,5,9,KITCHEN,1,0.8826480690321686
LTP299,6,5,10,COTTAGE,1,0.8767141783822703
LTP299,6,5,11,BLUEPRINT,1,0.9072124685160009
LTP299,6,5,12,HATCHET,1,0.8582388467636867
LTP299,6,5,13,LAVA,0,0.7984078446238596
LTP299,6,5,14,COMET,0,0.8394113180044297
LTP299,6,5,15,WIDOW,1,0.8439355103023181
LTP299,6,5,16,PUDDING,0,0.8769083815522907
LTP299,6,5,17,FLASK,1,0.8789983840999749
LTP299,6,5,18,PADDING,0,0.8654915664313307
LTP299,6,5,19,CUSTARD,0,0.8698723897056195
LTP299,6,5,20,LONDON,0,0.8035574473610929
LTP299,6,5,21,ROD,0,0.8470131322761818
LTP299,6,5,22,ROBOT,0,0.8486103557542035
LTP299,6,5,23,COUNTY,0,0.8428056750319924
LTP299,6,5,24,GOBLIN,1,0.8585458841089243
LTP299,6,6,1,PIGMENT,1,0.8742000947830291
LTP299,6,6,2,BACON,1,0.8011114739994376
LTP299,6,6,3,FRUIT,1,0.8398707953115482
LTP299,6,6,4,GRAPE,1,0.7766859144938792
LTP299,6,6,5,CANAL,0,0.8688891041456368
LTP299,6,6,6,HIKER,0,0.8699011875663751
LTP299,6,6,7,PLAYGROUND,0,0.8603446535505825
LTP299,6,6,8,SERVER,1,0.8121018891069975
LTP299,6,6,9,POISON,1,0.8364774609693415
LTP299,6,6,10,SEAGULL,1,0.8847116271328905
LTP299,6,6,11,BUCKET,1,0.8690261782583331
LTP299,6,6,12,RACKET,0,0.8884156969763363
LTP299,6,6,13,APRON,0,0.8781908808882355
LTP299,6,6,14,PLATE,1,0.7925194014880316
LTP299,6,6,15,MASK,0,0.7988791639258415
LTP299,6,6,16,BUBBLE,1,0.8731186383433277
LTP299,6,6,17,JURY,0,0.8358997794826538
LTP299,6,6,18,BANJO,0,0.8795871826896592
LTP299,6,6,19,WHISTLE,1,0.8773618119276743
LTP299,6,6,20,FINGER,1,0.8899150266943872
LTP299,6,6,21,GLOVE,1,0.8898407919892549
LTP299,6,6,22,JAPAN,1,0.7990433666134871
LTP299,6,6,23,SKILLET,0,0.8940316155194613
LTP299,6,6,24,RIVER,0,0.874698017188939
LTP299,6,7,1,FOX,0,0.8006453319376169
LTP299,6,7,2,BARLEY,0,0.8755349151138139
LTP299,6,7,3,EGYPT,1,0.8532477730570692
LTP299,6,7,4,MOTEL,1,0.8769582965252087
LTP299,6,7,5,CASKET,0,0.8881039251329309
LTP299,6,7,6,GRAVE,0,0.7813036394277705
LTP299,6,7,7,LOVER,1,0.7882758874692617
LTP299,6,7,8,WOMAN,1,0.850181159652113
LTP299,6,7,9,COFFEE,0,0.8645238500754628
LTP299,6,7,10,SEAL,1,0.7769728016019541
LTP299,6,7,11,SPHINX,1,0.8695953631894182
LTP299,6,7,12,MUMMY,1,0.8640646321139495
LTP299,6,7,13,TERMITE,1,0.8817062855381519
LTP299,6,7,14,STATUE,1,0.8032132263996778
LTP299,6,7,15,HELMET,0,0.8495669743751351
LTP299,6,7,16,CYCLONE,0,0.8872557565300062
LTP299,6,7,17,MAILMAN,1,0.878759906937899
LTP299,6,7,18,UNCLE,1,0.7910152461409842
LTP299,6,7,19,MARROW,0,0.8793044832150366
LTP299,6,7,20,SWIMMER,0,0.7996584710158215
LTP299,6,7,21,BROOK,1,0.8329892381912728
LTP299,6,7,22,ISLAND,1,0.762796855351229
LTP299,6,7,23,LEOPARD,0,0.8622704827497525
LTP299,6,7,24,CRAYON,1,0.8964958136979819
LTP299,6,8,1,PUDDLE,1,0.8920621300058548
LTP299,6,8,2,SNAKE,1,0.8881912370652335
LTP299,6,8,3,HAWK,1,0.8127093602226872
LTP299,6,8,4,DUST,1,0.8420296965751123
LTP299,6,8,5,RIFLE,1,0.8532734395642866
LTP299,6,8,6,FLASHLIGHT,0,0.8413649529933376
LTP299,6,8,7,GLASS,0,0.8561899600043942
LTP299,6,8,8,SWAMP,0,0.7748557611392064
LTP299,6,8,9,HOOD,0,0.8695171916324672
LTP299,6,8,10,STAPLE,0,0.8569023348535116
LTP299,6,8,11,PENGUIN,1,0.8948569865720613
LTP299,6,8,12,PLIERS,0,0.8628292747862136
LTP299,6,8,13,COCOON,0,0.8124163416408583
LTP299,6,8,14,PIANO,0,0.8526943614236693
LTP299,6,8,15,TROMBONE,0,0.8861304744997893
LTP299,6,8,16,TRIBE,0,0.863795620787665
LTP299,6,8,17,QUARTER,0,0.8379554216429795
LTP299,6,8,18,SPARROW,0,0.8365652921334785
LTP299,6,8,19,THRONE,1,0.8541772639947596
LTP299,6,8,20,PRINCESS,1,0.8841726844603893
LTP299,6,8,21,PISTOL,1,0.8732871624265363
LTP299,6,8,22,HUMAN,0,0.8185858701229748
LTP299,6,8,23,PRIMATE,0,0.8355508999675192
LTP299,6,8,24,DOLPHIN,0,0.8503266851767239
LTP299,6,9,1,DRAWING,1,0.8484759055894585
LTP299,6,9,2,RELISH,1,0.8364780918456836
LTP299,6,9,3,ZEBRA,1,0.8680095068207266
LTP299,6,9,4,FRAME,1,0.8760105934269985
LTP299,6,9,5,MUSTARD,0,0.7659579573024903
LTP299,6,9,6,POWDER,0,0.8305099614725614
LTP299,6,9,7,HERO,0,0.8663286680316908
LTP299,6,9,8,IDOL,0,0.7866887625522002
LTP299,6,9,9,STOMACH,1,0.8093588371033518
LTP299,6,9,10,BELLY,1,0.8689160784797058
LTP299,6,9,11,LION,1,0.8312930230424046
LTP299,6,9,12,REPORT,0,0.8137883349959527
LTP299,6,9,13,TAXI,0,0.8664037376719523
LTP299,6,9,14,PROTON,1,0.8314549056167941
LTP299,6,9,15,FOOTBALL,1,0.8361285707530989
LTP299,6,9,16,THIEF,1,0.8306469834414063
LTP299,6,9,17,ULCER,1,0.8435896114709874
LTP299,6,9,18,PERMIT,0,0.8588750404583079
LTP299,6,9,19,CRIB,0,0.834034153107837
LTP299,6,9,20,PLAZA,0,0.7898908327007647
LTP299,6,9,21,BOX,0,0.7661738239052868
LTP299,6,9,22,RADISH,0,0.8683622618616604
LTP299,6,9,23,GARBAGE,1,0.8834225964243118
LTP299,6,9,24,KNAPSACK,1,0.8292878285096199
LTP299,6,10,1,JOURNAL,0,0.8428352572435779
LTP299,6,10,2,SODA,0,0.8025986947663396
LTP299,6,10,3,PAPER,0,0.8011409107665002
LTP299,6,10,4,PATIENT,0,0.8564806125143333
LTP299,6,10,5,BOARD,0,0.7952913009486291
LTP299,6,10,6,PERFUME,0,0.8799040409976855
LTP299,6,10,7,GARLIC,1,0.8631476462901052
LTP299,6,10,8,MONEY,0,0.8270388841430132
LTP299,6,10,9,OFFICE,0,0.8645660135640094
LTP299,6,10,10,GAVEL,0,0.7804505044505957
LTP299,6,10,11,LABEL,0,0.8673349882779742
LTP299,6,10,12,LAKE,1,0.8411880190549501
LTP299,6,10,13,BALLOON,0,0.8968921016651538
LTP299,6,10,14,GUITAR,1,0.7666572888034536
LTP299,6,10,15,FLUTE,1,0.8124635732451734
LTP299,6,10,16,AUTHOR,0,0.8649296495154479
LTP299,6,10,17,BANK,0,0.8782312144849392
LTP299,6,10,18,TYPIST,0,0.8896848420770801
LTP299,6,10,19,PACKAGE,0,0.8685951377182513
LTP299,6,10,20,NIGHTGOWN,0,0.8277909976069833
LTP299,6,10,21,COLONEL,0,0.8778525794670878
LTP299,6,10,22,HORNET,0,0.8656945164238337
LTP299,6,10,23,FLOWER,0,0.882789259031974
LTP299,6,10,24,SHRUB,1,0.8407317759119035
LTP299,6,11,1,HANDBAG,1,0.875118234064216
LTP299,6,11,2,BADGE,0,0.8500431711160495
LTP299,6,11,3,BRICK,1,0.8946059954582559
LTP299,6,11,4,PLASTER,0,0.8046888711410448
LTP299,6,11,5,POCKET,0,0.860747601878615
LTP299,6,11,6,RAFT,0,0.8607070865943028
LTP299,6,11,7,DIVER,0,0.7836013275506178
LTP299,6,11,8,CHEMIST,1,0.8834543917843454
LTP299,6,11,9,TRUCK,0,0.8447321412214754
LTP299,6,11,10,PILOT,0,0.8852651046849682
LTP299,6,11,11,MACHINE,0,0.8444755178902948
LTP299,6,11,12,CANYON,0,0.8510793029499679
LTP299,6,11,13,ROCKET,1,0.8929279912176667
LTP299,6,11,14,FOREHEAD,1,0.8239831200155233
LTP299,6,11,15,JELLY,1,0.8607605407960881
LTP299,6,11,16,BLOCKADE,1,0.8624431482878465
LTP299,6,11,17,MAMMAL,1,0.8108787947748722
LTP299,6,11,18,CHIPMUNK,1,0.8814653313290742
LTP299,6,11,19,BUG,1,0.8377994331886109
LTP299,6,11,20,WASP,1,0.8253954824357991
LTP299,6,11,21,COUSIN,0,0.8662069516375667
LTP299,6,11,22,FEMALE,1,0.8043384182628454
LTP299,6,11,23,BEAST,1,0.8087958875083923
LTP299,6,11,24,PREACHER,1,0.851786715129071
LTP299,6,12,1,CELLAR,1,0.8670104460167898
LTP299,6,12,2,SEAFOOD,1,0.8709597900822473
LTP299,6,12,3,OYSTER,1,0.8575568739315907
LTP299,6,12,4,PATROL,1,0.8605280422112271
LTP299,6,12,5,OZONE,1,0.8446643881612801
LTP299,6,12,6,PECAN,1,0.8275456603058695
LTP299,6,12,7,GUARD,1,0.8737266290690838
LTP299,6,12,8,LILY,0,0.807901791611215
LTP299,6,12,9,GARDEN,0,0.8494781912570022
LTP299,6,12,10,COWBOY,1,0.8538760771108834
LTP299,6,12,11,CLAMP,0,0.7951061687193003
LTP299,6,12,12,CASHEW,1,0.8884545987251086
LTP299,6,12,13,RATTLE,0,0.8736073527500808
LTP299,6,12,14,BANKER,0,0.8882924765090792
LTP299,6,12,15,VALVE,0,0.8743196192636994
LTP299,6,12,16,SUBWAY,0,0.8806081100932611
LTP299,6,12,17,CRICKET,0,0.8725932981358585
LTP299,6,12,18,PASSAGE,0,0.8592287926185513
LTP299,6,12,19,COBRA,0,0.8144480350800285
LTP299,6,12,20,NOVEL,0,0.8248494012950052
LTP299,6,12,21,STICKER,0,0.853535790976194
LTP299,6,12,22,WRENCH,0,0.8426665432728375
LTP299,6,12,23,BRANCH,1,0.8475964859118509
LTP299,6,12,24,SLIDE,1,0.8612540851809277
LTP299,6,13,1,VIRUS,1,0.8232520918557509
LTP299,6,13,2,SALMON,1,0.8475259008610174
LTP299,6,13,3,BEEF,1,0.8228562185633949
LTP299,6,13,4,CONVICT,1,0.821660892938725
LTP299,6,13,5,LACE,0,0.8198779923992388
LTP299,6,13,6,HEADBAND,1,0.8623434400745582
LTP299,6,13,7,DANDRUFF,1,0.89381425406927
LTP299,6,13,8,COUNTRY,0,0.8352782400100356
LTP299,6,13,9,ASIA,1,0.7957308665675679
LTP299,6,13,10,SCARF,1,0.8555005923301437
LTP299,6,13,11,OX,1,0.7966223614420224
LTP299,6,13,12,WINDOW,1,0.8358471929553674
LTP299,6,13,13,BEAKER,1,0.8621732690872217
LTP299,6,13,14,APPLE,1,0.8361476544932587
LTP299,6,13,15,CHAMPAGNE,1,0.8454995958339319
LTP299,6,13,16,SWORD,1,0.8008688566331388
LTP299,6,13,17,FRIAR,1,0.8524964261594138
LTP299,6,13,18,TUTU,1,0.7981960987848318
LTP299,6,13,19,DRESS,1,0.8642985238730304
LTP299,6,13,20,EMPIRE,1,0.8392389720405541
LTP299,6,13,21,RUST,1,0.8644293894945312
LTP299,6,13,22,RECORD,0,0.8491599140395069
LTP299,6,13,23,POET,0,0.8119793123689625
LTP299,6,13,24,CURTAIN,0,0.8886875069146882
LTP299,6,14,1,BISON,0,0.863126830044668
LTP299,6,14,2,MILK,0,0.8237775324217449
LTP299,6,14,3,CRUTCH,0,0.8796948634643627
LTP299,6,14,4,LEG,0,0.8389349074187671
LTP299,6,14,5,HEDGE,1,0.8517789581244389
LTP299,6,14,6,TWIG,1,0.8584084514120539
LTP299,6,14,7,HONEY,0,0.8482440121941722
LTP299,6,14,8,WAGON,0,0.8552528233316941
LTP299,6,14,9,OMELET,0,0.8476171462130575
LTP299,6,14,10,FOREST,1,0.8202599390627952
LTP299,6,14,11,DENTIST,0,0.8525463027106434
LTP299,6,14,12,YARN,0,0.8696003607835634
LTP299,6,14,13,SHARK,0,0.7936495312057275
LTP299,6,14,14,SPOUSE,0,0.8779283253054998
LTP299,6,14,15,MAPLE,1,0.7882393426532949
LTP299,6,14,16,WARDROBE,1,0.8941102974738043
LTP299,6,14,17,REBEL,0,0.8397478353102429
LTP299,6,14,18,CORAL,1,0.8417400373074425
LTP299,6,14,19,HUSBAND,1,0.8437498654584467
LTP299,6,14,20,ROOSTER,0,0.8688486443405321
LTP299,6,14,21,WHISKERS,1,0.872595211685988
LTP299,6,14,22,JUDGE,1,0.8201481672151003
LTP299,6,14,23,BACKBONE,1,0.8804085606875813
LTP299,6,14,24,GANGSTER,0,0.8605219775544668
LTP299,6,15,1,SERVANT,1,0.8037663317929908
LTP299,6,15,2,SIDEWALK,1,0.8816286704254686
LTP299,6,15,3,HIGHWAY,1,0.7984413814215934
LTP299,6,15,4,SNAIL,1,0.8754600936027954
LTP299,6,15,5,PUPIL,0,0.841471297620911
LTP299,6,15,6,FLIPPER,1,0.834900200899483
LTP299,6,15,7,INFANT,0,0.8689125590907226
LTP299,6,15,8,NOMAD,0,0.8101768637184562
LTP299,6,15,9,ACTRESS,0,0.8847193505619889
LTP299,6,15,10,MATTRESS,0,0.8735569093954487
LTP299,6,15,11,KETCHUP,0,0.8755564217811884
LTP299,6,15,12,KLEENEX,0,0.8333623705506076
LTP299,6,15,13,SLUG,1,0.863775964113676
LTP299,6,15,14,COD,0,0.7939624254477914
LTP299,6,15,15,LIVER,0,0.8171682775892244
LTP299,6,15,16,BODY,0,0.7498017375558204
LTP299,6,15,17,TROUT,0,0.8005587453486056
LTP299,6,15,18,HAND,0,0.8260852548984878
LTP299,6,15,19,TOMBSTONE,1,0.8830815106399927
LTP299,6,15,20,PIZZA,0,0.8290511584789859
LTP299,6,15,21,ARM,0,0.8154008190145234
LTP299,6,15,22,MILDEW,1,0.889002772912284
LTP299,6,15,23,FRAGRANCE,0,0.8666118673030202
LTP299,6,15,24,STALLION,0,0.8620876527827509
LTP299,6,16,1,PICTURE,1,0.8277079685866775
LTP299,6,16,2,WITNESS,0,0.8264816747297478
LTP299,6,16,3,GRAVEL,1,0.7546514976102293
LTP299,6,16,4,SIBLING,1,0.8508376876764135
LTP299,6,16,5,SISTER,1,0.8021840550750016
LTP299,6,16,6,AWARD,1,0.8408583768353517
LTP299,6,16,7,LIPSTICK,0,0.8691349398718852
LTP299,6,16,8,SLOPE,0,0.8593106397408605
LTP299,6,16,9,STAMP,0,0.8072812612652368
LTP299,6,16,10,LIGHTNING,0,0.8861851159306819
LTP299,6,16,11,EYELASH,0,0.8488189320985134
LTP299,6,16,12,MEDAL,1,0.8592381621772638
LTP299,6,16,13,BLACKBOARD,0,0.82696909397634
LTP299,6,16,14,OUTFIT,0,0.8724577433229771
LTP299,6,16,15,COSTUME,0,0.8761734093196105
LTP299,6,16,16,EXPERT,0,0.8341301843080964
LTP299,6,16,17,TEACHER,0,0.8557101557987408
LTP299,6,16,18,LODGE,0,0.864150841234206
LTP299,6,16,19,COURSE,0,0.8335920212616033
LTP299,6,16,20,TOURIST,0,0.8676941461035628
LTP299,6,16,21,TABLET,0,0.8745446763168907
LTP299,6,16,22,OUTDOORS,1,0.8289332582388803
LTP299,6,16,23,RAZOR,1,0.8376858411036853
LTP299,6,16,24,BIKE,1,0.8688767368982958
LTP299,6,17,1,FARMER,1,0.8151071790610969
LTP299,6,17,2,PICNIC,1,0.8352000367131613
LTP299,6,17,3,MUFFIN,1,0.8621105703296328
LTP299,6,17,4,CHEST,0,0.8141154612388903
LTP299,6,17,5,FILM,0,0.8639564403317042
LTP299,6,17,6,LAGOON,0,0.8351153147456455
LTP299,6,17,7,POSSUM,0,0.8428487316470671
LTP299,6,17,8,LADDER,1,0.8233200124327467
LTP299,6,17,9,PEANUT,1,0.8691729767666545
LTP299,6,17,10,PADDLE,1,0.8733778703756754
LTP299,6,17,11,MARINE,1,0.8618842017035508
LTP299,6,17,12,CHURCH,0,0.8058967585892185
LTP299,6,17,13,MONSTER,1,0.8474357082091386
LTP299,6,17,14,WRIST,1,0.8664793705839908
LTP299,6,17,15,SANDWICH,1,0.8959527394793917
LTP299,6,17,16,AIRPLANE,1,0.8551723815552924
LTP299,6,17,17,PARROT,0,0.8464253416172078
LTP299,6,17,18,BEAVER,1,0.8455373347268345
LTP299,6,17,19,PUPPY,1,0.8922952103985207
LTP299,6,17,20,HOUND,1,0.8893346999009432
LTP299,6,17,21,ELBOW,0,0.8511654465938033
LTP299,6,17,22,SPONGE,1,0.8671662720892565
LTP299,6,17,23,CAMEL,1,0.8836389546439961
LTP299,6,17,24,AIRPORT,1,0.8394640470614774
LTP299,6,18,1,FRECKLE,1,0.8629840927253235
LTP299,6,18,2,YACHT,1,0.881660160907272
LTP299,6,18,3,LEADER,1,0.825107615374947
LTP299,6,18,4,GIFT,1,0.8508167780669444
LTP299,6,18,5,WAITRESS,1,0.8494730213361725
LTP299,6,18,6,LUNCH,0,0.8198741975576147
LTP299,6,18,7,SAUSAGE,1,0.8322022905211228
LTP299,6,18,8,CLAM,1,0.789815155685617
LTP299,6,18,9,SURVEY,0,0.8375024764387138
LTP299,6,18,10,DRIVER,0,0.8372675115093765
LTP299,6,18,11,CATCHER,0,0.8708137898431163
LTP299,6,18,12,TURNIP,0,0.8993050464100382
LTP299,6,18,13,TWEEZERS,0,0.8426077781308451
LTP299,6,18,14,POSTAGE,0,0.8717333449409045
LTP299,6,18,15,PEPPER,1,0.8417799198720001
LTP299,6,18,16,BARREL,1,0.8304476086860823
LTP299,6,18,17,VAGRANT,0,0.8433111061732459
LTP299,6,18,18,SHELF,0,0.8239341905276077
LTP299,6,18,19,UMPIRE,1,0.8555497123550174
LTP299,6,18,20,TORTOISE,0,0.8864397210493415
LTP299,6,18,21,CLIMBER,1,0.827261887019731
LTP299,6,18,22,VALLEY,0,0.8788111187773857
LTP299,6,18,23,SALAD,0,0.8634927092412954
LTP299,6,18,24,IGLOO,0,0.8377721208766067
LTP299,6,19,1,TART,1,0.8276715567924233
LTP299,6,19,2,PASTRY,1,0.8598313713630483
LTP299,6,19,3,HOSTESS,1,0.8303082854092031
LTP299,6,19,4,SUSPECT,0,0.8719155427683944
LTP299,6,19,5,WIFE,1,0.7827660192391187
LTP299,6,19,6,BASEMENT,0,0.8621873924278876
LTP299,6,19,7,TWISTER,0,0.8543551379488792
LTP299,6,19,8,SNACK,0,0.8735913006318176
LTP299,6,19,9,COOKBOOK,1,0.849173760851692
LTP299,6,19,10,ITEM,1,0.8234815093515564
LTP299,6,19,11,PLUTO,0,0.8613450585810893
LTP299,6,19,12,VENUS,0,0.8252239662556274
LTP299,6,19,13,QUAIL,0,0.8751764440759187
LTP299,6,19,14,DINER,0,0.7977112278988452
LTP299,6,19,15,CEILING,0,0.8416554916832757
LTP299,6,19,16,HAMPER,0,0.8823892669933059
LTP299,6,19,17,PAIL,1,0.8499932682125065
LTP299,6,19,18,DRINK,0,0.8201255278085204
LTP299,6,19,19,MARKET,0,0.8588123118632159
LTP299,6,19,20,LUGGAGE,1,0.8877036430075597
LTP299,6,19,21,GRIZZLY,1,0.8677890061154522
LTP299,6,19,22,SUITCASE,1,0.8500743412467681
LTP299,6,19,23,DRUG,0,0.8677209530598361
LTP299,6,19,24,NURSE,0,0.8759462893223925
LTP299,6,20,1,XEROX,1,0.8628811930770498
LTP299,6,20,2,VELVET,1,0.8704557349200596
LTP299,6,20,3,PIMPLE,1,0.8666670487653175
LTP299,6,20,4,FLAG,1,0.7901474250423185
LTP299,6,20,5,EUROPE,1,0.7772793310639674
LTP299,6,20,6,ORCHID,1,0.8583019987782647
LTP299,6,20,7,BOYFRIEND,1,0.86571469686199
LTP299,6,20,8,FLESH,1,0.8428655469841368
LTP299,6,20,9,CHAUFFEUR,1,0.8498778358231841
LTP299,6,20,10,BRAKE,1,0.8893510875823538
LTP299,6,20,11,CABBAGE,0,0.8422083602860342
LTP299,6,20,12,BREAST,1,0.8678815483711239
LTP299,6,20,13,SILK,1,0.8829314483030835
LTP299,6,20,14,SUMMIT,0,0.8463556526733185
LTP299,6,20,15,TREAT,0,0.7345040155566415
LTP299,6,20,16,POPCORN,0,0.8352394084371821
LTP299,6,20,17,CRITIC,0,0.8233935065835626
LTP299,6,20,18,PARSLEY,1,0.8745224348827433
LTP299,6,20,19,GALLON,0,0.8433182107078011
LTP299,6,20,20,COIN,0,0.8361130179978811
LTP299,6,20,21,DAISY,1,0.8552201483186841
LTP299,6,20,22,CHAPEL,0,0.8377632721545393
LTP299,6,20,23,CIGAR,0,0.8672275204768923
LTP299,6,20,24,RUG,0,0.8387207938328625
LTP299,6,21,1,ARMY,1,0.872523145217583
LTP299,6,21,2,ANKLE,1,0.8648965981461945
LTP299,6,21,3,FUNGUS,1,0.8680876935524497
LTP299,6,21,4,YOLK,1,0.8739613636528885
LTP299,6,21,5,CONCERT,0,0.8148256009463583
LTP299,6,21,6,GRILL,0,0.8766101695721334
LTP299,6,21,7,BUTCHER,0,0.8439334729679288
LTP299,6,21,8,DRAGON,0,0.8889824428189228
LTP299,6,21,9,FIREMAN,0,0.8813734330771364
LTP299,6,21,10,TUNNEL,0,0.8892697216945297
LTP299,6,21,11,SADDLE,0,0.8667690934651674
LTP299,6,21,12,CRATER,1,0.8742360791662479
LTP299,6,21,13,MOP,0,0.7948561016736377
LTP299,6,21,14,BLENDER,0,0.888140626659384
LTP299,6,21,15,PRINCE,0,0.8094503921971338
LTP299,6,21,16,ICING,0,0.8639471803114579
LTP299,6,21,17,GROUND,1,0.8217249412023829
LTP299,6,21,18,MESSAGE,0,0.8436382090061257
LTP299,6,21,19,DOUGHNUT,1,0.8897677177665899
LTP299,6,21,20,SKIRT,1,0.8576168598414905
LTP299,6,21,21,CANDY,0,0.8898535321138833
LTP299,6,21,22,HARP,0,0.874247246568624
LTP299,6,21,23,STAR,1,0.8417181752713858
LTP299,6,21,24,DONKEY,1,0.8928977562930216
LTP299,6,22,1,ROBBER,1,0.8333786726669669
LTP299,6,22,2,BURGLAR,1,0.8831833748869764
LTP299,6,22,3,SPOON,1,0.8639530454032539
LTP299,6,22,4,QUEEN,1,0.8527786067926126
LTP299,6,22,5,VIKING,1,0.8120583153810208
LTP299,6,22,6,COMPASS,0,0.880019304752787
LTP299,6,22,7,NEUTRON,1,0.8951079139834813
LTP299,6,22,8,MEAT,1,0.8483408898156862
LTP299,6,22,9,ATLAS,0,0.7628883262132043
LTP299,6,22,10,ANTLER,0,0.8646706836962266
LTP299,6,22,11,SCALLOP,0,0.8645961993379077
LTP299,6,22,12,SCARECROW,0,0.8916034416456071
LTP299,6,22,13,CROSS,0,0.8761806428333213
LTP299,6,22,14,TEMPLE,1,0.8790100757912013
LTP299,6,22,15,POLICE,1,0.8251628372050289
LTP299,6,22,16,MARS,0,0.8362962082274178
LTP299,6,22,17,RECEIPT,0,0.8421709522818098
LTP299,6,22,18,SALT,0,0.8454411956961149
LTP299,6,22,19,AGENT,0,0.8074658489005255
LTP299,6,22,20,MAILBOX,0,0.8667762337514975
LTP299,6,22,21,ATOM,0,0.7806057215799833
LTP299,6,22,22,BATHTUB,0,0.8500731969404852
LTP299,6,22,23,SCOTCH,0,0.8676982357227321
LTP299,6,22,24,SHELTER,0,0.8343202960830945
LTP299,6,23,1,WORKER,0,0.8541738459976418
LTP299,6,23,2,THREAD,0,0.8531053373186236
LTP299,6,23,3,NOTEBOOK,0,0.7910846606856338
LTP299,6,23,4,SCRIBBLE,0,0.8276391378770024
LTP299,6,23,5,FLEET,0,0.8400070464501526
LTP299,6,23,6,COLLEGE,0,0.8767057434940659
LTP299,6,23,7,CONTRACT,0,0.8124160747438666
LTP299,6,23,8,KIDNEY,0,0.8573723470131309
LTP299,6,23,9,SHIRT,0,0.8600124886871546
LTP299,6,23,10,CASHIER,0,0.8718370681315789
LTP299,6,23,11,SPOOL,0,0.8690607851925994
LTP299,6,23,12,CARRIAGE,0,0.856232503088268
LTP299,6,23,13,HORSE,0,0.8587174557604458
LTP299,6,23,14,SCALPEL,0,0.8812488783576911
LTP299,6,23,15,SHOULDER,0,0.8770979486157762
LTP299,6,23,16,CABIN,0,0.8395510921514898
LTP299,6,23,17,NECKLACE,0,0.9003246053992131
LTP299,6,23,18,BOUQUET,0,0.87445694408955
LTP299,6,23,19,TABLE,0,0.8530253220046327
LTP299,6,23,20,COUCH,0,0.8428242027135749
LTP299,6,23,21,HEART,1,0.8741138580747346
LTP299,6,23,22,PANTHER,1,0.8564688414533128
LTP299,6,23,23,JUNGLE,1,0.8755544014893268
LTP299,6,23,24,CATTLE,0,0.900436347612225
LTP299,6,24,1,CLOCK,1,0.8485546652124616
LTP299,6,24,2,SUPPER,1,0.8018128080688129
LTP299,6,24,3,JUGGLER,1,0.8412934412145023
LTP299,6,24,4,PASTA,1,0.8597528710374073
LTP299,6,24,5,ACTOR,1,0.7884126515142934
LTP299,6,24,6,CRAB,1,0.8680290092746182
LTP299,6,24,7,FREEZER,1,0.8223827945094496
LTP299,6,24,8,DASHBOARD,1,0.8831779289052332
LTP299,6,24,9,GREASE,1,0.8539031205210366
LTP299,6,24,10,ICEBERG,0,0.8852743320340324
LTP299,6,24,11,BROTHER,0,0.877930292690789
LTP299,6,24,12,LADY,0,0.796928567525918
LTP299,6,24,13,PISTON,1,0.8705504256316645
LTP299,6,24,14,GYMNAST,1,0.8658429318858867
LTP299,6,24,15,DAUGHTER,1,0.8312324620995605
LTP299,6,24,16,FOOT,0,0.7889720862605194
LTP299,6,24,17,GHETTO,0,0.8770783393511238
LTP299,6,24,18,STOVE,0,0.8528751392674583
LTP299,6,24,19,WORLD,0,0.8109245708794521
LTP299,6,24,20,GLOBE,0,0.8405192591645834
LTP299,6,24,21,SUNRISE,0,0.8910714322790617
LTP299,6,24,22,FIREPLACE,0,0.8779048978829916
LTP299,6,24,23,PARENT,0,0.7979175331030137
LTP299,6,24,24,OUTLAW,0,0.8739868749424059
LTP303,10,1,1,BOUQUET,1,0.8722064701086286
LTP303,10,1,2,CLOTHES,1,0.8759592250958205
LTP303,10,1,3,BRANCH,1,0.8442794462869091
LTP303,10,1,4,ZIPPER,1,0.7783478573792196
LTP303,10,1,5,AIRPLANE,1,0.852401670608162
LTP303,10,1,6,BALLOON,1,0.8858488007969929
LTP303,10,1,7,PERMIT,1,0.83454538700169
LTP303,10,1,8,RATTLE,1,0.870977742179475
LTP303,10,1,9,BRIEFCASE,1,0.8548957862703501
LTP303,10,1,10,DRILL,0,0.8529808039963641
LTP303,10,1,11,INFANT,1,0.8595994656054757
LTP303,10,1,12,POWDER,1,0.8251672447761624
LTP303,10,1,13,LUGGAGE,0,0.8732560954275878
LTP303,10,1,14,TILE,1,0.8433232752913139
LTP303,10,1,15,FLASK,1,0.8794918182755975
LTP303,10,1,16,KNIFE,1,0.8301614998527248
LTP303,10,1,17,LOFT,1,0.891239673077889
LTP303,10,1,18,FOREST,1,0.8073190761890975
LTP303,10,1,19,KLEENEX,1,0.8372496728876136
LTP303,10,1,20,FLESH,1,0.8471311252784687
LTP303,10,1,21,BRACES,0,0.8626889697872996
LTP303,10,1,22,MISTER,0,0.8068012655453884
LTP303,10,1,23,LADY,0,0.7926410041292634
LTP303,10,1,24,COUCH,0,0.8355166146825906
LTP303,10,2,1,PIANO,1,0.8389005138356747
LTP303,10,2,2,RECORD,1,0.8577354927108221
LTP303,10,2,3,COCOON,1,0.8140371588817549
LTP303,10,2,4,CURTAIN,1,0.8984406982171596
LTP303,10,2,5,MARROW,1,0.8813405008804814
LTP303,10,2,6,RECEIPT,1,0.848696611514937
LTP303,10,2,7,ITEM,1,0.8307870699749278
LTP303,10,2,8,PILOT,0,0.8879130686833625
LTP303,10,2,9,GRILL,1,0.8733906263774412
LTP303,10,2,10,SHIRT,1,0.8614495287497888
LTP303,10,2,11,SLUG,1,0.86119406847112
LTP303,10,2,12,VALLEY,1,0.8755165715292621
LTP303,10,2,13,SKIRT,0,0.863430358552574
LTP303,10,2,14,OMELET,1,0.8451822834085017
LTP303,10,2,15,OUTLAW,1,0.8755120124441392
LTP303,10,2,16,THIEF,1,0.8377340141645521
LTP303,10,2,17,GROUND,1,0.8294828740597758
LTP303,10,2,18,DRIVER,1,0.8358832670061092
LTP303,10,2,19,VICTIM,1,0.8119029811750025
LTP303,10,2,20,TRANSPLANT,1,0.7939736365199789
LTP303,10,2,21,COSTUME,1,0.8709415455433003
LTP303,10,2,22,LODGE,0,0.8704018130839382
LTP303,10,2,23,CRAYON,0,0.8862579650590728
LTP303,10,2,24,MASK,1,0.803950160778824
LTP303,10,3,1,PADDING,0,0.8729678714145717
LTP303,10,3,2,LAGOON,1,0.8468080909562595
LTP303,10,3,3,SWAMP,1,0.7689733196385528
LTP303,10,3,4,GREASE,0,0.8601207940426868
LTP303,10,3,5,FIREPLACE,0,0.8795278945152332
LTP303,10,3,6,GUITAR,1,0.7548587290792111
LTP303,10,3,7,FRAME,1,0.8653742684094097
LTP303,10,3,8,RUG,1,0.8331188717216945
LTP303,10,3,9,PIMPLE,1,0.8770257161519315
LTP303,10,3,10,CABBAGE,1,0.8419662429132021
LTP303,10,3,11,WHISTLE,0,0.8711226237758569
LTP303,10,3,12,PUDDLE,0,0.8927263052430705
LTP303,10,3,13,MILDEW,1,0.8798602821988079
LTP303,10,3,14,MISSILE,0,0.8437388421739569
LTP303,10,3,15,CRUTCH,1,0.8854603641883233
LTP303,10,3,16,LEG,1,0.8412135067945543
LTP303,10,3,17,PLAZA,1,0.7963495351545165
LTP303,10,3,18,WORKER,1,0.8458684753371701
LTP303,10,3,19,DINER,1,0.7900961563235462
LTP303,10,3,20,LAPEL,1,0.8565031784551772
LTP303,10,3,21,PAIL,1,0.84847977880106
LTP303,10,3,22,PICTURE,1,0.8285458339817053
LTP303,10,3,23,SCULPTURE,1,0.8596505511972069
LTP303,10,3,24,SPARROW,1,0.8434671587646991
LTP303,10,4,1,DRAWING,1,0.8628839819725042
LTP303,10,4,2,CELLAR,0,0.8652222123611739
LTP303,10,4,3,EAGLE,0,0.8389914872569841
LTP303,10,4,4,SCOTCH,1,0.8618358487713782
LTP303,10,4,5,FOOTBALL,1,0.8359576489985678
LTP303,10,4,6,STAPLE,1,0.8626099995867744
LTP303,10,4,7,SKETCH,0,0.8654241843243217
LTP303,10,4,8,BELLY,1,0.8704287557480821
LTP303,10,4,9,RIFLE,1,0.8608703454820592
LTP303,10,4,10,GANGSTER,1,0.8625326947499508
LTP303,10,4,11,BREAST,1,0.8643539998267985
LTP303,10,4,12,SOFTBALL,1,0.8724613806635151
LTP303,10,4,13,COBRA,1,0.7977545197173892
LTP303,10,4,14,SHOVEL,1,0.8943225151516755
LTP303,10,4,15,SIBLING,1,0.8484134177327795
LTP303,10,4,16,BROTHER,1,0.8741024272608029
LTP303,10,4,17,RACKET,1,0.8818470544767651
LTP303,10,4,18,BUG,0,0.8411055067910569
LTP303,10,4,19,JELLY,0,0.8582318380541971
LTP303,10,4,20,HAND,0,0.8176779980519924
LTP303,10,4,21,BLENDER,0,0.9007518112255305
LTP303,10,4,22,WINDOW,0,0.8427954231261797
LTP303,10,4,23,STOMACH,0,0.8253489104820066
LTP303,10,4,24,POSSUM,0,0.8489341313546209
LTP303,10,5,1,PASSAGE,0,0.8602814421439342
LTP303,10,5,2,NOVEL,0,0.8169090117222598
LTP303,10,5,3,CATCHER,0,0.8780280245069169
LTP303,10,5,4,TABLET,0,0.8687448228720852
LTP303,10,5,5,GRAPE,0,0.7746269542065107
LTP303,10,5,6,GALLON,0,0.8432095726332114
LTP303,10,5,7,JOURNAL,0,0.8416856684102149
LTP303,10,5,8,SHORTS,1,0.8165025922751059
LTP303,10,5,9,JURY,1,0.8429620354737668
LTP303,10,5,10,GAVEL,1,0.7938822964070102
LTP303,10,5,11,MEDAL,1,0.8587059756804093
LTP303,10,5,12,SHERIFF,1,0.8837817364926681
LTP303,10,5,13,BLOCKADE,1,0.8531765989330835
LTP303,10,5,14,BANKER,1,0.886245508166057
LTP303,10,5,15,BINDER,1,0.8549283258498354
LTP303,10,5,16,MOTOR,1,0.8035783528030358
LTP303,10,5,17,PENGUIN,1,0.891485222262394
LTP303,10,5,18,YARN,1,0.8695167092331811
LTP303,10,5,19,GLASS,1,0.8460953151330851
LTP303,10,5,20,REPORT,1,0.8082909490995976
LTP303,10,5,21,HARP,0,0.871765909763169
LTP303,10,5,22,TRENCH,0,0.8329591508863429
LTP303,10,5,23,CHAUFFEUR,0,0.8379081701016647
LTP303,10,5,24,RELISH,0,0.8409041347770091
LTP303,10,6,1,DANDRUFF,0,0.8890268208810149
LTP303,10,6,2,HEADBAND,0,0.8657473713532705
LTP303,10,6,3,PISTOL,1,0.8781867422218731
LTP303,10,6,4,TURKEY,1,0.8797184662120857
LTP303,10,6,5,ANTLER,1,0.860400185602863
LTP303,10,6,6,GAZELLE,1,0.8583885530846912
LTP303,10,6,7,HORSE,1,0.8586851987658586
LTP303,10,6,8,POISON,1,0.8255420994989291
LTP303,10,6,9,TWISTER,1,0.8512907059067667
LTP303,10,6,10,BUBBLE,1,0.862220449910938
LTP303,10,6,11,WRIST,0,0.8719976283046759
LTP303,10,6,12,CLOCK,0,0.8352298272314185
LTP303,10,6,13,DRESSER,0,0.8551886494692029
LTP303,10,6,14,EGYPT,0,0.8531679199059982
LTP303,10,6,15,BRAKE,0,0.8802250812245261
LTP303,10,6,16,LASER,1,0.7780797683556956
LTP303,10,6,17,SPHINX,1,0.8596834411309101
LTP303,10,6,18,TYPIST,1,0.8909880159127074
LTP303,10,6,19,TUTU,1,0.7897569958110433
LTP303,10,6,20,DASHBOARD,1,0.874326297201179
LTP303,10,6,21,BLACKBOARD,1,0.8286190960866103
LTP303,10,6,22,CASKET,0,0.8839680290724109
LTP303,10,6,23,LONDON,0,0.7916890013317494
LTP303,10,6,24,PAPER,0,0.7926800183956373
LTP303,10,7,1,CLAMP,1,0.7874268422152765
LTP303,10,7,2,FLAG,1,0.7791275170310925
LTP303,10,7,3,SURVEY,1,0.8290529333107446
LTP303,10,7,4,DENTIST,1,0.8514268121185216
LTP303,10,7,5,WAITRESS,1,0.8411224041617644
LTP303,10,7,6,CATTLE,1,0.8928318620837421
LTP303,10,7,7,FARMER,1,0.8205281990690656
LTP303,10,7,8,WORLD,1,0.8121345629702723
LTP303,10,7,9,ACTOR,1,0.7931008276372051
LTP303,10,7,10,ROOSTER,1,0.8743580833508583
LTP303,10,7,11,RIVER,1,0.8736028835817583
LTP303,10,7,12,CORAL,1,0.8364992333398675
LTP303,10,7,13,TWEEZERS,1,0.8321680276746262
LTP303,10,7,14,LOVER,1,0.7974377976464873
LTP303,10,7,15,GRAVE,1,0.7842480219778772
LTP303,10,7,16,MARINE,1,0.8635871977917693
LTP303,10,7,17,BUREAU,1,0.8416771655877002
LTP303,10,7,18,DORM,1,0.7842124146330828
LTP303,10,7,19,COLONEL,0,0.8706389345471551
LTP303,10,7,20,SERVER,1,0.8260650126193786
LTP303,10,7,21,ICING,0,0.8538884696005395
LTP303,10,7,22,PASTRY,0,0.8659112452286731
LTP303,10,7,23,FRIEND,1,0.8365495898973239
LTP303,10,7,24,ARM,1,0.832101500179383
LTP303,10,8,1,RUST,1,0.8496092210226032
LTP303,10,8,2,SUMMIT,1,0.8483939768237082
LTP303,10,8,3,XEROX,1,0.8570886642607074
LTP303,10,8,4,CASHIER,1,0.8712763355507477
LTP303,10,8,5,ROBBER,1,0.8417145489927265
LTP303,10,8,6,CANYON,1,0.8456242701105747
LTP303,10,8,7,TOURIST,1,0.8719805224591317
LTP303,10,8,8,SCARECROW,1,0.8949715454872085
LTP303,10,8,9,CLIMBER,1,0.8255681208608354
LTP303,10,8,10,AUTHOR,1,0.85546707923733
LTP303,10,8,11,QUARTER,1,0.8467348629582359
LTP303,10,8,12,FLASHLIGHT,0,0.8402972866109885
LTP303,10,8,13,TRACTOR,1,0.8404937652134945
LTP303,10,8,14,MEAT,1,0.8573921139886832
LTP303,10,8,15,BUTCHER,1,0.8375598183783903
LTP303,10,8,16,SHELF,1,0.8039444133046787
LTP303,10,8,17,HONEY,0,0.8387840841784754
LTP303,10,8,18,TART,0,0.8269309103521184
LTP303,10,8,19,SALAD,1,0.8598822208575335
LTP303,10,8,20,SEAFOOD,0,0.8611799697763988
LTP303,10,8,21,MONSTER,0,0.8463877940249291
LTP303,10,8,22,MESSAGE,0,0.8397664907787076
LTP303,10,8,23,JAPAN,0,0.7936805904382281
LTP303,10,8,24,EUROPE,0,0.7775942229155768
LTP303,10,9,1,STAKE,1,0.8124295012282687
LTP303,10,9,2,QUAIL,1,0.864252882909167
LTP303,10,9,3,WASHER,1,0.844847293088636
LTP303,10,9,4,WARDROBE,1,0.8868793570942811
LTP303,10,9,5,SMOG,1,0.8456611966602019
LTP303,10,9,6,PEBBLE,1,0.8290662368834906
LTP303,10,9,7,PIZZA,1,0.8301151090556705
LTP303,10,9,8,PRIMATE,1,0.8396724481394183
LTP303,10,9,9,BEEF,1,0.8020836007912941
LTP303,10,9,10,ACTRESS,1,0.8773052815772098
LTP303,10,9,11,CRICKET,1,0.8675294069164012
LTP303,10,9,12,BROOK,1,0.8484653750507624
LTP303,10,9,13,CANDY,0,0.8831325383410801
LTP303,10,9,14,ROBOT,1,0.8402187851872032
LTP303,10,9,15,OFFICE,1,0.8477850144771676
LTP303,10,9,16,THRONE,0,0.8500111220551002
LTP303,10,9,17,FUNGUS,1,0.8562623866046647
LTP303,10,9,18,LETTUCE,1,0.8811136226158336
LTP303,10,9,19,SUITCASE,1,0.8444403208182927
LTP303,10,9,20,HAMPER,1,0.8806289760394203
LTP303,10,9,21,HAWK,1,0.7995144166122792
LTP303,10,9,22,CLOUD,1,0.8436191180078375
LTP303,10,9,23,MUMMY,0,0.8569775822791824
LTP303,10,9,24,BLUEPRINT,0,0.9018862175218388
LTP303,10,10,1,NIGHTGOWN,0,0.8490215677391889
LTP303,10,10,2,DRAGON,0,0.8923389708357544
LTP303,10,10,3,DIME,1,0.8313231860364868
LTP303,10,10,4,CONTRACT,0,0.8043308537265568
LTP303,10,10,5,COMPASS,1,0.8707484998138482
LTP303,10,10,6,POPCORN,1,0.8384473039736159
LTP303,10,10,7,PARENT,0,0.8002159958041131
LTP303,10,10,8,DAUGHTER,0,0.820152795373406
LTP303,10,10,9,BODY,0,0.7417831872237467
LTP303,10,10,10,TORTOISE,0,0.8930927648631738
LTP303,10,10,11,PATROL,0,0.8507269268241748
LTP303,10,10,12,SANDWICH,0,0.88682965340195
LTP303,10,10,13,MATTRESS,0,0.8675853944811573
LTP303,10,10,14,MOTEL,0,0.8689551753780067
LTP303,10,10,15,KEEPER,0,0.8144830589569215
LTP303,10,10,16,MACHINE,0,0.8207813575927076
LTP303,10,10,17,GUARD,0,0.8539161226847409
LTP303,10,10,18,SNACK,0,0.8627989530142229
LTP303,10,10,19,AGENT,0,0.8010050481295142
LTP303,10,10,20,PEPPER,0,0.8389337629467931
LTP303,10,10,21,PICNIC,1,0.8292891384658825
LTP303,10,10,22,PADDLE,0,0.871022533992442
LTP303,10,10,23,YACHT,0,0.8821557365857229
LTP303,10,10,24,SISTER,1,0.7940902626259098
LTP303,10,11,1,LION,0,0.834509063146404
LTP303,10,11,2,PARSLEY,0,0.8699614432528324
LTP303,10,11,3,SILK,0,0.8825615790855359
LTP303,10,11,4,SWIMMER,0,0.7982178024980326
LTP303,10,11,5,DENIM,1,0.8647747266772516
LTP303,10,11,6,BLOUSE,0,0.8715622776840352
LTP303,10,11,7,GLOVE,0,0.8914795195635732
LTP303,10,11,8,PUDDING,0,0.8711314284415754
LTP303,10,11,9,JUGGLER,0,0.8443509709655689
LTP303,10,11,10,SIDEWALK,1,0.8684668718346232
LTP303,10,11,11,HUMAN,1,0.8264842406026127
LTP303,10,11,12,ZEBRA,1,0.8704120209905325
LTP303,10,11,13,LIVER,1,0.8251207033650669
LTP303,10,11,14,DUSTPAN,1,0.8727520873421987
LTP303,10,11,15,KETCHUP,1,0.880989828583768
LTP303,10,11,16,MARSH,0,0.8771101299259894
LTP303,10,11,17,SHRUB,0,0.8515249540570644
LTP303,10,11,18,HATCHET,0,0.8555069348909505
LTP303,10,11,19,HEART,0,0.8773178994851484
LTP303,10,11,20,DONOR,1,0.8335484211835795
LTP303,10,11,21,BARLEY,0,0.8682717063964127
LTP303,10,11,22,HIGHWAY,0,0.7923725095862385
LTP303,10,11,23,PLAID,1,0.7965576913446909
LTP303,10,11,24,TABLE,1,0.8377709055959198
LTP303,10,12,1,PECAN,1,0.8239816781550071
LTP303,10,12,2,PEACH,1,0.8454806687370895
LTP303,10,12,3,DANCER,1,0.8934049834446062
LTP303,10,12,4,CIGAR,1,0.867500192722205
LTP303,10,12,5,BANK,1,0.8737715138219944
LTP303,10,12,6,COOK,1,0.8233602849615208
LTP303,10,12,7,BABY,1,0.8295945504443826
LTP303,10,12,8,TREAT,0,0.7376222056541071
LTP303,10,12,9,TUBA,1,0.8564677628602323
LTP303,10,12,10,FILM,1,0.8664697604610211
LTP303,10,12,11,BEAST,1,0.8118205162421962
LTP303,10,12,12,UMPIRE,1,0.8563105285995938
LTP303,10,12,13,AIRPORT,1,0.8399874234216873
LTP303,10,12,14,CHILD,1,0.8506827819328429
LTP303,10,12,15,BEAVER,1,0.8500838108993558
LTP303,10,12,16,DUST,1,0.8533546328379323
LTP303,10,12,17,SHORTCAKE,1,0.8549144733378089
LTP303,10,12,18,FRUIT,1,0.8409761348016679
LTP303,10,12,19,SWITCH,1,0.7757591486334128
LTP303,10,12,20,LAMP,1,0.8367243019840357
LTP303,10,12,21,FRANCE,1,0.8568923062430366
LTP303,10,12,22,FEMALE,1,0.7957908735199993
LTP303,10,12,23,MARKER,1,0.8634502280134556
LTP303,10,12,24,CRIB,1,0.8437807117545983
LTP303,10,13,1,LIZARD,1,0.8751172072035078
LTP303,10,13,2,SNAKE,1,0.8948161811425934
LTP303,10,13,3,CRITIC,1,0.825001456248628
LTP303,10,13,4,MAMMAL,1,0.8023174478566836
LTP303,10,13,5,SLOPE,0,0.8573672871773524
LTP303,10,13,6,TWIG,1,0.8452662564327682
LTP303,10,13,7,TUNNEL,1,0.8789723503580695
LTP303,10,13,8,EYELASH,1,0.8518143023613066
LTP303,10,13,9,CUPBOARD,1,0.8733598084926802
LTP303,10,13,10,PISTON,1,0.866123994747244
LTP303,10,13,11,JUDGE,1,0.812247122198516
LTP303,10,13,12,PREACHER,1,0.8486642195968886
LTP303,10,13,13,SCARF,1,0.858729305768205
LTP303,10,13,14,VALVE,1,0.8632451811768843
LTP303,10,13,15,PERFUME,1,0.8754230094461078
LTP303,10,13,16,INMATE,1,0.8535178101693358
LTP303,10,13,17,BEAKER,1,0.8637364007612273
LTP303,10,13,18,SERVANT,1,0.8005199144118729
LTP303,10,13,19,IDOL,1,0.7936526228644071
LTP303,10,13,20,WITNESS,0,0.8141717610723247
LTP303,10,13,21,SCALLOP,1,0.8596497537090795
LTP303,10,13,22,COD,1,0.7976787521171098
LTP303,10,13,23,LIPSTICK,1,0.8752422990766838
LTP303,10,13,24,WAITER,0,0.8496091241914813
LTP303,10,14,1,BARREL,1,0.8253915958764052
LTP303,10,14,2,CASHEW,1,0.8940518014140006
LTP303,10,14,3,UNCLE,1,0.7917649459648396
LTP303,10,14,4,CITRUS,1,0.8507939224112607
LTP303,10,14,5,PEANUT,1,0.8781410185149243
LTP303,10,14,6,PRINCE,1,0.8260861085276834
LTP303,10,14,7,CHAMPAGNE,1,0.8518516518788387
LTP303,10,14,8,STAMP,1,0.7914392959291994
LTP303,10,14,9,VIRUS,0,0.815124700778252
LTP303,10,14,10,LADDER,0,0.8148635240500606
LTP303,10,14,11,GLOBE,0,0.8156288004007789
LTP303,10,14,12,ATLAS,0,0.7710339629666132
LTP303,10,14,13,CHEMIST,0,0.8722811462689083
LTP303,10,14,14,NECKLACE,1,0.8960290704243606
LTP303,10,14,15,STUDENT,0,0.8272642793109772
LTP303,10,14,16,HOUND,0,0.886330123663618
LTP303,10,14,17,COCKTAIL,1,0.8529017487287561
LTP303,10,14,18,ONION,1,0.8176418165683362
LTP303,10,14,19,MUFFIN,1,0.8571900478779465
LTP303,10,14,20,KITCHEN,1,0.8777541479968394
LTP303,10,14,21,PRINCESS,1,0.8787342940608303
LTP303,10,14,22,CROWN,1,0.8665766664060329
LTP303,10,14,23,ATOM,1,0.7917164719792394
LTP303,10,14,24,ORANGE,1,0.8429194513975562
LTP303,10,15,1,POCKET,0,0.8527764354973499
LTP303,10,15,2,BISON,0,0.8633655785747404
LTP303,10,15,3,TERMITE,0,0.8822084982666041
LTP303,10,15,4,PUPPY,0,0.8880020210580847
LTP303,10,15,5,AWARD,0,0.8328455620944577
LTP303,10,15,6,HIKER,0,0.8755006293235094
LTP303,10,15,7,COTTAGE,0,0.8715502144993874
LTP303,10,15,8,HUSBAND,0,0.8446481862742177
LTP303,10,15,9,YOLK,1,0.8781634757947714
LTP303,10,15,10,SPOON,1,0.869151213328615
LTP303,10,15,11,FLIPPER,0,0.8317399154536977
LTP303,10,15,12,BURGLAR,0,0.8771272685075303
LTP303,10,15,13,SUSPECT,1,0.874729153544871
LTP303,10,15,14,SUNSET,1,0.8511122803795338
LTP303,10,15,15,PLATE,1,0.776005508854231
LTP303,10,15,16,CUSTARD,1,0.8690918616789122
LTP303,10,15,17,JELLO,1,0.8649805240430375
LTP303,10,15,18,SPONGE,1,0.8732469098915151
LTP303,10,15,19,COOKBOOK,1,0.8491784627869967
LTP303,10,15,20,PASTA,1,0.8654547233741728
LTP303,10,15,21,SAUSAGE,1,0.8338078125340157
LTP303,10,15,22,PORTRAIT,0,0.8732682725685987
LTP303,10,15,23,SKILLET,0,0.8953720485068435
LTP303,10,15,24,SADDLE,0,0.8625562680441442
LTP303,10,16,1,CONCERT,1,0.8111966818182471
LTP303,10,16,2,LILY,1,0.8052321582708778
LTP303,10,16,3,JUNGLE,1,0.8766776960330358
LTP303,10,16,4,CHIPMUNK,1,0.8831474417953576
LTP303,10,16,5,SUBWAY,1,0.8882286281890335
LTP303,10,16,6,TROMBONE,1,0.8758573773152389
LTP303,10,16,7,HERO,1,0.859243271071258
LTP303,10,16,8,PARROT,1,0.8424177678093687
LTP303,10,16,9,SPOUSE,0,0.8824647345281138
LTP303,10,16,10,OYSTER,1,0.8633185083278715
LTP303,10,16,11,CLAM,1,0.7839794667316361
LTP303,10,16,12,SALT,1,0.8557266102504955
LTP303,10,16,13,CAPTIVE,1,0.8278004040453885
LTP303,10,16,14,BIKE,1,0.8647595927506699
LTP303,10,16,15,MARS,1,0.834253437746011
LTP303,10,16,16,FREEZER,1,0.8217166074563118
LTP303,10,16,17,SODA,1,0.8054693727419515
LTP303,10,16,18,FLOWER,1,0.8792704852335801
LTP303,10,16,19,DRUG,1,0.8599010671752332
LTP303,10,16,20,PUPIL,1,0.8416381171179778
LTP303,10,16,21,SALMON,1,0.8561957833467297
LTP303,10,16,22,DIVER,1,0.7878007054610141
LTP303,10,16,23,DONKEY,0,0.8874869360003669
LTP303,10,16,24,GARLIC,0,0.8607671063845781
LTP303,10,17,1,POET,0,0.8051319129848303
LTP303,10,17,2,TURNIP,0,0.8770329332761604
LTP303,10,17,3,VAGRANT,0,0.8314261372402362
LTP303,10,17,4,MAILBOX,1,0.865226892221766
LTP303,10,17,5,SCALPEL,1,0.8792614714909032
LTP303,10,17,6,EXPERT,1,0.8281189310028021
LTP303,10,17,7,HELMET,1,0.8592238398920389
LTP303,10,17,8,PEDAL,1,0.8546853568295165
LTP303,10,17,9,NAPKIN,0,0.8288734836024574
LTP303,10,17,10,GIFT,1,0.8438020671060588
LTP303,10,17,11,SHELTER,0,0.8314306145963397
LTP303,10,17,12,FLUTE,0,0.830451645140182
LTP303,10,17,13,ASIA,0,0.7886215168992934
LTP303,10,17,14,POLICE,1,0.825959134996717
LTP303,10,17,15,SLIME,1,0.8804617328088461
LTP303,10,17,16,BOX,1,0.7616645724011737
LTP303,10,17,17,BOYFRIEND,1,0.8557897633600439
LTP303,10,17,18,GIRL,1,0.8678045571922267
LTP303,10,17,19,BADGE,1,0.8454603109880933
LTP303,10,17,20,HEDGE,0,0.8501531565681852
LTP303,10,17,21,CHAPEL,1,0.8353350838760593
LTP303,10,17,22,TOASTER,0,0.8411375303861599
LTP303,10,17,23,APRON,1,0.8786205538956425
LTP303,10,17,24,CAFE,1,0.8209633394491613
LTP303,10,18,1,BANJO,0,0.8833065189441827
LTP303,10,18,2,BRANDY,0,0.8729959377151205
LTP303,10,18,3,GRIZZLY,0,0.8492151260037268
LTP303,10,18,4,SPACE,0,0.7776557476496738
LTP303,10,18,5,VIKING,1,0.8101399146792126
LTP303,10,18,6,BATHTUB,1,0.8429629268934541
LTP303,10,18,7,STREAM,1,0.8843870114494935
LTP303,10,18,8,GYMNAST,0,0.8645292623419658
LTP303,10,18,9,PATIENT,1,0.8430438962307314
LTP303,10,18,10,BASEMENT,0,0.8686085638723866
LTP303,10,18,11,LACE,1,0.8185545374007178
LTP303,10,18,12,DRESS,1,0.8649804790879031
LTP303,10,18,13,MARKET,0,0.8651098374394982
LTP303,10,18,14,CONVICT,1,0.8203511541283058
LTP303,10,18,15,GOBLIN,1,0.8538542967981135
LTP303,10,18,16,MUSTARD,0,0.7663742329208644
LTP303,10,18,17,NEUTRON,0,0.8941085841390887
LTP303,10,18,18,APPLE,1,0.8498053979880376
LTP303,10,18,19,STAR,0,0.8507374147927209
LTP303,10,18,20,ULCER,1,0.8451921286592385
LTP303,10,18,21,PROTON,0,0.83310391077106
LTP303,10,18,22,COIN,0,0.8435043659656909
LTP303,10,18,23,CROSS,0,0.8821510730907938
LTP303,10,18,24,GRAVEL,0,0.7641437147523613
LTP303,10,19,1,BULLET,1,0.8509805558490352
LTP303,10,19,2,PERCH,1,0.8870009452278678
LTP303,10,19,3,BUGGY,1,0.8832314073525961
LTP303,10,19,4,BOARD,1,0.7777886115416931
LTP303,10,19,5,BUCKET,1,0.8669744889511225
LTP303,10,19,6,MOP,1,0.7934341282463895
LTP303,10,19,7,DAISY,0,0.8462885717106022
LTP303,10,19,8,SEAL,0,0.7795400739809859
LTP303,10,19,9,MILK,1,0.8149399132476545
LTP303,10,19,10,ORCHID,1,0.8576449111200535
LTP303,10,19,11,IGLOO,1,0.849816131660857
LTP303,10,19,12,ICEBERG,1,0.8925009434079758
LTP303,10,19,13,CYCLONE,1,0.8830842315035919
LTP303,10,19,14,NOMAD,1,0.8153992054472897
LTP303,10,19,15,TRIBE,1,0.8656466116415658
LTP303,10,19,16,SNAIL,0,0.8818091071161192
LTP303,10,19,17,SUPPER,1,0.7831684097358205
LTP303,10,19,18,MAILMAN,1,0.882076911306638
LTP303,10,19,19,LIGHTNING,1,0.8738545755844893
LTP303,10,19,20,HOOK,1,0.8962919817982187
LTP303,10,19,21,SCISSORS,1,0.8160632027938057
LTP303,10,19,22,BACKBONE,1,0.8926832653253407
LTP303,10,19,23,PARTNER,1,0.8484745638987704
LTP303,10,19,24,TURTLE,1,0.8957059473280535
LTP303,10,20,1,OZONE,1,0.8540658919289416
LTP303,10,20,2,COFFEE,1,0.8642580247497674
LTP303,10,20,3,DRINK,1,0.8097782855621869
LTP303,10,20,4,BRICK,1,0.8979219646223968
LTP303,10,20,5,HOOD,1,0.8836594201636943
LTP303,10,20,6,ROBIN,1,0.8299825988418607
LTP303,10,20,7,PLAYGROUND,1,0.8578393065392034
LTP303,10,20,8,SLIDE,1,0.8580627656222906
LTP303,10,20,9,COUNTRY,1,0.8402068083165765
LTP303,10,20,10,CHURCH,1,0.7963664164796654
LTP303,10,20,11,WOMAN,1,0.8594175950475204
LTP303,10,20,12,PIGMENT,0,0.8742716532930052
LTP303,10,20,13,RADISH,0,0.8706711682267397
LTP303,10,20,14,PIGEON,1,0.8975581649562834
LTP303,10,20,15,SEAGULL,1,0.888254469120337
LTP303,10,20,16,ROD,1,0.840626592499258
LTP303,10,20,17,GARDEN,1,0.8430557355073757
LTP303,10,20,18,SPOOL,1,0.8484616155377186
LTP303,10,20,19,CARROT,1,0.8452573842936321
LTP303,10,20,20,TRUCK,1,0.8422177120842806
LTP303,10,20,21,ANKLE,1,0.847508251909635
LTP303,10,20,22,CABIN,0,0.846031035873955
LTP303,10,20,23,WHISKERS,0,0.8620393603869961
LTP303,10,20,24,WIFE,0,0.7812369130636716
LTP303,10,21,1,CANAL,1,0.8757809377091264
LTP303,10,21,2,WASP,1,0.8237575864583561
LTP303,10,21,3,QUEEN,1,0.8627206590271178
LTP303,10,21,4,PALACE,1,0.861047236557744
LTP303,10,21,5,HANDBAG,0,0.8731466815522297
LTP303,10,21,6,ROCKET,1,0.8987327391209006
LTP303,10,21,7,LAVA,1,0.800950044583292
LTP303,10,21,8,HORNET,0,0.8695769702951655
LTP303,10,21,9,ELBOW,0,0.8547949476368053
LTP303,10,21,10,GARBAGE,0,0.8883987262208224
LTP303,10,21,11,TEMPLE,0,0.8836301654899298
LTP303,10,21,12,STONE,0,0.8391774854826709
LTP303,10,21,13,COMET,0,0.8343225451198258
LTP303,10,21,14,FRAGRANCE,0,0.8783022973251283
LTP303,10,21,15,EMPIRE,1,0.838844825025367
LTP303,10,21,16,DOLPHIN,0,0.8421780429776297
LTP303,10,21,17,TAXI,0,0.8581993041276822
LTP303,10,21,18,NURSE,1,0.8762614854797472
LTP303,10,21,19,OINTMENT,1,0.8484163699393236
LTP303,10,21,20,HOSTESS,1,0.8311393754537185
LTP303,10,21,21,RAZOR,1,0.8462808748053001
LTP303,10,21,22,CREVICE,1,0.8838366981072708
LTP303,10,21,23,CRATER,1,0.8747928986192468
LTP303,10,21,24,FIREMAN,0,0.8897941438487278
LTP303,10,22,1,BACON,1,0.7958307526151519
LTP303,10,22,2,BANQUET,1,0.8877723276765644
LTP303,10,22,3,CREATURE,1,0.8561043975367278
LTP303,10,22,4,FOOT,1,0.791828884894615
LTP303,10,22,5,FRIAR,1,0.8496038301590758
LTP303,10,22,6,OUTFIT,1,0.8684232216247555
LTP303,10,22,7,COUNTY,1,0.8422471982042025
LTP303,10,22,8,FINGER,1,0.894224123261113
LTP303,10,22,9,TOMBSTONE,1,0.8863587937898421
LTP303,10,22,10,BLADE,1,0.88563576364386
LTP303,10,22,11,PACKAGE,1,0.8548198070689695
LTP303,10,22,12,WRENCH,1,0.8447793746427402
LTP303,10,22,13,PLIERS,1,0.8685340575177255
LTP303,10,22,14,TEACHER,1,0.8449552941988449
LTP303,10,22,15,COLLEGE,1,0.8822587695039031
LTP303,10,22,16,CRAB,1,0.875545552769109
LTP303,10,22,17,LEOPARD,1,0.8684807423096355
LTP303,10,22,18,RAFT,1,0.8753050317502734
LTP303,10,22,19,DOUGHNUT,1,0.890393189156542
LTP303,10,22,20,VELVET,1,0.8725316829832045
LTP303,10,22,21,STOVE,0,0.8516978527291456
LTP303,10,22,22,SWORD,1,0.7929370230442587
LTP303,10,22,23,WAGON,1,0.8498796534379799
LTP303,10,22,24,POSTAGE,1,0.8739394508273778
LTP303,10,23,1,FIDDLE,1,0.899261658704282
LTP303,10,23,2,STATUE,1,0.8127194933827018
LTP303,10,23,3,SHOULDER,1,0.8744280687959932
LTP303,10,23,4,MAPLE,1,0.785605386640878
LTP303,10,23,5,LUMBER,1,0.8850220924905979
LTP303,10,23,6,LUNCH,1,0.81725748596182
LTP303,10,23,7,LEADER,1,0.8276417506724033
LTP303,10,23,8,MONEY,0,0.8268358155145433
LTP303,10,23,9,FRECKLE,1,0.8675343336429916
LTP303,10,23,10,RABBIT,1,0.8221791021877676
LTP303,10,23,11,PORK,1,0.8606769763514122
LTP303,10,23,12,CAMEL,0,0.8836604358519256
LTP303,10,23,13,COWBOY,0,0.8584893724188633
LTP303,10,23,14,FOREHEAD,0,0.8277804961168861
LTP303,10,23,15,KIDNEY,0,0.8560331337461692
LTP303,10,23,16,PLUTO,0,0.8565425346276353
LTP303,10,23,17,VENUS,0,0.8238095980833404
LTP303,10,23,18,ISLAND,0,0.7713906716695912
LTP303,10,23,19,LAKE,0,0.85493936448697
LTP303,10,23,20,JEANS,0,0.8626403383004186
LTP303,10,23,21,STALLION,1,0.8583837947710319
LTP303,10,23,22,PANTHER,1,0.8581411697071025
LTP303,10,23,23,SPIDER,1,0.8634188487096532
LTP303,10,23,24,THREAD,1,0.8464925447959173
LTP303,10,24,1,SCRIBBLE,1,0.8248483155405887
LTP303,10,24,2,SUNRISE,0,0.88589963519867
LTP303,10,24,3,MATCH,1,0.8564822091578528
LTP303,10,24,4,STICKER,0,0.8507185425425647
LTP303,10,24,5,OUTDOORS,1,0.8120426391158737
LTP303,10,24,6,BUNNY,1,0.8511538147612986
LTP303,10,24,7,TROUT,1,0.8033182719240777
LTP303,10,24,8,FOX,1,0.8037798020472605
LTP303,10,24,9,CHEST,1,0.8215227028908934
LTP303,10,24,10,REBEL,1,0.8427015981779314
LTP303,10,24,11,NOTEBOOK,0,0.7887657381768085
LTP303,10,24,12,ARMY,0,0.8458251040926357
LTP303,10,24,13,FLEET,1,0.8442996136187336
LTP303,10,24,14,LABEL,0,0.8410664357734744
LTP303,10,24,15,COURSE,0,0.8299117750797091
LTP303,10,24,16,KNAPSACK,0,0.8432946406920916
LTP303,10,24,17,COUSIN,0,0.8657174673021383
LTP303,10,24,18,CARRIAGE,0,0.8483689881848192
LTP303,10,24,19,SHARK,0,0.786572350777951
LTP303,10,24,20,GHETTO,0,0.8708166074072854
LTP303,10,24,21,OX,0,0.7869398726423141
LTP303,10,24,22,CEILING,0,0.849179927720849
LTP303,10,24,23,PLASTER,0,0.8049960866905206
LTP303,10,24,24,WIDOW,0,0.8438345174925725
LTP303,22,1,1,PADDING,1,0.870410444512448
LTP303,22,1,2,CELLAR,1,0.8498473416516527
LTP303,22,1,3,HORNET,1,0.8563733928964636
LTP303,22,1,4,WASP,1,0.8167601280595925
LTP303,22,1,5,PLAYGROUND,1,0.8557965553622338
LTP303,22,1,6,SIDEWALK,1,0.8770546031999205
LTP303,22,1,7,SEAGULL,1,0.8843374765734621
LTP303,22,1,8,TABLE,1,0.8377770441284935
LTP303,22,1,9,SPONGE,1,0.8719520069544463
LTP303,22,1,10,COSTUME,1,0.869647811204552
LTP303,22,1,11,POWDER,1,0.8374656219458454
LTP303,22,1,12,TUTU,1,0.8044997387813799
LTP303,22,1,13,GARBAGE,1,0.880299998625367
LTP303,22,1,14,PIANO,1,0.8570841830396488
LTP303,22,1,15,BATHTUB,1,0.8649692651538362
LTP303,22,1,16,CRAYON,1,0.8935635443630549
LTP303,22,1,17,SLOPE,1,0.8611513821577286
LTP303,22,1,18,LAVA,1,0.7914574403654705
LTP303,22,1,19,QUARTER,1,0.8435637464217879
LTP303,22,1,20,TUBA,1,0.8714121986295449
LTP303,22,1,21,HOOK,1,0.8910032741021503
LTP303,22,1,22,BOYFRIEND,1,0.8743718540633897
LTP303,22,1,23,HATCHET,1,0.8522865483906459
LTP303,22,1,24,KNIFE,1,0.8243623063683488
LTP303,22,2,1,MEAT,1,0.852435972333629
LTP303,22,2,2,BEEF,1,0.809199042895487
LTP303,22,2,3,OYSTER,1,0.8563685595727722
LTP303,22,2,4,RIFLE,1,0.8638510676397781
LTP303,22,2,5,ANKLE,1,0.858363556946495
LTP303,22,2,6,PIMPLE,1,0.8670339995675408
LTP303,22,2,7,BLADE,1,0.8818676457530843
LTP303,22,2,8,CLIMBER,1,0.8242615676556485
LTP303,22,2,9,SUMMIT,1,0.8315054779016643
LTP303,22,2,10,SISTER,1,0.7857563905338354
LTP303,22,2,11,FLIPPER,1,0.8452030004589696
LTP303,22,2,12,MARKER,1,0.8682061830459284
LTP303,22,2,13,COMET,1,0.8343444064140221
LTP303,22,2,14,PILOT,1,0.8851801538786928
LTP303,22,2,15,DRINK,1,0.8195550188591845
LTP303,22,2,16,MEDAL,0,0.8468756531626294
LTP303,22,2,17,POCKET,0,0.8675381797040289
LTP303,22,2,18,PARROT,1,0.8483532128819069
LTP303,22,2,19,FOOT,1,0.7937330239736039
LTP303,22,2,20,HEART,1,0.8636859851528851
LTP303,22,2,21,RAZOR,1,0.8496262315524747
LTP303,22,2,22,TWEEZERS,1,0.8425962723347805
LTP303,22,2,23,NECKLACE,1,0.8981838287188221
LTP303,22,2,24,BULLET,1,0.8624208841639739
LTP303,22,3,1,CRITIC,1,0.8181463294003163
LTP303,22,3,2,CUSTARD,0,0.8733460314626149
LTP303,22,3,3,TORTOISE,1,0.8889198019615844
LTP303,22,3,4,HEADBAND,1,0.8649899387021911
LTP303,22,3,5,VIKING,1,0.8106730492899421
LTP303,22,3,6,ARM,1,0.82176443931947
LTP303,22,3,7,ISLAND,1,0.7771154918958978
LTP303,22,3,8,STUDENT,1,0.8263574017920768
LTP303,22,3,9,CLAM,1,0.7850345496236961
LTP303,22,3,10,WARDROBE,1,0.8912283157659798
LTP303,22,3,11,COUNTRY,1,0.8420630148612259
LTP303,22,3,12,JAPAN,1,0.7985301619055308
LTP303,22,3,13,AWARD,1,0.8394068558526513
LTP303,22,3,14,SALAD,1,0.8612706444204425
LTP303,22,3,15,JURY,1,0.8362561597028343
LTP303,22,3,16,PIZZA,1,0.8330056593067928
LTP303,22,3,17,SANDWICH,1,0.8842697044253834
LTP303,22,3,18,FOX,1,0.799169573416139
LTP303,22,3,19,TWISTER,1,0.851052379976433
LTP303,22,3,20,DORM,1,0.7945651007011599
LTP303,22,3,21,SHELTER,1,0.83356082338996
LTP303,22,3,22,WRIST,1,0.8733737747061626
LTP303,22,3,23,CARROT,1,0.8535733874963749
LTP303,22,3,24,PISTOL,1,0.8713662393894744
LTP303,22,4,1,HERO,1,0.8607743692454611
LTP303,22,4,2,PEACH,1,0.8413216924193374
LTP303,22,4,3,ROBOT,1,0.840687030871817
LTP303,22,4,4,SAUSAGE,0,0.8281085585462903
LTP303,22,4,5,CONTRACT,1,0.8064972779782508
LTP303,22,4,6,CANAL,1,0.8657967040250846
LTP303,22,4,7,IDOL,0,0.7977030947728616
LTP303,22,4,8,COUNTY,1,0.8400888872810077
LTP303,22,4,9,SMOG,1,0.8605088520263111
LTP303,22,4,10,UMPIRE,1,0.8555861201986622
LTP303,22,4,11,HOOD,1,0.8716271032781108
LTP303,22,4,12,MACHINE,1,0.8290269816023037
LTP303,22,4,13,COIN,1,0.8430853492302972
LTP303,22,4,14,STAKE,1,0.8270283154408572
LTP303,22,4,15,BOARD,0,0.7772422016559158
LTP303,22,4,16,DONKEY,1,0.8919270815458866
LTP303,22,4,17,FOREHEAD,1,0.8188018887658055
LTP303,22,4,18,WIDOW,0,0.8491295530025995
LTP303,22,4,19,RELISH,1,0.8425053537662838
LTP303,22,4,20,MUSTARD,1,0.7785331880351347
LTP303,22,4,21,LACE,1,0.8064319278620665
LTP303,22,4,22,SKIRT,1,0.8602352266440846
LTP303,22,4,23,YOLK,1,0.8819940572804869
LTP303,22,4,24,WHISTLE,0,0.8774524749821433
LTP303,22,5,1,STICKER,1,0.8598353714873725
LTP303,22,5,2,WAGON,1,0.8531736367773063
LTP303,22,5,3,FINGER,1,0.8890359943301325
LTP303,22,5,4,CASKET,1,0.8943922650174098
LTP303,22,5,5,GREASE,1,0.8637168158604869
LTP303,22,5,6,SADDLE,1,0.8678060438725711
LTP303,22,5,7,PISTON,1,0.8738541913223918
LTP303,22,5,8,SCOTCH,1,0.8647372761702126
LTP303,22,5,9,FLASK,1,0.8835627681506418
LTP303,22,5,10,CAFE,1,0.8170111281439003
LTP303,22,5,11,MASK,1,0.801353731828016
LTP303,22,5,12,BLOUSE,1,0.871879286054907
LTP303,22,5,13,HONEY,1,0.8496869192449883
LTP303,22,5,14,HORSE,1,0.8550807231026307
LTP303,22,5,15,GRIZZLY,1,0.860136610607429
LTP303,22,5,16,WASHER,1,0.8572914235825372
LTP303,22,5,17,FLAG,1,0.7910972111427083
LTP303,22,5,18,SUNSET,1,0.8509889772894463
LTP303,22,5,19,SUNRISE,1,0.8964544717539216
LTP303,22,5,20,COOK,1,0.8266894044945482
LTP303,22,5,21,PERMIT,1,0.8467715872174503
LTP303,22,5,22,TAXI,1,0.8611456707053385
LTP303,22,5,23,DUST,1,0.8469477452318016
LTP303,22,5,24,CIGAR,1,0.8613349973010327
LTP303,22,6,1,CABIN,1,0.8402225028770633
LTP303,22,6,2,TOASTER,1,0.8465972156884166
LTP303,22,6,3,MISSILE,1,0.8434524876856544
LTP303,22,6,4,PUDDING,1,0.8722319980554926
LTP303,22,6,5,KEEPER,1,0.8264626795518698
LTP303,22,6,6,FRAGRANCE,1,0.8738396345922238
LTP303,22,6,7,NOMAD,1,0.8160339295592216
LTP303,22,6,8,NIGHTGOWN,1,0.840231688176249
LTP303,22,6,9,YACHT,1,0.8834412881688619
LTP303,22,6,10,PADDLE,1,0.8707898069161042
LTP303,22,6,11,GALLON,1,0.83738507859002
LTP303,22,6,12,LAPEL,1,0.8350115459052477
LTP303,22,6,13,ZIPPER,1,0.7734233583577688
LTP303,22,6,14,TWIG,1,0.8493356832223884
LTP303,22,6,15,BEAST,1,0.7898549545173157
LTP303,22,6,16,FRIAR,1,0.8428274528127212
LTP303,22,6,17,CROSS,1,0.8642187314530153
LTP303,22,6,18,FRECKLE,1,0.8754832206641354
LTP303,22,6,19,EUROPE,1,0.7687748674285969
LTP303,22,6,20,WRENCH,1,0.8477827235054215
LTP303,22,6,21,COD,1,0.7934020674875156
LTP303,22,6,22,SHORTS,1,0.8222402727892641
LTP303,22,6,23,WHISKERS,1,0.8811561751806867
LTP303,22,6,24,PERFUME,1,0.8758497915314768
LTP303,22,7,1,CHILD,1,0.8403115534263242
LTP303,22,7,2,FREEZER,1,0.8265025217239504
LTP303,22,7,3,PACKAGE,1,0.8476775758170905
LTP303,22,7,4,GRAPE,1,0.7809784499816864
LTP303,22,7,5,PARSLEY,1,0.8740662223391868
LTP303,22,7,6,BROTHER,1,0.8734396787750359
LTP303,22,7,7,EYELASH,0,0.8560577702542062
LTP303,22,7,8,STATUE,1,0.8043885919931921
LTP303,22,7,9,MAPLE,1,0.795713931157194
LTP303,22,7,10,SLIDE,1,0.8585883660190731
LTP303,22,7,11,JEANS,1,0.8678983768998032
LTP303,22,7,12,FRANCE,1,0.8369629613786607
LTP303,22,7,13,GIFT,1,0.8417301194284869
LTP303,22,7,14,TREAT,1,0.7354090570242674
LTP303,22,7,15,CHEST,0,0.8169092067710244
LTP303,22,7,16,GAZELLE,1,0.8683897192420298
LTP303,22,7,17,TOMBSTONE,1,0.8887890940166765
LTP303,22,7,18,POISON,1,0.8365386952823435
LTP303,22,7,19,KLEENEX,1,0.8396803434810979
LTP303,22,7,20,JUGGLER,1,0.8438788491421533
LTP303,22,7,21,ICEBERG,1,0.8799529294800879
LTP303,22,7,22,WIFE,1,0.7888717607155754
LTP303,22,7,23,SPOUSE,1,0.8818446979003155
LTP303,22,7,24,FOREST,1,0.8158819422967654
LTP303,22,8,1,PRINCE,1,0.8203425491315345
LTP303,22,8,2,PALACE,1,0.8607098059987567
LTP303,22,8,3,COBRA,1,0.7971274194227498
LTP303,22,8,4,LILY,1,0.8160620118482798
LTP303,22,8,5,BALLOON,1,0.8875478894882274
LTP303,22,8,6,OFFICE,1,0.8498708497058794
LTP303,22,8,7,DAISY,1,0.858091286340193
LTP303,22,8,8,TURNIP,1,0.8914931781726126
LTP303,22,8,9,BRANCH,0,0.8505844027321772
LTP303,22,8,10,BISON,1,0.858432479780265
LTP303,22,8,11,BOUQUET,1,0.8759034378375252
LTP303,22,8,12,BARREL,1,0.8378298877912617
LTP303,22,8,13,LOVER,1,0.7905805551666965
LTP303,22,8,14,SPHINX,1,0.86453586574579
LTP303,22,8,15,TYPIST,1,0.8859807016076233
LTP303,22,8,16,LAMP,1,0.8347645810591472
LTP303,22,8,17,SURVEY,1,0.8347100732609259
LTP303,22,8,18,VICTIM,1,0.8143858673114376
LTP303,22,8,19,CANDY,0,0.8836163065186732
LTP303,22,8,20,MATCH,1,0.8481735208213871
LTP303,22,8,21,AIRPLANE,1,0.8505887145198544
LTP303,22,8,22,SPOON,1,0.8684748285138125
LTP303,22,8,23,LUNCH,1,0.8135023710946002
LTP303,22,8,24,PASTA,1,0.8625032192203851
LTP303,22,9,1,MARSH,1,0.8685411636471393
LTP303,22,9,2,LEOPARD,1,0.8640674057562335
LTP303,22,9,3,SALMON,1,0.8465720754280726
LTP303,22,9,4,BREAST,1,0.8712376256028163
LTP303,22,9,5,BODY,1,0.7328178923597628
LTP303,22,9,6,LIGHTNING,1,0.8733656611998338
LTP303,22,9,7,BRACES,0,0.8583024055310823
LTP303,22,9,8,MATTRESS,1,0.874292745301355
LTP303,22,9,9,PATIENT,1,0.8440455659809046
LTP303,22,9,10,SCALPEL,1,0.8830590017923706
LTP303,22,9,11,PERCH,0,0.8864843225131018
LTP303,22,9,12,POSSUM,1,0.8454579587008688
LTP303,22,9,13,DIME,1,0.8337474748509783
LTP303,22,9,14,RECEIPT,1,0.8411645112668146
LTP303,22,9,15,HAWK,1,0.8041356361023568
LTP303,22,9,16,TRACTOR,1,0.8369919696751332
LTP303,22,9,17,DOLPHIN,1,0.845041452150523
LTP303,22,9,18,PROTON,1,0.8317603468338283
LTP303,22,9,19,STOVE,0,0.84650795611846
LTP303,22,9,20,SHARK,1,0.7825505692944895
LTP303,22,9,21,SWAMP,1,0.7640480613669034
LTP303,22,9,22,ORANGE,1,0.8449276617847206
LTP303,22,9,23,SEAFOOD,1,0.8662148656867671
LTP303,22,9,24,EXPERT,1,0.8267840061714695
LTP303,22,10,1,KIDNEY,1,0.8529307324063247
LTP303,22,10,2,SCRIBBLE,1,0.8243492400286573
LTP303,22,10,3,EGYPT,1,0.851650194678805
LTP303,22,10,4,HOSTESS,1,0.820169049643705
LTP303,22,10,5,ICING,1,0.8581621820338133
LTP303,22,10,6,DOUGHNUT,1,0.8883866316064989
LTP303,22,10,7,MUMMY,1,0.8635541395839649
LTP303,22,10,8,GUITAR,1,0.7566107808370038
LTP303,22,10,9,FLUTE,1,0.8185348903074152
LTP303,22,10,10,TURTLE,1,0.8953006029343298
LTP303,22,10,11,BUREAU,1,0.8426270811206527
LTP303,22,10,12,DRUG,1,0.8667434943268154
LTP303,22,10,13,COCOON,1,0.8124461488001777
LTP303,22,10,14,POLICE,0,0.8215235261245899
LTP303,22,10,15,CYCLONE,1,0.8830158939460604
LTP303,22,10,16,BEAKER,0,0.8453867120354758
LTP303,22,10,17,ROBIN,1,0.8279270074075346
LTP303,22,10,18,MONSTER,1,0.8579200765807333
LTP303,22,10,19,CREATURE,1,0.8556240522056223
LTP303,22,10,20,OUTFIT,1,0.8694121028691125
LTP303,22,10,21,LIPSTICK,1,0.8651766028758914
LTP303,22,10,22,SIBLING,1,0.8530953096035176
LTP303,22,10,23,COLONEL,1,0.8755967676462236
LTP303,22,10,24,GUARD,1,0.8709668359407812
LTP303,22,11,1,EMPIRE,1,0.831929057287046
LTP303,22,11,2,COTTAGE,1,0.8720605737337386
LTP303,22,11,3,SLUG,1,0.8702961357524104
LTP303,22,11,4,HAMPER,1,0.8852163990316394
LTP303,22,11,5,COMPASS,1,0.8851306383511899
LTP303,22,11,6,OUTDOORS,1,0.8206059165364376
LTP303,22,11,7,WORKER,1,0.8667166748685826
LTP303,22,11,8,RABBIT,1,0.8176033666386524
LTP303,22,11,9,BRICK,1,0.9024381877780097
LTP303,22,11,10,CREVICE,1,0.8821574710855131
LTP303,22,11,11,GLOBE,1,0.8306481091022736
LTP303,22,11,12,DAUGHTER,1,0.8203790923202119
LTP303,22,11,13,SHOULDER,1,0.8638012383007723
LTP303,22,11,14,CRUTCH,1,0.893365774832598
LTP303,22,11,15,BANK,1,0.8733235485894616
LTP303,22,11,16,BLOCKADE,1,0.8635620518951257
LTP303,22,11,17,RUG,1,0.8467969535755819
LTP303,22,11,18,GRAVEL,1,0.7616738603271913
LTP303,22,11,19,GIRL,0,0.8759016153840314
LTP303,22,11,20,DRAWING,1,0.8599252229552776
LTP303,22,11,21,SKETCH,1,0.8556036076336854
LTP303,22,11,22,BRANDY,1,0.8707766373456165
LTP303,22,11,23,HIGHWAY,1,0.794819547599884
LTP303,22,11,24,MESSAGE,1,0.8448557693749872
LTP303,22,12,1,PRIMATE,1,0.8361742283673452
LTP303,22,12,2,MILK,1,0.8165911052231789
LTP303,22,12,3,CLAMP,1,0.816704889484966
LTP303,22,12,4,BRIEFCASE,1,0.8529748774713927
LTP303,22,12,5,ROBBER,1,0.8402272075037451
LTP303,22,12,6,PIGEON,1,0.8873976203481158
LTP303,22,12,7,SCARECROW,1,0.8864059829879906
LTP303,22,12,8,KNAPSACK,1,0.847078207219963
LTP303,22,12,9,SCISSORS,0,0.8273914154227323
LTP303,22,12,10,BRAKE,0,0.8938316823846583
LTP303,22,12,11,JUNGLE,0,0.8749853450087206
LTP303,22,12,12,STAR,1,0.8326082150887244
LTP303,22,12,13,GANGSTER,1,0.8612123159418584
LTP303,22,12,14,BARLEY,1,0.8729794329327296
LTP303,22,12,15,SHELF,1,0.8117119104646039
LTP303,22,12,16,CHAMPAGNE,1,0.8498986248956965
LTP303,22,12,17,RADISH,1,0.8660855937811175
LTP303,22,12,18,MAILMAN,1,0.8806558262480507
LTP303,22,12,19,STAMP,1,0.8071748234358495
LTP303,22,12,20,INMATE,0,0.8454360184533062
LTP303,22,12,21,PRINCESS,1,0.8777533810595559
LTP303,22,12,22,GOBLIN,1,0.8556124928244887
LTP303,22,12,23,MARROW,0,0.8872200824661832
LTP303,22,12,24,BACKBONE,0,0.8874147692342361
LTP303,22,13,1,OZONE,1,0.8476636181200401
LTP303,22,13,2,ROCKET,1,0.8954997113370229
LTP303,22,13,3,CAMEL,1,0.8889058072799203
LTP303,22,13,4,OX,1,0.783078065024424
LTP303,22,13,5,PLATE,1,0.7750438259172159
LTP303,22,13,6,BLACKBOARD,1,0.8122987430842361
LTP303,22,13,7,FRIEND,1,0.8229854081740107
LTP303,22,13,8,PARTNER,1,0.8489250177591456
LTP303,22,13,9,XEROX,1,0.8688586888045223
LTP303,22,13,10,ZEBRA,1,0.8723741755531432
LTP303,22,13,11,SLIME,1,0.8766194195171011
LTP303,22,13,12,GARDEN,1,0.8416662519631833
LTP303,22,13,13,APPLE,1,0.8508884366913869
LTP303,22,13,14,CONVICT,1,0.8203791248215601
LTP303,22,13,15,OUTLAW,1,0.8743130516168286
LTP303,22,13,16,CLOUD,1,0.8446169091274648
LTP303,22,13,17,JELLY,1,0.8546930107372683
LTP303,22,13,18,STREAM,1,0.8906109511261374
LTP303,22,13,19,THIEF,0,0.830113359487486
LTP303,22,13,20,CUPBOARD,1,0.8686541835184518
LTP303,22,13,21,DONOR,1,0.8272042044083017
LTP303,22,13,22,ATLAS,0,0.7594774558749933
LTP303,22,13,23,VAGRANT,0,0.8441652446414701
LTP303,22,13,24,FLASHLIGHT,1,0.8264586390846882
LTP303,22,14,1,LIZARD,1,0.8735785764322804
LTP303,22,14,2,SNAIL,1,0.8753674024625886
LTP303,22,14,3,CORAL,1,0.8339764162796349
LTP303,22,14,4,SHORTCAKE,1,0.8603207658793306
LTP303,22,14,5,FRUIT,1,0.8426061007964816
LTP303,22,14,6,MUFFIN,1,0.8569718712671834
LTP303,22,14,7,FILM,1,0.8671079324100351
LTP303,22,14,8,CURTAIN,1,0.899626513739429
LTP303,22,14,9,RACKET,1,0.8853183503361923
LTP303,22,14,10,SNACK,1,0.871986998781387
LTP303,22,14,11,SERVER,1,0.818586186699139
LTP303,22,14,12,COFFEE,1,0.869292820643631
LTP303,22,14,13,SCULPTURE,0,0.8555633470506511
LTP303,22,14,14,IGLOO,0,0.8381202173391398
LTP303,22,14,15,SPOOL,1,0.8765503377637269
LTP303,22,14,16,MARINE,1,0.8619877327423752
LTP303,22,14,17,ANTLER,1,0.8648444691830246
LTP303,22,14,18,SWIMMER,0,0.8031386748384631
LTP303,22,14,19,PIGMENT,1,0.873956424119534
LTP303,22,14,20,SKILLET,0,0.8958402480261038
LTP303,22,14,21,STAPLE,0,0.8637954956013016
LTP303,22,14,22,VENUS,0,0.8188665679784787
LTP303,22,14,23,THREAD,1,0.8452701221285384
LTP303,22,14,24,STONE,1,0.8409067916825101
LTP303,22,15,1,ORCHID,1,0.8514644776382699
LTP303,22,15,2,FLOWER,1,0.8853528984862944
LTP303,22,15,3,REPORT,1,0.7986727335530553
LTP303,22,15,4,SHOVEL,0,0.8964935765978193
LTP303,22,15,5,LIVER,0,0.7957390082293013
LTP303,22,15,6,BUTCHER,0,0.8114609688404208
LTP303,22,15,7,SHRUB,0,0.8591138657223856
LTP303,22,15,8,DINER,0,0.8014432288908915
LTP303,22,15,9,TRENCH,0,0.8084615998901491
LTP303,22,15,10,ITEM,0,0.802798305511974
LTP303,22,15,11,GAVEL,1,0.7733234215291783
LTP303,22,15,12,JUDGE,1,0.826082868227854
LTP303,22,15,13,PASSAGE,1,0.8573774199414341
LTP303,22,15,14,BINDER,1,0.8544841304066949
LTP303,22,15,15,CHEMIST,0,0.8740516024373345
LTP303,22,15,16,DANDRUFF,1,0.8892003928938559
LTP303,22,15,17,HOUND,1,0.8841640529133549
LTP303,22,15,18,DASHBOARD,1,0.8853418681911945
LTP303,22,15,19,PLASTER,1,0.8009240248702465
LTP303,22,15,20,WITNESS,1,0.813033827493445
LTP303,22,15,21,WINDOW,1,0.8408879277172736
LTP303,22,15,22,PUPPY,1,0.8776096251181826
LTP303,22,15,23,TRANSPLANT,1,0.7933948377230132
LTP303,22,15,24,PANTHER,1,0.856070311535864
LTP303,22,16,1,PLIERS,1,0.8689341378521527
LTP303,22,16,2,LODGE,0,0.8658914976834902
LTP303,22,16,3,FIREMAN,1,0.8887613697974319
LTP303,22,16,4,STALLION,1,0.8545295181380327
LTP303,22,16,5,CARRIAGE,1,0.8591598422983329
LTP303,22,16,6,LADDER,1,0.8354599873671722
LTP303,22,16,7,COOKBOOK,1,0.8561492081433669
LTP303,22,16,8,CONCERT,1,0.8061053178953699
LTP303,22,16,9,TRIBE,1,0.8579505713137802
LTP303,22,16,10,COWBOY,1,0.8522911953122827
LTP303,22,16,11,MOTOR,1,0.8038164619024842
LTP303,22,16,12,MAILBOX,1,0.8642579723686513
LTP303,22,16,13,BABY,1,0.8329935153808185
LTP303,22,16,14,PENGUIN,1,0.886869849265268
LTP303,22,16,15,DRILL,1,0.8689188898965515
LTP303,22,16,16,KITCHEN,1,0.8770325427623635
LTP303,22,16,17,GYMNAST,1,0.8664213623392487
LTP303,22,16,18,COURSE,1,0.8333171822967691
LTP303,22,16,19,DRIVER,1,0.8423229389400069
LTP303,22,16,20,BANKER,1,0.8852601568947691
LTP303,22,16,21,BUGGY,1,0.8666114125446976
LTP303,22,16,22,INFANT,1,0.8668648292185488
LTP303,22,16,23,PUPIL,1,0.8447170300212113
LTP303,22,16,24,SEAL,1,0.767466267291286
LTP303,22,17,1,GRILL,1,0.8666880807702976
LTP303,22,17,2,QUAIL,1,0.8724547908135115
LTP303,22,17,3,SPARROW,1,0.8244520645412594
LTP303,22,17,4,LOFT,1,0.8889321160778137
LTP303,22,17,5,BURGLAR,0,0.8850799151326089
LTP303,22,17,6,SUSPECT,1,0.8673340838814529
LTP303,22,17,7,CITRUS,1,0.8640830660821727
LTP303,22,17,8,RUST,1,0.8608716168493584
LTP303,22,17,9,NOVEL,1,0.826794239065419
LTP303,22,17,10,PEANUT,1,0.8713687883735498
LTP303,22,17,11,PECAN,1,0.8209122037488058
LTP303,22,17,12,ROOSTER,1,0.8651742964872702
LTP303,22,17,13,ROD,1,0.8393049493725555
LTP303,22,17,14,TROMBONE,1,0.8741193727338458
LTP303,22,17,15,LAKE,1,0.8492478473354242
LTP303,22,17,16,PAPER,1,0.792729413211882
LTP303,22,17,17,FIDDLE,0,0.8931092564384634
LTP303,22,17,18,TEMPLE,1,0.8865253450213617
LTP303,22,17,19,SUBWAY,1,0.8786404214065482
LTP303,22,17,20,TEACHER,1,0.8388342505236542
LTP303,22,17,21,CHURCH,1,0.8015423370941994
LTP303,22,17,22,POSTAGE,1,0.8688619896945342
LTP303,22,17,23,COLLEGE,1,0.878792850744503
LTP303,22,17,24,BIKE,1,0.8729202013398366
LTP303,22,18,1,MAMMAL,0,0.8049891573501675
LTP303,22,18,2,REBEL,0,0.8428640337454658
LTP303,22,18,3,HUSBAND,1,0.8365051920553602
LTP303,22,18,4,LABEL,0,0.8651228201324405
LTP303,22,18,5,BUNNY,0,0.8538497642353104
LTP303,22,18,6,RATTLE,0,0.8739681860054177
LTP303,22,18,7,KETCHUP,0,0.8781603386389099
LTP303,22,18,8,FIREPLACE,0,0.8765568787381092
LTP303,22,18,9,PAIL,0,0.8501450505471695
LTP303,22,18,10,RIVER,0,0.8743937771081198
LTP303,22,18,11,LION,0,0.8379121849619044
LTP303,22,18,12,PREACHER,0,0.8489907704276335
LTP303,22,18,13,CASHEW,0,0.8863874341263294
LTP303,22,18,14,VALLEY,1,0.8921450643763579
LTP303,22,18,15,PICTURE,0,0.8249438013531326
LTP303,22,18,16,RECORD,1,0.8544571556727061
LTP303,22,18,17,RAFT,1,0.8656287903876808
LTP303,22,18,18,LAGOON,0,0.8472269630495853
LTP303,22,18,19,CHIPMUNK,0,0.8784655471414001
LTP303,22,18,20,CANYON,1,0.8503823619374038
LTP303,22,18,21,COUSIN,1,0.8652032000549746
LTP303,22,18,22,TRUCK,1,0.8461201718790051
LTP303,22,18,23,PATROL,1,0.8667805940448887
LTP303,22,18,24,CHAPEL,0,0.846565054588002
LTP303,22,19,1,CRIB,1,0.8465629506146722
LTP303,22,19,2,BLUEPRINT,1,0.9025147440387844
LTP303,22,19,3,CLOCK,1,0.8444503397756165
LTP303,22,19,4,BELLY,1,0.8782762077373462
LTP303,22,19,5,TABLET,1,0.8693803065522611
LTP303,22,19,6,ULCER,1,0.8551895166448414
LTP303,22,19,7,GARLIC,1,0.8610793794221161
LTP303,22,19,8,HIKER,1,0.8749166002775326
LTP303,22,19,9,MARS,1,0.8319154936216563
LTP303,22,19,10,TART,1,0.8212149643329746
LTP303,22,19,11,SHIRT,0,0.8520826936298834
LTP303,22,19,12,WAITER,1,0.8505539401629242
LTP303,22,19,13,BADGE,1,0.8414353558128387
LTP303,22,19,14,MILDEW,1,0.8865584081707985
LTP303,22,19,15,HUMAN,1,0.817502518914586
LTP303,22,19,16,ASIA,1,0.7944399238391959
LTP303,22,19,17,LONDON,1,0.8076303974337051
LTP303,22,19,18,MOTEL,1,0.8826680116508157
LTP303,22,19,19,SODA,1,0.7927048638876569
LTP303,22,19,20,AIRPORT,1,0.8450576547017716
LTP303,22,19,21,SHERIFF,0,0.8754700767455549
LTP303,22,19,22,CABBAGE,1,0.845705548966952
LTP303,22,19,23,ELBOW,1,0.8594302134893198
LTP303,22,19,24,LEG,1,0.8412209305930254
LTP303,22,20,1,BLENDER,1,0.8975020566212586
LTP303,22,20,2,LUMBER,1,0.886101467702839
LTP303,22,20,3,OMELET,1,0.8544449310812918
LTP303,22,20,4,TERMITE,1,0.8833648323272
LTP303,22,20,5,DRESS,1,0.8653253705413145
LTP303,22,20,6,BROOK,1,0.8367494538805402
LTP303,22,20,7,VALVE,1,0.8667954020915475
LTP303,22,20,8,GROUND,1,0.8204800930032279
LTP303,22,20,9,CEILING,1,0.844519270683542
LTP303,22,20,10,DENIM,1,0.8699615685191311
LTP303,22,20,11,HARP,1,0.8662103572392751
LTP303,22,20,12,PICNIC,1,0.8297170353490595
LTP303,22,20,13,DANCER,1,0.8879748568933932
LTP303,22,20,14,BEAVER,1,0.8475787819353593
LTP303,22,20,15,BANJO,1,0.872965067621041
LTP303,22,20,16,LUGGAGE,1,0.8802182390423116
LTP303,22,20,17,DRESSER,1,0.8475317487643966
LTP303,22,20,18,ATOM,1,0.7802694986737612
LTP303,22,20,19,NEUTRON,1,0.8963810569471973
LTP303,22,20,20,CAPTIVE,1,0.8369023564215659
LTP303,22,20,21,CRICKET,0,0.8738848898744658
LTP303,22,20,22,NAPKIN,0,0.8293891765120684
LTP303,22,20,23,STOMACH,1,0.8201927144091595
LTP303,22,20,24,FLESH,1,0.8464830515558035
LTP303,22,21,1,GRAVE,1,0.7828160566210577
LTP303,22,21,2,TOURIST,1,0.8624543178571364
LTP303,22,21,3,POPCORN,1,0.8333300048812722
LTP303,22,21,4,JOURNAL,1,0.8392343487901213
LTP303,22,21,5,NOTEBOOK,1,0.7910549186342365
LTP303,22,21,6,HANDBAG,1,0.8705554884239918
LTP303,22,21,7,SOFTBALL,1,0.8716128906977783
LTP303,22,21,8,WOMAN,1,0.8468134644632113
LTP303,22,21,9,PEDAL,1,0.8582431780895822
LTP303,22,21,10,LASER,1,0.7814034986534076
LTP303,22,21,11,GHETTO,1,0.8796262840596099
LTP303,22,21,12,BANQUET,1,0.8787541921025384
LTP303,22,21,13,PARENT,1,0.8011928525449571
LTP303,22,21,14,SUITCASE,1,0.8448843078594815
LTP303,22,21,15,PORK,1,0.8605080486925271
LTP303,22,21,16,BACON,1,0.8047005564257588
LTP303,22,21,17,ACTRESS,1,0.8805231205000025
LTP303,22,21,18,DIVER,0,0.7872989105373591
LTP303,22,21,19,QUEEN,1,0.8629826533014837
LTP303,22,21,20,THRONE,1,0.851641141102887
LTP303,22,21,21,FEMALE,1,0.806529767081867
LTP303,22,21,22,SWITCH,1,0.772626209183111
LTP303,22,21,23,ACTOR,1,0.7920803260278169
LTP303,22,21,24,SUPPER,1,0.7978283074733556
LTP303,22,22,1,EAGLE,1,0.8461503894169791
LTP303,22,22,2,GLASS,1,0.8539225017932401
LTP303,22,22,3,LADY,1,0.8029698527562478
LTP303,22,22,4,MISTER,1,0.8138963319253902
LTP303,22,22,5,PEBBLE,1,0.8247535444486169
LTP303,22,22,6,BUBBLE,0,0.8665059477440726
LTP303,22,22,7,WORLD,1,0.8139969097840793
LTP303,22,22,8,COUCH,0,0.8412017853662432
LTP303,22,22,9,PORTRAIT,0,0.8730225004743765
LTP303,22,22,10,CATTLE,0,0.900581965841837
LTP303,22,22,11,CLOTHES,1,0.871502814401733
LTP303,22,22,12,APRON,1,0.8783211382655465
LTP303,22,22,13,FARMER,1,0.8166181839692876
LTP303,22,22,14,PASTRY,1,0.8628758646817496
LTP303,22,22,15,AUTHOR,0,0.8556060171299561
LTP303,22,22,16,TURKEY,1,0.8761979362037099
LTP303,22,22,17,CROWN,1,0.8709858854028563
LTP303,22,22,18,TROUT,1,0.8003055667124519
LTP303,22,22,19,SCALLOP,1,0.855500877824088
LTP303,22,22,20,OINTMENT,1,0.8448306653098927
LTP303,22,22,21,AGENT,1,0.8053802086552988
LTP303,22,22,22,JELLO,0,0.8604031422714774
LTP303,22,22,23,FRAME,1,0.8733019182045054
LTP303,22,22,24,BOX,1,0.7661196512812285
LTP303,22,23,1,UNCLE,1,0.7980190631011963
LTP303,22,23,2,PLUTO,1,0.871092510106624
LTP303,22,23,3,MOP,1,0.7979776909270886
LTP303,22,23,4,BUG,1,0.8361627905520841
LTP303,22,23,5,COCKTAIL,1,0.8523029101068176
LTP303,22,23,6,HELMET,1,0.8550617835256447
LTP303,22,23,7,SALT,1,0.8518400738582866
LTP303,22,23,8,HEDGE,1,0.8462817971505555
LTP303,22,23,9,DRAGON,1,0.8780203045804654
LTP303,22,23,10,TILE,0,0.8431708977278717
LTP303,22,23,11,PUDDLE,1,0.892486797818114
LTP303,22,23,12,PEPPER,1,0.8439686474381303
LTP303,22,23,13,TUNNEL,1,0.884772413237746
LTP303,22,23,14,SILK,1,0.8808989489335608
LTP303,22,23,15,CRATER,1,0.868402168992519
LTP303,22,23,16,SPIDER,1,0.8653623036553335
LTP303,22,23,17,FLEET,1,0.8411691277013541
LTP303,22,23,18,ARMY,1,0.8653338935028445
LTP303,22,23,19,VELVET,1,0.871948348710173
LTP303,22,23,20,SCARF,1,0.8558267147083154
LTP303,22,23,21,PLAZA,1,0.7962050545550995
LTP303,22,23,22,YARN,1,0.8719011286365833
LTP303,22,23,23,CATCHER,1,0.8767780815977655
LTP303,22,23,24,FOOTBALL,1,0.8385478680652345
LTP303,22,24,1,DUSTPAN,1,0.8679757853394491
LTP303,22,24,2,SPACE,1,0.7800437985670954
LTP303,22,24,3,BASEMENT,1,0.8644966029861502
LTP303,22,24,4,MARKET,1,0.8552269937164676
LTP303,22,24,5,ONION,1,0.8159041695673651
LTP303,22,24,6,SERVANT,1,0.8032670616805149
LTP303,22,24,7,VIRUS,1,0.8109337962569789
LTP303,22,24,8,CRAB,1,0.8637677647020642
LTP303,22,24,9,POET,1,0.8188634484032484
LTP303,22,24,10,SNAKE,1,0.8853144177557453
LTP303,22,24,11,CHAUFFEUR,1,0.843306356300507
LTP303,22,24,12,GLOVE,1,0.8785989250683252
LTP303,22,24,13,HAND,0,0.8229171771317503
LTP303,22,24,14,CASHIER,1,0.8697973147930081
LTP303,22,24,15,WAITRESS,1,0.8409398228053897
LTP303,22,24,16,LETTUCE,0,0.8778147669225855
LTP303,22,24,17,FUNGUS,1,0.8719045215883913
LTP303,22,24,18,LEADER,1,0.824500154339223
LTP303,22,24,19,DENTIST,1,0.855036972419081
LTP303,22,24,20,NURSE,1,0.8733801528373744
LTP303,22,24,21,PLAID,1,0.8072701052054811
LTP303,22,24,22,BUCKET,1,0.8639813942776523
LTP303,22,24,23,SWORD,1,0.795639952499282
LTP303,22,24,24,MONEY,1,0.8242227979408875
