subject,session,trial,serialpos,word,item_num,onset,sample,recalled,eeg_file,event_file
LTP293,22,1,1,CATTLE,261,77.402,38701,1,data/ds004395/sub-LTP293/ses-22/eeg/sub-LTP293_ses-22_task-ltpFR2_eeg.edf,data/ds004395/sub-LTP293/ses-22/eeg/sub-LTP293_ses-22_task-ltpFR2_events.tsv
LTP293,22,1,2,LIGHTNING,820,80.14,40070,1,data/ds004395/sub-LTP293/ses-22/eeg/sub-LTP293_ses-22_task-ltpFR2_eeg.edf,data/ds004395/sub-LTP293/ses-22/eeg/sub-LTP293_ses-22_task-ltpFR2_events.tsv
LTP293,22,1,3,GYMNAST,675,82.856,41428,1,data/ds004395/sub-LTP293/ses-22/eeg/sub-LTP293_ses-22_task-ltpFR2_eeg.edf,data/ds004395/sub-LTP293/ses-22/eeg/sub-LTP293_ses-22_task-ltpFR2_events.tsv
LTP293,22,1,4,JEANS,752,85.608,42804,1,data/ds004395/sub-LTP293/ses-22/eeg/sub-LTP293_ses-22_task-ltpFR2_eeg.edf,data/ds004395/sub-LTP293/ses-22/eeg/sub-LTP293_ses-22_task-ltpFR2_events.tsv
LTP293,22,1,5,OX,994,88.276,44138,1,data/ds004395/sub-LTP293/ses-22/eeg/sub-LTP293_ses-22_task-ltpFR2_eeg.edf,data/ds004395/sub-LTP293/ses-22/eeg/sub-LTP293_ses-22_task-ltpFR2_events.tsv
LTP293,22,1,6,TABLET,1427,90.884,45442,1,data/ds004395/sub-LTP293/ses-22/eeg/sub-LTP293_ses-22_task-ltpFR2_eeg.edf,data/ds004395/sub-LTP293/ses-22/eeg/sub-LTP293_ses-22_task-ltpFR2_events.tsv
LTP293,22,1,7,DRESSER,496,93.398,46699,1,data/ds004395/sub-LTP293/ses-22/eeg/sub-LTP293_ses-22_task-ltpFR2_eeg.edf,data/ds004395/sub-LTP293/ses-22/eeg/sub-LTP293_ses-22_task-ltpFR2_events.tsv
LTP293,22,1,8,FRANCE,601,95.888,47944,1,data/ds004395/sub-LTP293/ses-22/eeg/sub-LTP293_ses-22_task-ltpFR2_eeg.edf,data/ds004395/sub-LTP293/ses-22/eeg/sub-LTP293_ses-22_task-ltpFR2_events.tsv
LTP293,22,1,9,DONOR,485,98.652,49326,0,data/ds004395/sub-LTP293/ses-22/eeg/sub-LTP293_ses-22_task-ltpFR2_eeg.edf,data/ds004395/sub-LTP293/ses-22/eeg/sub-LTP293_ses-22_task-ltpFR2_events.tsv
LTP293,22,1,10,CHEST,295,101.192,50596,1,data/ds004395/sub-LTP293/ses-22/eeg/sub-LTP293_ses-22_task-ltpFR2_eeg.edf,data/ds004395/sub-LTP293/ses-22/eeg/sub-LTP293_ses-22_task-ltpFR2_events.tsv
LTP293,22,1,11,ANTLER,29,103.822,51911,0,data/ds004395/sub-LTP293/ses-22/eeg/sub-LTP293_ses-22_task-ltpFR2_eeg.edf,data/ds004395/sub-LTP293/ses-22/eeg/sub-LTP293_ses-22_task-ltpFR2_events.tsv
LTP293,22,1,12,ELBOW,520,106.358,53179,1,data/ds004395/sub-LTP293/ses-22/eeg/sub-LTP293_ses-22_task-ltpFR2_eeg.edf,data/ds004395/sub-LTP293/ses-22/eeg/sub-LTP293_ses-22_task-ltpFR2_events.tsv
LTP293,22,1,13,ROBOT,1200,109.116,54558,0,data/ds004395/sub-LTP293/ses-22/eeg/sub-LTP293_ses-22_task-ltpFR2_eeg.edf,data/ds004395/sub-LTP293/ses-22/eeg/sub-LTP293_ses-22_task-ltpFR2_events.tsv
LTP293,22,1,14,SHOULDER,1294,111.864,55932,0,data/ds004395/sub-LTP293/ses-22/eeg/sub-LTP293_ses-22_task-ltpFR2_eeg.edf,data/ds004395/sub-LTP293/ses-22/eeg/sub-LTP293_ses-22_task-ltpFR2_events.tsv
LTP293,22,1,15,BEAST,108,114.564,57282,1,data/ds004395/sub-LTP293/ses-22/eeg/sub-LTP293_ses-22_task-ltpFR2_eeg.edf,data/ds004395/sub-LTP293/ses-22/eeg/sub-LTP293_ses-22_task-ltpFR2_events.tsv
LTP293,22,1,16,CHIPMUNK,304,117.098,58549,0,data/ds004395/sub-LTP293/ses-22/eeg/sub-LTP293_ses-22_task-ltpFR2_eeg.edf,data/ds004395/sub-LTP293/ses-22/eeg/sub-LTP293_ses-22_task-ltpFR2_events.tsv
LTP293,22,1,17,BACON,67,119.672,59836,0,data/ds004395/sub-LTP293/ses-22/eeg/sub-LTP293_ses-22_task-ltpFR2_eeg.edf,data/ds004395/sub-LTP293/ses-22/eeg/sub-LTP293_ses-22_task-ltpFR2_events.tsv
LTP293,22,1,18,MILDEW,893,122.354,61177,1,data/ds004395/sub-LTP293/ses-22/eeg/sub-LTP293_ses-22_task-ltpFR2_eeg.edf,data/ds004395/sub-LTP293/ses-22/eeg/sub-LTP293_ses-22_task-ltpFR2_events.tsv
LTP293,22,1,19,CABBAGE,210,125.038,62519,1,data/ds004395/sub-LTP293/ses-22/eeg/sub-LTP293_ses-22_task-ltpFR2_eeg.edf,data/ds004395/sub-LTP293/ses-22/eeg/sub-LTP293_ses-22_task-ltpFR2_events.tsv
LTP293,22,1,20,GRIZZLY,662,127.59,63795,1,data/ds004395/sub-LTP293/ses-22/eeg/sub-LTP293_ses-22_task-ltpFR2_eeg.edf,data/ds004395/sub-LTP293/ses-22/eeg/sub-LTP293_ses-22_task-ltpFR2_events.tsv
LTP293,22,1,21,HAND,683,130.326,65163,1,data/ds004395/sub-LTP293/ses-22/eeg/sub-LTP293_ses-22_task-ltpFR2_eeg.edf,data/ds004395/sub-LTP293/ses-22/eeg/sub-LTP293_ses-22_task-ltpFR2_events.tsv
LTP293,22,1,22,LASER,801,132.996,66498,0,data/ds004395/sub-LTP293/ses-22/eeg/sub-LTP293_ses-22_task-ltpFR2_eeg.edf,data/ds004395/sub-LTP293/ses-22/eeg/sub-LTP293_ses-22_task-ltpFR2_events.tsv
LTP293,22,1,23,RIFLE,1192,135.43,67715,0,data/ds004395/sub-LTP293/ses-22/eeg/sub-LTP293_ses-22_task-ltpFR2_eeg.edf,data/ds004395/sub-LTP293/ses-22/eeg/sub-LTP293_ses-22_task-ltpFR2_events.tsv
LTP293,22,1,24,SERVER,1272,138.25,69125,0,data/ds004395/sub-LTP293/ses-22/eeg/sub-LTP293_ses-22_task-ltpFR2_eeg.edf,data/ds004395/sub-LTP293/ses-22/eeg/sub-LTP293_ses-22_task-ltpFR2_events.tsv
LTP293,22,2,1,RECORD,1176,281.126,140563,0,data/ds004395/sub-LTP293/ses-22/eeg/sub-LTP293_ses-22_task-ltpFR2_eeg.edf,data/ds004395/sub-LTP293/ses-22/eeg/sub-LTP293_ses-22_task-ltpFR2_events.tsv
LTP293,22,2,2,COBRA,336,283.58,141790,1,data/ds004395/sub-LTP293/ses-22/eeg/sub-LTP293_ses-22_task-ltpFR2_eeg.edf,data/ds004395/sub-LTP293/ses-22/eeg/sub-LTP293_ses-22_task-ltpFR2_events.tsv
LTP293,22,2,3,OUTDOORS,987,286.132,143066,1,data/ds004395/sub-LTP293/ses-22/eeg/sub-LTP293_ses-22_task-ltpFR2_eeg.edf,data/ds004395/sub-LTP293/ses-22/eeg/sub-LTP293_ses-22_task-ltpFR2_events.tsv
LTP293,22,2,4,LETTUCE,814,288.802,144401,1,data/ds004395/sub-LTP293/ses-22/eeg/sub-LTP293_ses-22_task-ltpFR2_eeg.edf,data/ds004395/sub-LTP293/ses-22/eeg/sub-LTP293_ses-22_task-ltpFR2_events.tsv
LTP293,22,2,5,SALAD,1224,291.52,145760,1,data/ds004395/sub-LTP293/ses-22/eeg/sub-LTP293_ses-22_task-ltpFR2_eeg.edf,data/ds004395/sub-LTP293/ses-22/eeg/sub-LTP293_ses-22_task-ltpFR2_events.tsv
LTP293,22,2,6,LAGOON,795,294.338,147169,1,data/ds004395/sub-LTP293/ses-22/eeg/sub-LTP293_ses-22_task-ltpFR2_eeg.edf,data/ds004395/sub-LTP293/ses-22/eeg/sub-LTP293_ses-22_task-ltpFR2_events.tsv
LTP293,22,2,7,FRIAR,605,296.79,148395,0,data/ds004395/sub-LTP293/ses-22/eeg/sub-LTP293_ses-22_task-ltpFR2_eeg.edf,data/ds004395/sub-LTP293/ses-22/eeg/sub-LTP293_ses-22_task-ltpFR2_events.tsv
LTP293,22,2,8,TURKEY,1520,299.458,149729,1,data/ds004395/sub-LTP293/ses-22/eeg/sub-LTP293_ses-22_task-ltpFR2_eeg.edf,data/ds004395/sub-LTP293/ses-22/eeg/sub-LTP293_ses-22_task-ltpFR2_events.tsv
LTP293,22,2,9,PORTRAIT,1111,302.078,151039,1,data/ds004395/sub-LTP293/ses-22/eeg/sub-LTP293_ses-22_task-ltpFR2_eeg.edf,data/ds004395/sub-LTP293/ses-22/eeg/sub-LTP293_ses-22_task-ltpFR2_events.tsv
LTP293,22,2,10,SNAIL,1332,304.578,152289,1,data/ds004395/sub-LTP293/ses-22/eeg/sub-LTP293_ses-22_task-ltpFR2_eeg.edf,data/ds004395/sub-LTP293/ses-22/eeg/sub-LTP293_ses-22_task-ltpFR2_events.tsv
LTP293,22,2,11,FLEET,578,307.248,153624,0,data/ds004395/sub-LTP293/ses-22/eeg/sub-LTP293_ses-22_task-ltpFR2_eeg.edf,data/ds004395/sub-LTP293/ses-22/eeg/sub-LTP293_ses-22_task-ltpFR2_events.tsv
LTP293,22,2,12,TROMBONE,1508,309.732,154866,0,data/ds004395/sub-LTP293/ses-22/eeg/sub-LTP293_ses-22_task-ltpFR2_eeg.edf,data/ds004395/sub-LTP293/ses-22/eeg/sub-LTP293_ses-22_task-ltpFR2_events.tsv
LTP293,22,2,13,SHOVEL,1295,312.202,156101,0,data/ds004395/sub-LTP293/ses-22/eeg/sub-LTP293_ses-22_task-ltpFR2_eeg.edf,data/ds004395/sub-LTP293/ses-22/eeg/sub-LTP293_ses-22_task-ltpFR2_events.tsv
LTP293,22,2,14,SERVANT,1271,314.938,157469,0,data/ds004395/sub-LTP293/ses-22/eeg/sub-LTP293_ses-22_task-ltpFR2_eeg.edf,data/ds004395/sub-LTP293/ses-22/eeg/sub-LTP293_ses-22_task-ltpFR2_events.tsv
LTP293,22,2,15,SCRIBBLE,1256,317.356,158678,1,data/ds004395/sub-LTP293/ses-22/eeg/sub-LTP293_ses-22_task-ltpFR2_eeg.edf,data/ds004395/sub-LTP293/ses-22/eeg/sub-LTP293_ses-22_task-ltpFR2_events.tsv
LTP293,22,2,16,GARDEN,623,319.824,159912,1,data/ds004395/sub-LTP293/ses-22/eeg/sub-LTP293_ses-22_task-ltpFR2_eeg.edf,data/ds004395/sub-LTP293/ses-22/eeg/sub-LTP293_ses-22_task-ltpFR2_events.tsv
LTP293,22,2,17,SKETCH,1315,322.278,161139,0,data/ds004395/sub-LTP293/ses-22/eeg/sub-LTP293_ses-22_task-ltpFR2_eeg.edf,data/ds004395/sub-LTP293/ses-22/eeg/sub-LTP293_ses-22_task-ltpFR2_events.tsv
LTP293,22,2,18,ORCHID,982,324.714,162357,1,data/ds004395/sub-LTP293/ses-22/eeg/sub-LTP293_ses-22_task-ltpFR2_eeg.edf,data/ds004395/sub-LTP293/ses-22/eeg/sub-LTP293_ses-22_task-ltpFR2_events.tsv
LTP293,22,2,19,FLIPPER,580,327.198,163599,0,data/ds004395/sub-LTP293/ses-22/eeg/sub-LTP293_ses-22_task-ltpFR2_eeg.edf,data/ds004395/sub-LTP293/ses-22/eeg/sub-LTP293_ses-22_task-ltpFR2_events.tsv
LTP293,22,2,20,DAUGHTER,442,329.966,164983,0,data/ds004395/sub-LTP293/ses-22/eeg/sub-LTP293_ses-22_task-ltpFR2_eeg.edf,data/ds004395/sub-LTP293/ses-22/eeg/sub-LTP293_ses-22_task-ltpFR2_events.tsv
LTP293,22,2,21,PIMPLE,1071,332.388,166194,0,data/ds004395/sub-LTP293/ses-22/eeg/sub-LTP293_ses-22_task-ltpFR2_eeg.edf,data/ds004395/sub-LTP293/ses-22/eeg/sub-LTP293_ses-22_task-ltpFR2_events.tsv
LTP293,22,2,22,FRECKLE,602,334.904,167452,0,data/ds004395/sub-LTP293/ses-22/eeg/sub-LTP293_ses-22_task-ltpFR2_eeg.edf,data/ds004395/sub-LTP293/ses-22/eeg/sub-LTP293_ses-22_task-ltpFR2_events.tsv
LTP293,22,2,23,PEDAL,1037,337.676,168838,0,data/ds004395/sub-LTP293/ses-22/eeg/sub-LTP293_ses-22_task-ltpFR2_eeg.edf,data/ds004395/sub-LTP293/ses-22/eeg/sub-LTP293_ses-22_task-ltpFR2_events.tsv
LTP293,22,2,24,PICTURE,1061,340.208,170104,1,data/ds004395/sub-LTP293/ses-22/eeg/sub-LTP293_ses-22_task-ltpFR2_eeg.edf,data/ds004395/sub-LTP293/ses-22/eeg/sub-LTP293_ses-22_task-ltpFR2_events.tsv
LTP293,22,3,1,PEPPER,1047,458.094,229047,1,data/ds004395/sub-LTP293/ses-22/eeg/sub-LTP293_ses-22_task-ltpFR2_eeg.edf,data/ds004395/sub-LTP293/ses-22/eeg/sub-LTP293_ses-22_task-ltpFR2_events.tsv
LTP293,22,3,2,TURNIP,1521,460.848,230424,1,data/ds004395/sub-LTP293/ses-22/eeg/sub-LTP293_ses-22_task-ltpFR2_eeg.edf,data/ds004395/sub-LTP293/ses-22/eeg/sub-LTP293_ses-22_task-ltpFR2_events.tsv
LTP293,22,3,3,STICKER,1382,463.416,231708,1,data/ds004395/sub-LTP293/ses-22/eeg/sub-LTP293_ses-22_task-ltpFR2_eeg.edf,data/ds004395/sub-LTP293/ses-22/eeg/sub-LTP293_ses-22_task-ltpFR2_events.tsv
LTP293,22,3,4,DOLPHIN,483,465.886,232943,1,data/ds004395/sub-LTP293/ses-22/eeg/sub-LTP293_ses-22_task-ltpFR2_eeg.edf,data/ds004395/sub-LTP293/ses-22/eeg/sub-LTP293_ses-22_task-ltpFR2_events.tsv
LTP293,22,3,5,DANDRUFF,439,468.47,234235,0,data/ds004395/sub-LTP293/ses-22/eeg/sub-LTP293_ses-22_task-ltpFR2_eeg.edf,data/ds004395/sub-LTP293/ses-22/eeg/sub-LTP293_ses-22_task-ltpFR2_events.tsv
LTP293,22,3,6,VALVE,1546,470.89,235445,0,data/ds004395/sub-LTP293/ses-22/eeg/sub-LTP293_ses-22_task-ltpFR2_eeg.edf,data/ds004395/sub-LTP293/ses-22/eeg/sub-LTP293_ses-22_task-ltpFR2_events.tsv
LTP293,22,3,7,BURGLAR,200,473.558,236779,1,data/ds004395/sub-LTP293/ses-22/eeg/sub-LTP293_ses-22_task-ltpFR2_eeg.edf,data/ds004395/sub-LTP293/ses-22/eeg/sub-LTP293_ses-22_task-ltpFR2_events.tsv
LTP293,22,3,8,MAMMAL,861,475.98,237990,1,data/ds004395/sub-LTP293/ses-22/eeg/sub-LTP293_ses-22_task-ltpFR2_eeg.edf,data/ds004395/sub-LTP293/ses-22/eeg/sub-LTP293_ses-22_task-ltpFR2_events.tsv
LTP293,22,3,9,STALLION,1369,478.78,239390,0,data/ds004395/sub-LTP293/ses-22/eeg/sub-LTP293_ses-22_task-ltpFR2_eeg.edf,data/ds004395/sub-LTP293/ses-22/eeg/sub-LTP293_ses-22_task-ltpFR2_events.tsv
LTP293,22,3,10,QUEEN,1149,481.348,240674,1,data/ds004395/sub-LTP293/ses-22/eeg/sub-LTP293_ses-22_task-ltpFR2_eeg.edf,data/ds004395/sub-LTP293/ses-22/eeg/sub-LTP293_ses-22_task-ltpFR2_events.tsv
LTP293,22,3,11,IGLOO,734,484.0,242000,1,data/ds004395/sub-LTP293/ses-22/eeg/sub-LTP293_ses-22_task-ltpFR2_eeg.edf,data/ds004395/sub-LTP293/ses-22/eeg/sub-LTP293_ses-22_task-ltpFR2_events.tsv
LTP293,22,3,12,STATUE,1374,486.738,243369,1,data/ds004395/sub-LTP293/ses-22/eeg/sub-LTP293_ses-22_task-ltpFR2_eeg.edf,data/ds004395/sub-LTP293/ses-22/eeg/sub-LTP293_ses-22_task-ltpFR2_events.tsv
LTP293,22,3,13,IDOL,733,489.504,244752,1,data/ds004395/sub-LTP293/ses-22/eeg/sub-LTP293_ses-22_task-ltpFR2_eeg.edf,data/ds004395/sub-LTP293/ses-22/eeg/sub-LTP293_ses-22_task-ltpFR2_events.tsv
LTP293,22,3,14,PLASTER,1085,492.122,246061,0,data/ds004395/sub-LTP293/ses-22/eeg/sub-LTP293_ses-22_task-ltpFR2_eeg.edf,data/ds004395/sub-LTP293/ses-22/eeg/sub-LTP293_ses-22_task-ltpFR2_events.tsv
LTP293,22,3,15,SUNSET,1408,494.642,247321,0,data/ds004395/sub-LTP293/ses-22/eeg/sub-LTP293_ses-22_task-ltpFR2_eeg.edf,data/ds004395/sub-LTP293/ses-22/eeg/sub-LTP293_ses-22_task-ltpFR2_events.tsv
LTP293,22,3,16,VIRUS,1572,497.21,248605,1,data/ds004395/sub-LTP293/ses-22/eeg/sub-LTP293_ses-22_task-ltpFR2_eeg.edf,data/ds004395/sub-LTP293/ses-22/eeg/sub-LTP293_ses-22_task-ltpFR2_events.tsv
LTP293,22,3,17,PRINCESS,1125,499.814,249907,1,data/ds004395/sub-LTP293/ses-22/eeg/sub-LTP293_ses-22_task-ltpFR2_eeg.edf,data/ds004395/sub-LTP293/ses-22/eeg/sub-LTP293_ses-22_task-ltpFR2_events.tsv
LTP293,22,3,18,SPHINX,1349,502.616,251308,1,data/ds004395/sub-LTP293/ses-22/eeg/sub-LTP293_ses-22_task-ltpFR2_eeg.edf,data/ds004395/sub-LTP293/ses-22/eeg/sub-LTP293_ses-22_task-ltpFR2_events.tsv
LTP293,22,3,19,MARROW,872,505.386,252693,0,data/ds004395/sub-LTP293/ses-22/eeg/sub-LTP293_ses-22_task-ltpFR2_eeg.edf,data/ds004395/sub-LTP293/ses-22/eeg/sub-LTP293_ses-22_task-ltpFR2_events.tsv
LTP293,22,3,20,KIDNEY,776,507.97,253985,0,data/ds004395/sub-LTP293/ses-22/eeg/sub-LTP293_ses-22_task-ltpFR2_eeg.edf,data/ds004395/sub-LTP293/ses-22/eeg/sub-LTP293_ses-22_task-ltpFR2_events.tsv
LTP293,22,3,21,JUNGLE,764,510.774,255387,1,data/ds004395/sub-LTP293/ses-22/eeg/sub-LTP293_ses-22_task-ltpFR2_eeg.edf,data/ds004395/sub-LTP293/ses-22/eeg/sub-LTP293_ses-22_task-ltpFR2_events.tsv
LTP293,22,3,22,PRIMATE,1123,513.442,256721,1,data/ds004395/sub-LTP293/ses-22/eeg/sub-LTP293_ses-22_task-ltpFR2_eeg.edf,data/ds004395/sub-LTP293/ses-22/eeg/sub-LTP293_ses-22_task-ltpFR2_events.tsv
LTP293,22,3,23,CONVICT,371,516.126,258063,1,data/ds004395/sub-LTP293/ses-22/eeg/sub-LTP293_ses-22_task-ltpFR2_eeg.edf,data/ds004395/sub-LTP293/ses-22/eeg/sub-LTP293_ses-22_task-ltpFR2_events.tsv
LTP293,22,3,24,CRUTCH,417,518.596,259298,1,data/ds004395/sub-LTP293/ses-22/eeg/sub-LTP293_ses-22_task-ltpFR2_eeg.edf,data/ds004395/sub-LTP293/ses-22/eeg/sub-LTP293_ses-22_task-ltpFR2_events.tsv
LTP293,22,4,1,ROCKET,1202,661.368,330684,1,data/ds004395/sub-LTP293/ses-22/eeg/sub-LTP293_ses-22_task-ltpFR2_eeg.edf,data/ds004395/sub-LTP293/ses-22/eeg/sub-LTP293_ses-22_task-ltpFR2_events.tsv
LTP293,22,4,2,LOFT,840,664.02,332010,1,data/ds004395/sub-LTP293/ses-22/eeg/sub-LTP293_ses-22_task-ltpFR2_eeg.edf,data/ds004395/sub-LTP293/ses-22/eeg/sub-LTP293_ses-22_task-ltpFR2_events.tsv
LTP293,22,4,3,HARP,689,666.704,333352,1,data/ds004395/sub-LTP293/ses-22/eeg/sub-LTP293_ses-22_task-ltpFR2_eeg.edf,data/ds004395/sub-LTP293/ses-22/eeg/sub-LTP293_ses-22_task-ltpFR2_events.tsv
LTP293,22,4,4,CAPTIVE,240,669.358,334679,1,data/ds004395/sub-LTP293/ses-22/eeg/sub-LTP293_ses-22_task-ltpFR2_eeg.edf,data/ds004395/sub-LTP293/ses-22/eeg/sub-LTP293_ses-22_task-ltpFR2_events.tsv
LTP293,22,4,5,MARS,873,671.916,335958,0,data/ds004395/sub-LTP293/ses-22/eeg/sub-LTP293_ses-22_task-ltpFR2_eeg.edf,data/ds004395/sub-LTP293/ses-22/eeg/sub-LTP293_ses-22_task-ltpFR2_events.tsv
LTP293,22,4,6,ROBBER,1197,674.528,337264,0,data/ds004395/sub-LTP293/ses-22/eeg/sub-LTP293_ses-22_task-ltpFR2_eeg.edf,data/ds004395/sub-LTP293/ses-22/eeg/sub-LTP293_ses-22_task-ltpFR2_events.tsv
LTP293,22,4,7,COTTAGE,384,677.248,338624,0,data/ds004395/sub-LTP293/ses-22/eeg/sub-LTP293_ses-22_task-ltpFR2_eeg.edf,data/ds004395/sub-LTP293/ses-22/eeg/sub-LTP293_ses-22_task-ltpFR2_events.tsv
LTP293,22,4,8,DORM,488,679.682,339841,1,data/ds004395/sub-LTP293/ses-22/eeg/sub-LTP293_ses-22_task-ltpFR2_eeg.edf,data/ds004395/sub-LTP293/ses-22/eeg/sub-LTP293_ses-22_task-ltpFR2_events.tsv
LTP293,22,4,9,HOOD,714,682.234,341117,0,data/ds004395/sub-LTP293/ses-22/eeg/sub-LTP293_ses-22_task-ltpFR2_eeg.edf,data/ds004395/sub-LTP293/ses-22/eeg/sub-LTP293_ses-22_task-ltpFR2_events.tsv
LTP293,22,4,10,HELMET,702,684.838,342419,0,data/ds004395/sub-LTP293/ses-22/eeg/sub-LTP293_ses-22_task-ltpFR2_eeg.edf,data/ds004395/sub-LTP293/ses-22/eeg/sub-LTP293_ses-22_task-ltpFR2_events.tsv
LTP293,22,4,11,CHEMIST,292,687.64,343820,0,data/ds004395/sub-LTP293/ses-22/eeg/sub-LTP293_ses-22_task-ltpFR2_eeg.edf,data/ds004395/sub-LTP293/ses-22/eeg/sub-LTP293_ses-22_task-ltpFR2_events.tsv
LTP293,22,4,12,BEAKER,104,690.276,345138,0,data/ds004395/sub-LTP293/ses-22/eeg/sub-LTP293_ses-22_task-ltpFR2_eeg.edf,data/ds004395/sub-LTP293/ses-22/eeg/sub-LTP293_ses-22_task-ltpFR2_events.tsv
LTP293,22,4,13,PEACH,1031,692.71,346355,0,data/ds004395/sub-LTP293/ses-22/eeg/sub-LTP293_ses-22_task-ltpFR2_eeg.edf,data/ds004395/sub-LTP293/ses-22/eeg/sub-LTP293_ses-22_task-ltpFR2_events.tsv
LTP293,22,4,14,LEG,809,695.396,347698,1,data/ds004395/sub-LTP293/ses-22/eeg/sub-LTP293_ses-22_task-ltpFR2_eeg.edf,data/ds004395/sub-LTP293/ses-22/eeg/sub-LTP293_ses-22_task-ltpFR2_events.tsv
LTP293,22,4,15,GRILL,661,698.148,349074,0,data/ds004395/sub-LTP293/ses-22/eeg/sub-LTP293_ses-22_task-ltpFR2_eeg.edf,data/ds004395/sub-LTP293/ses-22/eeg/sub-LTP293_ses-22_task-ltpFR2_events.tsv
LTP293,22,4,16,BRANCH,168,700.934,350467,0,data/ds004395/sub-LTP293/ses-22/eeg/sub-LTP293_ses-22_task-ltpFR2_eeg.edf,data/ds004395/sub-LTP293/ses-22/eeg/sub-LTP293_ses-22_task-ltpFR2_events.tsv
LTP293,22,4,17,TOASTER,1472,703.52,351760,0,data/ds004395/sub-LTP293/ses-22/eeg/sub-LTP293_ses-22_task-ltpFR2_eeg.edf,data/ds004395/sub-LTP293/ses-22/eeg/sub-LTP293_ses-22_task-ltpFR2_events.tsv
LTP293,22,4,18,DIME,466,706.026,353013,0,data/ds004395/sub-LTP293/ses-22/eeg/sub-LTP293_ses-22_task-ltpFR2_eeg.edf,data/ds004395/sub-LTP293/ses-22/eeg/sub-LTP293_ses-22_task-ltpFR2_events.tsv
LTP293,22,4,19,MASK,876,708.508,354254,0,data/ds004395/sub-LTP293/ses-22/eeg/sub-LTP293_ses-22_task-ltpFR2_eeg.edf,data/ds004395/sub-LTP293/ses-22/eeg/sub-LTP293_ses-22_task-ltpFR2_events.tsv
LTP293,22,4,20,POPCORN,1104,711.194,355597,0,data/ds004395/sub-LTP293/ses-22/eeg/sub-LTP293_ses-22_task-ltpFR2_eeg.edf,data/ds004395/sub-LTP293/ses-22/eeg/sub-LTP293_ses-22_task-ltpFR2_events.tsv
LTP293,22,4,21,BINDER,127,713.846,356923,1,data/ds004395/sub-LTP293/ses-22/eeg/sub-LTP293_ses-22_task-ltpFR2_eeg.edf,data/ds004395/sub-LTP293/ses-22/eeg/sub-LTP293_ses-22_task-ltpFR2_events.tsv
LTP293,22,4,22,ORANGE,980,716.53,358265,1,data/ds004395/sub-LTP293/ses-22/eeg/sub-LTP293_ses-22_task-ltpFR2_eeg.edf,data/ds004395/sub-LTP293/ses-22/eeg/sub-LTP293_ses-22_task-ltpFR2_events.tsv
LTP293,22,4,23,TOMBSTONE,1478,719.066,359533,0,data/ds004395/sub-LTP293/ses-22/eeg/sub-LTP293_ses-22_task-ltpFR2_eeg.edf,data/ds004395/sub-LTP293/ses-22/eeg/sub-LTP293_ses-22_task-ltpFR2_events.tsv
LTP293,22,4,24,PADDING,999,721.636,360818,1,data/ds004395/sub-LTP293/ses-22/eeg/sub-LTP293_ses-22_task-ltpFR2_eeg.edf,data/ds004395/sub-LTP293/ses-22/eeg/sub-LTP293_ses-22_task-ltpFR2_events.tsv
LTP293,22,5,1,ACTOR,5,864.606,432303,1,data/ds004395/sub-LTP293/ses-22/eeg/sub-LTP293_ses-22_task-ltpFR2_eeg.edf,data/ds004395/sub-LTP293/ses-22/eeg/sub-LTP293_ses-22_task-ltpFR2_events.tsv
LTP293,22,5,2,WHISKERS,1605,867.076,433538,0,data/ds004395/sub-LTP293/ses-22/eeg/sub-LTP293_ses-22_task-ltpFR2_eeg.edf,data/ds004395/sub-LTP293/ses-22/eeg/sub-LTP293_ses-22_task-ltpFR2_events.tsv
LTP293,22,5,3,PENGUIN,1044,869.856,434928,0,data/ds004395/sub-LTP293/ses-22/eeg/sub-LTP293_ses-22_task-ltpFR2_eeg.edf,data/ds004395/sub-LTP293/ses-22/eeg/sub-LTP293_ses-22_task-ltpFR2_events.tsv
LTP293,22,5,4,COMET,353,872.312,436156,0,data/ds004395/sub-LTP293/ses-22/eeg/sub-LTP293_ses-22_task-ltpFR2_eeg.edf,data/ds004395/sub-LTP293/ses-22/eeg/sub-LTP293_ses-22_task-ltpFR2_events.tsv
LTP293,22,5,5,HERO,706,875.108,437554,0,data/ds004395/sub-LTP293/ses-22/eeg/sub-LTP293_ses-22_task-ltpFR2_eeg.edf,data/ds004395/sub-LTP293/ses-22/eeg/sub-LTP293_ses-22_task-ltpFR2_events.tsv
LTP293,22,5,6,MISSILE,900,877.77,438885,1,data/ds004395/sub-LTP293/ses-22/eeg/sub-LTP293_ses-22_task-ltpFR2_eeg.edf,data/ds004395/sub-LTP293/ses-22/eeg/sub-LTP293_ses-22_task-ltpFR2_events.tsv
LTP293,22,5,7,ROOSTER,1209,880.554,440277,0,data/ds004395/sub-LTP293/ses-22/eeg/sub-LTP293_ses-22_task-ltpFR2_eeg.edf,data/ds004395/sub-LTP293/ses-22/eeg/sub-LTP293_ses-22_task-ltpFR2_events.tsv
LTP293,22,5,8,TWEEZERS,1526,883.122,441561,1,data/ds004395/sub-LTP293/ses-22/eeg/sub-LTP293_ses-22_task-ltpFR2_eeg.edf,data/ds004395/sub-LTP293/ses-22/eeg/sub-LTP293_ses-22_task-ltpFR2_events.tsv
LTP293,22,5,9,LEADER,807,885.64,442820,0,data/ds004395/sub-LTP293/ses-22/eeg/sub-LTP293_ses-22_task-ltpFR2_eeg.edf,data/ds004395/sub-LTP293/ses-22/eeg/sub-LTP293_ses-22_task-ltpFR2_events.tsv
LTP293,22,5,10,BRICK,172,888.252,444126,0,data/ds004395/sub-LTP293/ses-22/eeg/sub-LTP293_ses-22_task-ltpFR2_eeg.edf,data/ds004395/sub-LTP293/ses-22/eeg/sub-LTP293_ses-22_task-ltpFR2_events.tsv
LTP293,22,5,11,BULLET,194,890.812,445406,1,data/ds004395/sub-LTP293/ses-22/eeg/sub-LTP293_ses-22_task-ltpFR2_eeg.edf,data/ds004395/sub-LTP293/ses-22/eeg/sub-LTP293_ses-22_task-ltpFR2_events.tsv
LTP293,22,5,12,COUCH,386,893.332,446666,1,data/ds004395/sub-LTP293/ses-22/eeg/sub-LTP293_ses-22_task-ltpFR2_eeg.edf,data/ds004395/sub-LTP293/ses-22/eeg/sub-LTP293_ses-22_task-ltpFR2_events.tsv
LTP293,22,5,13,TABLE,1426,895.826,447913,0,data/ds004395/sub-LTP293/ses-22/eeg/sub-LTP293_ses-22_task-ltpFR2_eeg.edf,data/ds004395/sub-LTP293/ses-22/eeg/sub-LTP293_ses-22_task-ltpFR2_events.tsv
LTP293,22,5,14,CLOTHES,327,898.418,449209,0,data/ds004395/sub-LTP293/ses-22/eeg/sub-LTP293_ses-22_task-ltpFR2_eeg.edf,data/ds004395/sub-LTP293/ses-22/eeg/sub-LTP293_ses-22_task-ltpFR2_events.tsv
LTP293,22,5,15,PASTRY,1022,901.228,450614,0,data/ds004395/sub-LTP293/ses-22/eeg/sub-LTP293_ses-22_task-ltpFR2_eeg.edf,data/ds004395/sub-LTP293/ses-22/eeg/sub-LTP293_ses-22_task-ltpFR2_events.tsv
LTP293,22,5,16,SHELTER,1282,903.706,451853,1,data/ds004395/sub-LTP293/ses-22/eeg/sub-LTP293_ses-22_task-ltpFR2_eeg.edf,data/ds004395/sub-LTP293/ses-22/eeg/sub-LTP293_ses-22_task-ltpFR2_events.tsv
LTP293,22,5,17,BABY,64,906.298,453149,0,data/ds004395/sub-LTP293/ses-22/eeg/sub-LTP293_ses-22_task-ltpFR2_eeg.edf,data/ds004395/sub-LTP293/ses-22/eeg/sub-LTP293_ses-22_task-ltpFR2_events.tsv
LTP293,22,5,18,FOREHEAD,592,909.084,454542,1,data/ds004395/sub-LTP293/ses-22/eeg/sub-LTP293_ses-22_task-ltpFR2_eeg.edf,data/ds004395/sub-LTP293/ses-22/eeg/sub-LTP293_ses-22_task-ltpFR2_events.tsv
LTP293,22,5,19,SODA,1341,911.512,455756,0,data/ds004395/sub-LTP293/ses-22/eeg/sub-LTP293_ses-22_task-ltpFR2_eeg.edf,data/ds004395/sub-LTP293/ses-22/eeg/sub-LTP293_ses-22_task-ltpFR2_events.tsv
LTP293,22,5,20,BARLEY,88,914.004,457002,0,data/ds004395/sub-LTP293/ses-22/eeg/sub-LTP293_ses-22_task-ltpFR2_eeg.edf,data/ds004395/sub-LTP293/ses-22/eeg/sub-LTP293_ses-22_task-ltpFR2_events.tsv
LTP293,22,5,21,WORKER,1621,916.684,458342,1,data/ds004395/sub-LTP293/ses-22/eeg/sub-LTP293_ses-22_task-ltpFR2_eeg.edf,data/ds004395/sub-LTP293/ses-22/eeg/sub-LTP293_ses-22_task-ltpFR2_events.tsv
LTP293,22,5,22,BADGE,68,919.12,459560,0,data/ds004395/sub-LTP293/ses-22/eeg/sub-LTP293_ses-22_task-ltpFR2_eeg.edf,data/ds004395/sub-LTP293/ses-22/eeg/sub-LTP293_ses-22_task-ltpFR2_events.tsv
LTP293,22,5,23,GUARD,667,921.678,460839,0,data/ds004395/sub-LTP293/ses-22/eeg/sub-LTP293_ses-22_task-ltpFR2_eeg.edf,data/ds004395/sub-LTP293/ses-22/eeg/sub-LTP293_ses-22_task-ltpFR2_events.tsv
LTP293,22,5,24,CHAUFFEUR,283,924.48,462240,1,data/ds004395/sub-LTP293/ses-22/eeg/sub-LTP293_ses-22_task-ltpFR2_eeg.edf,data/ds004395/sub-LTP293/ses-22/eeg/sub-LTP293_ses-22_task-ltpFR2_events.tsv
LTP293,22,6,1,KITCHEN,778,1067.392,533696,1,data/ds004395/sub-LTP293/ses-22/eeg/sub-LTP293_ses-22_task-ltpFR2_eeg.edf,data/ds004395/sub-LTP293/ses-22/eeg/sub-LTP293_ses-22_task-ltpFR2_events.tsv
LTP293,22,6,2,NOMAD,955,1069.944,534972,0,data/ds004395/sub-LTP293/ses-22/eeg/sub-LTP293_ses-22_task-ltpFR2_eeg.edf,data/ds004395/sub-LTP293/ses-22/eeg/sub-LTP293_ses-22_task-ltpFR2_events.tsv
LTP293,22,6,3,YACHT,1629,1072.616,536308,1,data/ds004395/sub-LTP293/ses-22/eeg/sub-LTP293_ses-22_task-ltpFR2_eeg.edf,data/ds004395/sub-LTP293/ses-22/eeg/sub-LTP293_ses-22_task-ltpFR2_events.tsv
LTP293,22,6,4,MARINE,869,1075.398,537699,1,data/ds004395/sub-LTP293/ses-22/eeg/sub-LTP293_ses-22_task-ltpFR2_eeg.edf,data/ds004395/sub-LTP293/ses-22/eeg/sub-LTP293_ses-22_task-ltpFR2_events.tsv
LTP293,22,6,5,CLAM,315,1078.016,539008,1,data/ds004395/sub-LTP293/ses-22/eeg/sub-LTP293_ses-22_task-ltpFR2_eeg.edf,data/ds004395/sub-LTP293/ses-22/eeg/sub-LTP293_ses-22_task-ltpFR2_events.tsv
LTP293,22,6,6,PREACHER,1119,1080.67,540335,0,data/ds004395/sub-LTP293/ses-22/eeg/sub-LTP293_ses-22_task-ltpFR2_eeg.edf,data/ds004395/sub-LTP293/ses-22/eeg/sub-LTP293_ses-22_task-ltpFR2_events.tsv
LTP293,22,6,7,TEMPLE,1448,1083.158,541579,0,data/ds004395/sub-LTP293/ses-22/eeg/sub-LTP293_ses-22_task-ltpFR2_eeg.edf,data/ds004395/sub-LTP293/ses-22/eeg/sub-LTP293_ses-22_task-ltpFR2_events.tsv
LTP293,22,6,8,COLONEL,348,1085.622,542811,1,data/ds004395/sub-LTP293/ses-22/eeg/sub-LTP293_ses-22_task-ltpFR2_eeg.edf,data/ds004395/sub-LTP293/ses-22/eeg/sub-LTP293_ses-22_task-ltpFR2_events.tsv
LTP293,22,6,9,SPIDER,1351,1088.29,544145,0,data/ds004395/sub-LTP293/ses-22/eeg/sub-LTP293_ses-22_task-ltpFR2_eeg.edf,data/ds004395/sub-LTP293/ses-22/eeg/sub-LTP293_ses-22_task-ltpFR2_events.tsv
LTP293,22,6,10,ICEBERG,731,1090.992,545496,1,data/ds004395/sub-LTP293/ses-22/eeg/sub-LTP293_ses-22_task-ltpFR2_eeg.edf,data/ds004395/sub-LTP293/ses-22/eeg/sub-LTP293_ses-22_task-ltpFR2_events.tsv
LTP293,22,6,11,CELLAR,267,1093.802,546901,1,data/ds004395/sub-LTP293/ses-22/eeg/sub-LTP293_ses-22_task-ltpFR2_eeg.edf,data/ds004395/sub-LTP293/ses-22/eeg/sub-LTP293_ses-22_task-ltpFR2_events.tsv
LTP293,22,6,12,QUARTER,1148,1096.47,548235,0,data/ds004395/sub-LTP293/ses-22/eeg/sub-LTP293_ses-22_task-ltpFR2_eeg.edf,data/ds004395/sub-LTP293/ses-22/eeg/sub-LTP293_ses-22_task-ltpFR2_events.tsv
LTP293,22,6,13,TRACTOR,1493,1098.948,549474,1,data/ds004395/sub-LTP293/ses-22/eeg/sub-LTP293_ses-22_task-ltpFR2_eeg.edf,data/ds004395/sub-LTP293/ses-22/eeg/sub-LTP293_ses-22_task-ltpFR2_events.tsv
LTP293,22,6,14,CRAYON,401,1101.674,550837,1,data/ds004395/sub-LTP293/ses-22/eeg/sub-LTP293_ses-22_task-ltpFR2_eeg.edf,data/ds004395/sub-LTP293/ses-22/eeg/sub-LTP293_ses-22_task-ltpFR2_events.tsv
LTP293,22,6,15,COURSE,390,1104.486,552243,0,data/ds004395/sub-LTP293/ses-22/eeg/sub-LTP293_ses-22_task-ltpFR2_eeg.edf,data/ds004395/sub-LTP293/ses-22/eeg/sub-LTP293_ses-22_task-ltpFR2_events.tsv
LTP293,22,6,16,BLOUSE,139,1106.928,553464,0,data/ds004395/sub-LTP293/ses-22/eeg/sub-LTP293_ses-22_task-ltpFR2_eeg.edf,data/ds004395/sub-LTP293/ses-22/eeg/sub-LTP293_ses-22_task-ltpFR2_events.tsv
LTP293,22,6,17,VALLEY,1545,1109.692,554846,0,data/ds004395/sub-LTP293/ses-22/eeg/sub-LTP293_ses-22_task-ltpFR2_eeg.edf,data/ds004395/sub-LTP293/ses-22/eeg/sub-LTP293_ses-22_task-ltpFR2_events.tsv
LTP293,22,6,18,JAPAN,749,1112.182,556091,0,data/ds004395/sub-LTP293/ses-22/eeg/sub-LTP293_ses-22_task-ltpFR2_eeg.edf,data/ds004395/sub-LTP293/ses-22/eeg/sub-LTP293_ses-22_task-ltpFR2_events.tsv
LTP293,22,6,19,PLIERS,1089,1114.952,557476,0,data/ds004395/sub-LTP293/ses-22/eeg/sub-LTP293_ses-22_task-ltpFR2_eeg.edf,data/ds004395/sub-LTP293/ses-22/eeg/sub-LTP293_ses-22_task-ltpFR2_events.tsv
LTP293,22,6,20,COLLEGE,346,1117.74,558870,0,data/ds004395/sub-LTP293/ses-22/eeg/sub-LTP293_ses-22_task-ltpFR2_eeg.edf,data/ds004395/sub-LTP293/ses-22/eeg/sub-LTP293_ses-22_task-ltpFR2_events.tsv
LTP293,22,6,21,TERMITE,1451,1120.39,560195,0,data/ds004395/sub-LTP293/ses-22/eeg/sub-LTP293_ses-22_task-ltpFR2_eeg.edf,data/ds004395/sub-LTP293/ses-22/eeg/sub-LTP293_ses-22_task-ltpFR2_events.tsv
LTP293,22,6,22,BODY,145,1122.968,561484,1,data/ds004395/sub-LTP293/ses-22/eeg/sub-LTP293_ses-22_task-ltpFR2_eeg.edf,data/ds004395/sub-LTP293/ses-22/eeg/sub-LTP293_ses-22_task-ltpFR2_events.tsv
LTP293,22,6,23,STOVE,1388,1125.546,562773,1,data/ds004395/sub-LTP293/ses-22/eeg/sub-LTP293_ses-22_task-ltpFR2_eeg.edf,data/ds004395/sub-LTP293/ses-22/eeg/sub-LTP293_ses-22_task-ltpFR2_events.tsv
LTP293,22,6,24,PIGMENT,1066,1128.316,564158,0,data/ds004395/sub-LTP293/ses-22/eeg/sub-LTP293_ses-22_task-ltpFR2_eeg.edf,data/ds004395/sub-LTP293/ses-22/eeg/sub-LTP293_ses-22_task-ltpFR2_events.tsv
LTP293,22,7,1,QUAIL,1147,1271.336,635668,1,data/ds004395/sub-LTP293/ses-22/eeg/sub-LTP293_ses-22_task-ltpFR2_eeg.edf,data/ds004395/sub-LTP293/ses-22/eeg/sub-LTP293_ses-22_task-ltpFR2_events.tsv
LTP293,22,7,2,PASSAGE,1019,1274.002,637001,0,data/ds004395/sub-LTP293/ses-22/eeg/sub-LTP293_ses-22_task-ltpFR2_eeg.edf,data/ds004395/sub-LTP293/ses-22/eeg/sub-LTP293_ses-22_task-ltpFR2_events.tsv
LTP293,22,7,3,FINGER,567,1276.722,638361,1,data/ds004395/sub-LTP293/ses-22/eeg/sub-LTP293_ses-22_task-ltpFR2_eeg.edf,data/ds004395/sub-LTP293/ses-22/eeg/sub-LTP293_ses-22_task-ltpFR2_events.tsv
LTP293,22,7,4,PERCH,1048,1279.272,639636,1,data/ds004395/sub-LTP293/ses-22/eeg/sub-LTP293_ses-22_task-ltpFR2_eeg.edf,data/ds004395/sub-LTP293/ses-22/eeg/sub-LTP293_ses-22_task-ltpFR2_events.tsv
LTP293,22,7,5,HORSE,719,1281.974,640987,0,data/ds004395/sub-LTP293/ses-22/eeg/sub-LTP293_ses-22_task-ltpFR2_eeg.edf,data/ds004395/sub-LTP293/ses-22/eeg/sub-LTP293_ses-22_task-ltpFR2_events.tsv
LTP293,22,7,6,SPACE,1345,1284.662,642331,1,data/ds004395/sub-LTP293/ses-22/eeg/sub-LTP293_ses-22_task-ltpFR2_eeg.edf,data/ds004395/sub-LTP293/ses-22/eeg/sub-LTP293_ses-22_task-ltpFR2_events.tsv
LTP293,22,7,7,WORLD,1622,1287.146,643573,1,data/ds004395/sub-LTP293/ses-22/eeg/sub-LTP293_ses-22_task-ltpFR2_eeg.edf,data/ds004395/sub-LTP293/ses-22/eeg/sub-LTP293_ses-22_task-ltpFR2_events.tsv
LTP293,22,7,8,GRAVE,658,1289.714,644857,1,data/ds004395/sub-LTP293/ses-22/eeg/sub-LTP293_ses-22_task-ltpFR2_eeg.edf,data/ds004395/sub-LTP293/ses-22/eeg/sub-LTP293_ses-22_task-ltpFR2_events.tsv
LTP293,22,7,9,DINER,467,1292.266,646133,1,data/ds004395/sub-LTP293/ses-22/eeg/sub-LTP293_ses-22_task-ltpFR2_eeg.edf,data/ds004395/sub-LTP293/ses-22/eeg/sub-LTP293_ses-22_task-ltpFR2_events.tsv
LTP293,22,7,10,SANDWICH,1232,1294.918,647459,1,data/ds004395/sub-LTP293/ses-22/eeg/sub-LTP293_ses-22_task-ltpFR2_eeg.edf,data/ds004395/sub-LTP293/ses-22/eeg/sub-LTP293_ses-22_task-ltpFR2_events.tsv
LTP293,22,7,11,CUPBOARD,425,1297.504,648752,0,data/ds004395/sub-LTP293/ses-22/eeg/sub-LTP293_ses-22_task-ltpFR2_eeg.edf,data/ds004395/sub-LTP293/ses-22/eeg/sub-LTP293_ses-22_task-ltpFR2_events.tsv
LTP293,22,7,12,MUFFIN,929,1300.29,650145,1,data/ds004395/sub-LTP293/ses-22/eeg/sub-LTP293_ses-22_task-ltpFR2_eeg.edf,data/ds004395/sub-LTP293/ses-22/eeg/sub-LTP293_ses-22_task-ltpFR2_events.tsv
LTP293,22,7,13,HAWK,692,1302.864,651432,1,data/ds004395/sub-LTP293/ses-22/eeg/sub-LTP293_ses-22_task-ltpFR2_eeg.edf,data/ds004395/sub-LTP293/ses-22/eeg/sub-LTP293_ses-22_task-ltpFR2_events.tsv
LTP293,22,7,14,TUBA,1515,1305.56,652780,0,data/ds004395/sub-LTP293/ses-22/eeg/sub-LTP293_ses-22_task-ltpFR2_eeg.edf,data/ds004395/sub-LTP293/ses-22/eeg/sub-LTP293_ses-22_task-ltpFR2_events.tsv
LTP293,22,7,15,GIFT,635,1308.246,654123,0,data/ds004395/sub-LTP293/ses-22/eeg/sub-LTP293_ses-22_task-ltpFR2_eeg.edf,data/ds004395/sub-LTP293/ses-22/eeg/sub-LTP293_ses-22_task-ltpFR2_events.tsv
LTP293,22,7,16,SOFTBALL,1343,1310.8,655400,0,data/ds004395/sub-LTP293/ses-22/eeg/sub-LTP293_ses-22_task-ltpFR2_eeg.edf,data/ds004395/sub-LTP293/ses-22/eeg/sub-LTP293_ses-22_task-ltpFR2_events.tsv
LTP293,22,7,17,FRUIT,610,1313.55,656775,1,data/ds004395/sub-LTP293/ses-22/eeg/sub-LTP293_ses-22_task-ltpFR2_eeg.edf,data/ds004395/sub-LTP293/ses-22/eeg/sub-LTP293_ses-22_task-ltpFR2_events.tsv
LTP293,22,7,18,COIN,343,1316.174,658087,1,data/ds004395/sub-LTP293/ses-22/eeg/sub-LTP293_ses-22_task-ltpFR2_eeg.edf,data/ds004395/sub-LTP293/ses-22/eeg/sub-LTP293_ses-22_task-ltpFR2_events.tsv
LTP293,22,7,19,BOX,159,1318.96,659480,1,data/ds004395/sub-LTP293/ses-22/eeg/sub-LTP293_ses-22_task-ltpFR2_eeg.edf,data/ds004395/sub-LTP293/ses-22/eeg/sub-LTP293_ses-22_task-ltpFR2_events.tsv
LTP293,22,7,20,SPARROW,1347,1321.69,660845,0,data/ds004395/sub-LTP293/ses-22/eeg/sub-LTP293_ses-22_task-ltpFR2_eeg.edf,data/ds004395/sub-LTP293/ses-22/eeg/sub-LTP293_ses-22_task-ltpFR2_events.tsv
LTP293,22,7,21,SIDEWALK,1303,1324.198,662099,1,data/ds004395/sub-LTP293/ses-22/eeg/sub-LTP293_ses-22_task-ltpFR2_eeg.edf,data/ds004395/sub-LTP293/ses-22/eeg/sub-LTP293_ses-22_task-ltpFR2_events.tsv
LTP293,22,7,22,KETCHUP,771,1326.682,663341,1,data/ds004395/sub-LTP293/ses-22/eeg/sub-LTP293_ses-22_task-ltpFR2_eeg.edf,data/ds004395/sub-LTP293/ses-22/eeg/sub-LTP293_ses-22_task-ltpFR2_events.tsv
LTP293,22,7,23,MUSTARD,935,1329.468,664734,1,data/ds004395/sub-LTP293/ses-22/eeg/sub-LTP293_ses-22_task-ltpFR2_eeg.edf,data/ds004395/sub-LTP293/ses-22/eeg/sub-LTP293_ses-22_task-ltpFR2_events.tsv
LTP293,22,7,24,EMPIRE,530,1332.07,666035,0,data/ds004395/sub-LTP293/ses-22/eeg/sub-LTP293_ses-22_task-ltpFR2_eeg.edf,data/ds004395/sub-LTP293/ses-22/eeg/sub-LTP293_ses-22_task-ltpFR2_events.tsv
LTP293,22,8,1,NEUTRON,947,1450.038,725019,1,data/ds004395/sub-LTP293/ses-22/eeg/sub-LTP293_ses-22_task-ltpFR2_eeg.edf,data/ds004395/sub-LTP293/ses-22/eeg/sub-LTP293_ses-22_task-ltpFR2_events.tsv
LTP293,22,8,2,CABIN,211,1452.842,726421,1,data/ds004395/sub-LTP293/ses-22/eeg/sub-LTP293_ses-22_task-ltpFR2_eeg.edf,data/ds004395/sub-LTP293/ses-22/eeg/sub-LTP293_ses-22_task-ltpFR2_events.tsv
LTP293,22,8,3,PERMIT,1051,1455.558,727779,0,data/ds004395/sub-LTP293/ses-22/eeg/sub-LTP293_ses-22_task-ltpFR2_eeg.edf,data/ds004395/sub-LTP293/ses-22/eeg/sub-LTP293_ses-22_task-ltpFR2_events.tsv
LTP293,22,8,4,FRAGRANCE,599,1458.128,729064,0,data/ds004395/sub-LTP293/ses-22/eeg/sub-LTP293_ses-22_task-ltpFR2_eeg.edf,data/ds004395/sub-LTP293/ses-22/eeg/sub-LTP293_ses-22_task-ltpFR2_events.tsv
LTP293,22,8,5,WIDOW,1608,1460.614,730307,0,data/ds004395/sub-LTP293/ses-22/eeg/sub-LTP293_ses-22_task-ltpFR2_eeg.edf,data/ds004395/sub-LTP293/ses-22/eeg/sub-LTP293_ses-22_task-ltpFR2_events.tsv
LTP293,22,8,6,COOK,372,1463.432,731716,0,data/ds004395/sub-LTP293/ses-22/eeg/sub-LTP293_ses-22_task-ltpFR2_eeg.edf,data/ds004395/sub-LTP293/ses-22/eeg/sub-LTP293_ses-22_task-ltpFR2_events.tsv
LTP293,22,8,7,FOREST,593,1466.05,733025,0,data/ds004395/sub-LTP293/ses-22/eeg/sub-LTP293_ses-22_task-ltpFR2_eeg.edf,data/ds004395/sub-LTP293/ses-22/eeg/sub-LTP293_ses-22_task-ltpFR2_events.tsv
LTP293,22,8,8,COCOON,339,1468.82,734410,1,data/ds004395/sub-LTP293/ses-22/eeg/sub-LTP293_ses-22_task-ltpFR2_eeg.edf,data/ds004395/sub-LTP293/ses-22/eeg/sub-LTP293_ses-22_task-ltpFR2_events.tsv
LTP293,22,8,9,CRATER,400,1471.272,735636,0,data/ds004395/sub-LTP293/ses-22/eeg/sub-LTP293_ses-22_task-ltpFR2_eeg.edf,data/ds004395/sub-LTP293/ses-22/eeg/sub-LTP293_ses-22_task-ltpFR2_events.tsv
LTP293,22,8,10,FEMALE,559,1474.008,737004,1,data/ds004395/sub-LTP293/ses-22/eeg/sub-LTP293_ses-22_task-ltpFR2_eeg.edf,data/ds004395/sub-LTP293/ses-22/eeg/sub-LTP293_ses-22_task-ltpFR2_events.tsv
LTP293,22,8,11,LOVER,846,1476.542,738271,1,data/ds004395/sub-LTP293/ses-22/eeg/sub-LTP293_ses-22_task-ltpFR2_eeg.edf,data/ds004395/sub-LTP293/ses-22/eeg/sub-LTP293_ses-22_task-ltpFR2_events.tsv
LTP293,22,8,12,WAITRESS,1581,1479.162,739581,0,data/ds004395/sub-LTP293/ses-22/eeg/sub-LTP293_ses-22_task-ltpFR2_eeg.edf,data/ds004395/sub-LTP293/ses-22/eeg/sub-LTP293_ses-22_task-ltpFR2_events.tsv
LTP293,22,8,13,CANYON,235,1481.866,740933,1,data/ds004395/sub-LTP293/ses-22/eeg/sub-LTP293_ses-22_task-ltpFR2_eeg.edf,data/ds004395/sub-LTP293/ses-22/eeg/sub-LTP293_ses-22_task-ltpFR2_events.tsv
LTP293,22,8,14,CROWN,415,1484.416,742208,0,data/ds004395/sub-LTP293/ses-22/eeg/sub-LTP293_ses-22_task-ltpFR2_eeg.edf,data/ds004395/sub-LTP293/ses-22/eeg/sub-LTP293_ses-22_task-ltpFR2_events.tsv
LTP293,22,8,15,GARLIC,624,1487.102,743551,0,data/ds004395/sub-LTP293/ses-22/eeg/sub-LTP293_ses-22_task-ltpFR2_eeg.edf,data/ds004395/sub-LTP293/ses-22/eeg/sub-LTP293_ses-22_task-ltpFR2_events.tsv
LTP293,22,8,16,BUGGY,188,1489.536,744768,0,data/ds004395/sub-LTP293/ses-22/eeg/sub-LTP293_ses-22_task-ltpFR2_eeg.edf,data/ds004395/sub-LTP293/ses-22/eeg/sub-LTP293_ses-22_task-ltpFR2_events.tsv
LTP293,22,8,17,DONKEY,484,1492.122,746061,1,data/ds004395/sub-LTP293/ses-22/eeg/sub-LTP293_ses-22_task-ltpFR2_eeg.edf,data/ds004395/sub-LTP293/ses-22/eeg/sub-LTP293_ses-22_task-ltpFR2_events.tsv
LTP293,22,8,18,KEEPER,769,1494.542,747271,1,data/ds004395/sub-LTP293/ses-22/eeg/sub-LTP293_ses-22_task-ltpFR2_eeg.edf,data/ds004395/sub-LTP293/ses-22/eeg/sub-LTP293_ses-22_task-ltpFR2_events.tsv
LTP293,22,8,19,PERFUME,1049,1497.328,748664,0,data/ds004395/sub-LTP293/ses-22/eeg/sub-LTP293_ses-22_task-ltpFR2_eeg.edf,data/ds004395/sub-LTP293/ses-22/eeg/sub-LTP293_ses-22_task-ltpFR2_events.tsv
LTP293,22,8,20,LUNCH,849,1499.962,749981,1,data/ds004395/sub-LTP293/ses-22/eeg/sub-LTP293_ses-22_task-ltpFR2_eeg.edf,data/ds004395/sub-LTP293/ses-22/eeg/sub-LTP293_ses-22_task-ltpFR2_events.tsv
LTP293,22,8,21,LADDER,793,1502.432,751216,1,data/ds004395/sub-LTP293/ses-22/eeg/sub-LTP293_ses-22_task-ltpFR2_eeg.edf,data/ds004395/sub-LTP293/ses-22/eeg/sub-LTP293_ses-22_task-ltpFR2_events.tsv
LTP293,22,8,22,ATOM,55,1505.032,752516,1,data/ds004395/sub-LTP293/ses-22/eeg/sub-LTP293_ses-22_task-ltpFR2_eeg.edf,data/ds004395/sub-LTP293/ses-22/eeg/sub-LTP293_ses-22_task-ltpFR2_events.tsv
LTP293,22,8,23,PEANUT,1032,1507.822,753911,1,data/ds004395/sub-LTP293/ses-22/eeg/sub-LTP293_ses-22_task-ltpFR2_eeg.edf,data/ds004395/sub-LTP293/ses-22/eeg/sub-LTP293_ses-22_task-ltpFR2_events.tsv
LTP293,22,8,24,CASHEW,253,1510.404,755202,0,data/ds004395/sub-LTP293/ses-22/eeg/sub-LTP293_ses-22_task-ltpFR2_eeg.edf,data/ds004395/sub-LTP293/ses-22/eeg/sub-LTP293_ses-22_task-ltpFR2_events.tsv
LTP293,22,9,1,POET,1095,1803.014,901507,1,data/ds004395/sub-LTP293/ses-22/eeg/sub-LTP293_ses-22_task-ltpFR2_eeg.edf,data/ds004395/sub-LTP293/ses-22/eeg/sub-LTP293_ses-22_task-ltpFR2_events.tsv
LTP293,22,9,2,CHAPEL,280,1805.64,902820,1,data/ds004395/sub-LTP293/ses-22/eeg/sub-LTP293_ses-22_task-ltpFR2_eeg.edf,data/ds004395/sub-LTP293/ses-22/eeg/sub-LTP293_ses-22_task-ltpFR2_events.tsv
LTP293,22,9,3,PUDDLE,1140,1808.386,904193,1,data/ds004395/sub-LTP293/ses-22/eeg/sub-LTP293_ses-22_task-ltpFR2_eeg.edf,data/ds004395/sub-LTP293/ses-22/eeg/sub-LTP293_ses-22_task-ltpFR2_events.tsv
LTP293,22,9,4,SWIMMER,1420,1810.894,905447,1,data/ds004395/sub-LTP293/ses-22/eeg/sub-LTP293_ses-22_task-ltpFR2_eeg.edf,data/ds004395/sub-LTP293/ses-22/eeg/sub-LTP293_ses-22_task-ltpFR2_events.tsv
LTP293,22,9,5,MARSH,874,1813.474,906737,1,data/ds004395/sub-LTP293/ses-22/eeg/sub-LTP293_ses-22_task-ltpFR2_eeg.edf,data/ds004395/sub-LTP293/ses-22/eeg/sub-LTP293_ses-22_task-ltpFR2_events.tsv
LTP293,22,9,6,CAMEL,223,1815.948,907974,1,data/ds004395/sub-LTP293/ses-22/eeg/sub-LTP293_ses-22_task-ltpFR2_eeg.edf,data/ds004395/sub-LTP293/ses-22/eeg/sub-LTP293_ses-22_task-ltpFR2_events.tsv
LTP293,22,9,7,HOUND,724,1818.594,909297,1,data/ds004395/sub-LTP293/ses-22/eeg/sub-LTP293_ses-22_task-ltpFR2_eeg.edf,data/ds004395/sub-LTP293/ses-22/eeg/sub-LTP293_ses-22_task-ltpFR2_events.tsv
LTP293,22,9,8,COUSIN,392,1821.38,910690,1,data/ds004395/sub-LTP293/ses-22/eeg/sub-LTP293_ses-22_task-ltpFR2_eeg.edf,data/ds004395/sub-LTP293/ses-22/eeg/sub-LTP293_ses-22_task-ltpFR2_events.tsv
LTP293,22,9,9,PAIL,1002,1824.116,912058,1,data/ds004395/sub-LTP293/ses-22/eeg/sub-LTP293_ses-22_task-ltpFR2_eeg.edf,data/ds004395/sub-LTP293/ses-22/eeg/sub-LTP293_ses-22_task-ltpFR2_events.tsv
LTP293,22,9,10,ROD,1203,1826.884,913442,0,data/ds004395/sub-LTP293/ses-22/eeg/sub-LTP293_ses-22_task-ltpFR2_eeg.edf,data/ds004395/sub-LTP293/ses-22/eeg/sub-LTP293_ses-22_task-ltpFR2_events.tsv
LTP293,22,9,11,BALLOON,75,1829.486,914743,0,data/ds004395/sub-LTP293/ses-22/eeg/sub-LTP293_ses-22_task-ltpFR2_eeg.edf,data/ds004395/sub-LTP293/ses-22/eeg/sub-LTP293_ses-22_task-ltpFR2_events.tsv
LTP293,22,9,12,SUITCASE,1403,1832.256,916128,1,data/ds004395/sub-LTP293/ses-22/eeg/sub-LTP293_ses-22_task-ltpFR2_eeg.edf,data/ds004395/sub-LTP293/ses-22/eeg/sub-LTP293_ses-22_task-ltpFR2_events.tsv
LTP293,22,9,13,BRIEFCASE,175,1835.024,917512,1,data/ds004395/sub-LTP293/ses-22/eeg/sub-LTP293_ses-22_task-ltpFR2_eeg.edf,data/ds004395/sub-LTP293/ses-22/eeg/sub-LTP293_ses-22_task-ltpFR2_events.tsv
LTP293,22,9,14,JELLY,755,1837.466,918733,1,data/ds004395/sub-LTP293/ses-22/eeg/sub-LTP293_ses-22_task-ltpFR2_eeg.edf,data/ds004395/sub-LTP293/ses-22/eeg/sub-LTP293_ses-22_task-ltpFR2_events.tsv
LTP293,22,9,15,DANCER,437,1840.128,920064,1,data/ds004395/sub-LTP293/ses-22/eeg/sub-LTP293_ses-22_task-ltpFR2_eeg.edf,data/ds004395/sub-LTP293/ses-22/eeg/sub-LTP293_ses-22_task-ltpFR2_events.tsv
LTP293,22,9,16,SCOTCH,1251,1842.88,921440,1,data/ds004395/sub-LTP293/ses-22/eeg/sub-LTP293_ses-22_task-ltpFR2_eeg.edf,data/ds004395/sub-LTP293/ses-22/eeg/sub-LTP293_ses-22_task-ltpFR2_events.tsv
LTP293,22,9,17,DIVER,476,1845.316,922658,0,data/ds004395/sub-LTP293/ses-22/eeg/sub-LTP293_ses-22_task-ltpFR2_eeg.edf,data/ds004395/sub-LTP293/ses-22/eeg/sub-LTP293_ses-22_task-ltpFR2_events.tsv
LTP293,22,9,18,DRIVER,499,1848.044,924022,0,data/ds004395/sub-LTP293/ses-22/eeg/sub-LTP293_ses-22_task-ltpFR2_eeg.edf,data/ds004395/sub-LTP293/ses-22/eeg/sub-LTP293_ses-22_task-ltpFR2_events.tsv
LTP293,22,9,19,MARKET,871,1850.612,925306,1,data/ds004395/sub-LTP293/ses-22/eeg/sub-LTP293_ses-22_task-ltpFR2_eeg.edf,data/ds004395/sub-LTP293/ses-22/eeg/sub-LTP293_ses-22_task-ltpFR2_events.tsv
LTP293,22,9,20,CONCERT,360,1853.396,926698,1,data/ds004395/sub-LTP293/ses-22/eeg/sub-LTP293_ses-22_task-ltpFR2_eeg.edf,data/ds004395/sub-LTP293/ses-22/eeg/sub-LTP293_ses-22_task-ltpFR2_events.tsv
LTP293,22,9,21,RECEIPT,1173,1856.158,928079,0,data/ds004395/sub-LTP293/ses-22/eeg/sub-LTP293_ses-22_task-ltpFR2_eeg.edf,data/ds004395/sub-LTP293/ses-22/eeg/sub-LTP293_ses-22_task-ltpFR2_events.tsv
LTP293,22,9,22,RUG,1215,1858.736,929368,0,data/ds004395/sub-LTP293/ses-22/eeg/sub-LTP293_ses-22_task-ltpFR2_eeg.edf,data/ds004395/sub-LTP293/ses-22/eeg/sub-LTP293_ses-22_task-ltpFR2_events.tsv
LTP293,22,9,23,PLAZA,1088,1861.438,930719,1,data/ds004395/sub-LTP293/ses-22/eeg/sub-LTP293_ses-22_task-ltpFR2_eeg.edf,data/ds004395/sub-LTP293/ses-22/eeg/sub-LTP293_ses-22_task-ltpFR2_events.tsv
LTP293,22,9,24,SLIDE,1326,1864.048,932024,0,data/ds004395/sub-LTP293/ses-22/eeg/sub-LTP293_ses-22_task-ltpFR2_eeg.edf,data/ds004395/sub-LTP293/ses-22/eeg/sub-LTP293_ses-22_task-ltpFR2_events.tsv
LTP293,22,10,1,XEROX,1628,1981.886,990943,1,data/ds004395/sub-LTP293/ses-22/eeg/sub-LTP293_ses-22_task-ltpFR2_eeg.edf,data/ds004395/sub-LTP293/ses-22/eeg/sub-LTP293_ses-22_task-ltpFR2_events.tsv
LTP293,22,10,2,GAVEL,627,1984.306,992153,1,data/ds004395/sub-LTP293/ses-22/eeg/sub-LTP293_ses-22_task-ltpFR2_eeg.edf,data/ds004395/sub-LTP293/ses-22/eeg/sub-LTP293_ses-22_task-ltpFR2_events.tsv
LTP293,22,10,3,ATLAS,53,1987.01,993505,1,data/ds004395/sub-LTP293/ses-22/eeg/sub-LTP293_ses-22_task-ltpFR2_eeg.edf,data/ds004395/sub-LTP293/ses-22/eeg/sub-LTP293_ses-22_task-ltpFR2_events.tsv
LTP293,22,10,4,MISTER,901,1989.712,994856,1,data/ds004395/sub-LTP293/ses-22/eeg/sub-LTP293_ses-22_task-ltpFR2_eeg.edf,data/ds004395/sub-LTP293/ses-22/eeg/sub-LTP293_ses-22_task-ltpFR2_events.tsv
LTP293,22,10,5,HORNET,718,1992.43,996215,0,data/ds004395/sub-LTP293/ses-22/eeg/sub-LTP293_ses-22_task-ltpFR2_eeg.edf,data/ds004395/sub-LTP293/ses-22/eeg/sub-LTP293_ses-22_task-ltpFR2_events.tsv
LTP293,22,10,6,BLADE,134,1995.25,997625,0,data/ds004395/sub-LTP293/ses-22/eeg/sub-LTP293_ses-22_task-ltpFR2_eeg.edf,data/ds004395/sub-LTP293/ses-22/eeg/sub-LTP293_ses-22_task-ltpFR2_events.tsv
LTP293,22,10,7,PARTNER,1017,1997.952,998976,0,data/ds004395/sub-LTP293/ses-22/eeg/sub-LTP293_ses-22_task-ltpFR2_eeg.edf,data/ds004395/sub-LTP293/ses-22/eeg/sub-LTP293_ses-22_task-ltpFR2_events.tsv
LTP293,22,10,8,WOMAN,1620,2000.67,1000335,0,data/ds004395/sub-LTP293/ses-22/eeg/sub-LTP293_ses-22_task-ltpFR2_eeg.edf,data/ds004395/sub-LTP293/ses-22/eeg/sub-LTP293_ses-22_task-ltpFR2_events.tsv
LTP293,22,10,9,PISTON,1076,2003.456,1001728,0,data/ds004395/sub-LTP293/ses-22/eeg/sub-LTP293_ses-22_task-ltpFR2_eeg.edf,data/ds004395/sub-LTP293/ses-22/eeg/sub-LTP293_ses-22_task-ltpFR2_events.tsv
LTP293,22,10,10,TAXI,1438,2006.108,1003054,1,data/ds004395/sub-LTP293/ses-22/eeg/sub-LTP293_ses-22_task-ltpFR2_eeg.edf,data/ds004395/sub-LTP293/ses-22/eeg/sub-LTP293_ses-22_task-ltpFR2_events.tsv
LTP293,22,10,11,SWAMP,1416,2008.544,1004272,1,data/ds004395/sub-LTP293/ses-22/eeg/sub-LTP293_ses-22_task-ltpFR2_eeg.edf,data/ds004395/sub-LTP293/ses-22/eeg/sub-LTP293_ses-22_task-ltpFR2_events.tsv
LTP293,22,10,12,CANAL,226,2011.33,1005665,1,data/ds004395/sub-LTP293/ses-22/eeg/sub-LTP293_ses-22_task-ltpFR2_eeg.edf,data/ds004395/sub-LTP293/ses-22/eeg/sub-LTP293_ses-22_task-ltpFR2_events.tsv
LTP293,22,10,13,HATCHET,691,2013.968,1006984,0,data/ds004395/sub-LTP293/ses-22/eeg/sub-LTP293_ses-22_task-ltpFR2_eeg.edf,data/ds004395/sub-LTP293/ses-22/eeg/sub-LTP293_ses-22_task-ltpFR2_events.tsv
LTP293,22,10,14,SLOPE,1328,2016.666,1008333,0,data/ds004395/sub-LTP293/ses-22/eeg/sub-LTP293_ses-22_task-ltpFR2_eeg.edf,data/ds004395/sub-LTP293/ses-22/eeg/sub-LTP293_ses-22_task-ltpFR2_events.tsv
LTP293,22,10,15,NOTEBOOK,959,2019.1,1009550,0,data/ds004395/sub-LTP293/ses-22/eeg/sub-LTP293_ses-22_task-ltpFR2_eeg.edf,data/ds004395/sub-LTP293/ses-22/eeg/sub-LTP293_ses-22_task-ltpFR2_events.tsv
LTP293,22,10,16,KLEENEX,782,2021.704,1010852,0,data/ds004395/sub-LTP293/ses-22/eeg/sub-LTP293_ses-22_task-ltpFR2_eeg.edf,data/ds004395/sub-LTP293/ses-22/eeg/sub-LTP293_ses-22_task-ltpFR2_events.tsv
LTP293,22,10,17,LAMP,798,2024.258,1012129,1,data/ds004395/sub-LTP293/ses-22/eeg/sub-LTP293_ses-22_task-ltpFR2_eeg.edf,data/ds004395/sub-LTP293/ses-22/eeg/sub-LTP293_ses-22_task-ltpFR2_events.tsv
LTP293,22,10,18,BACKBONE,66,2026.806,1013403,0,data/ds004395/sub-LTP293/ses-22/eeg/sub-LTP293_ses-22_task-ltpFR2_eeg.edf,data/ds004395/sub-LTP293/ses-22/eeg/sub-LTP293_ses-22_task-ltpFR2_events.tsv
LTP293,22,10,19,LIZARD,834,2029.442,1014721,0,data/ds004395/sub-LTP293/ses-22/eeg/sub-LTP293_ses-22_task-ltpFR2_eeg.edf,data/ds004395/sub-LTP293/ses-22/eeg/sub-LTP293_ses-22_task-ltpFR2_events.tsv
LTP293,22,10,20,AIRPLANE,12,2032.244,1016122,1,data/ds004395/sub-LTP293/ses-22/eeg/sub-LTP293_ses-22_task-ltpFR2_eeg.edf,data/ds004395/sub-LTP293/ses-22/eeg/sub-LTP293_ses-22_task-ltpFR2_events.tsv
LTP293,22,10,21,SUMMIT,1405,2034.896,1017448,0,data/ds004395/sub-LTP293/ses-22/eeg/sub-LTP293_ses-22_task-ltpFR2_eeg.edf,data/ds004395/sub-LTP293/ses-22/eeg/sub-LTP293_ses-22_task-ltpFR2_events.tsv
LTP293,22,10,22,TREAT,1501,2037.386,1018693,0,data/ds004395/sub-LTP293/ses-22/eeg/sub-LTP293_ses-22_task-ltpFR2_eeg.edf,data/ds004395/sub-LTP293/ses-22/eeg/sub-LTP293_ses-22_task-ltpFR2_events.tsv
LTP293,22,10,23,AIRPORT,13,2040.168,1020084,1,data/ds004395/sub-LTP293/ses-22/eeg/sub-LTP293_ses-22_task-ltpFR2_eeg.edf,data/ds004395/sub-LTP293/ses-22/eeg/sub-LTP293_ses-22_task-ltpFR2_events.tsv
LTP293,22,10,24,PATROL,1027,2042.804,1021402,0,data/ds004395/sub-LTP293/ses-22/eeg/sub-LTP293_ses-22_task-ltpFR2_eeg.edf,data/ds004395/sub-LTP293/ses-22/eeg/sub-LTP293_ses-22_task-ltpFR2_events.tsv
LTP293,22,11,1,DRESS,495,2185.512,1092756,1,data/ds004395/sub-LTP293/ses-22/eeg/sub-LTP293_ses-22_task-ltpFR2_eeg.edf,data/ds004395/sub-LTP293/ses-22/eeg/sub-LTP293_ses-22_task-ltpFR2_events.tsv
LTP293,22,11,2,COD,340,2188.282,1094141,1,data/ds004395/sub-LTP293/ses-22/eeg/sub-LTP293_ses-22_task-ltpFR2_eeg.edf,data/ds004395/sub-LTP293/ses-22/eeg/sub-LTP293_ses-22_task-ltpFR2_events.tsv
LTP293,22,11,3,INMATE,738,2190.984,1095492,1,data/ds004395/sub-LTP293/ses-22/eeg/sub-LTP293_ses-22_task-ltpFR2_eeg.edf,data/ds004395/sub-LTP293/ses-22/eeg/sub-LTP293_ses-22_task-ltpFR2_events.tsv
LTP293,22,11,4,GRAPE,654,2193.47,1096735,1,data/ds004395/sub-LTP293/ses-22/eeg/sub-LTP293_ses-22_task-ltpFR2_eeg.edf,data/ds004395/sub-LTP293/ses-22/eeg/sub-LTP293_ses-22_task-ltpFR2_events.tsv
LTP293,22,11,5,LODGE,839,2195.954,1097977,0,data/ds004395/sub-LTP293/ses-22/eeg/sub-LTP293_ses-22_task-ltpFR2_eeg.edf,data/ds004395/sub-LTP293/ses-22/eeg/sub-LTP293_ses-22_task-ltpFR2_events.tsv
LTP293,22,11,6,PASTA,1021,2198.556,1099278,1,data/ds004395/sub-LTP293/ses-22/eeg/sub-LTP293_ses-22_task-ltpFR2_eeg.edf,data/ds004395/sub-LTP293/ses-22/eeg/sub-LTP293_ses-22_task-ltpFR2_events.tsv
LTP293,22,11,7,STAMP,1370,2201.142,1100571,1,data/ds004395/sub-LTP293/ses-22/eeg/sub-LTP293_ses-22_task-ltpFR2_eeg.edf,data/ds004395/sub-LTP293/ses-22/eeg/sub-LTP293_ses-22_task-ltpFR2_events.tsv
LTP293,22,11,8,TYPIST,1532,2203.962,1101981,1,data/ds004395/sub-LTP293/ses-22/eeg/sub-LTP293_ses-22_task-ltpFR2_eeg.edf,data/ds004395/sub-LTP293/ses-22/eeg/sub-LTP293_ses-22_task-ltpFR2_events.tsv
LTP293,22,11,9,FIDDLE,561,2206.48,1103240,0,data/ds004395/sub-LTP293/ses-22/eeg/sub-LTP293_ses-22_task-ltpFR2_eeg.edf,data/ds004395/sub-LTP293/ses-22/eeg/sub-LTP293_ses-22_task-ltpFR2_events.tsv
LTP293,22,11,10,PARSLEY,1016,2208.982,1104491,0,data/ds004395/sub-LTP293/ses-22/eeg/sub-LTP293_ses-22_task-ltpFR2_eeg.edf,data/ds004395/sub-LTP293/ses-22/eeg/sub-LTP293_ses-22_task-ltpFR2_events.tsv
LTP293,22,11,11,LEOPARD,812,2211.616,1105808,1,data/ds004395/sub-LTP293/ses-22/eeg/sub-LTP293_ses-22_task-ltpFR2_eeg.edf,data/ds004395/sub-LTP293/ses-22/eeg/sub-LTP293_ses-22_task-ltpFR2_events.tsv
LTP293,22,11,12,ONION,977,2214.32,1107160,1,data/ds004395/sub-LTP293/ses-22/eeg/sub-LTP293_ses-22_task-ltpFR2_eeg.edf,data/ds004395/sub-LTP293/ses-22/eeg/sub-LTP293_ses-22_task-ltpFR2_events.tsv
LTP293,22,11,13,SALT,1229,2216.904,1108452,1,data/ds004395/sub-LTP293/ses-22/eeg/sub-LTP293_ses-22_task-ltpFR2_eeg.edf,data/ds004395/sub-LTP293/ses-22/eeg/sub-LTP293_ses-22_task-ltpFR2_events.tsv
LTP293,22,11,14,BANK,83,2219.658,1109829,0,data/ds004395/sub-LTP293/ses-22/eeg/sub-LTP293_ses-22_task-ltpFR2_eeg.edf,data/ds004395/sub-LTP293/ses-22/eeg/sub-LTP293_ses-22_task-ltpFR2_events.tsv
LTP293,22,11,15,TRUCK,1512,2222.476,1111238,0,data/ds004395/sub-LTP293/ses-22/eeg/sub-LTP293_ses-22_task-ltpFR2_eeg.edf,data/ds004395/sub-LTP293/ses-22/eeg/sub-LTP293_ses-22_task-ltpFR2_events.tsv
LTP293,22,11,16,SHIRT,1287,2224.962,1112481,0,data/ds004395/sub-LTP293/ses-22/eeg/sub-LTP293_ses-22_task-ltpFR2_eeg.edf,data/ds004395/sub-LTP293/ses-22/eeg/sub-LTP293_ses-22_task-ltpFR2_events.tsv
LTP293,22,11,17,HOOK,715,2227.48,1113740,1,data/ds004395/sub-LTP293/ses-22/eeg/sub-LTP293_ses-22_task-ltpFR2_eeg.edf,data/ds004395/sub-LTP293/ses-22/eeg/sub-LTP293_ses-22_task-ltpFR2_events.tsv
LTP293,22,11,18,NAPKIN,937,2230.082,1115041,1,data/ds004395/sub-LTP293/ses-22/eeg/sub-LTP293_ses-22_task-ltpFR2_eeg.edf,data/ds004395/sub-LTP293/ses-22/eeg/sub-LTP293_ses-22_task-ltpFR2_events.tsv
LTP293,22,11,19,PAPER,1011,2232.802,1116401,1,data/ds004395/sub-LTP293/ses-22/eeg/sub-LTP293_ses-22_task-ltpFR2_eeg.edf,data/ds004395/sub-LTP293/ses-22/eeg/sub-LTP293_ses-22_task-ltpFR2_events.tsv
LTP293,22,11,20,OFFICE,972,2235.37,1117685,1,data/ds004395/sub-LTP293/ses-22/eeg/sub-LTP293_ses-22_task-ltpFR2_eeg.edf,data/ds004395/sub-LTP293/ses-22/eeg/sub-LTP293_ses-22_task-ltpFR2_events.tsv
LTP293,22,11,21,FILM,565,2237.956,1118978,0,data/ds004395/sub-LTP293/ses-22/eeg/sub-LTP293_ses-22_task-ltpFR2_eeg.edf,data/ds004395/sub-LTP293/ses-22/eeg/sub-LTP293_ses-22_task-ltpFR2_events.tsv
LTP293,22,11,22,SPOOL,1356,2240.426,1120213,0,data/ds004395/sub-LTP293/ses-22/eeg/sub-LTP293_ses-22_task-ltpFR2_eeg.edf,data/ds004395/sub-LTP293/ses-22/eeg/sub-LTP293_ses-22_task-ltpFR2_events.tsv
LTP293,22,11,23,BUCKET,184,2243.042,1121521,0,data/ds004395/sub-LTP293/ses-22/eeg/sub-LTP293_ses-22_task-ltpFR2_eeg.edf,data/ds004395/sub-LTP293/ses-22/eeg/sub-LTP293_ses-22_task-ltpFR2_events.tsv
LTP293,22,11,24,RAFT,1159,2245.678,1122839,1,data/ds004395/sub-LTP293/ses-22/eeg/sub-LTP293_ses-22_task-ltpFR2_eeg.edf,data/ds004395/sub-LTP293/ses-22/eeg/sub-LTP293_ses-22_task-ltpFR2_events.tsv
LTP293,22,12,1,PALACE,1006,2363.63,1181815,1,data/ds004395/sub-LTP293/ses-22/eeg/sub-LTP293_ses-22_task-ltpFR2_eeg.edf,data/ds004395/sub-LTP293/ses-22/eeg/sub-LTP293_ses-22_task-ltpFR2_events.tsv
LTP293,22,12,2,ZIPPER,1636,2366.248,1183124,1,data/ds004395/sub-LTP293/ses-22/eeg/sub-LTP293_ses-22_task-ltpFR2_eeg.edf,data/ds004395/sub-LTP293/ses-22/eeg/sub-LTP293_ses-22_task-ltpFR2_events.tsv
LTP293,22,12,3,SADDLE,1221,2368.858,1184429,1,data/ds004395/sub-LTP293/ses-22/eeg/sub-LTP293_ses-22_task-ltpFR2_eeg.edf,data/ds004395/sub-LTP293/ses-22/eeg/sub-LTP293_ses-22_task-ltpFR2_events.tsv
LTP293,22,12,4,BUBBLE,183,2371.676,1185838,0,data/ds004395/sub-LTP293/ses-22/eeg/sub-LTP293_ses-22_task-ltpFR2_eeg.edf,data/ds004395/sub-LTP293/ses-22/eeg/sub-LTP293_ses-22_task-ltpFR2_events.tsv
LTP293,22,12,5,SLIME,1327,2374.406,1187203,1,data/ds004395/sub-LTP293/ses-22/eeg/sub-LTP293_ses-22_task-ltpFR2_eeg.edf,data/ds004395/sub-LTP293/ses-22/eeg/sub-LTP293_ses-22_task-ltpFR2_events.tsv
LTP293,22,12,6,PRINCE,1124,2377.076,1188538,1,data/ds004395/sub-LTP293/ses-22/eeg/sub-LTP293_ses-22_task-ltpFR2_eeg.edf,data/ds004395/sub-LTP293/ses-22/eeg/sub-LTP293_ses-22_task-ltpFR2_events.tsv
LTP293,22,12,7,FOOTBALL,591,2379.712,1189856,0,data/ds004395/sub-LTP293/ses-22/eeg/sub-LTP293_ses-22_task-ltpFR2_eeg.edf,data/ds004395/sub-LTP293/ses-22/eeg/sub-LTP293_ses-22_task-ltpFR2_events.tsv
LTP293,22,12,8,BOYFRIEND,162,2382.452,1191226,0,data/ds004395/sub-LTP293/ses-22/eeg/sub-LTP293_ses-22_task-ltpFR2_eeg.edf,data/ds004395/sub-LTP293/ses-22/eeg/sub-LTP293_ses-22_task-ltpFR2_events.tsv
LTP293,22,12,9,SCALPEL,1243,2384.914,1192457,1,data/ds004395/sub-LTP293/ses-22/eeg/sub-LTP293_ses-22_task-ltpFR2_eeg.edf,data/ds004395/sub-LTP293/ses-22/eeg/sub-LTP293_ses-22_task-ltpFR2_events.tsv
LTP293,22,12,10,BUTCHER,203,2387.516,1193758,1,data/ds004395/sub-LTP293/ses-22/eeg/sub-LTP293_ses-22_task-ltpFR2_eeg.edf,data/ds004395/sub-LTP293/ses-22/eeg/sub-LTP293_ses-22_task-ltpFR2_events.tsv
LTP293,22,12,11,TOURIST,1488,2390.17,1195085,0,data/ds004395/sub-LTP293/ses-22/eeg/sub-LTP293_ses-22_task-ltpFR2_eeg.edf,data/ds004395/sub-LTP293/ses-22/eeg/sub-LTP293_ses-22_task-ltpFR2_events.tsv
LTP293,22,12,12,CRITIC,410,2392.84,1196420,0,data/ds004395/sub-LTP293/ses-22/eeg/sub-LTP293_ses-22_task-ltpFR2_eeg.edf,data/ds004395/sub-LTP293/ses-22/eeg/sub-LTP293_ses-22_task-ltpFR2_events.tsv
LTP293,22,12,13,ACTRESS,6,2395.458,1197729,0,data/ds004395/sub-LTP293/ses-22/eeg/sub-LTP293_ses-22_task-ltpFR2_eeg.edf,data/ds004395/sub-LTP293/ses-22/eeg/sub-LTP293_ses-22_task-ltpFR2_events.tsv
LTP293,22,12,14,PADDLE,1000,2397.976,1198988,0,data/ds004395/sub-LTP293/ses-22/eeg/sub-LTP293_ses-22_task-ltpFR2_eeg.edf,data/ds004395/sub-LTP293/ses-22/eeg/sub-LTP293_ses-22_task-ltpFR2_events.tsv
LTP293,22,12,15,VIKING,1565,2400.416,1200208,0,data/ds004395/sub-LTP293/ses-22/eeg/sub-LTP293_ses-22_task-ltpFR2_eeg.edf,data/ds004395/sub-LTP293/ses-22/eeg/sub-LTP293_ses-22_task-ltpFR2_events.tsv
LTP293,22,12,16,GRAVEL,659,2402.9,1201450,1,data/ds004395/sub-LTP293/ses-22/eeg/sub-LTP293_ses-22_task-ltpFR2_eeg.edf,data/ds004395/sub-LTP293/ses-22/eeg/sub-LTP293_ses-22_task-ltpFR2_events.tsv
LTP293,22,12,17,BEEF,113,2405.702,1202851,0,data/ds004395/sub-LTP293/ses-22/eeg/sub-LTP293_ses-22_task-ltpFR2_eeg.edf,data/ds004395/sub-LTP293/ses-22/eeg/sub-LTP293_ses-22_task-ltpFR2_events.tsv
LTP293,22,12,18,DUSTPAN,509,2408.418,1204209,0,data/ds004395/sub-LTP293/ses-22/eeg/sub-LTP293_ses-22_task-ltpFR2_eeg.edf,data/ds004395/sub-LTP293/ses-22/eeg/sub-LTP293_ses-22_task-ltpFR2_events.tsv
LTP293,22,12,19,CITRUS,313,2410.904,1205452,0,data/ds004395/sub-LTP293/ses-22/eeg/sub-LTP293_ses-22_task-ltpFR2_eeg.edf,data/ds004395/sub-LTP293/ses-22/eeg/sub-LTP293_ses-22_task-ltpFR2_events.tsv
LTP293,22,12,20,FLAG,573,2413.524,1206762,0,data/ds004395/sub-LTP293/ses-22/eeg/sub-LTP293_ses-22_task-ltpFR2_eeg.edf,data/ds004395/sub-LTP293/ses-22/eeg/sub-LTP293_ses-22_task-ltpFR2_events.tsv
LTP293,22,12,21,CASKET,255,2416.192,1208096,0,data/ds004395/sub-LTP293/ses-22/eeg/sub-LTP293_ses-22_task-ltpFR2_eeg.edf,data/ds004395/sub-LTP293/ses-22/eeg/sub-LTP293_ses-22_task-ltpFR2_events.tsv
LTP293,22,12,22,DUST,508,2419.012,1209506,1,data/ds004395/sub-LTP293/ses-22/eeg/sub-LTP293_ses-22_task-ltpFR2_eeg.edf,data/ds004395/sub-LTP293/ses-22/eeg/sub-LTP293_ses-22_task-ltpFR2_events.tsv
LTP293,22,12,23,LAPEL,800,2421.514,1210757,1,data/ds004395/sub-LTP293/ses-22/eeg/sub-LTP293_ses-22_task-ltpFR2_eeg.edf,data/ds004395/sub-LTP293/ses-22/eeg/sub-LTP293_ses-22_task-ltpFR2_events.tsv
LTP293,22,12,24,MEAT,883,2424.182,1212091,0,data/ds004395/sub-LTP293/ses-22/eeg/sub-LTP293_ses-22_task-ltpFR2_eeg.edf,data/ds004395/sub-LTP293/ses-22/eeg/sub-LTP293_ses-22_task-ltpFR2_events.tsv
LTP293,22,13,1,POSSUM,1112,2567.112,1283556,1,data/ds004395/sub-LTP293/ses-22/eeg/sub-LTP293_ses-22_task-ltpFR2_eeg.edf,data/ds004395/sub-LTP293/ses-22/eeg/sub-LTP293_ses-22_task-ltpFR2_events.tsv
LTP293,22,13,2,PORK,1108,2569.622,1284811,0,data/ds004395/sub-LTP293/ses-22/eeg/sub-LTP293_ses-22_task-ltpFR2_eeg.edf,data/ds004395/sub-LTP293/ses-22/eeg/sub-LTP293_ses-22_task-ltpFR2_events.tsv
LTP293,22,13,3,LION,827,2572.056,1286028,1,data/ds004395/sub-LTP293/ses-22/eeg/sub-LTP293_ses-22_task-ltpFR2_eeg.edf,data/ds004395/sub-LTP293/ses-22/eeg/sub-LTP293_ses-22_task-ltpFR2_events.tsv
LTP293,22,13,4,LONDON,843,2574.6,1287300,1,data/ds004395/sub-LTP293/ses-22/eeg/sub-LTP293_ses-22_task-ltpFR2_eeg.edf,data/ds004395/sub-LTP293/ses-22/eeg/sub-LTP293_ses-22_task-ltpFR2_events.tsv
LTP293,22,13,5,CLAMP,316,2577.378,1288689,0,data/ds004395/sub-LTP293/ses-22/eeg/sub-LTP293_ses-22_task-ltpFR2_eeg.edf,data/ds004395/sub-LTP293/ses-22/eeg/sub-LTP293_ses-22_task-ltpFR2_events.tsv
LTP293,22,13,6,BROTHER,179,2580.098,1290049,1,data/ds004395/sub-LTP293/ses-22/eeg/sub-LTP293_ses-22_task-ltpFR2_eeg.edf,data/ds004395/sub-LTP293/ses-22/eeg/sub-LTP293_ses-22_task-ltpFR2_events.tsv
LTP293,22,13,7,SMOG,1330,2582.742,1291371,1,data/ds004395/sub-LTP293/ses-22/eeg/sub-LTP293_ses-22_task-ltpFR2_eeg.edf,data/ds004395/sub-LTP293/ses-22/eeg/sub-LTP293_ses-22_task-ltpFR2_events.tsv
LTP293,22,13,8,CLOUD,328,2585.268,1292634,1,data/ds004395/sub-LTP293/ses-22/eeg/sub-LTP293_ses-22_task-ltpFR2_eeg.edf,data/ds004395/sub-LTP293/ses-22/eeg/sub-LTP293_ses-22_task-ltpFR2_events.tsv
LTP293,22,13,9,PIZZA,1079,2588.012,1294006,1,data/ds004395/sub-LTP293/ses-22/eeg/sub-LTP293_ses-22_task-ltpFR2_eeg.edf,data/ds004395/sub-LTP293/ses-22/eeg/sub-LTP293_ses-22_task-ltpFR2_events.tsv
LTP293,22,13,10,BEAVER,109,2590.748,1295374,0,data/ds004395/sub-LTP293/ses-22/eeg/sub-LTP293_ses-22_task-ltpFR2_eeg.edf,data/ds004395/sub-LTP293/ses-22/eeg/sub-LTP293_ses-22_task-ltpFR2_events.tsv
LTP293,22,13,11,MOP,916,2593.232,1296616,0,data/ds004395/sub-LTP293/ses-22/eeg/sub-LTP293_ses-22_task-ltpFR2_eeg.edf,data/ds004395/sub-LTP293/ses-22/eeg/sub-LTP293_ses-22_task-ltpFR2_events.tsv
LTP293,22,13,12,STAKE,1368,2595.746,1297873,1,data/ds004395/sub-LTP293/ses-22/eeg/sub-LTP293_ses-22_task-ltpFR2_eeg.edf,data/ds004395/sub-LTP293/ses-22/eeg/sub-LTP293_ses-22_task-ltpFR2_events.tsv
LTP293,22,13,13,FIREMAN,569,2598.22,1299110,1,data/ds004395/sub-LTP293/ses-22/eeg/sub-LTP293_ses-22_task-ltpFR2_eeg.edf,data/ds004395/sub-LTP293/ses-22/eeg/sub-LTP293_ses-22_task-ltpFR2_events.tsv
LTP293,22,13,14,FARMER,553,2600.898,1300449,1,data/ds004395/sub-LTP293/ses-22/eeg/sub-LTP293_ses-22_task-ltpFR2_eeg.edf,data/ds004395/sub-LTP293/ses-22/eeg/sub-LTP293_ses-22_task-ltpFR2_events.tsv
LTP293,22,13,15,PECAN,1036,2603.334,1301667,0,data/ds004395/sub-LTP293/ses-22/eeg/sub-LTP293_ses-22_task-ltpFR2_eeg.edf,data/ds004395/sub-LTP293/ses-22/eeg/sub-LTP293_ses-22_task-ltpFR2_events.tsv
LTP293,22,13,16,NIGHTGOWN,953,2605.81,1302905,1,data/ds004395/sub-LTP293/ses-22/eeg/sub-LTP293_ses-22_task-ltpFR2_eeg.edf,data/ds004395/sub-LTP293/ses-22/eeg/sub-LTP293_ses-22_task-ltpFR2_events.tsv
LTP293,22,13,17,MATTRESS,879,2608.36,1304180,1,data/ds004395/sub-LTP293/ses-22/eeg/sub-LTP293_ses-22_task-ltpFR2_eeg.edf,data/ds004395/sub-LTP293/ses-22/eeg/sub-LTP293_ses-22_task-ltpFR2_events.tsv
LTP293,22,13,18,BANQUET,86,2610.958,1305479,0,data/ds004395/sub-LTP293/ses-22/eeg/sub-LTP293_ses-22_task-ltpFR2_eeg.edf,data/ds004395/sub-LTP293/ses-22/eeg/sub-LTP293_ses-22_task-ltpFR2_events.tsv
LTP293,22,13,19,SCALLOP,1242,2613.458,1306729,0,data/ds004395/sub-LTP293/ses-22/eeg/sub-LTP293_ses-22_task-ltpFR2_eeg.edf,data/ds004395/sub-LTP293/ses-22/eeg/sub-LTP293_ses-22_task-ltpFR2_events.tsv
LTP293,22,13,20,ARMY,39,2616.028,1308014,0,data/ds004395/sub-LTP293/ses-22/eeg/sub-LTP293_ses-22_task-ltpFR2_eeg.edf,data/ds004395/sub-LTP293/ses-22/eeg/sub-LTP293_ses-22_task-ltpFR2_events.tsv
LTP293,22,13,21,ASIA,46,2618.512,1309256,0,data/ds004395/sub-LTP293/ses-22/eeg/sub-LTP293_ses-22_task-ltpFR2_eeg.edf,data/ds004395/sub-LTP293/ses-22/eeg/sub-LTP293_ses-22_task-ltpFR2_events.tsv
LTP293,22,13,22,PLATE,1086,2620.97,1310485,0,data/ds004395/sub-LTP293/ses-22/eeg/sub-LTP293_ses-22_task-ltpFR2_eeg.edf,data/ds004395/sub-LTP293/ses-22/eeg/sub-LTP293_ses-22_task-ltpFR2_events.tsv
LTP293,22,13,23,THIEF,1456,2623.484,1311742,0,data/ds004395/sub-LTP293/ses-22/eeg/sub-LTP293_ses-22_task-ltpFR2_eeg.edf,data/ds004395/sub-LTP293/ses-22/eeg/sub-LTP293_ses-22_task-ltpFR2_events.tsv
LTP293,22,13,24,COUNTRY,388,2626.242,1313121,1,data/ds004395/sub-LTP293/ses-22/eeg/sub-LTP293_ses-22_task-ltpFR2_eeg.edf,data/ds004395/sub-LTP293/ses-22/eeg/sub-LTP293_ses-22_task-ltpFR2_events.tsv
LTP293,22,14,1,SWORD,1423,2744.116,1372058,1,data/ds004395/sub-LTP293/ses-22/eeg/sub-LTP293_ses-22_task-ltpFR2_eeg.edf,data/ds004395/sub-LTP293/ses-22/eeg/sub-LTP293_ses-22_task-ltpFR2_events.tsv
LTP293,22,14,2,SNAKE,1333,2746.82,1373410,1,data/ds004395/sub-LTP293/ses-22/eeg/sub-LTP293_ses-22_task-ltpFR2_eeg.edf,data/ds004395/sub-LTP293/ses-22/eeg/sub-LTP293_ses-22_task-ltpFR2_events.tsv
LTP293,22,14,3,MILK,895,2749.472,1374736,0,data/ds004395/sub-LTP293/ses-22/eeg/sub-LTP293_ses-22_task-ltpFR2_eeg.edf,data/ds004395/sub-LTP293/ses-22/eeg/sub-LTP293_ses-22_task-ltpFR2_events.tsv
LTP293,22,14,4,SUSPECT,1415,2752.206,1376103,0,data/ds004395/sub-LTP293/ses-22/eeg/sub-LTP293_ses-22_task-ltpFR2_eeg.edf,data/ds004395/sub-LTP293/ses-22/eeg/sub-LTP293_ses-22_task-ltpFR2_events.tsv
LTP293,22,14,5,PUDDING,1139,2755.024,1377512,1,data/ds004395/sub-LTP293/ses-22/eeg/sub-LTP293_ses-22_task-ltpFR2_eeg.edf,data/ds004395/sub-LTP293/ses-22/eeg/sub-LTP293_ses-22_task-ltpFR2_events.tsv
LTP293,22,14,6,COCKTAIL,338,2757.762,1378881,1,data/ds004395/sub-LTP293/ses-22/eeg/sub-LTP293_ses-22_task-ltpFR2_eeg.edf,data/ds004395/sub-LTP293/ses-22/eeg/sub-LTP293_ses-22_task-ltpFR2_events.tsv
LTP293,22,14,7,FLASK,576,2760.512,1380256,1,data/ds004395/sub-LTP293/ses-22/eeg/sub-LTP293_ses-22_task-ltpFR2_eeg.edf,data/ds004395/sub-LTP293/ses-22/eeg/sub-LTP293_ses-22_task-ltpFR2_events.tsv
LTP293,22,14,8,SHORTS,1293,2763.12,1381560,0,data/ds004395/sub-LTP293/ses-22/eeg/sub-LTP293_ses-22_task-ltpFR2_eeg.edf,data/ds004395/sub-LTP293/ses-22/eeg/sub-LTP293_ses-22_task-ltpFR2_events.tsv
LTP293,22,14,9,FRAME,600,2765.9,1382950,0,data/ds004395/sub-LTP293/ses-22/eeg/sub-LTP293_ses-22_task-ltpFR2_eeg.edf,data/ds004395/sub-LTP293/ses-22/eeg/sub-LTP293_ses-22_task-ltpFR2_events.tsv
LTP293,22,14,10,CATCHER,258,2768.486,1384243,0,data/ds004395/sub-LTP293/ses-22/eeg/sub-LTP293_ses-22_task-ltpFR2_eeg.edf,data/ds004395/sub-LTP293/ses-22/eeg/sub-LTP293_ses-22_task-ltpFR2_events.tsv
LTP293,22,14,11,PACKAGE,997,2771.086,1385543,1,data/ds004395/sub-LTP293/ses-22/eeg/sub-LTP293_ses-22_task-ltpFR2_eeg.edf,data/ds004395/sub-LTP293/ses-22/eeg/sub-LTP293_ses-22_task-ltpFR2_events.tsv
LTP293,22,14,12,SEAL,1262,2773.574,1386787,1,data/ds004395/sub-LTP293/ses-22/eeg/sub-LTP293_ses-22_task-ltpFR2_eeg.edf,data/ds004395/sub-LTP293/ses-22/eeg/sub-LTP293_ses-22_task-ltpFR2_events.tsv
LTP293,22,14,13,CHILD,299,2776.242,1388121,1,data/ds004395/sub-LTP293/ses-22/eeg/sub-LTP293_ses-22_task-ltpFR2_eeg.edf,data/ds004395/sub-LTP293/ses-22/eeg/sub-LTP293_ses-22_task-ltpFR2_events.tsv
LTP293,22,14,14,PLAYGROUND,1087,2778.684,1389342,1,data/ds004395/sub-LTP293/ses-22/eeg/sub-LTP293_ses-22_task-ltpFR2_eeg.edf,data/ds004395/sub-LTP293/ses-22/eeg/sub-LTP293_ses-22_task-ltpFR2_events.tsv
LTP293,22,14,15,POLICE,1098,2781.28,1390640,0,data/ds004395/sub-LTP293/ses-22/eeg/sub-LTP293_ses-22_task-ltpFR2_eeg.edf,data/ds004395/sub-LTP293/ses-22/eeg/sub-LTP293_ses-22_task-ltpFR2_events.tsv
LTP293,22,14,16,JUDGE,761,2784.098,1392049,1,data/ds004395/sub-LTP293/ses-22/eeg/sub-LTP293_ses-22_task-ltpFR2_eeg.edf,data/ds004395/sub-LTP293/ses-22/eeg/sub-LTP293_ses-22_task-ltpFR2_events.tsv
LTP293,22,14,17,RAZOR,1171,2786.584,1393292,1,data/ds004395/sub-LTP293/ses-22/eeg/sub-LTP293_ses-22_task-ltpFR2_eeg.edf,data/ds004395/sub-LTP293/ses-22/eeg/sub-LTP293_ses-22_task-ltpFR2_events.tsv
LTP293,22,14,18,KNIFE,785,2789.086,1394543,0,data/ds004395/sub-LTP293/ses-22/eeg/sub-LTP293_ses-22_task-ltpFR2_eeg.edf,data/ds004395/sub-LTP293/ses-22/eeg/sub-LTP293_ses-22_task-ltpFR2_events.tsv
LTP293,22,14,19,BRANDY,169,2791.512,1395756,0,data/ds004395/sub-LTP293/ses-22/eeg/sub-LTP293_ses-22_task-ltpFR2_eeg.edf,data/ds004395/sub-LTP293/ses-22/eeg/sub-LTP293_ses-22_task-ltpFR2_events.tsv
LTP293,22,14,20,DRAWING,494,2793.946,1396973,1,data/ds004395/sub-LTP293/ses-22/eeg/sub-LTP293_ses-22_task-ltpFR2_eeg.edf,data/ds004395/sub-LTP293/ses-22/eeg/sub-LTP293_ses-22_task-ltpFR2_events.tsv
LTP293,22,14,21,OUTFIT,988,2796.548,1398274,0,data/ds004395/sub-LTP293/ses-22/eeg/sub-LTP293_ses-22_task-ltpFR2_eeg.edf,data/ds004395/sub-LTP293/ses-22/eeg/sub-LTP293_ses-22_task-ltpFR2_events.tsv
LTP293,22,14,22,SURVEY,1414,2799.35,1399675,0,data/ds004395/sub-LTP293/ses-22/eeg/sub-LTP293_ses-22_task-ltpFR2_eeg.edf,data/ds004395/sub-LTP293/ses-22/eeg/sub-LTP293_ses-22_task-ltpFR2_events.tsv
LTP293,22,14,23,ARM,38,2802.12,1401060,0,data/ds004395/sub-LTP293/ses-22/eeg/sub-LTP293_ses-22_task-ltpFR2_eeg.edf,data/ds004395/sub-LTP293/ses-22/eeg/sub-LTP293_ses-22_task-ltpFR2_events.tsv
LTP293,22,14,24,JELLO,754,2804.672,1402336,1,data/ds004395/sub-LTP293/ses-22/eeg/sub-LTP293_ses-22_task-ltpFR2_eeg.edf,data/ds004395/sub-LTP293/ses-22/eeg/sub-LTP293_ses-22_task-ltpFR2_events.tsv
LTP293,22,15,1,PLUTO,1092,2922.572,1461286,0,data/ds004395/sub-LTP293/ses-22/eeg/sub-LTP293_ses-22_task-ltpFR2_eeg.edf,data/ds004395/sub-LTP293/ses-22/eeg/sub-LTP293_ses-22_task-ltpFR2_events.tsv
LTP293,22,15,2,BLUEPRINT,142,2925.158,1462579,1,data/ds004395/sub-LTP293/ses-22/eeg/sub-LTP293_ses-22_task-ltpFR2_eeg.edf,data/ds004395/sub-LTP293/ses-22/eeg/sub-LTP293_ses-22_task-ltpFR2_events.tsv
LTP293,22,15,3,BLENDER,136,2927.644,1463822,0,data/ds004395/sub-LTP293/ses-22/eeg/sub-LTP293_ses-22_task-ltpFR2_eeg.edf,data/ds004395/sub-LTP293/ses-22/eeg/sub-LTP293_ses-22_task-ltpFR2_events.tsv
LTP293,22,15,4,SPONGE,1355,2930.412,1465206,0,data/ds004395/sub-LTP293/ses-22/eeg/sub-LTP293_ses-22_task-ltpFR2_eeg.edf,data/ds004395/sub-LTP293/ses-22/eeg/sub-LTP293_ses-22_task-ltpFR2_events.tsv
LTP293,22,15,5,BROOK,177,2933.198,1466599,0,data/ds004395/sub-LTP293/ses-22/eeg/sub-LTP293_ses-22_task-ltpFR2_eeg.edf,data/ds004395/sub-LTP293/ses-22/eeg/sub-LTP293_ses-22_task-ltpFR2_events.tsv
LTP293,22,15,6,AUTHOR,61,2935.984,1467992,0,data/ds004395/sub-LTP293/ses-22/eeg/sub-LTP293_ses-22_task-ltpFR2_eeg.edf,data/ds004395/sub-LTP293/ses-22/eeg/sub-LTP293_ses-22_task-ltpFR2_events.tsv
LTP293,22,15,7,FLOWER,584,2938.6,1469300,1,data/ds004395/sub-LTP293/ses-22/eeg/sub-LTP293_ses-22_task-ltpFR2_eeg.edf,data/ds004395/sub-LTP293/ses-22/eeg/sub-LTP293_ses-22_task-ltpFR2_events.tsv
LTP293,22,15,8,GOBLIN,645,2941.07,1470535,0,data/ds004395/sub-LTP293/ses-22/eeg/sub-LTP293_ses-22_task-ltpFR2_eeg.edf,data/ds004395/sub-LTP293/ses-22/eeg/sub-LTP293_ses-22_task-ltpFR2_events.tsv
LTP293,22,15,9,CRAB,397,2943.538,1471769,1,data/ds004395/sub-LTP293/ses-22/eeg/sub-LTP293_ses-22_task-ltpFR2_eeg.edf,data/ds004395/sub-LTP293/ses-22/eeg/sub-LTP293_ses-22_task-ltpFR2_events.tsv
LTP293,22,15,10,CLIMBER,323,2946.326,1473163,0,data/ds004395/sub-LTP293/ses-22/eeg/sub-LTP293_ses-22_task-ltpFR2_eeg.edf,data/ds004395/sub-LTP293/ses-22/eeg/sub-LTP293_ses-22_task-ltpFR2_events.tsv
LTP293,22,15,11,NOVEL,960,2948.91,1474455,0,data/ds004395/sub-LTP293/ses-22/eeg/sub-LTP293_ses-22_task-ltpFR2_eeg.edf,data/ds004395/sub-LTP293/ses-22/eeg/sub-LTP293_ses-22_task-ltpFR2_events.tsv
LTP293,22,15,12,SHRUB,1299,2951.73,1475865,0,data/ds004395/sub-LTP293/ses-22/eeg/sub-LTP293_ses-22_task-ltpFR2_eeg.edf,data/ds004395/sub-LTP293/ses-22/eeg/sub-LTP293_ses-22_task-ltpFR2_events.tsv
LTP293,22,15,13,SAUSAGE,1238,2954.23,1477115,0,data/ds004395/sub-LTP293/ses-22/eeg/sub-LTP293_ses-22_task-ltpFR2_eeg.edf,data/ds004395/sub-LTP293/ses-22/eeg/sub-LTP293_ses-22_task-ltpFR2_events.tsv
LTP293,22,15,14,PICNIC,1060,2956.982,1478491,0,data/ds004395/sub-LTP293/ses-22/eeg/sub-LTP293_ses-22_task-ltpFR2_eeg.edf,data/ds004395/sub-LTP293/ses-22/eeg/sub-LTP293_ses-22_task-ltpFR2_events.tsv
LTP293,22,15,15,WAITER,1580,2959.668,1479834,0,data/ds004395/sub-LTP293/ses-22/eeg/sub-LTP293_ses-22_task-ltpFR2_eeg.edf,data/ds004395/sub-LTP293/ses-22/eeg/sub-LTP293_ses-22_task-ltpFR2_events.tsv
LTP293,22,15,16,MACHINE,852,2962.454,1481227,0,data/ds004395/sub-LTP293/ses-22/eeg/sub-LTP293_ses-22_task-ltpFR2_eeg.edf,data/ds004395/sub-LTP293/ses-22/eeg/sub-LTP293_ses-22_task-ltpFR2_events.tsv
LTP293,22,15,17,COMPASS,358,2965.022,1482511,0,data/ds004395/sub-LTP293/ses-22/eeg/sub-LTP293_ses-22_task-ltpFR2_eeg.edf,data/ds004395/sub-LTP293/ses-22/eeg/sub-LTP293_ses-22_task-ltpFR2_events.tsv
LTP293,22,15,18,REBEL,1172,2967.792,1483896,0,data/ds004395/sub-LTP293/ses-22/eeg/sub-LTP293_ses-22_task-ltpFR2_eeg.edf,data/ds004395/sub-LTP293/ses-22/eeg/sub-LTP293_ses-22_task-ltpFR2_events.tsv
LTP293,22,15,19,VENUS,1557,2970.492,1485246,0,data/ds004395/sub-LTP293/ses-22/eeg/sub-LTP293_ses-22_task-ltpFR2_eeg.edf,data/ds004395/sub-LTP293/ses-22/eeg/sub-LTP293_ses-22_task-ltpFR2_events.tsv
LTP293,22,15,20,MONSTER,912,2973.112,1486556,0,data/ds004395/sub-LTP293/ses-22/eeg/sub-LTP293_ses-22_task-ltpFR2_eeg.edf,data/ds004395/sub-LTP293/ses-22/eeg/sub-LTP293_ses-22_task-ltpFR2_events.tsv
LTP293,22,15,21,BASEMENT,94,2975.582,1487791,0,data/ds004395/sub-LTP293/ses-22/eeg/sub-LTP293_ses-22_task-ltpFR2_eeg.edf,data/ds004395/sub-LTP293/ses-22/eeg/sub-LTP293_ses-22_task-ltpFR2_events.tsv
LTP293,22,15,22,WASHER,1592,2978.216,1489108,1,data/ds004395/sub-LTP293/ses-22/eeg/sub-LTP293_ses-22_task-ltpFR2_eeg.edf,data/ds004395/sub-LTP293/ses-22/eeg/sub-LTP293_ses-22_task-ltpFR2_events.tsv
LTP293,22,15,23,CIGAR,308,2980.752,1490376,1,data/ds004395/sub-LTP293/ses-22/eeg/sub-LTP293_ses-22_task-ltpFR2_eeg.edf,data/ds004395/sub-LTP293/ses-22/eeg/sub-LTP293_ses-22_task-ltpFR2_events.tsv
LTP293,22,15,24,GIRL,637,2983.22,1491610,0,data/ds004395/sub-LTP293/ses-22/eeg/sub-LTP293_ses-22_task-ltpFR2_eeg.edf,data/ds004395/sub-LTP293/ses-22/eeg/sub-LTP293_ses-22_task-ltpFR2_events.tsv
LTP293,22,16,1,VAGRANT,1544,3126.262,1563131,0,data/ds004395/sub-LTP293/ses-22/eeg/sub-LTP293_ses-22_task-ltpFR2_eeg.edf,data/ds004395/sub-LTP293/ses-22/eeg/sub-LTP293_ses-22_task-ltpFR2_events.tsv
LTP293,22,16,2,GHETTO,633,3128.914,1564457,1,data/ds004395/sub-LTP293/ses-22/eeg/sub-LTP293_ses-22_task-ltpFR2_eeg.edf,data/ds004395/sub-LTP293/ses-22/eeg/sub-LTP293_ses-22_task-ltpFR2_events.tsv
LTP293,22,16,3,RELISH,1183,3131.468,1565734,0,data/ds004395/sub-LTP293/ses-22/eeg/sub-LTP293_ses-22_task-ltpFR2_eeg.edf,data/ds004395/sub-LTP293/ses-22/eeg/sub-LTP293_ses-22_task-ltpFR2_events.tsv
LTP293,22,16,4,SHELF,1280,3134.234,1567117,0,data/ds004395/sub-LTP293/ses-22/eeg/sub-LTP293_ses-22_task-ltpFR2_eeg.edf,data/ds004395/sub-LTP293/ses-22/eeg/sub-LTP293_ses-22_task-ltpFR2_events.tsv
LTP293,22,16,5,ICING,732,3136.922,1568461,0,data/ds004395/sub-LTP293/ses-22/eeg/sub-LTP293_ses-22_task-ltpFR2_eeg.edf,data/ds004395/sub-LTP293/ses-22/eeg/sub-LTP293_ses-22_task-ltpFR2_events.tsv
LTP293,22,16,6,LILY,821,3139.356,1569678,0,data/ds004395/sub-LTP293/ses-22/eeg/sub-LTP293_ses-22_task-ltpFR2_eeg.edf,data/ds004395/sub-LTP293/ses-22/eeg/sub-LTP293_ses-22_task-ltpFR2_events.tsv
LTP293,22,16,7,MAILBOX,857,3141.926,1570963,1,data/ds004395/sub-LTP293/ses-22/eeg/sub-LTP293_ses-22_task-ltpFR2_eeg.edf,data/ds004395/sub-LTP293/ses-22/eeg/sub-LTP293_ses-22_task-ltpFR2_events.tsv
LTP293,22,16,8,FRIEND,606,3144.476,1572238,0,data/ds004395/sub-LTP293/ses-22/eeg/sub-LTP293_ses-22_task-ltpFR2_eeg.edf,data/ds004395/sub-LTP293/ses-22/eeg/sub-LTP293_ses-22_task-ltpFR2_events.tsv
LTP293,22,16,9,HANDBAG,684,3146.962,1573481,0,data/ds004395/sub-LTP293/ses-22/eeg/sub-LTP293_ses-22_task-ltpFR2_eeg.edf,data/ds004395/sub-LTP293/ses-22/eeg/sub-LTP293_ses-22_task-ltpFR2_events.tsv
LTP293,22,16,10,MAILMAN,858,3149.382,1574691,1,data/ds004395/sub-LTP293/ses-22/eeg/sub-LTP293_ses-22_task-ltpFR2_eeg.edf,data/ds004395/sub-LTP293/ses-22/eeg/sub-LTP293_ses-22_task-ltpFR2_events.tsv
LTP293,22,16,11,GANGSTER,620,3152.168,1576084,1,data/ds004395/sub-LTP293/ses-22/eeg/sub-LTP293_ses-22_task-ltpFR2_eeg.edf,data/ds004395/sub-LTP293/ses-22/eeg/sub-LTP293_ses-22_task-ltpFR2_events.tsv
LTP293,22,16,12,POWDER,1117,3154.788,1577394,1,data/ds004395/sub-LTP293/ses-22/eeg/sub-LTP293_ses-22_task-ltpFR2_eeg.edf,data/ds004395/sub-LTP293/ses-22/eeg/sub-LTP293_ses-22_task-ltpFR2_events.tsv
LTP293,22,16,13,GAZELLE,628,3157.288,1578644,1,data/ds004395/sub-LTP293/ses-22/eeg/sub-LTP293_ses-22_task-ltpFR2_eeg.edf,data/ds004395/sub-LTP293/ses-22/eeg/sub-LTP293_ses-22_task-ltpFR2_events.tsv
LTP293,22,16,14,SEAGULL,1261,3159.726,1579863,1,data/ds004395/sub-LTP293/ses-22/eeg/sub-LTP293_ses-22_task-ltpFR2_eeg.edf,data/ds004395/sub-LTP293/ses-22/eeg/sub-LTP293_ses-22_task-ltpFR2_events.tsv
LTP293,22,16,15,SLUG,1329,3162.226,1581113,0,data/ds004395/sub-LTP293/ses-22/eeg/sub-LTP293_ses-22_task-ltpFR2_eeg.edf,data/ds004395/sub-LTP293/ses-22/eeg/sub-LTP293_ses-22_task-ltpFR2_events.tsv
LTP293,22,16,16,TURTLE,1522,3164.896,1582448,0,data/ds004395/sub-LTP293/ses-22/eeg/sub-LTP293_ses-22_task-ltpFR2_eeg.edf,data/ds004395/sub-LTP293/ses-22/eeg/sub-LTP293_ses-22_task-ltpFR2_events.tsv
LTP293,22,16,17,THREAD,1460,3167.448,1583724,1,data/ds004395/sub-LTP293/ses-22/eeg/sub-LTP293_ses-22_task-ltpFR2_eeg.edf,data/ds004395/sub-LTP293/ses-22/eeg/sub-LTP293_ses-22_task-ltpFR2_events.tsv
LTP293,22,16,18,EYELASH,546,3170.182,1585091,0,data/ds004395/sub-LTP293/ses-22/eeg/sub-LTP293_ses-22_task-ltpFR2_eeg.edf,data/ds004395/sub-LTP293/ses-22/eeg/sub-LTP293_ses-22_task-ltpFR2_events.tsv
LTP293,22,16,19,LIPSTICK,829,3172.634,1586317,0,data/ds004395/sub-LTP293/ses-22/eeg/sub-LTP293_ses-22_task-ltpFR2_eeg.edf,data/ds004395/sub-LTP293/ses-22/eeg/sub-LTP293_ses-22_task-ltpFR2_events.tsv
LTP293,22,16,20,GUITAR,670,3175.236,1587618,0,data/ds004395/sub-LTP293/ses-22/eeg/sub-LTP293_ses-22_task-ltpFR2_eeg.edf,data/ds004395/sub-LTP293/ses-22/eeg/sub-LTP293_ses-22_task-ltpFR2_events.tsv
LTP293,22,16,21,SHORTCAKE,1292,3177.706,1588853,0,data/ds004395/sub-LTP293/ses-22/eeg/sub-LTP293_ses-22_task-ltpFR2_eeg.edf,data/ds004395/sub-LTP293/ses-22/eeg/sub-LTP293_ses-22_task-ltpFR2_events.tsv
LTP293,22,16,22,HIGHWAY,707,3180.474,1590237,0,data/ds004395/sub-LTP293/ses-22/eeg/sub-LTP293_ses-22_task-ltpFR2_eeg.edf,data/ds004395/sub-LTP293/ses-22/eeg/sub-LTP293_ses-22_task-ltpFR2_events.tsv
LTP293,22,16,23,SPOUSE,1358,3183.108,1591554,1,data/ds004395/sub-LTP293/ses-22/eeg/sub-LTP293_ses-22_task-ltpFR2_eeg.edf,data/ds004395/sub-LTP293/ses-22/eeg/sub-LTP293_ses-22_task-ltpFR2_events.tsv
LTP293,22,16,24,UNCLE,1536,3185.846,1592923,0,data/ds004395/sub-LTP293/ses-22/eeg/sub-LTP293_ses-22_task-ltpFR2_eeg.edf,data/ds004395/sub-LTP293/ses-22/eeg/sub-LTP293_ses-22_task-ltpFR2_events.tsv
LTP293,22,17,1,CEILING,265,3454.102,1727051,1,data/ds004395/sub-LTP293/ses-22/eeg/sub-LTP293_ses-22_task-ltpFR2_eeg.edf,data/ds004395/sub-LTP293/ses-22/eeg/sub-LTP293_ses-22_task-ltpFR2_events.tsv
LTP293,22,17,2,OINTMENT,974,3456.728,1728364,1,data/ds004395/sub-LTP293/ses-22/eeg/sub-LTP293_ses-22_task-ltpFR2_eeg.edf,data/ds004395/sub-LTP293/ses-22/eeg/sub-LTP293_ses-22_task-ltpFR2_events.tsv
LTP293,22,17,3,VICTIM,1562,3459.258,1729629,0,data/ds004395/sub-LTP293/ses-22/eeg/sub-LTP293_ses-22_task-ltpFR2_eeg.edf,data/ds004395/sub-LTP293/ses-22/eeg/sub-LTP293_ses-22_task-ltpFR2_events.tsv
LTP293,22,17,4,TORTOISE,1486,3461.86,1730930,0,data/ds004395/sub-LTP293/ses-22/eeg/sub-LTP293_ses-22_task-ltpFR2_eeg.edf,data/ds004395/sub-LTP293/ses-22/eeg/sub-LTP293_ses-22_task-ltpFR2_events.tsv
LTP293,22,17,5,CORAL,378,3464.294,1732147,0,data/ds004395/sub-LTP293/ses-22/eeg/sub-LTP293_ses-22_task-ltpFR2_eeg.edf,data/ds004395/sub-LTP293/ses-22/eeg/sub-LTP293_ses-22_task-ltpFR2_events.tsv
LTP293,22,17,6,MATCH,878,3467.052,1733526,0,data/ds004395/sub-LTP293/ses-22/eeg/sub-LTP293_ses-22_task-ltpFR2_eeg.edf,data/ds004395/sub-LTP293/ses-22/eeg/sub-LTP293_ses-22_task-ltpFR2_events.tsv
LTP293,22,17,7,DRILL,497,3469.504,1734752,1,data/ds004395/sub-LTP293/ses-22/eeg/sub-LTP293_ses-22_task-ltpFR2_eeg.edf,data/ds004395/sub-LTP293/ses-22/eeg/sub-LTP293_ses-22_task-ltpFR2_events.tsv
LTP293,22,17,8,STONE,1385,3472.038,1736019,0,data/ds004395/sub-LTP293/ses-22/eeg/sub-LTP293_ses-22_task-ltpFR2_eeg.edf,data/ds004395/sub-LTP293/ses-22/eeg/sub-LTP293_ses-22_task-ltpFR2_events.tsv
LTP293,22,17,9,DRUG,501,3474.81,1737405,1,data/ds004395/sub-LTP293/ses-22/eeg/sub-LTP293_ses-22_task-ltpFR2_eeg.edf,data/ds004395/sub-LTP293/ses-22/eeg/sub-LTP293_ses-22_task-ltpFR2_events.tsv
LTP293,22,17,10,BLACKBOARD,133,3477.572,1738786,1,data/ds004395/sub-LTP293/ses-22/eeg/sub-LTP293_ses-22_task-ltpFR2_eeg.edf,data/ds004395/sub-LTP293/ses-22/eeg/sub-LTP293_ses-22_task-ltpFR2_events.tsv
LTP293,22,17,11,FLASHLIGHT,575,3480.142,1740071,1,data/ds004395/sub-LTP293/ses-22/eeg/sub-LTP293_ses-22_task-ltpFR2_eeg.edf,data/ds004395/sub-LTP293/ses-22/eeg/sub-LTP293_ses-22_task-ltpFR2_events.tsv
LTP293,22,17,12,JURY,766,3482.86,1741430,0,data/ds004395/sub-LTP293/ses-22/eeg/sub-LTP293_ses-22_task-ltpFR2_eeg.edf,data/ds004395/sub-LTP293/ses-22/eeg/sub-LTP293_ses-22_task-ltpFR2_events.tsv
LTP293,22,17,13,TRENCH,1503,3485.328,1742664,0,data/ds004395/sub-LTP293/ses-22/eeg/sub-LTP293_ses-22_task-ltpFR2_eeg.edf,data/ds004395/sub-LTP293/ses-22/eeg/sub-LTP293_ses-22_task-ltpFR2_events.tsv
LTP293,22,17,14,BOARD,143,3488.036,1744018,1,data/ds004395/sub-LTP293/ses-22/eeg/sub-LTP293_ses-22_task-ltpFR2_eeg.edf,data/ds004395/sub-LTP293/ses-22/eeg/sub-LTP293_ses-22_task-ltpFR2_events.tsv
LTP293,22,17,15,SIBLING,1301,3490.572,1745286,0,data/ds004395/sub-LTP293/ses-22/eeg/sub-LTP293_ses-22_task-ltpFR2_eeg.edf,data/ds004395/sub-LTP293/ses-22/eeg/sub-LTP293_ses-22_task-ltpFR2_events.tsv
LTP293,22,17,16,CROSS,413,3493.268,1746634,1,data/ds004395/sub-LTP293/ses-22/eeg/sub-LTP293_ses-22_task-ltpFR2_eeg.edf,data/ds004395/sub-LTP293/ses-22/eeg/sub-LTP293_ses-22_task-ltpFR2_events.tsv
LTP293,22,17,17,ROBIN,1199,3496.076,1748038,0,data/ds004395/sub-LTP293/ses-22/eeg/sub-LTP293_ses-22_task-ltpFR2_eeg.edf,data/ds004395/sub-LTP293/ses-22/eeg/sub-LTP293_ses-22_task-ltpFR2_events.tsv
LTP293,22,17,18,TILE,1468,3498.522,1749261,0,data/ds004395/sub-LTP293/ses-22/eeg/sub-LTP293_ses-22_task-ltpFR2_eeg.edf,data/ds004395/sub-LTP293/ses-22/eeg/sub-LTP293_ses-22_task-ltpFR2_events.tsv
LTP293,22,17,19,FLESH,579,3501.108,1750554,1,data/ds004395/sub-LTP293/ses-22/eeg/sub-LTP293_ses-22_task-ltpFR2_eeg.edf,data/ds004395/sub-LTP293/ses-22/eeg/sub-LTP293_ses-22_task-ltpFR2_events.tsv
LTP293,22,17,20,TROUT,1511,3503.626,1751813,0,data/ds004395/sub-LTP293/ses-22/eeg/sub-LTP293_ses-22_task-ltpFR2_eeg.edf,data/ds004395/sub-LTP293/ses-22/eeg/sub-LTP293_ses-22_task-ltpFR2_events.tsv
LTP293,22,17,21,AWARD,63,3506.228,1753114,0,data/ds004395/sub-LTP293/ses-22/eeg/sub-LTP293_ses-22_task-ltpFR2_eeg.edf,data/ds004395/sub-LTP293/ses-22/eeg/sub-LTP293_ses-22_task-ltpFR2_events.tsv
LTP293,22,17,22,MEDAL,885,3508.864,1754432,0,data/ds004395/sub-LTP293/ses-22/eeg/sub-LTP293_ses-22_task-ltpFR2_eeg.edf,data/ds004395/sub-LTP293/ses-22/eeg/sub-LTP293_ses-22_task-ltpFR2_events.tsv
LTP293,22,17,23,NECKLACE,940,3511.398,1755699,0,data/ds004395/sub-LTP293/ses-22/eeg/sub-LTP293_ses-22_task-ltpFR2_eeg.edf,data/ds004395/sub-LTP293/ses-22/eeg/sub-LTP293_ses-22_task-ltpFR2_events.tsv
LTP293,22,17,24,WHISTLE,1606,3513.852,1756926,0,data/ds004395/sub-LTP293/ses-22/eeg/sub-LTP293_ses-22_task-ltpFR2_eeg.edf,data/ds004395/sub-LTP293/ses-22/eeg/sub-LTP293_ses-22_task-ltpFR2_events.tsv
LTP293,22,18,1,OYSTER,995,3656.628,1828314,1,data/ds004395/sub-LTP293/ses-22/eeg/sub-LTP293_ses-22_task-ltpFR2_eeg.edf,data/ds004395/sub-LTP293/ses-22/eeg/sub-LTP293_ses-22_task-ltpFR2_events.tsv
LTP293,22,18,2,SEAFOOD,1260,3659.182,1829591,1,data/ds004395/sub-LTP293/ses-22/eeg/sub-LTP293_ses-22_task-ltpFR2_eeg.edf,data/ds004395/sub-LTP293/ses-22/eeg/sub-LTP293_ses-22_task-ltpFR2_events.tsv
LTP293,22,18,3,REPORT,1184,3661.866,1830933,1,data/ds004395/sub-LTP293/ses-22/eeg/sub-LTP293_ses-22_task-ltpFR2_eeg.edf,data/ds004395/sub-LTP293/ses-22/eeg/sub-LTP293_ses-22_task-ltpFR2_events.tsv
LTP293,22,18,4,CURTAIN,427,3664.586,1832293,0,data/ds004395/sub-LTP293/ses-22/eeg/sub-LTP293_ses-22_task-ltpFR2_eeg.edf,data/ds004395/sub-LTP293/ses-22/eeg/sub-LTP293_ses-22_task-ltpFR2_events.tsv
LTP293,22,18,5,OZONE,996,3667.288,1833644,0,data/ds004395/sub-LTP293/ses-22/eeg/sub-LTP293_ses-22_task-ltpFR2_eeg.edf,data/ds004395/sub-LTP293/ses-22/eeg/sub-LTP293_ses-22_task-ltpFR2_events.tsv
LTP293,22,18,6,FOX,598,3669.724,1834862,0,data/ds004395/sub-LTP293/ses-22/eeg/sub-LTP293_ses-22_task-ltpFR2_eeg.edf,data/ds004395/sub-LTP293/ses-22/eeg/sub-LTP293_ses-22_task-ltpFR2_events.tsv
LTP293,22,18,7,BUNNY,198,3672.276,1836138,0,data/ds004395/sub-LTP293/ses-22/eeg/sub-LTP293_ses-22_task-ltpFR2_eeg.edf,data/ds004395/sub-LTP293/ses-22/eeg/sub-LTP293_ses-22_task-ltpFR2_events.tsv
LTP293,22,18,8,PATIENT,1024,3674.712,1837356,0,data/ds004395/sub-LTP293/ses-22/eeg/sub-LTP293_ses-22_task-ltpFR2_eeg.edf,data/ds004395/sub-LTP293/ses-22/eeg/sub-LTP293_ses-22_task-ltpFR2_events.tsv
LTP293,22,18,9,GROUND,666,3677.228,1838614,1,data/ds004395/sub-LTP293/ses-22/eeg/sub-LTP293_ses-22_task-ltpFR2_eeg.edf,data/ds004395/sub-LTP293/ses-22/eeg/sub-LTP293_ses-22_task-ltpFR2_events.tsv
LTP293,22,18,10,WITNESS,1618,3679.73,1839865,0,data/ds004395/sub-LTP293/ses-22/eeg/sub-LTP293_ses-22_task-ltpFR2_eeg.edf,data/ds004395/sub-LTP293/ses-22/eeg/sub-LTP293_ses-22_task-ltpFR2_events.tsv
LTP293,22,18,11,WASP,1593,3682.484,1841242,0,data/ds004395/sub-LTP293/ses-22/eeg/sub-LTP293_ses-22_task-ltpFR2_eeg.edf,data/ds004395/sub-LTP293/ses-22/eeg/sub-LTP293_ses-22_task-ltpFR2_events.tsv
LTP293,22,18,12,ULCER,1533,3685.084,1842542,0,data/ds004395/sub-LTP293/ses-22/eeg/sub-LTP293_ses-22_task-ltpFR2_eeg.edf,data/ds004395/sub-LTP293/ses-22/eeg/sub-LTP293_ses-22_task-ltpFR2_events.tsv
LTP293,22,18,13,HUMAN,726,3687.804,1843902,0,data/ds004395/sub-LTP293/ses-22/eeg/sub-LTP293_ses-22_task-ltpFR2_eeg.edf,data/ds004395/sub-LTP293/ses-22/eeg/sub-LTP293_ses-22_task-ltpFR2_events.tsv
LTP293,22,18,14,SPOON,1357,3690.274,1845137,0,data/ds004395/sub-LTP293/ses-22/eeg/sub-LTP293_ses-22_task-ltpFR2_eeg.edf,data/ds004395/sub-LTP293/ses-22/eeg/sub-LTP293_ses-22_task-ltpFR2_events.tsv
LTP293,22,18,15,GLASS,639,3692.858,1846429,0,data/ds004395/sub-LTP293/ses-22/eeg/sub-LTP293_ses-22_task-ltpFR2_eeg.edf,data/ds004395/sub-LTP293/ses-22/eeg/sub-LTP293_ses-22_task-ltpFR2_events.tsv
LTP293,22,18,16,NURSE,963,3695.664,1847832,0,data/ds004395/sub-LTP293/ses-22/eeg/sub-LTP293_ses-22_task-ltpFR2_eeg.edf,data/ds004395/sub-LTP293/ses-22/eeg/sub-LTP293_ses-22_task-ltpFR2_events.tsv
LTP293,22,18,17,GLOBE,641,3698.446,1849223,0,data/ds004395/sub-LTP293/ses-22/eeg/sub-LTP293_ses-22_task-ltpFR2_eeg.edf,data/ds004395/sub-LTP293/ses-22/eeg/sub-LTP293_ses-22_task-ltpFR2_events.tsv
LTP293,22,18,18,SHARK,1275,3701.114,1850557,0,data/ds004395/sub-LTP293/ses-22/eeg/sub-LTP293_ses-22_task-ltpFR2_eeg.edf,data/ds004395/sub-LTP293/ses-22/eeg/sub-LTP293_ses-22_task-ltpFR2_events.tsv
LTP293,22,18,19,BOUQUET,157,3703.598,1851799,0,data/ds004395/sub-LTP293/ses-22/eeg/sub-LTP293_ses-22_task-ltpFR2_eeg.edf,data/ds004395/sub-LTP293/ses-22/eeg/sub-LTP293_ses-22_task-ltpFR2_events.tsv
LTP293,22,18,20,CAFE,216,3706.268,1853134,1,data/ds004395/sub-LTP293/ses-22/eeg/sub-LTP293_ses-22_task-ltpFR2_eeg.edf,data/ds004395/sub-LTP293/ses-22/eeg/sub-LTP293_ses-22_task-ltpFR2_events.tsv
LTP293,22,18,21,BUG,187,3708.786,1854393,1,data/ds004395/sub-LTP293/ses-22/eeg/sub-LTP293_ses-22_task-ltpFR2_eeg.edf,data/ds004395/sub-LTP293/ses-22/eeg/sub-LTP293_ses-22_task-ltpFR2_events.tsv
LTP293,22,18,22,CRICKET,408,3711.258,1855629,1,data/ds004395/sub-LTP293/ses-22/eeg/sub-LTP293_ses-22_task-ltpFR2_eeg.edf,data/ds004395/sub-LTP293/ses-22/eeg/sub-LTP293_ses-22_task-ltpFR2_events.tsv
LTP293,22,18,23,PANTHER,1009,3713.758,1856879,0,data/ds004395/sub-LTP293/ses-22/eeg/sub-LTP293_ses-22_task-ltpFR2_eeg.edf,data/ds004395/sub-LTP293/ses-22/eeg/sub-LTP293_ses-22_task-ltpFR2_events.tsv
LTP293,22,18,24,LACE,792,3716.444,1858222,1,data/ds004395/sub-LTP293/ses-22/eeg/sub-LTP293_ses-22_task-ltpFR2_eeg.edf,data/ds004395/sub-LTP293/ses-22/eeg/sub-LTP293_ses-22_task-ltpFR2_events.tsv
LTP293,22,19,1,LAVA,804,3834.33,1917165,1,data/ds004395/sub-LTP293/ses-22/eeg/sub-LTP293_ses-22_task-ltpFR2_eeg.edf,data/ds004395/sub-LTP293/ses-22/eeg/sub-LTP293_ses-22_task-ltpFR2_events.tsv
LTP293,22,19,2,PEBBLE,1035,3836.886,1918443,1,data/ds004395/sub-LTP293/ses-22/eeg/sub-LTP293_ses-22_task-ltpFR2_eeg.edf,data/ds004395/sub-LTP293/ses-22/eeg/sub-LTP293_ses-22_task-ltpFR2_events.tsv
LTP293,22,19,3,EGYPT,519,3839.652,1919826,0,data/ds004395/sub-LTP293/ses-22/eeg/sub-LTP293_ses-22_task-ltpFR2_eeg.edf,data/ds004395/sub-LTP293/ses-22/eeg/sub-LTP293_ses-22_task-ltpFR2_events.tsv
LTP293,22,19,4,JUGGLER,763,3842.17,1921085,0,data/ds004395/sub-LTP293/ses-22/eeg/sub-LTP293_ses-22_task-ltpFR2_eeg.edf,data/ds004395/sub-LTP293/ses-22/eeg/sub-LTP293_ses-22_task-ltpFR2_events.tsv
LTP293,22,19,5,CANDY,230,3844.622,1922311,0,data/ds004395/sub-LTP293/ses-22/eeg/sub-LTP293_ses-22_task-ltpFR2_eeg.edf,data/ds004395/sub-LTP293/ses-22/eeg/sub-LTP293_ses-22_task-ltpFR2_events.tsv
LTP293,22,19,6,BISON,131,3847.31,1923655,1,data/ds004395/sub-LTP293/ses-22/eeg/sub-LTP293_ses-22_task-ltpFR2_eeg.edf,data/ds004395/sub-LTP293/ses-22/eeg/sub-LTP293_ses-22_task-ltpFR2_events.tsv
LTP293,22,19,7,HEART,697,3849.86,1924930,0,data/ds004395/sub-LTP293/ses-22/eeg/sub-LTP293_ses-22_task-ltpFR2_eeg.edf,data/ds004395/sub-LTP293/ses-22/eeg/sub-LTP293_ses-22_task-ltpFR2_events.tsv
LTP293,22,19,8,BIKE,125,3852.496,1926248,0,data/ds004395/sub-LTP293/ses-22/eeg/sub-LTP293_ses-22_task-ltpFR2_eeg.edf,data/ds004395/sub-LTP293/ses-22/eeg/sub-LTP293_ses-22_task-ltpFR2_events.tsv
LTP293,22,19,9,CREATURE,403,3854.998,1927499,0,data/ds004395/sub-LTP293/ses-22/eeg/sub-LTP293_ses-22_task-ltpFR2_eeg.edf,data/ds004395/sub-LTP293/ses-22/eeg/sub-LTP293_ses-22_task-ltpFR2_events.tsv
LTP293,22,19,10,BLOCKADE,137,3857.45,1928725,1,data/ds004395/sub-LTP293/ses-22/eeg/sub-LTP293_ses-22_task-ltpFR2_eeg.edf,data/ds004395/sub-LTP293/ses-22/eeg/sub-LTP293_ses-22_task-ltpFR2_events.tsv
LTP293,22,19,11,SNACK,1331,3860.02,1930010,0,data/ds004395/sub-LTP293/ses-22/eeg/sub-LTP293_ses-22_task-ltpFR2_eeg.edf,data/ds004395/sub-LTP293/ses-22/eeg/sub-LTP293_ses-22_task-ltpFR2_events.tsv
LTP293,22,19,12,HOSTESS,723,3862.536,1931268,0,data/ds004395/sub-LTP293/ses-22/eeg/sub-LTP293_ses-22_task-ltpFR2_eeg.edf,data/ds004395/sub-LTP293/ses-22/eeg/sub-LTP293_ses-22_task-ltpFR2_events.tsv
LTP293,22,19,13,SILK,1307,3865.356,1932678,1,data/ds004395/sub-LTP293/ses-22/eeg/sub-LTP293_ses-22_task-ltpFR2_eeg.edf,data/ds004395/sub-LTP293/ses-22/eeg/sub-LTP293_ses-22_task-ltpFR2_events.tsv
LTP293,22,19,14,SCARECROW,1245,3867.794,1933897,0,data/ds004395/sub-LTP293/ses-22/eeg/sub-LTP293_ses-22_task-ltpFR2_eeg.edf,data/ds004395/sub-LTP293/ses-22/eeg/sub-LTP293_ses-22_task-ltpFR2_events.tsv
LTP293,22,19,15,CARROT,249,3870.36,1935180,0,data/ds004395/sub-LTP293/ses-22/eeg/sub-LTP293_ses-22_task-ltpFR2_eeg.edf,data/ds004395/sub-LTP293/ses-22/eeg/sub-LTP293_ses-22_task-ltpFR2_events.tsv
LTP293,22,19,16,RABBIT,1152,3873.146,1936573,0,data/ds004395/sub-LTP293/ses-22/eeg/sub-LTP293_ses-22_task-ltpFR2_eeg.edf,data/ds004395/sub-LTP293/ses-22/eeg/sub-LTP293_ses-22_task-ltpFR2_events.tsv
LTP293,22,19,17,CYCLONE,431,3875.898,1937949,0,data/ds004395/sub-LTP293/ses-22/eeg/sub-LTP293_ses-22_task-ltpFR2_eeg.edf,data/ds004395/sub-LTP293/ses-22/eeg/sub-LTP293_ses-22_task-ltpFR2_events.tsv
LTP293,22,19,18,MONEY,908,3878.702,1939351,0,data/ds004395/sub-LTP293/ses-22/eeg/sub-LTP293_ses-22_task-ltpFR2_eeg.edf,data/ds004395/sub-LTP293/ses-22/eeg/sub-LTP293_ses-22_task-ltpFR2_events.tsv
LTP293,22,19,19,BARREL,91,3881.386,1940693,0,data/ds004395/sub-LTP293/ses-22/eeg/sub-LTP293_ses-22_task-ltpFR2_eeg.edf,data/ds004395/sub-LTP293/ses-22/eeg/sub-LTP293_ses-22_task-ltpFR2_events.tsv
LTP293,22,19,20,APRON,35,3883.956,1941978,1,data/ds004395/sub-LTP293/ses-22/eeg/sub-LTP293_ses-22_task-ltpFR2_eeg.edf,data/ds004395/sub-LTP293/ses-22/eeg/sub-LTP293_ses-22_task-ltpFR2_events.tsv
LTP293,22,19,21,SKILLET,1317,3886.726,1943363,1,data/ds004395/sub-LTP293/ses-22/eeg/sub-LTP293_ses-22_task-ltpFR2_eeg.edf,data/ds004395/sub-LTP293/ses-22/eeg/sub-LTP293_ses-22_task-ltpFR2_events.tsv
LTP293,22,19,22,AGENT,10,3889.194,1944597,0,data/ds004395/sub-LTP293/ses-22/eeg/sub-LTP293_ses-22_task-ltpFR2_eeg.edf,data/ds004395/sub-LTP293/ses-22/eeg/sub-LTP293_ses-22_task-ltpFR2_events.tsv
LTP293,22,19,23,RACKET,1155,3891.98,1945990,1,data/ds004395/sub-LTP293/ses-22/eeg/sub-LTP293_ses-22_task-ltpFR2_eeg.edf,data/ds004395/sub-LTP293/ses-22/eeg/sub-LTP293_ses-22_task-ltpFR2_events.tsv
LTP293,22,19,24,TART,1436,3894.598,1947299,1,data/ds004395/sub-LTP293/ses-22/eeg/sub-LTP293_ses-22_task-ltpFR2_eeg.edf,data/ds004395/sub-LTP293/ses-22/eeg/sub-LTP293_ses-22_task-ltpFR2_events.tsv
LTP293,22,20,1,DASHBOARD,441,4012.472,2006236,1,data/ds004395/sub-LTP293/ses-22/eeg/sub-LTP293_ses-22_task-ltpFR2_eeg.edf,data/ds004395/sub-LTP293/ses-22/eeg/sub-LTP293_ses-22_task-ltpFR2_events.tsv
LTP293,22,20,2,PARENT,1013,4015.25,2007625,1,data/ds004395/sub-LTP293/ses-22/eeg/sub-LTP293_ses-22_task-ltpFR2_eeg.edf,data/ds004395/sub-LTP293/ses-22/eeg/sub-LTP293_ses-22_task-ltpFR2_events.tsv
LTP293,22,20,3,WIFE,1609,4017.894,2008947,1,data/ds004395/sub-LTP293/ses-22/eeg/sub-LTP293_ses-22_task-ltpFR2_eeg.edf,data/ds004395/sub-LTP293/ses-22/eeg/sub-LTP293_ses-22_task-ltpFR2_events.tsv
LTP293,22,20,4,HUSBAND,728,4020.546,2010273,1,data/ds004395/sub-LTP293/ses-22/eeg/sub-LTP293_ses-22_task-ltpFR2_eeg.edf,data/ds004395/sub-LTP293/ses-22/eeg/sub-LTP293_ses-22_task-ltpFR2_events.tsv
LTP293,22,20,5,SCULPTURE,1258,4023.156,2011578,0,data/ds004395/sub-LTP293/ses-22/eeg/sub-LTP293_ses-22_task-ltpFR2_eeg.edf,data/ds004395/sub-LTP293/ses-22/eeg/sub-LTP293_ses-22_task-ltpFR2_events.tsv
LTP293,22,20,6,HEDGE,699,4025.584,2012792,0,data/ds004395/sub-LTP293/ses-22/eeg/sub-LTP293_ses-22_task-ltpFR2_eeg.edf,data/ds004395/sub-LTP293/ses-22/eeg/sub-LTP293_ses-22_task-ltpFR2_events.tsv
LTP293,22,20,7,PROTON,1132,4028.068,2014034,0,data/ds004395/sub-LTP293/ses-22/eeg/sub-LTP293_ses-22_task-ltpFR2_eeg.edf,data/ds004395/sub-LTP293/ses-22/eeg/sub-LTP293_ses-22_task-ltpFR2_events.tsv
LTP293,22,20,8,ZEBRA,1635,4030.88,2015440,1,data/ds004395/sub-LTP293/ses-22/eeg/sub-LTP293_ses-22_task-ltpFR2_eeg.edf,data/ds004395/sub-LTP293/ses-22/eeg/sub-LTP293_ses-22_task-ltpFR2_events.tsv
LTP293,22,20,9,COOKBOOK,373,4033.556,2016778,0,data/ds004395/sub-LTP293/ses-22/eeg/sub-LTP293_ses-22_task-ltpFR2_eeg.edf,data/ds004395/sub-LTP293/ses-22/eeg/sub-LTP293_ses-22_task-ltpFR2_events.tsv
LTP293,22,20,10,WARDROBE,1587,4036.326,2018163,0,data/ds004395/sub-LTP293/ses-22/eeg/sub-LTP293_ses-22_task-ltpFR2_eeg.edf,data/ds004395/sub-LTP293/ses-22/eeg/sub-LTP293_ses-22_task-ltpFR2_events.tsv
LTP293,22,20,11,RATTLE,1170,4038.828,2019414,0,data/ds004395/sub-LTP293/ses-22/eeg/sub-LTP293_ses-22_task-ltpFR2_eeg.edf,data/ds004395/sub-LTP293/ses-22/eeg/sub-LTP293_ses-22_task-ltpFR2_events.tsv
LTP293,22,20,12,CASHIER,254,4041.422,2020711,1,data/ds004395/sub-LTP293/ses-22/eeg/sub-LTP293_ses-22_task-ltpFR2_eeg.edf,data/ds004395/sub-LTP293/ses-22/eeg/sub-LTP293_ses-22_task-ltpFR2_events.tsv
LTP293,22,20,13,BANKER,84,4044.048,2022024,1,data/ds004395/sub-LTP293/ses-22/eeg/sub-LTP293_ses-22_task-ltpFR2_eeg.edf,data/ds004395/sub-LTP293/ses-22/eeg/sub-LTP293_ses-22_task-ltpFR2_events.tsv
LTP293,22,20,14,GALLON,618,4046.734,2023367,0,data/ds004395/sub-LTP293/ses-22/eeg/sub-LTP293_ses-22_task-ltpFR2_eeg.edf,data/ds004395/sub-LTP293/ses-22/eeg/sub-LTP293_ses-22_task-ltpFR2_events.tsv
LTP293,22,20,15,SUPPER,1411,4049.228,2024614,0,data/ds004395/sub-LTP293/ses-22/eeg/sub-LTP293_ses-22_task-ltpFR2_eeg.edf,data/ds004395/sub-LTP293/ses-22/eeg/sub-LTP293_ses-22_task-ltpFR2_events.tsv
LTP293,22,20,16,KNAPSACK,783,4051.682,2025841,0,data/ds004395/sub-LTP293/ses-22/eeg/sub-LTP293_ses-22_task-ltpFR2_eeg.edf,data/ds004395/sub-LTP293/ses-22/eeg/sub-LTP293_ses-22_task-ltpFR2_events.tsv
LTP293,22,20,17,POCKET,1093,4054.332,2027166,0,data/ds004395/sub-LTP293/ses-22/eeg/sub-LTP293_ses-22_task-ltpFR2_eeg.edf,data/ds004395/sub-LTP293/ses-22/eeg/sub-LTP293_ses-22_task-ltpFR2_events.tsv
LTP293,22,20,18,APPLE,33,4056.858,2028429,0,data/ds004395/sub-LTP293/ses-22/eeg/sub-LTP293_ses-22_task-ltpFR2_eeg.edf,data/ds004395/sub-LTP293/ses-22/eeg/sub-LTP293_ses-22_task-ltpFR2_events.tsv
LTP293,22,20,19,STAR,1373,4059.64,2029820,0,data/ds004395/sub-LTP293/ses-22/eeg/sub-LTP293_ses-22_task-ltpFR2_eeg.edf,data/ds004395/sub-LTP293/ses-22/eeg/sub-LTP293_ses-22_task-ltpFR2_events.tsv
LTP293,22,20,20,SCARF,1246,4062.14,2031070,1,data/ds004395/sub-LTP293/ses-22/eeg/sub-LTP293_ses-22_task-ltpFR2_eeg.edf,data/ds004395/sub-LTP293/ses-22/eeg/sub-LTP293_ses-22_task-ltpFR2_events.tsv
LTP293,22,20,21,SISTER,1312,4064.876,2032438,1,data/ds004395/sub-LTP293/ses-22/eeg/sub-LTP293_ses-22_task-ltpFR2_eeg.edf,data/ds004395/sub-LTP293/ses-22/eeg/sub-LTP293_ses-22_task-ltpFR2_events.tsv
LTP293,22,20,22,MOTOR,922,4067.394,2033697,0,data/ds004395/sub-LTP293/ses-22/eeg/sub-LTP293_ses-22_task-ltpFR2_eeg.edf,data/ds004395/sub-LTP293/ses-22/eeg/sub-LTP293_ses-22_task-ltpFR2_events.tsv
LTP293,22,20,23,LUGGAGE,847,4069.83,2034915,1,data/ds004395/sub-LTP293/ses-22/eeg/sub-LTP293_ses-22_task-ltpFR2_eeg.edf,data/ds004395/sub-LTP293/ses-22/eeg/sub-LTP293_ses-22_task-ltpFR2_events.tsv
LTP293,22,20,24,COSTUME,383,4072.282,2036141,0,data/ds004395/sub-LTP293/ses-22/eeg/sub-LTP293_ses-22_task-ltpFR2_eeg.edf,data/ds004395/sub-LTP293/ses-22/eeg/sub-LTP293_ses-22_task-ltpFR2_events.tsv
LTP293,22,21,1,POISON,1096,4215.304,2107652,1,data/ds004395/sub-LTP293/ses-22/eeg/sub-LTP293_ses-22_task-ltpFR2_eeg.edf,data/ds004395/sub-LTP293/ses-22/eeg/sub-LTP293_ses-22_task-ltpFR2_events.tsv
LTP293,22,21,2,PIANO,1057,4217.922,2108961,1,data/ds004395/sub-LTP293/ses-22/eeg/sub-LTP293_ses-22_task-ltpFR2_eeg.edf,data/ds004395/sub-LTP293/ses-22/eeg/sub-LTP293_ses-22_task-ltpFR2_events.tsv
LTP293,22,21,3,FIREPLACE,570,4220.576,2110288,1,data/ds004395/sub-LTP293/ses-22/eeg/sub-LTP293_ses-22_task-ltpFR2_eeg.edf,data/ds004395/sub-LTP293/ses-22/eeg/sub-LTP293_ses-22_task-ltpFR2_events.tsv
LTP293,22,21,4,DRAGON,492,4223.004,2111502,0,data/ds004395/sub-LTP293/ses-22/eeg/sub-LTP293_ses-22_task-ltpFR2_eeg.edf,data/ds004395/sub-LTP293/ses-22/eeg/sub-LTP293_ses-22_task-ltpFR2_events.tsv
LTP293,22,21,5,FOOT,590,4225.68,2112840,1,data/ds004395/sub-LTP293/ses-22/eeg/sub-LTP293_ses-22_task-ltpFR2_eeg.edf,data/ds004395/sub-LTP293/ses-22/eeg/sub-LTP293_ses-22_task-ltpFR2_events.tsv
LTP293,22,21,6,TWIG,1527,4228.458,2114229,1,data/ds004395/sub-LTP293/ses-22/eeg/sub-LTP293_ses-22_task-ltpFR2_eeg.edf,data/ds004395/sub-LTP293/ses-22/eeg/sub-LTP293_ses-22_task-ltpFR2_events.tsv
LTP293,22,21,7,MAPLE,866,4231.194,2115597,0,data/ds004395/sub-LTP293/ses-22/eeg/sub-LTP293_ses-22_task-ltpFR2_eeg.edf,data/ds004395/sub-LTP293/ses-22/eeg/sub-LTP293_ses-22_task-ltpFR2_events.tsv
LTP293,22,21,8,OMELET,976,4233.686,2116843,0,data/ds004395/sub-LTP293/ses-22/eeg/sub-LTP293_ses-22_task-ltpFR2_eeg.edf,data/ds004395/sub-LTP293/ses-22/eeg/sub-LTP293_ses-22_task-ltpFR2_events.tsv
LTP293,22,21,9,DAISY,435,4236.132,2118066,0,data/ds004395/sub-LTP293/ses-22/eeg/sub-LTP293_ses-22_task-ltpFR2_eeg.edf,data/ds004395/sub-LTP293/ses-22/eeg/sub-LTP293_ses-22_task-ltpFR2_events.tsv
LTP293,22,21,10,TUNNEL,1519,4238.582,2119291,1,data/ds004395/sub-LTP293/ses-22/eeg/sub-LTP293_ses-22_task-ltpFR2_eeg.edf,data/ds004395/sub-LTP293/ses-22/eeg/sub-LTP293_ses-22_task-ltpFR2_events.tsv
LTP293,22,21,11,INFANT,737,4241.05,2120525,0,data/ds004395/sub-LTP293/ses-22/eeg/sub-LTP293_ses-22_task-ltpFR2_eeg.edf,data/ds004395/sub-LTP293/ses-22/eeg/sub-LTP293_ses-22_task-ltpFR2_events.tsv
LTP293,22,21,12,CONTRACT,368,4243.838,2121919,0,data/ds004395/sub-LTP293/ses-22/eeg/sub-LTP293_ses-22_task-ltpFR2_eeg.edf,data/ds004395/sub-LTP293/ses-22/eeg/sub-LTP293_ses-22_task-ltpFR2_events.tsv
LTP293,22,21,13,CHURCH,307,4246.306,2123153,0,data/ds004395/sub-LTP293/ses-22/eeg/sub-LTP293_ses-22_task-ltpFR2_eeg.edf,data/ds004395/sub-LTP293/ses-22/eeg/sub-LTP293_ses-22_task-ltpFR2_events.tsv
LTP293,22,21,14,MESSAGE,888,4249.108,2124554,1,data/ds004395/sub-LTP293/ses-22/eeg/sub-LTP293_ses-22_task-ltpFR2_eeg.edf,data/ds004395/sub-LTP293/ses-22/eeg/sub-LTP293_ses-22_task-ltpFR2_events.tsv
LTP293,22,21,15,SUNRISE,1407,4251.534,2125767,0,data/ds004395/sub-LTP293/ses-22/eeg/sub-LTP293_ses-22_task-ltpFR2_eeg.edf,data/ds004395/sub-LTP293/ses-22/eeg/sub-LTP293_ses-22_task-ltpFR2_events.tsv
LTP293,22,21,16,ISLAND,745,4254.196,2127098,1,data/ds004395/sub-LTP293/ses-22/eeg/sub-LTP293_ses-22_task-ltpFR2_eeg.edf,data/ds004395/sub-LTP293/ses-22/eeg/sub-LTP293_ses-22_task-ltpFR2_events.tsv
LTP293,22,21,17,YOLK,1633,4256.706,2128353,0,data/ds004395/sub-LTP293/ses-22/eeg/sub-LTP293_ses-22_task-ltpFR2_eeg.edf,data/ds004395/sub-LTP293/ses-22/eeg/sub-LTP293_ses-22_task-ltpFR2_events.tsv
LTP293,22,21,18,SWITCH,1422,4259.14,2129570,0,data/ds004395/sub-LTP293/ses-22/eeg/sub-LTP293_ses-22_task-ltpFR2_eeg.edf,data/ds004395/sub-LTP293/ses-22/eeg/sub-LTP293_ses-22_task-ltpFR2_events.tsv
LTP293,22,21,19,HEADBAND,696,4261.77,2130885,1,data/ds004395/sub-LTP293/ses-22/eeg/sub-LTP293_ses-22_task-ltpFR2_eeg.edf,data/ds004395/sub-LTP293/ses-22/eeg/sub-LTP293_ses-22_task-ltpFR2_events.tsv
LTP293,22,21,20,POSTAGE,1113,4264.378,2132189,1,data/ds004395/sub-LTP293/ses-22/eeg/sub-LTP293_ses-22_task-ltpFR2_eeg.edf,data/ds004395/sub-LTP293/ses-22/eeg/sub-LTP293_ses-22_task-ltpFR2_events.tsv
LTP293,22,21,21,PARROT,1015,4267.172,2133586,1,data/ds004395/sub-LTP293/ses-22/eeg/sub-LTP293_ses-22_task-ltpFR2_eeg.edf,data/ds004395/sub-LTP293/ses-22/eeg/sub-LTP293_ses-22_task-ltpFR2_events.tsv
LTP293,22,21,22,BANJO,82,4269.642,2134821,1,data/ds004395/sub-LTP293/ses-22/eeg/sub-LTP293_ses-22_task-ltpFR2_eeg.edf,data/ds004395/sub-LTP293/ses-22/eeg/sub-LTP293_ses-22_task-ltpFR2_events.tsv
LTP293,22,21,23,MARKER,870,4272.186,2136093,1,data/ds004395/sub-LTP293/ses-22/eeg/sub-LTP293_ses-22_task-ltpFR2_eeg.edf,data/ds004395/sub-LTP293/ses-22/eeg/sub-LTP293_ses-22_task-ltpFR2_events.tsv
LTP293,22,21,24,SUBWAY,1400,4274.938,2137469,0,data/ds004395/sub-LTP293/ses-22/eeg/sub-LTP293_ses-22_task-ltpFR2_eeg.edf,data/ds004395/sub-LTP293/ses-22/eeg/sub-LTP293_ses-22_task-ltpFR2_events.tsv
LTP293,22,22,1,RADISH,1158,4417.838,2208919,0,data/ds004395/sub-LTP293/ses-22/eeg/sub-LTP293_ses-22_task-ltpFR2_eeg.edf,data/ds004395/sub-LTP293/ses-22/eeg/sub-LTP293_ses-22_task-ltpFR2_events.tsv
LTP293,22,22,2,TUTU,1524,4420.258,2210129,1,data/ds004395/sub-LTP293/ses-22/eeg/sub-LTP293_ses-22_task-ltpFR2_eeg.edf,data/ds004395/sub-LTP293/ses-22/eeg/sub-LTP293_ses-22_task-ltpFR2_events.tsv
LTP293,22,22,3,RUST,1219,4422.726,2211363,1,data/ds004395/sub-LTP293/ses-22/eeg/sub-LTP293_ses-22_task-ltpFR2_eeg.edf,data/ds004395/sub-LTP293/ses-22/eeg/sub-LTP293_ses-22_task-ltpFR2_events.tsv
LTP293,22,22,4,TRANSPLANT,1496,4425.166,2212583,0,data/ds004395/sub-LTP293/ses-22/eeg/sub-LTP293_ses-22_task-ltpFR2_eeg.edf,data/ds004395/sub-LTP293/ses-22/eeg/sub-LTP293_ses-22_task-ltpFR2_events.tsv
LTP293,22,22,5,SKIRT,1319,4427.83,2213915,0,data/ds004395/sub-LTP293/ses-22/eeg/sub-LTP293_ses-22_task-ltpFR2_eeg.edf,data/ds004395/sub-LTP293/ses-22/eeg/sub-LTP293_ses-22_task-ltpFR2_events.tsv
LTP293,22,22,6,PIGEON,1065,4430.282,2215141,0,data/ds004395/sub-LTP293/ses-22/eeg/sub-LTP293_ses-22_task-ltpFR2_eeg.edf,data/ds004395/sub-LTP293/ses-22/eeg/sub-LTP293_ses-22_task-ltpFR2_events.tsv
LTP293,22,22,7,WAGON,1578,4432.718,2216359,1,data/ds004395/sub-LTP293/ses-22/eeg/sub-LTP293_ses-22_task-ltpFR2_eeg.edf,data/ds004395/sub-LTP293/ses-22/eeg/sub-LTP293_ses-22_task-ltpFR2_events.tsv
LTP293,22,22,8,EUROPE,541,4435.308,2217654,1,data/ds004395/sub-LTP293/ses-22/eeg/sub-LTP293_ses-22_task-ltpFR2_eeg.edf,data/ds004395/sub-LTP293/ses-22/eeg/sub-LTP293_ses-22_task-ltpFR2_events.tsv
LTP293,22,22,9,GREASE,660,4437.99,2218995,0,data/ds004395/sub-LTP293/ses-22/eeg/sub-LTP293_ses-22_task-ltpFR2_eeg.edf,data/ds004395/sub-LTP293/ses-22/eeg/sub-LTP293_ses-22_task-ltpFR2_events.tsv
LTP293,22,22,10,COFFEE,341,4440.73,2220365,0,data/ds004395/sub-LTP293/ses-22/eeg/sub-LTP293_ses-22_task-ltpFR2_eeg.edf,data/ds004395/sub-LTP293/ses-22/eeg/sub-LTP293_ses-22_task-ltpFR2_events.tsv
LTP293,22,22,11,MUMMY,932,4443.46,2221730,0,data/ds004395/sub-LTP293/ses-22/eeg/sub-LTP293_ses-22_task-ltpFR2_eeg.edf,data/ds004395/sub-LTP293/ses-22/eeg/sub-LTP293_ses-22_task-ltpFR2_events.tsv
LTP293,22,22,12,COUNTY,389,4446.0,2223000,0,data/ds004395/sub-LTP293/ses-22/eeg/sub-LTP293_ses-22_task-ltpFR2_eeg.edf,data/ds004395/sub-LTP293/ses-22/eeg/sub-LTP293_ses-22_task-ltpFR2_events.tsv
LTP293,22,22,13,EXPERT,543,4448.8,2224400,0,data/ds004395/sub-LTP293/ses-22/eeg/sub-LTP293_ses-22_task-ltpFR2_eeg.edf,data/ds004395/sub-LTP293/ses-22/eeg/sub-LTP293_ses-22_task-ltpFR2_events.tsv
LTP293,22,22,14,TEACHER,1440,4451.534,2225767,1,data/ds004395/sub-LTP293/ses-22/eeg/sub-LTP293_ses-22_task-ltpFR2_eeg.edf,data/ds004395/sub-LTP293/ses-22/eeg/sub-LTP293_ses-22_task-ltpFR2_events.tsv
LTP293,22,22,15,THRONE,1461,4454.074,2227037,0,data/ds004395/sub-LTP293/ses-22/eeg/sub-LTP293_ses-22_task-ltpFR2_eeg.edf,data/ds004395/sub-LTP293/ses-22/eeg/sub-LTP293_ses-22_task-ltpFR2_events.tsv
LTP293,22,22,16,LADY,794,4456.826,2228413,0,data/ds004395/sub-LTP293/ses-22/eeg/sub-LTP293_ses-22_task-ltpFR2_eeg.edf,data/ds004395/sub-LTP293/ses-22/eeg/sub-LTP293_ses-22_task-ltpFR2_events.tsv
LTP293,22,22,17,SALMON,1227,4459.412,2229706,1,data/ds004395/sub-LTP293/ses-22/eeg/sub-LTP293_ses-22_task-ltpFR2_eeg.edf,data/ds004395/sub-LTP293/ses-22/eeg/sub-LTP293_ses-22_task-ltpFR2_events.tsv
LTP293,22,22,18,ITEM,746,4461.88,2230940,0,data/ds004395/sub-LTP293/ses-22/eeg/sub-LTP293_ses-22_task-ltpFR2_eeg.edf,data/ds004395/sub-LTP293/ses-22/eeg/sub-LTP293_ses-22_task-ltpFR2_events.tsv
LTP293,22,22,19,HONEY,713,4464.576,2232288,0,data/ds004395/sub-LTP293/ses-22/eeg/sub-LTP293_ses-22_task-ltpFR2_eeg.edf,data/ds004395/sub-LTP293/ses-22/eeg/sub-LTP293_ses-22_task-ltpFR2_events.tsv
LTP293,22,22,20,BELLY,119,4467.162,2233581,0,data/ds004395/sub-LTP293/ses-22/eeg/sub-LTP293_ses-22_task-ltpFR2_eeg.edf,data/ds004395/sub-LTP293/ses-22/eeg/sub-LTP293_ses-22_task-ltpFR2_events.tsv
LTP293,22,22,21,STOMACH,1384,4469.932,2234966,0,data/ds004395/sub-LTP293/ses-22/eeg/sub-LTP293_ses-22_task-ltpFR2_eeg.edf,data/ds004395/sub-LTP293/ses-22/eeg/sub-LTP293_ses-22_task-ltpFR2_events.tsv
LTP293,22,22,22,BATHTUB,100,4472.406,2236203,0,data/ds004395/sub-LTP293/ses-22/eeg/sub-LTP293_ses-22_task-ltpFR2_eeg.edf,data/ds004395/sub-LTP293/ses-22/eeg/sub-LTP293_ses-22_task-ltpFR2_events.tsv
LTP293,22,22,23,LAKE,796,4474.884,2237442,0,data/ds004395/sub-LTP293/ses-22/eeg/sub-LTP293_ses-22_task-ltpFR2_eeg.edf,data/ds004395/sub-LTP293/ses-22/eeg/sub-LTP293_ses-22_task-ltpFR2_events.tsv
LTP293,22,22,24,PLAID,1080,4477.476,2238738,0,data/ds004395/sub-LTP293/ses-22/eeg/sub-LTP293_ses-22_task-ltpFR2_eeg.edf,data/ds004395/sub-LTP293/ses-22/eeg/sub-LTP293_ses-22_task-ltpFR2_events.tsv
LTP293,22,23,1,FREEZER,604,4620.18,2310090,1,data/ds004395/sub-LTP293/ses-22/eeg/sub-LTP293_ses-22_task-ltpFR2_eeg.edf,data/ds004395/sub-LTP293/ses-22/eeg/sub-LTP293_ses-22_task-ltpFR2_events.tsv
LTP293,22,23,2,JOURNAL,760,4622.668,2311334,1,data/ds004395/sub-LTP293/ses-22/eeg/sub-LTP293_ses-22_task-ltpFR2_eeg.edf,data/ds004395/sub-LTP293/ses-22/eeg/sub-LTP293_ses-22_task-ltpFR2_events.tsv
LTP293,22,23,3,BRAKE,166,4625.102,2312551,0,data/ds004395/sub-LTP293/ses-22/eeg/sub-LTP293_ses-22_task-ltpFR2_eeg.edf,data/ds004395/sub-LTP293/ses-22/eeg/sub-LTP293_ses-22_task-ltpFR2_events.tsv
LTP293,22,23,4,BUREAU,199,4627.722,2313861,0,data/ds004395/sub-LTP293/ses-22/eeg/sub-LTP293_ses-22_task-ltpFR2_eeg.edf,data/ds004395/sub-LTP293/ses-22/eeg/sub-LTP293_ses-22_task-ltpFR2_events.tsv
LTP293,22,23,5,HIKER,708,4630.156,2315078,1,data/ds004395/sub-LTP293/ses-22/eeg/sub-LTP293_ses-22_task-ltpFR2_eeg.edf,data/ds004395/sub-LTP293/ses-22/eeg/sub-LTP293_ses-22_task-ltpFR2_events.tsv
LTP293,22,23,6,LUMBER,848,4632.726,2316363,0,data/ds004395/sub-LTP293/ses-22/eeg/sub-LTP293_ses-22_task-ltpFR2_eeg.edf,data/ds004395/sub-LTP293/ses-22/eeg/sub-LTP293_ses-22_task-ltpFR2_events.tsv
LTP293,22,23,7,LABEL,790,4635.51,2317755,0,data/ds004395/sub-LTP293/ses-22/eeg/sub-LTP293_ses-22_task-ltpFR2_eeg.edf,data/ds004395/sub-LTP293/ses-22/eeg/sub-LTP293_ses-22_task-ltpFR2_events.tsv
LTP293,22,23,8,CHAMPAGNE,278,4638.212,2319106,0,data/ds004395/sub-LTP293/ses-22/eeg/sub-LTP293_ses-22_task-ltpFR2_eeg.edf,data/ds004395/sub-LTP293/ses-22/eeg/sub-LTP293_ses-22_task-ltpFR2_events.tsv
LTP293,22,23,9,DENIM,446,4640.814,2320407,0,data/ds004395/sub-LTP293/ses-22/eeg/sub-LTP293_ses-22_task-ltpFR2_eeg.edf,data/ds004395/sub-LTP293/ses-22/eeg/sub-LTP293_ses-22_task-ltpFR2_events.tsv
LTP293,22,23,10,PUPPY,1144,4643.432,2321716,1,data/ds004395/sub-LTP293/ses-22/eeg/sub-LTP293_ses-22_task-ltpFR2_eeg.edf,data/ds004395/sub-LTP293/ses-22/eeg/sub-LTP293_ses-22_task-ltpFR2_events.tsv
LTP293,22,23,11,OUTLAW,989,4646.236,2323118,0,data/ds004395/sub-LTP293/ses-22/eeg/sub-LTP293_ses-22_task-ltpFR2_eeg.edf,data/ds004395/sub-LTP293/ses-22/eeg/sub-LTP293_ses-22_task-ltpFR2_events.tsv
LTP293,22,23,12,HAMPER,682,4649.036,2324518,1,data/ds004395/sub-LTP293/ses-22/eeg/sub-LTP293_ses-22_task-ltpFR2_eeg.edf,data/ds004395/sub-LTP293/ses-22/eeg/sub-LTP293_ses-22_task-ltpFR2_events.tsv
LTP293,22,23,13,VELVET,1555,4651.49,2325745,0,data/ds004395/sub-LTP293/ses-22/eeg/sub-LTP293_ses-22_task-ltpFR2_eeg.edf,data/ds004395/sub-LTP293/ses-22/eeg/sub-LTP293_ses-22_task-ltpFR2_events.tsv
LTP293,22,23,14,GARBAGE,622,4654.04,2327020,0,data/ds004395/sub-LTP293/ses-22/eeg/sub-LTP293_ses-22_task-ltpFR2_eeg.edf,data/ds004395/sub-LTP293/ses-22/eeg/sub-LTP293_ses-22_task-ltpFR2_events.tsv
LTP293,22,23,15,BRACES,164,4656.66,2328330,0,data/ds004395/sub-LTP293/ses-22/eeg/sub-LTP293_ses-22_task-ltpFR2_eeg.edf,data/ds004395/sub-LTP293/ses-22/eeg/sub-LTP293_ses-22_task-ltpFR2_events.tsv
LTP293,22,23,16,DENTIST,447,4659.21,2329605,0,data/ds004395/sub-LTP293/ses-22/eeg/sub-LTP293_ses-22_task-ltpFR2_eeg.edf,data/ds004395/sub-LTP293/ses-22/eeg/sub-LTP293_ses-22_task-ltpFR2_events.tsv
LTP293,22,23,17,EAGLE,512,4661.964,2330982,0,data/ds004395/sub-LTP293/ses-22/eeg/sub-LTP293_ses-22_task-ltpFR2_eeg.edf,data/ds004395/sub-LTP293/ses-22/eeg/sub-LTP293_ses-22_task-ltpFR2_events.tsv
LTP293,22,23,18,FLUTE,585,4664.516,2332258,0,data/ds004395/sub-LTP293/ses-22/eeg/sub-LTP293_ses-22_task-ltpFR2_eeg.edf,data/ds004395/sub-LTP293/ses-22/eeg/sub-LTP293_ses-22_task-ltpFR2_events.tsv
LTP293,22,23,19,FUNGUS,614,4667.034,2333517,1,data/ds004395/sub-LTP293/ses-22/eeg/sub-LTP293_ses-22_task-ltpFR2_eeg.edf,data/ds004395/sub-LTP293/ses-22/eeg/sub-LTP293_ses-22_task-ltpFR2_events.tsv
LTP293,22,23,20,ANKLE,24,4669.57,2334785,0,data/ds004395/sub-LTP293/ses-22/eeg/sub-LTP293_ses-22_task-ltpFR2_eeg.edf,data/ds004395/sub-LTP293/ses-22/eeg/sub-LTP293_ses-22_task-ltpFR2_events.tsv
LTP293,22,23,21,STAPLE,1371,4672.342,2336171,1,data/ds004395/sub-LTP293/ses-22/eeg/sub-LTP293_ses-22_task-ltpFR2_eeg.edf,data/ds004395/sub-LTP293/ses-22/eeg/sub-LTP293_ses-22_task-ltpFR2_events.tsv
LTP293,22,23,22,PISTOL,1075,4674.812,2337406,1,data/ds004395/sub-LTP293/ses-22/eeg/sub-LTP293_ses-22_task-ltpFR2_eeg.edf,data/ds004395/sub-LTP293/ses-22/eeg/sub-LTP293_ses-22_task-ltpFR2_events.tsv
LTP293,22,23,23,DRINK,498,4677.38,2338690,0,data/ds004395/sub-LTP293/ses-22/eeg/sub-LTP293_ses-22_task-ltpFR2_eeg.edf,data/ds004395/sub-LTP293/ses-22/eeg/sub-LTP293_ses-22_task-ltpFR2_events.tsv
LTP293,22,23,24,WRENCH,1625,4680.116,2340058,0,data/ds004395/sub-LTP293/ses-22/eeg/sub-LTP293_ses-22_task-ltpFR2_eeg.edf,data/ds004395/sub-LTP293/ses-22/eeg/sub-LTP293_ses-22_task-ltpFR2_events.tsv
LTP293,22,24,1,SHERIFF,1284,4797.914,2398957,0,data/ds004395/sub-LTP293/ses-22/eeg/sub-LTP293_ses-22_task-ltpFR2_eeg.edf,data/ds004395/sub-LTP293/ses-22/eeg/sub-LTP293_ses-22_task-ltpFR2_events.tsv
LTP293,22,24,2,CARRIAGE,248,4800.518,2400259,1,data/ds004395/sub-LTP293/ses-22/eeg/sub-LTP293_ses-22_task-ltpFR2_eeg.edf,data/ds004395/sub-LTP293/ses-22/eeg/sub-LTP293_ses-22_task-ltpFR2_events.tsv
LTP293,22,24,3,GLOVE,642,4803.274,2401637,1,data/ds004395/sub-LTP293/ses-22/eeg/sub-LTP293_ses-22_task-ltpFR2_eeg.edf,data/ds004395/sub-LTP293/ses-22/eeg/sub-LTP293_ses-22_task-ltpFR2_events.tsv
LTP293,22,24,4,CLOCK,325,4805.876,2402938,1,data/ds004395/sub-LTP293/ses-22/eeg/sub-LTP293_ses-22_task-ltpFR2_eeg.edf,data/ds004395/sub-LTP293/ses-22/eeg/sub-LTP293_ses-22_task-ltpFR2_events.tsv
LTP293,22,24,5,COWBOY,395,4808.458,2404229,1,data/ds004395/sub-LTP293/ses-22/eeg/sub-LTP293_ses-22_task-ltpFR2_eeg.edf,data/ds004395/sub-LTP293/ses-22/eeg/sub-LTP293_ses-22_task-ltpFR2_events.tsv
LTP293,22,24,6,TRIBE,1505,4811.176,2405588,1,data/ds004395/sub-LTP293/ses-22/eeg/sub-LTP293_ses-22_task-ltpFR2_eeg.edf,data/ds004395/sub-LTP293/ses-22/eeg/sub-LTP293_ses-22_task-ltpFR2_events.tsv
LTP293,22,24,7,SCISSORS,1250,4813.816,2406908,1,data/ds004395/sub-LTP293/ses-22/eeg/sub-LTP293_ses-22_task-ltpFR2_eeg.edf,data/ds004395/sub-LTP293/ses-22/eeg/sub-LTP293_ses-22_task-ltpFR2_events.tsv
LTP293,22,24,8,CRIB,407,4816.432,2408216,0,data/ds004395/sub-LTP293/ses-22/eeg/sub-LTP293_ses-22_task-ltpFR2_eeg.edf,data/ds004395/sub-LTP293/ses-22/eeg/sub-LTP293_ses-22_task-ltpFR2_events.tsv
LTP293,22,24,9,STUDENT,1395,4819.018,2409509,0,data/ds004395/sub-LTP293/ses-22/eeg/sub-LTP293_ses-22_task-ltpFR2_eeg.edf,data/ds004395/sub-LTP293/ses-22/eeg/sub-LTP293_ses-22_task-ltpFR2_events.tsv
LTP293,22,24,10,PUPIL,1143,4821.736,2410868,0,data/ds004395/sub-LTP293/ses-22/eeg/sub-LTP293_ses-22_task-ltpFR2_eeg.edf,data/ds004395/sub-LTP293/ses-22/eeg/sub-LTP293_ses-22_task-ltpFR2_events.tsv
LTP293,22,24,11,UMPIRE,1535,4824.404,2412202,0,data/ds004395/sub-LTP293/ses-22/eeg/sub-LTP293_ses-22_task-ltpFR2_eeg.edf,data/ds004395/sub-LTP293/ses-22/eeg/sub-LTP293_ses-22_task-ltpFR2_events.tsv
LTP293,22,24,12,STREAM,1392,4827.156,2413578,0,data/ds004395/sub-LTP293/ses-22/eeg/sub-LTP293_ses-22_task-ltpFR2_eeg.edf,data/ds004395/sub-LTP293/ses-22/eeg/sub-LTP293_ses-22_task-ltpFR2_events.tsv
LTP293,22,24,13,TWISTER,1530,4829.726,2414863,1,data/ds004395/sub-LTP293/ses-22/eeg/sub-LTP293_ses-22_task-ltpFR2_eeg.edf,data/ds004395/sub-LTP293/ses-22/eeg/sub-LTP293_ses-22_task-ltpFR2_events.tsv
LTP293,22,24,14,WINDOW,1611,4832.528,2416264,0,data/ds004395/sub-LTP293/ses-22/eeg/sub-LTP293_ses-22_task-ltpFR2_eeg.edf,data/ds004395/sub-LTP293/ses-22/eeg/sub-LTP293_ses-22_task-ltpFR2_events.tsv
LTP293,22,24,15,MOTEL,919,4835.314,2417657,1,data/ds004395/sub-LTP293/ses-22/eeg/sub-LTP293_ses-22_task-ltpFR2_eeg.edf,data/ds004395/sub-LTP293/ses-22/eeg/sub-LTP293_ses-22_task-ltpFR2_events.tsv
LTP293,22,24,16,CUSTARD,429,4837.932,2418966,0,data/ds004395/sub-LTP293/ses-22/eeg/sub-LTP293_ses-22_task-ltpFR2_eeg.edf,data/ds004395/sub-LTP293/ses-22/eeg/sub-LTP293_ses-22_task-ltpFR2_events.tsv
LTP293,22,24,17,DOUGHNUT,490,4840.702,2420351,0,data/ds004395/sub-LTP293/ses-22/eeg/sub-LTP293_ses-22_task-ltpFR2_eeg.edf,data/ds004395/sub-LTP293/ses-22/eeg/sub-LTP293_ses-22_task-ltpFR2_events.tsv
LTP293,22,24,18,RIVER,1194,4843.354,2421677,0,data/ds004395/sub-LTP293/ses-22/eeg/sub-LTP293_ses-22_task-ltpFR2_eeg.edf,data/ds004395/sub-LTP293/ses-22/eeg/sub-LTP293_ses-22_task-ltpFR2_events.tsv
LTP293,22,24,19,WRIST,1626,4846.09,2423045,1,data/ds004395/sub-LTP293/ses-22/eeg/sub-LTP293_ses-22_task-ltpFR2_eeg.edf,data/ds004395/sub-LTP293/ses-22/eeg/sub-LTP293_ses-22_task-ltpFR2_events.tsv
LTP293,22,24,20,YARN,1631,4848.676,2424338,0,data/ds004395/sub-LTP293/ses-22/eeg/sub-LTP293_ses-22_task-ltpFR2_eeg.edf,data/ds004395/sub-LTP293/ses-22/eeg/sub-LTP293_ses-22_task-ltpFR2_events.tsv
LTP293,22,24,21,LIVER,833,4851.244,2425622,0,data/ds004395/sub-LTP293/ses-22/eeg/sub-LTP293_ses-22_task-ltpFR2_eeg.edf,data/ds004395/sub-LTP293/ses-22/eeg/sub-LTP293_ses-22_task-ltpFR2_events.tsv
LTP293,22,24,22,BREAST,171,4853.748,2426874,1,data/ds004395/sub-LTP293/ses-22/eeg/sub-LTP293_ses-22_task-ltpFR2_eeg.edf,data/ds004395/sub-LTP293/ses-22/eeg/sub-LTP293_ses-22_task-ltpFR2_events.tsv
LTP293,22,24,23,PILOT,1070,4856.514,2428257,0,data/ds004395/sub-LTP293/ses-22/eeg/sub-LTP293_ses-22_task-ltpFR2_eeg.edf,data/ds004395/sub-LTP293/ses-22/eeg/sub-LTP293_ses-22_task-ltpFR2_events.tsv
LTP293,22,24,24,CREVICE,405,4859.334,2429667,0,data/ds004395/sub-LTP293/ses-22/eeg/sub-LTP293_ses-22_task-ltpFR2_eeg.edf,data/ds004395/sub-LTP293/ses-22/eeg/sub-LTP293_ses-22_task-ltpFR2_events.tsv
