subject,session,trial,serialpos,word,item_num,onset,sample,recalled,eeg_file,event_file
LTP293,5,1,1,AUTHOR,61,307.308,153654,1,data/ds004395/sub-LTP293/ses-5/eeg/sub-LTP293_ses-5_task-ltpFR2_eeg.edf,data/ds004395/sub-LTP293/ses-5/eeg/sub-LTP293_ses-5_task-ltpFR2_events.tsv
LTP293,5,1,2,JOURNAL,760,310.078,155039,1,data/ds004395/sub-LTP293/ses-5/eeg/sub-LTP293_ses-5_task-ltpFR2_eeg.edf,data/ds004395/sub-LTP293/ses-5/eeg/sub-LTP293_ses-5_task-ltpFR2_events.tsv
LTP293,5,1,3,VIKING,1565,312.612,156306,1,data/ds004395/sub-LTP293/ses-5/eeg/sub-LTP293_ses-5_task-ltpFR2_eeg.edf,data/ds004395/sub-LTP293/ses-5/eeg/sub-LTP293_ses-5_task-ltpFR2_events.tsv
LTP293,5,1,4,CRAB,397,315.448,157724,1,data/ds004395/sub-LTP293/ses-5/eeg/sub-LTP293_ses-5_task-ltpFR2_eeg.edf,data/ds004395/sub-LTP293/ses-5/eeg/sub-LTP293_ses-5_task-ltpFR2_events.tsv
LTP293,5,1,5,YACHT,1629,318.268,159134,0,data/ds004395/sub-LTP293/ses-5/eeg/sub-LTP293_ses-5_task-ltpFR2_eeg.edf,data/ds004395/sub-LTP293/ses-5/eeg/sub-LTP293_ses-5_task-ltpFR2_events.tsv
LTP293,5,1,6,CASKET,255,320.852,160426,1,data/ds004395/sub-LTP293/ses-5/eeg/sub-LTP293_ses-5_task-ltpFR2_eeg.edf,data/ds004395/sub-LTP293/ses-5/eeg/sub-LTP293_ses-5_task-ltpFR2_events.tsv
LTP293,5,1,7,PARTNER,1017,323.304,161652,0,data/ds004395/sub-LTP293/ses-5/eeg/sub-LTP293_ses-5_task-ltpFR2_eeg.edf,data/ds004395/sub-LTP293/ses-5/eeg/sub-LTP293_ses-5_task-ltpFR2_events.tsv
LTP293,5,1,8,SHELTER,1282,325.758,162879,1,data/ds004395/sub-LTP293/ses-5/eeg/sub-LTP293_ses-5_task-ltpFR2_eeg.edf,data/ds004395/sub-LTP293/ses-5/eeg/sub-LTP293_ses-5_task-ltpFR2_events.tsv
LTP293,5,1,9,KEEPER,769,328.192,164096,0,data/ds004395/sub-LTP293/ses-5/eeg/sub-LTP293_ses-5_task-ltpFR2_eeg.edf,data/ds004395/sub-LTP293/ses-5/eeg/sub-LTP293_ses-5_task-ltpFR2_events.tsv
LTP293,5,1,10,RAFT,1159,330.962,165481,1,data/ds004395/sub-LTP293/ses-5/eeg/sub-LTP293_ses-5_task-ltpFR2_eeg.edf,data/ds004395/sub-LTP293/ses-5/eeg/sub-LTP293_ses-5_task-ltpFR2_events.tsv
LTP293,5,1,11,SCALPEL,1243,333.78,166890,0,data/ds004395/sub-LTP293/ses-5/eeg/sub-LTP293_ses-5_task-ltpFR2_eeg.edf,data/ds004395/sub-LTP293/ses-5/eeg/sub-LTP293_ses-5_task-ltpFR2_events.tsv
LTP293,5,1,12,SERVER,1272,336.266,168133,0,data/ds004395/sub-LTP293/ses-5/eeg/sub-LTP293_ses-5_task-ltpFR2_eeg.edf,data/ds004395/sub-LTP293/ses-5/eeg/sub-LTP293_ses-5_task-ltpFR2_events.tsv
LTP293,5,1,13,EMPIRE,530,338.886,169443,1,data/ds004395/sub-LTP293/ses-5/eeg/sub-LTP293_ses-5_task-ltpFR2_eeg.edf,data/ds004395/sub-LTP293/ses-5/eeg/sub-LTP293_ses-5_task-ltpFR2_events.tsv
LTP293,5,1,14,PADDLE,1000,341.704,170852,1,data/ds004395/sub-LTP293/ses-5/eeg/sub-LTP293_ses-5_task-ltpFR2_eeg.edf,data/ds004395/sub-LTP293/ses-5/eeg/sub-LTP293_ses-5_task-ltpFR2_events.tsv
LTP293,5,1,15,FUNGUS,614,344.306,172153,0,data/ds004395/sub-LTP293/ses-5/eeg/sub-LTP293_ses-5_task-ltpFR2_eeg.edf,data/ds004395/sub-LTP293/ses-5/eeg/sub-LTP293_ses-5_task-ltpFR2_events.tsv
LTP293,5,1,16,TOASTER,1472,347.126,173563,1,data/ds004395/sub-LTP293/ses-5/eeg/sub-LTP293_ses-5_task-ltpFR2_eeg.edf,data/ds004395/sub-LTP293/ses-5/eeg/sub-LTP293_ses-5_task-ltpFR2_events.tsv
LTP293,5,1,17,SUITCASE,1403,349.644,174822,1,data/ds004395/sub-LTP293/ses-5/eeg/sub-LTP293_ses-5_task-ltpFR2_eeg.edf,data/ds004395/sub-LTP293/ses-5/eeg/sub-LTP293_ses-5_task-ltpFR2_events.tsv
LTP293,5,1,18,CHEST,295,352.18,176090,0,data/ds004395/sub-LTP293/ses-5/eeg/sub-LTP293_ses-5_task-ltpFR2_eeg.edf,data/ds004395/sub-LTP293/ses-5/eeg/sub-LTP293_ses-5_task-ltpFR2_events.tsv
LTP293,5,1,19,PALACE,1006,354.882,177441,1,data/ds004395/sub-LTP293/ses-5/eeg/sub-LTP293_ses-5_task-ltpFR2_eeg.edf,data/ds004395/sub-LTP293/ses-5/eeg/sub-LTP293_ses-5_task-ltpFR2_events.tsv
LTP293,5,1,20,PATIENT,1024,357.652,178826,0,data/ds004395/sub-LTP293/ses-5/eeg/sub-LTP293_ses-5_task-ltpFR2_eeg.edf,data/ds004395/sub-LTP293/ses-5/eeg/sub-LTP293_ses-5_task-ltpFR2_events.tsv
LTP293,5,1,21,GROUND,666,360.386,180193,1,data/ds004395/sub-LTP293/ses-5/eeg/sub-LTP293_ses-5_task-ltpFR2_eeg.edf,data/ds004395/sub-LTP293/ses-5/eeg/sub-LTP293_ses-5_task-ltpFR2_events.tsv
LTP293,5,1,22,COFFEE,341,362.838,181419,1,data/ds004395/sub-LTP293/ses-5/eeg/sub-LTP293_ses-5_task-ltpFR2_eeg.edf,data/ds004395/sub-LTP293/ses-5/eeg/sub-LTP293_ses-5_task-ltpFR2_events.tsv
LTP293,5,1,23,CASHIER,254,365.64,182820,1,data/ds004395/sub-LTP293/ses-5/eeg/sub-LTP293_ses-5_task-ltpFR2_eeg.edf,data/ds004395/sub-LTP293/ses-5/eeg/sub-LTP293_ses-5_task-ltpFR2_events.tsv
LTP293,5,1,24,FLAG,573,368.444,184222,0,data/ds004395/sub-LTP293/ses-5/eeg/sub-LTP293_ses-5_task-ltpFR2_eeg.edf,data/ds004395/sub-LTP293/ses-5/eeg/sub-LTP293_ses-5_task-ltpFR2_events.tsv
LTP293,5,2,1,AIRPLANE,12,486.51,243255,1,data/ds004395/sub-LTP293/ses-5/eeg/sub-LTP293_ses-5_task-ltpFR2_eeg.edf,data/ds004395/sub-LTP293/ses-5/eeg/sub-LTP293_ses-5_task-ltpFR2_events.tsv
LTP293,5,2,2,LUMBER,848,488.98,244490,0,data/ds004395/sub-LTP293/ses-5/eeg/sub-LTP293_ses-5_task-ltpFR2_eeg.edf,data/ds004395/sub-LTP293/ses-5/eeg/sub-LTP293_ses-5_task-ltpFR2_events.tsv
LTP293,5,2,3,AIRPORT,13,491.782,245891,1,data/ds004395/sub-LTP293/ses-5/eeg/sub-LTP293_ses-5_task-ltpFR2_eeg.edf,data/ds004395/sub-LTP293/ses-5/eeg/sub-LTP293_ses-5_task-ltpFR2_events.tsv
LTP293,5,2,4,OFFICE,972,494.268,247134,1,data/ds004395/sub-LTP293/ses-5/eeg/sub-LTP293_ses-5_task-ltpFR2_eeg.edf,data/ds004395/sub-LTP293/ses-5/eeg/sub-LTP293_ses-5_task-ltpFR2_events.tsv
LTP293,5,2,5,NIGHTGOWN,953,496.854,248427,1,data/ds004395/sub-LTP293/ses-5/eeg/sub-LTP293_ses-5_task-ltpFR2_eeg.edf,data/ds004395/sub-LTP293/ses-5/eeg/sub-LTP293_ses-5_task-ltpFR2_events.tsv
LTP293,5,2,6,POSTAGE,1113,499.306,249653,0,data/ds004395/sub-LTP293/ses-5/eeg/sub-LTP293_ses-5_task-ltpFR2_eeg.edf,data/ds004395/sub-LTP293/ses-5/eeg/sub-LTP293_ses-5_task-ltpFR2_events.tsv
LTP293,5,2,7,COWBOY,395,501.976,250988,1,data/ds004395/sub-LTP293/ses-5/eeg/sub-LTP293_ses-5_task-ltpFR2_eeg.edf,data/ds004395/sub-LTP293/ses-5/eeg/sub-LTP293_ses-5_task-ltpFR2_events.tsv
LTP293,5,2,8,DORM,488,504.576,252288,1,data/ds004395/sub-LTP293/ses-5/eeg/sub-LTP293_ses-5_task-ltpFR2_eeg.edf,data/ds004395/sub-LTP293/ses-5/eeg/sub-LTP293_ses-5_task-ltpFR2_events.tsv
LTP293,5,2,9,TWISTER,1530,507.112,253556,0,data/ds004395/sub-LTP293/ses-5/eeg/sub-LTP293_ses-5_task-ltpFR2_eeg.edf,data/ds004395/sub-LTP293/ses-5/eeg/sub-LTP293_ses-5_task-ltpFR2_events.tsv
LTP293,5,2,10,JUGGLER,763,509.83,254915,0,data/ds004395/sub-LTP293/ses-5/eeg/sub-LTP293_ses-5_task-ltpFR2_eeg.edf,data/ds004395/sub-LTP293/ses-5/eeg/sub-LTP293_ses-5_task-ltpFR2_events.tsv
LTP293,5,2,11,BASEMENT,94,512.4,256200,0,data/ds004395/sub-LTP293/ses-5/eeg/sub-LTP293_ses-5_task-ltpFR2_eeg.edf,data/ds004395/sub-LTP293/ses-5/eeg/sub-LTP293_ses-5_task-ltpFR2_events.tsv
LTP293,5,2,12,PLUTO,1092,515.168,257584,0,data/ds004395/sub-LTP293/ses-5/eeg/sub-LTP293_ses-5_task-ltpFR2_eeg.edf,data/ds004395/sub-LTP293/ses-5/eeg/sub-LTP293_ses-5_task-ltpFR2_events.tsv
LTP293,5,2,13,HEDGE,699,517.938,258969,0,data/ds004395/sub-LTP293/ses-5/eeg/sub-LTP293_ses-5_task-ltpFR2_eeg.edf,data/ds004395/sub-LTP293/ses-5/eeg/sub-LTP293_ses-5_task-ltpFR2_events.tsv
LTP293,5,2,14,TWIG,1527,520.74,260370,0,data/ds004395/sub-LTP293/ses-5/eeg/sub-LTP293_ses-5_task-ltpFR2_eeg.edf,data/ds004395/sub-LTP293/ses-5/eeg/sub-LTP293_ses-5_task-ltpFR2_events.tsv
LTP293,5,2,15,BROOK,177,523.176,261588,0,data/ds004395/sub-LTP293/ses-5/eeg/sub-LTP293_ses-5_task-ltpFR2_eeg.edf,data/ds004395/sub-LTP293/ses-5/eeg/sub-LTP293_ses-5_task-ltpFR2_events.tsv
LTP293,5,2,16,KIDNEY,776,525.694,262847,0,data/ds004395/sub-LTP293/ses-5/eeg/sub-LTP293_ses-5_task-ltpFR2_eeg.edf,data/ds004395/sub-LTP293/ses-5/eeg/sub-LTP293_ses-5_task-ltpFR2_events.tsv
LTP293,5,2,17,PLAID,1080,528.28,264140,1,data/ds004395/sub-LTP293/ses-5/eeg/sub-LTP293_ses-5_task-ltpFR2_eeg.edf,data/ds004395/sub-LTP293/ses-5/eeg/sub-LTP293_ses-5_task-ltpFR2_events.tsv
LTP293,5,2,18,TABLE,1426,531.116,265558,1,data/ds004395/sub-LTP293/ses-5/eeg/sub-LTP293_ses-5_task-ltpFR2_eeg.edf,data/ds004395/sub-LTP293/ses-5/eeg/sub-LTP293_ses-5_task-ltpFR2_events.tsv
LTP293,5,2,19,COUCH,386,533.568,266784,1,data/ds004395/sub-LTP293/ses-5/eeg/sub-LTP293_ses-5_task-ltpFR2_eeg.edf,data/ds004395/sub-LTP293/ses-5/eeg/sub-LTP293_ses-5_task-ltpFR2_events.tsv
LTP293,5,2,20,STAKE,1368,536.088,268044,1,data/ds004395/sub-LTP293/ses-5/eeg/sub-LTP293_ses-5_task-ltpFR2_eeg.edf,data/ds004395/sub-LTP293/ses-5/eeg/sub-LTP293_ses-5_task-ltpFR2_events.tsv
LTP293,5,2,21,DAUGHTER,442,538.838,269419,1,data/ds004395/sub-LTP293/ses-5/eeg/sub-LTP293_ses-5_task-ltpFR2_eeg.edf,data/ds004395/sub-LTP293/ses-5/eeg/sub-LTP293_ses-5_task-ltpFR2_events.tsv
LTP293,5,2,22,HUSBAND,728,541.308,270654,0,data/ds004395/sub-LTP293/ses-5/eeg/sub-LTP293_ses-5_task-ltpFR2_eeg.edf,data/ds004395/sub-LTP293/ses-5/eeg/sub-LTP293_ses-5_task-ltpFR2_events.tsv
LTP293,5,2,23,WIDOW,1608,544.078,272039,0,data/ds004395/sub-LTP293/ses-5/eeg/sub-LTP293_ses-5_task-ltpFR2_eeg.edf,data/ds004395/sub-LTP293/ses-5/eeg/sub-LTP293_ses-5_task-ltpFR2_events.tsv
LTP293,5,2,24,TYPIST,1532,546.896,273448,1,data/ds004395/sub-LTP293/ses-5/eeg/sub-LTP293_ses-5_task-ltpFR2_eeg.edf,data/ds004395/sub-LTP293/ses-5/eeg/sub-LTP293_ses-5_task-ltpFR2_events.tsv
LTP293,5,3,1,FIDDLE,561,689.818,344909,0,data/ds004395/sub-LTP293/ses-5/eeg/sub-LTP293_ses-5_task-ltpFR2_eeg.edf,data/ds004395/sub-LTP293/ses-5/eeg/sub-LTP293_ses-5_task-ltpFR2_events.tsv
LTP293,5,3,2,BATHTUB,100,692.42,346210,1,data/ds004395/sub-LTP293/ses-5/eeg/sub-LTP293_ses-5_task-ltpFR2_eeg.edf,data/ds004395/sub-LTP293/ses-5/eeg/sub-LTP293_ses-5_task-ltpFR2_events.tsv
LTP293,5,3,3,TROUT,1511,694.972,347486,0,data/ds004395/sub-LTP293/ses-5/eeg/sub-LTP293_ses-5_task-ltpFR2_eeg.edf,data/ds004395/sub-LTP293/ses-5/eeg/sub-LTP293_ses-5_task-ltpFR2_events.tsv
LTP293,5,3,4,CURTAIN,427,697.774,348887,0,data/ds004395/sub-LTP293/ses-5/eeg/sub-LTP293_ses-5_task-ltpFR2_eeg.edf,data/ds004395/sub-LTP293/ses-5/eeg/sub-LTP293_ses-5_task-ltpFR2_events.tsv
LTP293,5,3,5,TORTOISE,1486,700.276,350138,0,data/ds004395/sub-LTP293/ses-5/eeg/sub-LTP293_ses-5_task-ltpFR2_eeg.edf,data/ds004395/sub-LTP293/ses-5/eeg/sub-LTP293_ses-5_task-ltpFR2_events.tsv
LTP293,5,3,6,STOMACH,1384,702.728,351364,1,data/ds004395/sub-LTP293/ses-5/eeg/sub-LTP293_ses-5_task-ltpFR2_eeg.edf,data/ds004395/sub-LTP293/ses-5/eeg/sub-LTP293_ses-5_task-ltpFR2_events.tsv
LTP293,5,3,7,CRICKET,408,705.364,352682,1,data/ds004395/sub-LTP293/ses-5/eeg/sub-LTP293_ses-5_task-ltpFR2_eeg.edf,data/ds004395/sub-LTP293/ses-5/eeg/sub-LTP293_ses-5_task-ltpFR2_events.tsv
LTP293,5,3,8,SLUG,1329,707.816,353908,1,data/ds004395/sub-LTP293/ses-5/eeg/sub-LTP293_ses-5_task-ltpFR2_eeg.edf,data/ds004395/sub-LTP293/ses-5/eeg/sub-LTP293_ses-5_task-ltpFR2_events.tsv
LTP293,5,3,9,PILOT,1070,710.468,355234,1,data/ds004395/sub-LTP293/ses-5/eeg/sub-LTP293_ses-5_task-ltpFR2_eeg.edf,data/ds004395/sub-LTP293/ses-5/eeg/sub-LTP293_ses-5_task-ltpFR2_events.tsv
LTP293,5,3,10,SMOG,1330,713.088,356544,1,data/ds004395/sub-LTP293/ses-5/eeg/sub-LTP293_ses-5_task-ltpFR2_eeg.edf,data/ds004395/sub-LTP293/ses-5/eeg/sub-LTP293_ses-5_task-ltpFR2_events.tsv
LTP293,5,3,11,CLOUD,328,715.706,357853,1,data/ds004395/sub-LTP293/ses-5/eeg/sub-LTP293_ses-5_task-ltpFR2_eeg.edf,data/ds004395/sub-LTP293/ses-5/eeg/sub-LTP293_ses-5_task-ltpFR2_events.tsv
LTP293,5,3,12,BOUQUET,157,718.29,359145,0,data/ds004395/sub-LTP293/ses-5/eeg/sub-LTP293_ses-5_task-ltpFR2_eeg.edf,data/ds004395/sub-LTP293/ses-5/eeg/sub-LTP293_ses-5_task-ltpFR2_events.tsv
LTP293,5,3,13,POPCORN,1104,721.078,360539,0,data/ds004395/sub-LTP293/ses-5/eeg/sub-LTP293_ses-5_task-ltpFR2_eeg.edf,data/ds004395/sub-LTP293/ses-5/eeg/sub-LTP293_ses-5_task-ltpFR2_events.tsv
LTP293,5,3,14,CRITIC,410,723.63,361815,1,data/ds004395/sub-LTP293/ses-5/eeg/sub-LTP293_ses-5_task-ltpFR2_eeg.edf,data/ds004395/sub-LTP293/ses-5/eeg/sub-LTP293_ses-5_task-ltpFR2_events.tsv
LTP293,5,3,15,MILDEW,893,726.414,363207,1,data/ds004395/sub-LTP293/ses-5/eeg/sub-LTP293_ses-5_task-ltpFR2_eeg.edf,data/ds004395/sub-LTP293/ses-5/eeg/sub-LTP293_ses-5_task-ltpFR2_events.tsv
LTP293,5,3,16,SHORTCAKE,1292,729.018,364509,1,data/ds004395/sub-LTP293/ses-5/eeg/sub-LTP293_ses-5_task-ltpFR2_eeg.edf,data/ds004395/sub-LTP293/ses-5/eeg/sub-LTP293_ses-5_task-ltpFR2_events.tsv
LTP293,5,3,17,LIVER,833,731.57,365785,1,data/ds004395/sub-LTP293/ses-5/eeg/sub-LTP293_ses-5_task-ltpFR2_eeg.edf,data/ds004395/sub-LTP293/ses-5/eeg/sub-LTP293_ses-5_task-ltpFR2_events.tsv
LTP293,5,3,18,SLIME,1327,734.322,367161,1,data/ds004395/sub-LTP293/ses-5/eeg/sub-LTP293_ses-5_task-ltpFR2_eeg.edf,data/ds004395/sub-LTP293/ses-5/eeg/sub-LTP293_ses-5_task-ltpFR2_events.tsv
LTP293,5,3,19,MAMMAL,861,736.84,368420,1,data/ds004395/sub-LTP293/ses-5/eeg/sub-LTP293_ses-5_task-ltpFR2_eeg.edf,data/ds004395/sub-LTP293/ses-5/eeg/sub-LTP293_ses-5_task-ltpFR2_events.tsv
LTP293,5,3,20,CABBAGE,210,739.342,369671,1,data/ds004395/sub-LTP293/ses-5/eeg/sub-LTP293_ses-5_task-ltpFR2_eeg.edf,data/ds004395/sub-LTP293/ses-5/eeg/sub-LTP293_ses-5_task-ltpFR2_events.tsv
LTP293,5,3,21,SNAIL,1332,741.812,370906,1,data/ds004395/sub-LTP293/ses-5/eeg/sub-LTP293_ses-5_task-ltpFR2_eeg.edf,data/ds004395/sub-LTP293/ses-5/eeg/sub-LTP293_ses-5_task-ltpFR2_events.tsv
LTP293,5,3,22,DRAWING,494,744.464,372232,1,data/ds004395/sub-LTP293/ses-5/eeg/sub-LTP293_ses-5_task-ltpFR2_eeg.edf,data/ds004395/sub-LTP293/ses-5/eeg/sub-LTP293_ses-5_task-ltpFR2_events.tsv
LTP293,5,3,23,BOYFRIEND,162,747.216,373608,1,data/ds004395/sub-LTP293/ses-5/eeg/sub-LTP293_ses-5_task-ltpFR2_eeg.edf,data/ds004395/sub-LTP293/ses-5/eeg/sub-LTP293_ses-5_task-ltpFR2_events.tsv
LTP293,5,3,24,STATUE,1374,749.718,374859,0,data/ds004395/sub-LTP293/ses-5/eeg/sub-LTP293_ses-5_task-ltpFR2_eeg.edf,data/ds004395/sub-LTP293/ses-5/eeg/sub-LTP293_ses-5_task-ltpFR2_events.tsv
LTP293,5,4,1,TREAT,1501,892.672,446336,1,data/ds004395/sub-LTP293/ses-5/eeg/sub-LTP293_ses-5_task-ltpFR2_eeg.edf,data/ds004395/sub-LTP293/ses-5/eeg/sub-LTP293_ses-5_task-ltpFR2_events.tsv
LTP293,5,4,2,CHILD,299,895.174,447587,1,data/ds004395/sub-LTP293/ses-5/eeg/sub-LTP293_ses-5_task-ltpFR2_eeg.edf,data/ds004395/sub-LTP293/ses-5/eeg/sub-LTP293_ses-5_task-ltpFR2_events.tsv
LTP293,5,4,3,BANK,83,897.726,448863,1,data/ds004395/sub-LTP293/ses-5/eeg/sub-LTP293_ses-5_task-ltpFR2_eeg.edf,data/ds004395/sub-LTP293/ses-5/eeg/sub-LTP293_ses-5_task-ltpFR2_events.tsv
LTP293,5,4,4,CHAUFFEUR,283,900.196,450098,0,data/ds004395/sub-LTP293/ses-5/eeg/sub-LTP293_ses-5_task-ltpFR2_eeg.edf,data/ds004395/sub-LTP293/ses-5/eeg/sub-LTP293_ses-5_task-ltpFR2_events.tsv
LTP293,5,4,5,LILY,821,902.832,451416,1,data/ds004395/sub-LTP293/ses-5/eeg/sub-LTP293_ses-5_task-ltpFR2_eeg.edf,data/ds004395/sub-LTP293/ses-5/eeg/sub-LTP293_ses-5_task-ltpFR2_events.tsv
LTP293,5,4,6,FRAGRANCE,599,905.516,452758,0,data/ds004395/sub-LTP293/ses-5/eeg/sub-LTP293_ses-5_task-ltpFR2_eeg.edf,data/ds004395/sub-LTP293/ses-5/eeg/sub-LTP293_ses-5_task-ltpFR2_events.tsv
LTP293,5,4,7,WHISTLE,1606,907.97,453985,0,data/ds004395/sub-LTP293/ses-5/eeg/sub-LTP293_ses-5_task-ltpFR2_eeg.edf,data/ds004395/sub-LTP293/ses-5/eeg/sub-LTP293_ses-5_task-ltpFR2_events.tsv
LTP293,5,4,8,FLASK,576,910.622,455311,1,data/ds004395/sub-LTP293/ses-5/eeg/sub-LTP293_ses-5_task-ltpFR2_eeg.edf,data/ds004395/sub-LTP293/ses-5/eeg/sub-LTP293_ses-5_task-ltpFR2_events.tsv
LTP293,5,4,9,SCOTCH,1251,913.39,456695,1,data/ds004395/sub-LTP293/ses-5/eeg/sub-LTP293_ses-5_task-ltpFR2_eeg.edf,data/ds004395/sub-LTP293/ses-5/eeg/sub-LTP293_ses-5_task-ltpFR2_events.tsv
LTP293,5,4,10,BUCKET,184,915.976,457988,1,data/ds004395/sub-LTP293/ses-5/eeg/sub-LTP293_ses-5_task-ltpFR2_eeg.edf,data/ds004395/sub-LTP293/ses-5/eeg/sub-LTP293_ses-5_task-ltpFR2_events.tsv
LTP293,5,4,11,GRAVE,658,918.594,459297,0,data/ds004395/sub-LTP293/ses-5/eeg/sub-LTP293_ses-5_task-ltpFR2_eeg.edf,data/ds004395/sub-LTP293/ses-5/eeg/sub-LTP293_ses-5_task-ltpFR2_events.tsv
LTP293,5,4,12,MARKET,871,921.33,460665,0,data/ds004395/sub-LTP293/ses-5/eeg/sub-LTP293_ses-5_task-ltpFR2_eeg.edf,data/ds004395/sub-LTP293/ses-5/eeg/sub-LTP293_ses-5_task-ltpFR2_events.tsv
LTP293,5,4,13,TART,1436,923.832,461916,1,data/ds004395/sub-LTP293/ses-5/eeg/sub-LTP293_ses-5_task-ltpFR2_eeg.edf,data/ds004395/sub-LTP293/ses-5/eeg/sub-LTP293_ses-5_task-ltpFR2_events.tsv
LTP293,5,4,14,HAWK,692,926.502,463251,0,data/ds004395/sub-LTP293/ses-5/eeg/sub-LTP293_ses-5_task-ltpFR2_eeg.edf,data/ds004395/sub-LTP293/ses-5/eeg/sub-LTP293_ses-5_task-ltpFR2_events.tsv
LTP293,5,4,15,ROBIN,1199,929.088,464544,1,data/ds004395/sub-LTP293/ses-5/eeg/sub-LTP293_ses-5_task-ltpFR2_eeg.edf,data/ds004395/sub-LTP293/ses-5/eeg/sub-LTP293_ses-5_task-ltpFR2_events.tsv
LTP293,5,4,16,GRILL,661,931.924,465962,1,data/ds004395/sub-LTP293/ses-5/eeg/sub-LTP293_ses-5_task-ltpFR2_eeg.edf,data/ds004395/sub-LTP293/ses-5/eeg/sub-LTP293_ses-5_task-ltpFR2_events.tsv
LTP293,5,4,17,HORNET,718,934.676,467338,0,data/ds004395/sub-LTP293/ses-5/eeg/sub-LTP293_ses-5_task-ltpFR2_eeg.edf,data/ds004395/sub-LTP293/ses-5/eeg/sub-LTP293_ses-5_task-ltpFR2_events.tsv
LTP293,5,4,18,PORK,1108,937.362,468681,1,data/ds004395/sub-LTP293/ses-5/eeg/sub-LTP293_ses-5_task-ltpFR2_eeg.edf,data/ds004395/sub-LTP293/ses-5/eeg/sub-LTP293_ses-5_task-ltpFR2_events.tsv
LTP293,5,4,19,PORTRAIT,1111,940.146,470073,0,data/ds004395/sub-LTP293/ses-5/eeg/sub-LTP293_ses-5_task-ltpFR2_eeg.edf,data/ds004395/sub-LTP293/ses-5/eeg/sub-LTP293_ses-5_task-ltpFR2_events.tsv
LTP293,5,4,20,RIVER,1194,942.782,471391,1,data/ds004395/sub-LTP293/ses-5/eeg/sub-LTP293_ses-5_task-ltpFR2_eeg.edf,data/ds004395/sub-LTP293/ses-5/eeg/sub-LTP293_ses-5_task-ltpFR2_events.tsv
LTP293,5,4,21,PERMIT,1051,945.55,472775,1,data/ds004395/sub-LTP293/ses-5/eeg/sub-LTP293_ses-5_task-ltpFR2_eeg.edf,data/ds004395/sub-LTP293/ses-5/eeg/sub-LTP293_ses-5_task-ltpFR2_events.tsv
LTP293,5,4,22,STICKER,1382,948.32,474160,1,data/ds004395/sub-LTP293/ses-5/eeg/sub-LTP293_ses-5_task-ltpFR2_eeg.edf,data/ds004395/sub-LTP293/ses-5/eeg/sub-LTP293_ses-5_task-ltpFR2_events.tsv
LTP293,5,4,23,PANTHER,1009,950.924,475462,1,data/ds004395/sub-LTP293/ses-5/eeg/sub-LTP293_ses-5_task-ltpFR2_eeg.edf,data/ds004395/sub-LTP293/ses-5/eeg/sub-LTP293_ses-5_task-ltpFR2_events.tsv
LTP293,5,4,24,MONSTER,912,953.424,476712,1,data/ds004395/sub-LTP293/ses-5/eeg/sub-LTP293_ses-5_task-ltpFR2_eeg.edf,data/ds004395/sub-LTP293/ses-5/eeg/sub-LTP293_ses-5_task-ltpFR2_events.tsv
LTP293,5,5,1,FRUIT,610,1071.324,535662,0,data/ds004395/sub-LTP293/ses-5/eeg/sub-LTP293_ses-5_task-ltpFR2_eeg.edf,data/ds004395/sub-LTP293/ses-5/eeg/sub-LTP293_ses-5_task-ltpFR2_events.tsv
LTP293,5,5,2,SUNSET,1408,1074.078,537039,1,data/ds004395/sub-LTP293/ses-5/eeg/sub-LTP293_ses-5_task-ltpFR2_eeg.edf,data/ds004395/sub-LTP293/ses-5/eeg/sub-LTP293_ses-5_task-ltpFR2_events.tsv
LTP293,5,5,3,SPARROW,1347,1076.746,538373,0,data/ds004395/sub-LTP293/ses-5/eeg/sub-LTP293_ses-5_task-ltpFR2_eeg.edf,data/ds004395/sub-LTP293/ses-5/eeg/sub-LTP293_ses-5_task-ltpFR2_events.tsv
LTP293,5,5,4,BEEF,113,1079.382,539691,1,data/ds004395/sub-LTP293/ses-5/eeg/sub-LTP293_ses-5_task-ltpFR2_eeg.edf,data/ds004395/sub-LTP293/ses-5/eeg/sub-LTP293_ses-5_task-ltpFR2_events.tsv
LTP293,5,5,5,SUNRISE,1407,1082.018,541009,1,data/ds004395/sub-LTP293/ses-5/eeg/sub-LTP293_ses-5_task-ltpFR2_eeg.edf,data/ds004395/sub-LTP293/ses-5/eeg/sub-LTP293_ses-5_task-ltpFR2_events.tsv
LTP293,5,5,6,DIVER,476,1084.686,542343,1,data/ds004395/sub-LTP293/ses-5/eeg/sub-LTP293_ses-5_task-ltpFR2_eeg.edf,data/ds004395/sub-LTP293/ses-5/eeg/sub-LTP293_ses-5_task-ltpFR2_events.tsv
LTP293,5,5,7,RADISH,1158,1087.288,543644,1,data/ds004395/sub-LTP293/ses-5/eeg/sub-LTP293_ses-5_task-ltpFR2_eeg.edf,data/ds004395/sub-LTP293/ses-5/eeg/sub-LTP293_ses-5_task-ltpFR2_events.tsv
LTP293,5,5,8,SALAD,1224,1089.79,544895,1,data/ds004395/sub-LTP293/ses-5/eeg/sub-LTP293_ses-5_task-ltpFR2_eeg.edf,data/ds004395/sub-LTP293/ses-5/eeg/sub-LTP293_ses-5_task-ltpFR2_events.tsv
LTP293,5,5,9,PLATE,1086,1092.56,546280,1,data/ds004395/sub-LTP293/ses-5/eeg/sub-LTP293_ses-5_task-ltpFR2_eeg.edf,data/ds004395/sub-LTP293/ses-5/eeg/sub-LTP293_ses-5_task-ltpFR2_events.tsv
LTP293,5,5,10,SWORD,1423,1095.378,547689,1,data/ds004395/sub-LTP293/ses-5/eeg/sub-LTP293_ses-5_task-ltpFR2_eeg.edf,data/ds004395/sub-LTP293/ses-5/eeg/sub-LTP293_ses-5_task-ltpFR2_events.tsv
LTP293,5,5,11,HUMAN,726,1098.032,549016,1,data/ds004395/sub-LTP293/ses-5/eeg/sub-LTP293_ses-5_task-ltpFR2_eeg.edf,data/ds004395/sub-LTP293/ses-5/eeg/sub-LTP293_ses-5_task-ltpFR2_events.tsv
LTP293,5,5,12,BLENDER,136,1100.682,550341,1,data/ds004395/sub-LTP293/ses-5/eeg/sub-LTP293_ses-5_task-ltpFR2_eeg.edf,data/ds004395/sub-LTP293/ses-5/eeg/sub-LTP293_ses-5_task-ltpFR2_events.tsv
LTP293,5,5,13,TAXI,1438,1103.12,551560,1,data/ds004395/sub-LTP293/ses-5/eeg/sub-LTP293_ses-5_task-ltpFR2_eeg.edf,data/ds004395/sub-LTP293/ses-5/eeg/sub-LTP293_ses-5_task-ltpFR2_events.tsv
LTP293,5,5,14,GALLON,618,1105.888,552944,1,data/ds004395/sub-LTP293/ses-5/eeg/sub-LTP293_ses-5_task-ltpFR2_eeg.edf,data/ds004395/sub-LTP293/ses-5/eeg/sub-LTP293_ses-5_task-ltpFR2_events.tsv
LTP293,5,5,15,SLIDE,1326,1108.656,554328,0,data/ds004395/sub-LTP293/ses-5/eeg/sub-LTP293_ses-5_task-ltpFR2_eeg.edf,data/ds004395/sub-LTP293/ses-5/eeg/sub-LTP293_ses-5_task-ltpFR2_events.tsv
LTP293,5,5,16,FLESH,579,1111.142,555571,1,data/ds004395/sub-LTP293/ses-5/eeg/sub-LTP293_ses-5_task-ltpFR2_eeg.edf,data/ds004395/sub-LTP293/ses-5/eeg/sub-LTP293_ses-5_task-ltpFR2_events.tsv
LTP293,5,5,17,DUST,508,1113.778,556889,1,data/ds004395/sub-LTP293/ses-5/eeg/sub-LTP293_ses-5_task-ltpFR2_eeg.edf,data/ds004395/sub-LTP293/ses-5/eeg/sub-LTP293_ses-5_task-ltpFR2_events.tsv
LTP293,5,5,18,PIANO,1057,1116.28,558140,0,data/ds004395/sub-LTP293/ses-5/eeg/sub-LTP293_ses-5_task-ltpFR2_eeg.edf,data/ds004395/sub-LTP293/ses-5/eeg/sub-LTP293_ses-5_task-ltpFR2_events.tsv
LTP293,5,5,19,MOTOR,922,1118.832,559416,1,data/ds004395/sub-LTP293/ses-5/eeg/sub-LTP293_ses-5_task-ltpFR2_eeg.edf,data/ds004395/sub-LTP293/ses-5/eeg/sub-LTP293_ses-5_task-ltpFR2_events.tsv
LTP293,5,5,20,INFANT,737,1121.318,560659,0,data/ds004395/sub-LTP293/ses-5/eeg/sub-LTP293_ses-5_task-ltpFR2_eeg.edf,data/ds004395/sub-LTP293/ses-5/eeg/sub-LTP293_ses-5_task-ltpFR2_events.tsv
LTP293,5,5,21,FOOT,590,1124.038,562019,0,data/ds004395/sub-LTP293/ses-5/eeg/sub-LTP293_ses-5_task-ltpFR2_eeg.edf,data/ds004395/sub-LTP293/ses-5/eeg/sub-LTP293_ses-5_task-ltpFR2_events.tsv
LTP293,5,5,22,GANGSTER,620,1126.656,563328,1,data/ds004395/sub-LTP293/ses-5/eeg/sub-LTP293_ses-5_task-ltpFR2_eeg.edf,data/ds004395/sub-LTP293/ses-5/eeg/sub-LTP293_ses-5_task-ltpFR2_events.tsv
LTP293,5,5,23,REPORT,1184,1129.092,564546,1,data/ds004395/sub-LTP293/ses-5/eeg/sub-LTP293_ses-5_task-ltpFR2_eeg.edf,data/ds004395/sub-LTP293/ses-5/eeg/sub-LTP293_ses-5_task-ltpFR2_events.tsv
LTP293,5,5,24,BRIEFCASE,175,1131.744,565872,1,data/ds004395/sub-LTP293/ses-5/eeg/sub-LTP293_ses-5_task-ltpFR2_eeg.edf,data/ds004395/sub-LTP293/ses-5/eeg/sub-LTP293_ses-5_task-ltpFR2_events.tsv
LTP293,5,6,1,NOMAD,955,1249.81,624905,1,data/ds004395/sub-LTP293/ses-5/eeg/sub-LTP293_ses-5_task-ltpFR2_eeg.edf,data/ds004395/sub-LTP293/ses-5/eeg/sub-LTP293_ses-5_task-ltpFR2_events.tsv
LTP293,5,6,2,ACTOR,5,1252.578,626289,0,data/ds004395/sub-LTP293/ses-5/eeg/sub-LTP293_ses-5_task-ltpFR2_eeg.edf,data/ds004395/sub-LTP293/ses-5/eeg/sub-LTP293_ses-5_task-ltpFR2_events.tsv
LTP293,5,6,3,ACTRESS,6,1255.198,627599,0,data/ds004395/sub-LTP293/ses-5/eeg/sub-LTP293_ses-5_task-ltpFR2_eeg.edf,data/ds004395/sub-LTP293/ses-5/eeg/sub-LTP293_ses-5_task-ltpFR2_events.tsv
LTP293,5,6,4,PARSLEY,1016,1258.0,629000,1,data/ds004395/sub-LTP293/ses-5/eeg/sub-LTP293_ses-5_task-ltpFR2_eeg.edf,data/ds004395/sub-LTP293/ses-5/eeg/sub-LTP293_ses-5_task-ltpFR2_events.tsv
LTP293,5,6,5,MARKER,870,1260.568,630284,0,data/ds004395/sub-LTP293/ses-5/eeg/sub-LTP293_ses-5_task-ltpFR2_eeg.edf,data/ds004395/sub-LTP293/ses-5/eeg/sub-LTP293_ses-5_task-ltpFR2_events.tsv
LTP293,5,6,6,FRECKLE,602,1263.372,631686,0,data/ds004395/sub-LTP293/ses-5/eeg/sub-LTP293_ses-5_task-ltpFR2_eeg.edf,data/ds004395/sub-LTP293/ses-5/eeg/sub-LTP293_ses-5_task-ltpFR2_events.tsv
LTP293,5,6,7,CONCERT,360,1265.824,632912,1,data/ds004395/sub-LTP293/ses-5/eeg/sub-LTP293_ses-5_task-ltpFR2_eeg.edf,data/ds004395/sub-LTP293/ses-5/eeg/sub-LTP293_ses-5_task-ltpFR2_events.tsv
LTP293,5,6,8,GIRL,637,1268.526,634263,1,data/ds004395/sub-LTP293/ses-5/eeg/sub-LTP293_ses-5_task-ltpFR2_eeg.edf,data/ds004395/sub-LTP293/ses-5/eeg/sub-LTP293_ses-5_task-ltpFR2_events.tsv
LTP293,5,6,9,INMATE,738,1271.03,635515,1,data/ds004395/sub-LTP293/ses-5/eeg/sub-LTP293_ses-5_task-ltpFR2_eeg.edf,data/ds004395/sub-LTP293/ses-5/eeg/sub-LTP293_ses-5_task-ltpFR2_events.tsv
LTP293,5,6,10,BACON,67,1273.53,636765,1,data/ds004395/sub-LTP293/ses-5/eeg/sub-LTP293_ses-5_task-ltpFR2_eeg.edf,data/ds004395/sub-LTP293/ses-5/eeg/sub-LTP293_ses-5_task-ltpFR2_events.tsv
LTP293,5,6,11,SURVEY,1414,1276.15,638075,0,data/ds004395/sub-LTP293/ses-5/eeg/sub-LTP293_ses-5_task-ltpFR2_eeg.edf,data/ds004395/sub-LTP293/ses-5/eeg/sub-LTP293_ses-5_task-ltpFR2_events.tsv
LTP293,5,6,12,ISLAND,745,1278.984,639492,0,data/ds004395/sub-LTP293/ses-5/eeg/sub-LTP293_ses-5_task-ltpFR2_eeg.edf,data/ds004395/sub-LTP293/ses-5/eeg/sub-LTP293_ses-5_task-ltpFR2_events.tsv
LTP293,5,6,13,CONTRACT,368,1281.502,640751,0,data/ds004395/sub-LTP293/ses-5/eeg/sub-LTP293_ses-5_task-ltpFR2_eeg.edf,data/ds004395/sub-LTP293/ses-5/eeg/sub-LTP293_ses-5_task-ltpFR2_events.tsv
LTP293,5,6,14,BEAKER,104,1284.056,642028,1,data/ds004395/sub-LTP293/ses-5/eeg/sub-LTP293_ses-5_task-ltpFR2_eeg.edf,data/ds004395/sub-LTP293/ses-5/eeg/sub-LTP293_ses-5_task-ltpFR2_events.tsv
LTP293,5,6,15,BACKBONE,66,1286.49,643245,0,data/ds004395/sub-LTP293/ses-5/eeg/sub-LTP293_ses-5_task-ltpFR2_eeg.edf,data/ds004395/sub-LTP293/ses-5/eeg/sub-LTP293_ses-5_task-ltpFR2_events.tsv
LTP293,5,6,16,CELLAR,267,1289.226,644613,1,data/ds004395/sub-LTP293/ses-5/eeg/sub-LTP293_ses-5_task-ltpFR2_eeg.edf,data/ds004395/sub-LTP293/ses-5/eeg/sub-LTP293_ses-5_task-ltpFR2_events.tsv
LTP293,5,6,17,TILE,1468,1291.962,645981,1,data/ds004395/sub-LTP293/ses-5/eeg/sub-LTP293_ses-5_task-ltpFR2_eeg.edf,data/ds004395/sub-LTP293/ses-5/eeg/sub-LTP293_ses-5_task-ltpFR2_events.tsv
LTP293,5,6,18,SALMON,1227,1294.732,647366,0,data/ds004395/sub-LTP293/ses-5/eeg/sub-LTP293_ses-5_task-ltpFR2_eeg.edf,data/ds004395/sub-LTP293/ses-5/eeg/sub-LTP293_ses-5_task-ltpFR2_events.tsv
LTP293,5,6,19,FLIPPER,580,1297.25,648625,1,data/ds004395/sub-LTP293/ses-5/eeg/sub-LTP293_ses-5_task-ltpFR2_eeg.edf,data/ds004395/sub-LTP293/ses-5/eeg/sub-LTP293_ses-5_task-ltpFR2_events.tsv
LTP293,5,6,20,PLAYGROUND,1087,1299.836,649918,1,data/ds004395/sub-LTP293/ses-5/eeg/sub-LTP293_ses-5_task-ltpFR2_eeg.edf,data/ds004395/sub-LTP293/ses-5/eeg/sub-LTP293_ses-5_task-ltpFR2_events.tsv
LTP293,5,6,21,CHEMIST,292,1302.304,651152,1,data/ds004395/sub-LTP293/ses-5/eeg/sub-LTP293_ses-5_task-ltpFR2_eeg.edf,data/ds004395/sub-LTP293/ses-5/eeg/sub-LTP293_ses-5_task-ltpFR2_events.tsv
LTP293,5,6,22,CABIN,211,1304.974,652487,1,data/ds004395/sub-LTP293/ses-5/eeg/sub-LTP293_ses-5_task-ltpFR2_eeg.edf,data/ds004395/sub-LTP293/ses-5/eeg/sub-LTP293_ses-5_task-ltpFR2_events.tsv
LTP293,5,6,23,OUTLAW,989,1307.676,653838,1,data/ds004395/sub-LTP293/ses-5/eeg/sub-LTP293_ses-5_task-ltpFR2_eeg.edf,data/ds004395/sub-LTP293/ses-5/eeg/sub-LTP293_ses-5_task-ltpFR2_events.tsv
LTP293,5,6,24,SCISSORS,1250,1310.112,655056,0,data/ds004395/sub-LTP293/ses-5/eeg/sub-LTP293_ses-5_task-ltpFR2_eeg.edf,data/ds004395/sub-LTP293/ses-5/eeg/sub-LTP293_ses-5_task-ltpFR2_events.tsv
LTP293,5,7,1,COIN,343,1428.612,714306,1,data/ds004395/sub-LTP293/ses-5/eeg/sub-LTP293_ses-5_task-ltpFR2_eeg.edf,data/ds004395/sub-LTP293/ses-5/eeg/sub-LTP293_ses-5_task-ltpFR2_events.tsv
LTP293,5,7,2,COUNTRY,388,1431.048,715524,1,data/ds004395/sub-LTP293/ses-5/eeg/sub-LTP293_ses-5_task-ltpFR2_eeg.edf,data/ds004395/sub-LTP293/ses-5/eeg/sub-LTP293_ses-5_task-ltpFR2_events.tsv
LTP293,5,7,3,THREAD,1460,1433.632,716816,1,data/ds004395/sub-LTP293/ses-5/eeg/sub-LTP293_ses-5_task-ltpFR2_eeg.edf,data/ds004395/sub-LTP293/ses-5/eeg/sub-LTP293_ses-5_task-ltpFR2_events.tsv
LTP293,5,7,4,ASIA,46,1436.402,718201,0,data/ds004395/sub-LTP293/ses-5/eeg/sub-LTP293_ses-5_task-ltpFR2_eeg.edf,data/ds004395/sub-LTP293/ses-5/eeg/sub-LTP293_ses-5_task-ltpFR2_events.tsv
LTP293,5,7,5,TRIBE,1505,1438.922,719461,0,data/ds004395/sub-LTP293/ses-5/eeg/sub-LTP293_ses-5_task-ltpFR2_eeg.edf,data/ds004395/sub-LTP293/ses-5/eeg/sub-LTP293_ses-5_task-ltpFR2_events.tsv
LTP293,5,7,6,LAGOON,795,1441.39,720695,0,data/ds004395/sub-LTP293/ses-5/eeg/sub-LTP293_ses-5_task-ltpFR2_eeg.edf,data/ds004395/sub-LTP293/ses-5/eeg/sub-LTP293_ses-5_task-ltpFR2_events.tsv
LTP293,5,7,7,STONE,1385,1443.976,721988,0,data/ds004395/sub-LTP293/ses-5/eeg/sub-LTP293_ses-5_task-ltpFR2_eeg.edf,data/ds004395/sub-LTP293/ses-5/eeg/sub-LTP293_ses-5_task-ltpFR2_events.tsv
LTP293,5,7,8,PEACH,1031,1446.794,723397,0,data/ds004395/sub-LTP293/ses-5/eeg/sub-LTP293_ses-5_task-ltpFR2_eeg.edf,data/ds004395/sub-LTP293/ses-5/eeg/sub-LTP293_ses-5_task-ltpFR2_events.tsv
LTP293,5,7,9,HAMPER,682,1449.362,724681,1,data/ds004395/sub-LTP293/ses-5/eeg/sub-LTP293_ses-5_task-ltpFR2_eeg.edf,data/ds004395/sub-LTP293/ses-5/eeg/sub-LTP293_ses-5_task-ltpFR2_events.tsv
LTP293,5,7,10,SCARF,1246,1451.932,725966,0,data/ds004395/sub-LTP293/ses-5/eeg/sub-LTP293_ses-5_task-ltpFR2_eeg.edf,data/ds004395/sub-LTP293/ses-5/eeg/sub-LTP293_ses-5_task-ltpFR2_events.tsv
LTP293,5,7,11,CRAYON,401,1454.734,727367,0,data/ds004395/sub-LTP293/ses-5/eeg/sub-LTP293_ses-5_task-ltpFR2_eeg.edf,data/ds004395/sub-LTP293/ses-5/eeg/sub-LTP293_ses-5_task-ltpFR2_events.tsv
LTP293,5,7,12,RIFLE,1192,1457.32,728660,0,data/ds004395/sub-LTP293/ses-5/eeg/sub-LTP293_ses-5_task-ltpFR2_eeg.edf,data/ds004395/sub-LTP293/ses-5/eeg/sub-LTP293_ses-5_task-ltpFR2_events.tsv
LTP293,5,7,13,STAPLE,1371,1460.006,730003,0,data/ds004395/sub-LTP293/ses-5/eeg/sub-LTP293_ses-5_task-ltpFR2_eeg.edf,data/ds004395/sub-LTP293/ses-5/eeg/sub-LTP293_ses-5_task-ltpFR2_events.tsv
LTP293,5,7,14,HELMET,702,1462.458,731229,0,data/ds004395/sub-LTP293/ses-5/eeg/sub-LTP293_ses-5_task-ltpFR2_eeg.edf,data/ds004395/sub-LTP293/ses-5/eeg/sub-LTP293_ses-5_task-ltpFR2_events.tsv
LTP293,5,7,15,PEBBLE,1035,1465.194,732597,0,data/ds004395/sub-LTP293/ses-5/eeg/sub-LTP293_ses-5_task-ltpFR2_eeg.edf,data/ds004395/sub-LTP293/ses-5/eeg/sub-LTP293_ses-5_task-ltpFR2_events.tsv
LTP293,5,7,16,LONDON,843,1467.746,733873,0,data/ds004395/sub-LTP293/ses-5/eeg/sub-LTP293_ses-5_task-ltpFR2_eeg.edf,data/ds004395/sub-LTP293/ses-5/eeg/sub-LTP293_ses-5_task-ltpFR2_events.tsv
LTP293,5,7,17,PEPPER,1047,1470.23,735115,1,data/ds004395/sub-LTP293/ses-5/eeg/sub-LTP293_ses-5_task-ltpFR2_eeg.edf,data/ds004395/sub-LTP293/ses-5/eeg/sub-LTP293_ses-5_task-ltpFR2_events.tsv
LTP293,5,7,18,SALT,1229,1473.0,736500,1,data/ds004395/sub-LTP293/ses-5/eeg/sub-LTP293_ses-5_task-ltpFR2_eeg.edf,data/ds004395/sub-LTP293/ses-5/eeg/sub-LTP293_ses-5_task-ltpFR2_events.tsv
LTP293,5,7,19,BRACES,164,1475.502,737751,0,data/ds004395/sub-LTP293/ses-5/eeg/sub-LTP293_ses-5_task-ltpFR2_eeg.edf,data/ds004395/sub-LTP293/ses-5/eeg/sub-LTP293_ses-5_task-ltpFR2_events.tsv
LTP293,5,7,20,FIREPLACE,570,1478.186,739093,0,data/ds004395/sub-LTP293/ses-5/eeg/sub-LTP293_ses-5_task-ltpFR2_eeg.edf,data/ds004395/sub-LTP293/ses-5/eeg/sub-LTP293_ses-5_task-ltpFR2_events.tsv
LTP293,5,7,21,SEAFOOD,1260,1480.84,740420,0,data/ds004395/sub-LTP293/ses-5/eeg/sub-LTP293_ses-5_task-ltpFR2_eeg.edf,data/ds004395/sub-LTP293/ses-5/eeg/sub-LTP293_ses-5_task-ltpFR2_events.tsv
LTP293,5,7,22,BURGLAR,200,1483.642,741821,0,data/ds004395/sub-LTP293/ses-5/eeg/sub-LTP293_ses-5_task-ltpFR2_eeg.edf,data/ds004395/sub-LTP293/ses-5/eeg/sub-LTP293_ses-5_task-ltpFR2_events.tsv
LTP293,5,7,23,BRICK,172,1486.36,743180,1,data/ds004395/sub-LTP293/ses-5/eeg/sub-LTP293_ses-5_task-ltpFR2_eeg.edf,data/ds004395/sub-LTP293/ses-5/eeg/sub-LTP293_ses-5_task-ltpFR2_events.tsv
LTP293,5,7,24,ANTLER,29,1489.114,744557,1,data/ds004395/sub-LTP293/ses-5/eeg/sub-LTP293_ses-5_task-ltpFR2_eeg.edf,data/ds004395/sub-LTP293/ses-5/eeg/sub-LTP293_ses-5_task-ltpFR2_events.tsv
LTP293,5,8,1,VENUS,1557,1607.164,803582,1,data/ds004395/sub-LTP293/ses-5/eeg/sub-LTP293_ses-5_task-ltpFR2_eeg.edf,data/ds004395/sub-LTP293/ses-5/eeg/sub-LTP293_ses-5_task-ltpFR2_events.tsv
LTP293,5,8,2,HORSE,719,1609.918,804959,1,data/ds004395/sub-LTP293/ses-5/eeg/sub-LTP293_ses-5_task-ltpFR2_eeg.edf,data/ds004395/sub-LTP293/ses-5/eeg/sub-LTP293_ses-5_task-ltpFR2_events.tsv
LTP293,5,8,3,XEROX,1628,1612.568,806284,0,data/ds004395/sub-LTP293/ses-5/eeg/sub-LTP293_ses-5_task-ltpFR2_eeg.edf,data/ds004395/sub-LTP293/ses-5/eeg/sub-LTP293_ses-5_task-ltpFR2_events.tsv
LTP293,5,8,4,ROBOT,1200,1615.304,807652,0,data/ds004395/sub-LTP293/ses-5/eeg/sub-LTP293_ses-5_task-ltpFR2_eeg.edf,data/ds004395/sub-LTP293/ses-5/eeg/sub-LTP293_ses-5_task-ltpFR2_events.tsv
LTP293,5,8,5,PIGMENT,1066,1617.806,808903,0,data/ds004395/sub-LTP293/ses-5/eeg/sub-LTP293_ses-5_task-ltpFR2_eeg.edf,data/ds004395/sub-LTP293/ses-5/eeg/sub-LTP293_ses-5_task-ltpFR2_events.tsv
LTP293,5,8,6,BREAST,171,1620.374,810187,0,data/ds004395/sub-LTP293/ses-5/eeg/sub-LTP293_ses-5_task-ltpFR2_eeg.edf,data/ds004395/sub-LTP293/ses-5/eeg/sub-LTP293_ses-5_task-ltpFR2_events.tsv
LTP293,5,8,7,PUPPY,1144,1623.11,811555,1,data/ds004395/sub-LTP293/ses-5/eeg/sub-LTP293_ses-5_task-ltpFR2_eeg.edf,data/ds004395/sub-LTP293/ses-5/eeg/sub-LTP293_ses-5_task-ltpFR2_events.tsv
LTP293,5,8,8,FOX,598,1625.628,812814,1,data/ds004395/sub-LTP293/ses-5/eeg/sub-LTP293_ses-5_task-ltpFR2_eeg.edf,data/ds004395/sub-LTP293/ses-5/eeg/sub-LTP293_ses-5_task-ltpFR2_events.tsv
LTP293,5,8,9,PIGEON,1065,1628.414,814207,1,data/ds004395/sub-LTP293/ses-5/eeg/sub-LTP293_ses-5_task-ltpFR2_eeg.edf,data/ds004395/sub-LTP293/ses-5/eeg/sub-LTP293_ses-5_task-ltpFR2_events.tsv
LTP293,5,8,10,SIBLING,1301,1631.168,815584,0,data/ds004395/sub-LTP293/ses-5/eeg/sub-LTP293_ses-5_task-ltpFR2_eeg.edf,data/ds004395/sub-LTP293/ses-5/eeg/sub-LTP293_ses-5_task-ltpFR2_events.tsv
LTP293,5,8,11,MARROW,872,1633.988,816994,0,data/ds004395/sub-LTP293/ses-5/eeg/sub-LTP293_ses-5_task-ltpFR2_eeg.edf,data/ds004395/sub-LTP293/ses-5/eeg/sub-LTP293_ses-5_task-ltpFR2_events.tsv
LTP293,5,8,12,GHETTO,633,1636.622,818311,0,data/ds004395/sub-LTP293/ses-5/eeg/sub-LTP293_ses-5_task-ltpFR2_eeg.edf,data/ds004395/sub-LTP293/ses-5/eeg/sub-LTP293_ses-5_task-ltpFR2_events.tsv
LTP293,5,8,13,DONOR,485,1639.208,819604,0,data/ds004395/sub-LTP293/ses-5/eeg/sub-LTP293_ses-5_task-ltpFR2_eeg.edf,data/ds004395/sub-LTP293/ses-5/eeg/sub-LTP293_ses-5_task-ltpFR2_events.tsv
LTP293,5,8,14,HEART,697,1641.826,820913,0,data/ds004395/sub-LTP293/ses-5/eeg/sub-LTP293_ses-5_task-ltpFR2_eeg.edf,data/ds004395/sub-LTP293/ses-5/eeg/sub-LTP293_ses-5_task-ltpFR2_events.tsv
LTP293,5,8,15,MATCH,878,1644.462,822231,0,data/ds004395/sub-LTP293/ses-5/eeg/sub-LTP293_ses-5_task-ltpFR2_eeg.edf,data/ds004395/sub-LTP293/ses-5/eeg/sub-LTP293_ses-5_task-ltpFR2_events.tsv
LTP293,5,8,16,CATTLE,261,1647.18,823590,1,data/ds004395/sub-LTP293/ses-5/eeg/sub-LTP293_ses-5_task-ltpFR2_eeg.edf,data/ds004395/sub-LTP293/ses-5/eeg/sub-LTP293_ses-5_task-ltpFR2_events.tsv
LTP293,5,8,17,CLOCK,325,1649.816,824908,0,data/ds004395/sub-LTP293/ses-5/eeg/sub-LTP293_ses-5_task-ltpFR2_eeg.edf,data/ds004395/sub-LTP293/ses-5/eeg/sub-LTP293_ses-5_task-ltpFR2_events.tsv
LTP293,5,8,18,SUPPER,1411,1652.386,826193,0,data/ds004395/sub-LTP293/ses-5/eeg/sub-LTP293_ses-5_task-ltpFR2_eeg.edf,data/ds004395/sub-LTP293/ses-5/eeg/sub-LTP293_ses-5_task-ltpFR2_events.tsv
LTP293,5,8,19,WASHER,1592,1654.906,827453,1,data/ds004395/sub-LTP293/ses-5/eeg/sub-LTP293_ses-5_task-ltpFR2_eeg.edf,data/ds004395/sub-LTP293/ses-5/eeg/sub-LTP293_ses-5_task-ltpFR2_events.tsv
LTP293,5,8,20,BROTHER,179,1657.69,828845,0,data/ds004395/sub-LTP293/ses-5/eeg/sub-LTP293_ses-5_task-ltpFR2_eeg.edf,data/ds004395/sub-LTP293/ses-5/eeg/sub-LTP293_ses-5_task-ltpFR2_events.tsv
LTP293,5,8,21,JURY,766,1660.242,830121,1,data/ds004395/sub-LTP293/ses-5/eeg/sub-LTP293_ses-5_task-ltpFR2_eeg.edf,data/ds004395/sub-LTP293/ses-5/eeg/sub-LTP293_ses-5_task-ltpFR2_events.tsv
LTP293,5,8,22,SILK,1307,1662.928,831464,1,data/ds004395/sub-LTP293/ses-5/eeg/sub-LTP293_ses-5_task-ltpFR2_eeg.edf,data/ds004395/sub-LTP293/ses-5/eeg/sub-LTP293_ses-5_task-ltpFR2_events.tsv
LTP293,5,8,23,LAVA,804,1665.48,832740,1,data/ds004395/sub-LTP293/ses-5/eeg/sub-LTP293_ses-5_task-ltpFR2_eeg.edf,data/ds004395/sub-LTP293/ses-5/eeg/sub-LTP293_ses-5_task-ltpFR2_events.tsv
LTP293,5,8,24,FOREHEAD,592,1668.248,834124,1,data/ds004395/sub-LTP293/ses-5/eeg/sub-LTP293_ses-5_task-ltpFR2_eeg.edf,data/ds004395/sub-LTP293/ses-5/eeg/sub-LTP293_ses-5_task-ltpFR2_events.tsv
LTP293,5,9,1,AWARD,63,1999.748,999874,1,data/ds004395/sub-LTP293/ses-5/eeg/sub-LTP293_ses-5_task-ltpFR2_eeg.edf,data/ds004395/sub-LTP293/ses-5/eeg/sub-LTP293_ses-5_task-ltpFR2_events.tsv
LTP293,5,9,2,NURSE,963,2002.398,1001199,0,data/ds004395/sub-LTP293/ses-5/eeg/sub-LTP293_ses-5_task-ltpFR2_eeg.edf,data/ds004395/sub-LTP293/ses-5/eeg/sub-LTP293_ses-5_task-ltpFR2_events.tsv
LTP293,5,9,3,GREASE,660,2005.218,1002609,1,data/ds004395/sub-LTP293/ses-5/eeg/sub-LTP293_ses-5_task-ltpFR2_eeg.edf,data/ds004395/sub-LTP293/ses-5/eeg/sub-LTP293_ses-5_task-ltpFR2_events.tsv
LTP293,5,9,4,PISTON,1076,2007.704,1003852,0,data/ds004395/sub-LTP293/ses-5/eeg/sub-LTP293_ses-5_task-ltpFR2_eeg.edf,data/ds004395/sub-LTP293/ses-5/eeg/sub-LTP293_ses-5_task-ltpFR2_events.tsv
LTP293,5,9,5,KNIFE,785,2010.406,1005203,0,data/ds004395/sub-LTP293/ses-5/eeg/sub-LTP293_ses-5_task-ltpFR2_eeg.edf,data/ds004395/sub-LTP293/ses-5/eeg/sub-LTP293_ses-5_task-ltpFR2_events.tsv
LTP293,5,9,6,TUNNEL,1519,2013.01,1006505,1,data/ds004395/sub-LTP293/ses-5/eeg/sub-LTP293_ses-5_task-ltpFR2_eeg.edf,data/ds004395/sub-LTP293/ses-5/eeg/sub-LTP293_ses-5_task-ltpFR2_events.tsv
LTP293,5,9,7,GARBAGE,622,2015.478,1007739,1,data/ds004395/sub-LTP293/ses-5/eeg/sub-LTP293_ses-5_task-ltpFR2_eeg.edf,data/ds004395/sub-LTP293/ses-5/eeg/sub-LTP293_ses-5_task-ltpFR2_events.tsv
LTP293,5,9,8,PLIERS,1089,2018.014,1009007,1,data/ds004395/sub-LTP293/ses-5/eeg/sub-LTP293_ses-5_task-ltpFR2_eeg.edf,data/ds004395/sub-LTP293/ses-5/eeg/sub-LTP293_ses-5_task-ltpFR2_events.tsv
LTP293,5,9,9,PISTOL,1075,2020.816,1010408,0,data/ds004395/sub-LTP293/ses-5/eeg/sub-LTP293_ses-5_task-ltpFR2_eeg.edf,data/ds004395/sub-LTP293/ses-5/eeg/sub-LTP293_ses-5_task-ltpFR2_events.tsv
LTP293,5,9,10,SHORTS,1293,2023.3,1011650,0,data/ds004395/sub-LTP293/ses-5/eeg/sub-LTP293_ses-5_task-ltpFR2_eeg.edf,data/ds004395/sub-LTP293/ses-5/eeg/sub-LTP293_ses-5_task-ltpFR2_events.tsv
LTP293,5,9,11,LASER,801,2026.054,1013027,0,data/ds004395/sub-LTP293/ses-5/eeg/sub-LTP293_ses-5_task-ltpFR2_eeg.edf,data/ds004395/sub-LTP293/ses-5/eeg/sub-LTP293_ses-5_task-ltpFR2_events.tsv
LTP293,5,9,12,JELLY,755,2028.756,1014378,1,data/ds004395/sub-LTP293/ses-5/eeg/sub-LTP293_ses-5_task-ltpFR2_eeg.edf,data/ds004395/sub-LTP293/ses-5/eeg/sub-LTP293_ses-5_task-ltpFR2_events.tsv
LTP293,5,9,13,GOBLIN,645,2031.492,1015746,0,data/ds004395/sub-LTP293/ses-5/eeg/sub-LTP293_ses-5_task-ltpFR2_eeg.edf,data/ds004395/sub-LTP293/ses-5/eeg/sub-LTP293_ses-5_task-ltpFR2_events.tsv
LTP293,5,9,14,BLOUSE,139,2034.16,1017080,0,data/ds004395/sub-LTP293/ses-5/eeg/sub-LTP293_ses-5_task-ltpFR2_eeg.edf,data/ds004395/sub-LTP293/ses-5/eeg/sub-LTP293_ses-5_task-ltpFR2_events.tsv
LTP293,5,9,15,MARINE,869,2036.812,1018406,1,data/ds004395/sub-LTP293/ses-5/eeg/sub-LTP293_ses-5_task-ltpFR2_eeg.edf,data/ds004395/sub-LTP293/ses-5/eeg/sub-LTP293_ses-5_task-ltpFR2_events.tsv
LTP293,5,9,16,CRIB,407,2039.548,1019774,0,data/ds004395/sub-LTP293/ses-5/eeg/sub-LTP293_ses-5_task-ltpFR2_eeg.edf,data/ds004395/sub-LTP293/ses-5/eeg/sub-LTP293_ses-5_task-ltpFR2_events.tsv
LTP293,5,9,17,CANAL,226,2042.166,1021083,1,data/ds004395/sub-LTP293/ses-5/eeg/sub-LTP293_ses-5_task-ltpFR2_eeg.edf,data/ds004395/sub-LTP293/ses-5/eeg/sub-LTP293_ses-5_task-ltpFR2_events.tsv
LTP293,5,9,18,HOOK,715,2044.936,1022468,0,data/ds004395/sub-LTP293/ses-5/eeg/sub-LTP293_ses-5_task-ltpFR2_eeg.edf,data/ds004395/sub-LTP293/ses-5/eeg/sub-LTP293_ses-5_task-ltpFR2_events.tsv
LTP293,5,9,19,SADDLE,1221,2047.706,1023853,1,data/ds004395/sub-LTP293/ses-5/eeg/sub-LTP293_ses-5_task-ltpFR2_eeg.edf,data/ds004395/sub-LTP293/ses-5/eeg/sub-LTP293_ses-5_task-ltpFR2_events.tsv
LTP293,5,9,20,STALLION,1369,2050.172,1025086,1,data/ds004395/sub-LTP293/ses-5/eeg/sub-LTP293_ses-5_task-ltpFR2_eeg.edf,data/ds004395/sub-LTP293/ses-5/eeg/sub-LTP293_ses-5_task-ltpFR2_events.tsv
LTP293,5,9,21,HATCHET,691,2052.858,1026429,0,data/ds004395/sub-LTP293/ses-5/eeg/sub-LTP293_ses-5_task-ltpFR2_eeg.edf,data/ds004395/sub-LTP293/ses-5/eeg/sub-LTP293_ses-5_task-ltpFR2_events.tsv
LTP293,5,9,22,MAILBOX,857,2055.544,1027772,0,data/ds004395/sub-LTP293/ses-5/eeg/sub-LTP293_ses-5_task-ltpFR2_eeg.edf,data/ds004395/sub-LTP293/ses-5/eeg/sub-LTP293_ses-5_task-ltpFR2_events.tsv
LTP293,5,9,23,GIFT,635,2058.23,1029115,1,data/ds004395/sub-LTP293/ses-5/eeg/sub-LTP293_ses-5_task-ltpFR2_eeg.edf,data/ds004395/sub-LTP293/ses-5/eeg/sub-LTP293_ses-5_task-ltpFR2_events.tsv
LTP293,5,9,24,KETCHUP,771,2060.748,1030374,1,data/ds004395/sub-LTP293/ses-5/eeg/sub-LTP293_ses-5_task-ltpFR2_eeg.edf,data/ds004395/sub-LTP293/ses-5/eeg/sub-LTP293_ses-5_task-ltpFR2_events.tsv
LTP293,5,10,1,ANKLE,24,2203.77,1101885,1,data/ds004395/sub-LTP293/ses-5/eeg/sub-LTP293_ses-5_task-ltpFR2_eeg.edf,data/ds004395/sub-LTP293/ses-5/eeg/sub-LTP293_ses-5_task-ltpFR2_events.tsv
LTP293,5,10,2,LACE,792,2206.422,1103211,0,data/ds004395/sub-LTP293/ses-5/eeg/sub-LTP293_ses-5_task-ltpFR2_eeg.edf,data/ds004395/sub-LTP293/ses-5/eeg/sub-LTP293_ses-5_task-ltpFR2_events.tsv
LTP293,5,10,3,SHIRT,1287,2208.992,1104496,1,data/ds004395/sub-LTP293/ses-5/eeg/sub-LTP293_ses-5_task-ltpFR2_eeg.edf,data/ds004395/sub-LTP293/ses-5/eeg/sub-LTP293_ses-5_task-ltpFR2_events.tsv
LTP293,5,10,4,UMPIRE,1535,2211.526,1105763,1,data/ds004395/sub-LTP293/ses-5/eeg/sub-LTP293_ses-5_task-ltpFR2_eeg.edf,data/ds004395/sub-LTP293/ses-5/eeg/sub-LTP293_ses-5_task-ltpFR2_events.tsv
LTP293,5,10,5,DRESS,495,2214.262,1107131,1,data/ds004395/sub-LTP293/ses-5/eeg/sub-LTP293_ses-5_task-ltpFR2_eeg.edf,data/ds004395/sub-LTP293/ses-5/eeg/sub-LTP293_ses-5_task-ltpFR2_events.tsv
LTP293,5,10,6,BUREAU,199,2216.916,1108458,0,data/ds004395/sub-LTP293/ses-5/eeg/sub-LTP293_ses-5_task-ltpFR2_eeg.edf,data/ds004395/sub-LTP293/ses-5/eeg/sub-LTP293_ses-5_task-ltpFR2_events.tsv
LTP293,5,10,7,HAND,683,2219.4,1109700,1,data/ds004395/sub-LTP293/ses-5/eeg/sub-LTP293_ses-5_task-ltpFR2_eeg.edf,data/ds004395/sub-LTP293/ses-5/eeg/sub-LTP293_ses-5_task-ltpFR2_events.tsv
LTP293,5,10,8,FRIAR,605,2221.954,1110977,0,data/ds004395/sub-LTP293/ses-5/eeg/sub-LTP293_ses-5_task-ltpFR2_eeg.edf,data/ds004395/sub-LTP293/ses-5/eeg/sub-LTP293_ses-5_task-ltpFR2_events.tsv
LTP293,5,10,9,TEMPLE,1448,2224.472,1112236,0,data/ds004395/sub-LTP293/ses-5/eeg/sub-LTP293_ses-5_task-ltpFR2_eeg.edf,data/ds004395/sub-LTP293/ses-5/eeg/sub-LTP293_ses-5_task-ltpFR2_events.tsv
LTP293,5,10,10,SCARECROW,1245,2227.158,1113579,0,data/ds004395/sub-LTP293/ses-5/eeg/sub-LTP293_ses-5_task-ltpFR2_eeg.edf,data/ds004395/sub-LTP293/ses-5/eeg/sub-LTP293_ses-5_task-ltpFR2_events.tsv
LTP293,5,10,11,DOLPHIN,483,2229.978,1114989,0,data/ds004395/sub-LTP293/ses-5/eeg/sub-LTP293_ses-5_task-ltpFR2_eeg.edf,data/ds004395/sub-LTP293/ses-5/eeg/sub-LTP293_ses-5_task-ltpFR2_events.tsv
LTP293,5,10,12,CLAMP,316,2232.546,1116273,0,data/ds004395/sub-LTP293/ses-5/eeg/sub-LTP293_ses-5_task-ltpFR2_eeg.edf,data/ds004395/sub-LTP293/ses-5/eeg/sub-LTP293_ses-5_task-ltpFR2_events.tsv
LTP293,5,10,13,DASHBOARD,441,2235.032,1117516,1,data/ds004395/sub-LTP293/ses-5/eeg/sub-LTP293_ses-5_task-ltpFR2_eeg.edf,data/ds004395/sub-LTP293/ses-5/eeg/sub-LTP293_ses-5_task-ltpFR2_events.tsv
LTP293,5,10,14,BARLEY,88,2237.866,1118933,0,data/ds004395/sub-LTP293/ses-5/eeg/sub-LTP293_ses-5_task-ltpFR2_eeg.edf,data/ds004395/sub-LTP293/ses-5/eeg/sub-LTP293_ses-5_task-ltpFR2_events.tsv
LTP293,5,10,15,SLOPE,1328,2240.386,1120193,0,data/ds004395/sub-LTP293/ses-5/eeg/sub-LTP293_ses-5_task-ltpFR2_eeg.edf,data/ds004395/sub-LTP293/ses-5/eeg/sub-LTP293_ses-5_task-ltpFR2_events.tsv
LTP293,5,10,16,SHOULDER,1294,2243.004,1121502,1,data/ds004395/sub-LTP293/ses-5/eeg/sub-LTP293_ses-5_task-ltpFR2_eeg.edf,data/ds004395/sub-LTP293/ses-5/eeg/sub-LTP293_ses-5_task-ltpFR2_events.tsv
LTP293,5,10,17,SWAMP,1416,2245.64,1122820,1,data/ds004395/sub-LTP293/ses-5/eeg/sub-LTP293_ses-5_task-ltpFR2_eeg.edf,data/ds004395/sub-LTP293/ses-5/eeg/sub-LTP293_ses-5_task-ltpFR2_events.tsv
LTP293,5,10,18,GRAPE,654,2248.458,1124229,0,data/ds004395/sub-LTP293/ses-5/eeg/sub-LTP293_ses-5_task-ltpFR2_eeg.edf,data/ds004395/sub-LTP293/ses-5/eeg/sub-LTP293_ses-5_task-ltpFR2_events.tsv
LTP293,5,10,19,BRANCH,168,2251.112,1125556,1,data/ds004395/sub-LTP293/ses-5/eeg/sub-LTP293_ses-5_task-ltpFR2_eeg.edf,data/ds004395/sub-LTP293/ses-5/eeg/sub-LTP293_ses-5_task-ltpFR2_events.tsv
LTP293,5,10,20,CONVICT,371,2253.762,1126881,1,data/ds004395/sub-LTP293/ses-5/eeg/sub-LTP293_ses-5_task-ltpFR2_eeg.edf,data/ds004395/sub-LTP293/ses-5/eeg/sub-LTP293_ses-5_task-ltpFR2_events.tsv
LTP293,5,10,21,SUSPECT,1415,2256.416,1128208,1,data/ds004395/sub-LTP293/ses-5/eeg/sub-LTP293_ses-5_task-ltpFR2_eeg.edf,data/ds004395/sub-LTP293/ses-5/eeg/sub-LTP293_ses-5_task-ltpFR2_events.tsv
LTP293,5,10,22,BUBBLE,183,2258.934,1129467,1,data/ds004395/sub-LTP293/ses-5/eeg/sub-LTP293_ses-5_task-ltpFR2_eeg.edf,data/ds004395/sub-LTP293/ses-5/eeg/sub-LTP293_ses-5_task-ltpFR2_events.tsv
LTP293,5,10,23,BLACKBOARD,133,2261.67,1130835,1,data/ds004395/sub-LTP293/ses-5/eeg/sub-LTP293_ses-5_task-ltpFR2_eeg.edf,data/ds004395/sub-LTP293/ses-5/eeg/sub-LTP293_ses-5_task-ltpFR2_events.tsv
LTP293,5,10,24,SKIRT,1319,2264.438,1132219,1,data/ds004395/sub-LTP293/ses-5/eeg/sub-LTP293_ses-5_task-ltpFR2_eeg.edf,data/ds004395/sub-LTP293/ses-5/eeg/sub-LTP293_ses-5_task-ltpFR2_events.tsv
LTP293,5,11,1,APRON,35,2382.556,1191278,1,data/ds004395/sub-LTP293/ses-5/eeg/sub-LTP293_ses-5_task-ltpFR2_eeg.edf,data/ds004395/sub-LTP293/ses-5/eeg/sub-LTP293_ses-5_task-ltpFR2_events.tsv
LTP293,5,11,2,GARLIC,624,2385.358,1192679,0,data/ds004395/sub-LTP293/ses-5/eeg/sub-LTP293_ses-5_task-ltpFR2_eeg.edf,data/ds004395/sub-LTP293/ses-5/eeg/sub-LTP293_ses-5_task-ltpFR2_events.tsv
LTP293,5,11,3,PUPIL,1143,2387.878,1193939,1,data/ds004395/sub-LTP293/ses-5/eeg/sub-LTP293_ses-5_task-ltpFR2_eeg.edf,data/ds004395/sub-LTP293/ses-5/eeg/sub-LTP293_ses-5_task-ltpFR2_events.tsv
LTP293,5,11,4,EAGLE,512,2390.546,1195273,0,data/ds004395/sub-LTP293/ses-5/eeg/sub-LTP293_ses-5_task-ltpFR2_eeg.edf,data/ds004395/sub-LTP293/ses-5/eeg/sub-LTP293_ses-5_task-ltpFR2_events.tsv
LTP293,5,11,5,KNAPSACK,783,2392.998,1196499,0,data/ds004395/sub-LTP293/ses-5/eeg/sub-LTP293_ses-5_task-ltpFR2_eeg.edf,data/ds004395/sub-LTP293/ses-5/eeg/sub-LTP293_ses-5_task-ltpFR2_events.tsv
LTP293,5,11,6,MEAT,883,2395.634,1197817,0,data/ds004395/sub-LTP293/ses-5/eeg/sub-LTP293_ses-5_task-ltpFR2_eeg.edf,data/ds004395/sub-LTP293/ses-5/eeg/sub-LTP293_ses-5_task-ltpFR2_events.tsv
LTP293,5,11,7,BISON,131,2398.104,1199052,0,data/ds004395/sub-LTP293/ses-5/eeg/sub-LTP293_ses-5_task-ltpFR2_eeg.edf,data/ds004395/sub-LTP293/ses-5/eeg/sub-LTP293_ses-5_task-ltpFR2_events.tsv
LTP293,5,11,8,MUFFIN,929,2400.538,1200269,0,data/ds004395/sub-LTP293/ses-5/eeg/sub-LTP293_ses-5_task-ltpFR2_eeg.edf,data/ds004395/sub-LTP293/ses-5/eeg/sub-LTP293_ses-5_task-ltpFR2_events.tsv
LTP293,5,11,9,TUTU,1524,2403.374,1201687,1,data/ds004395/sub-LTP293/ses-5/eeg/sub-LTP293_ses-5_task-ltpFR2_eeg.edf,data/ds004395/sub-LTP293/ses-5/eeg/sub-LTP293_ses-5_task-ltpFR2_events.tsv
LTP293,5,11,10,JEANS,752,2405.926,1202963,1,data/ds004395/sub-LTP293/ses-5/eeg/sub-LTP293_ses-5_task-ltpFR2_eeg.edf,data/ds004395/sub-LTP293/ses-5/eeg/sub-LTP293_ses-5_task-ltpFR2_events.tsv
LTP293,5,11,11,ZIPPER,1636,2408.578,1204289,1,data/ds004395/sub-LTP293/ses-5/eeg/sub-LTP293_ses-5_task-ltpFR2_eeg.edf,data/ds004395/sub-LTP293/ses-5/eeg/sub-LTP293_ses-5_task-ltpFR2_events.tsv
LTP293,5,11,12,TROMBONE,1508,2411.398,1205699,0,data/ds004395/sub-LTP293/ses-5/eeg/sub-LTP293_ses-5_task-ltpFR2_eeg.edf,data/ds004395/sub-LTP293/ses-5/eeg/sub-LTP293_ses-5_task-ltpFR2_events.tsv
LTP293,5,11,13,VAGRANT,1544,2413.934,1206967,1,data/ds004395/sub-LTP293/ses-5/eeg/sub-LTP293_ses-5_task-ltpFR2_eeg.edf,data/ds004395/sub-LTP293/ses-5/eeg/sub-LTP293_ses-5_task-ltpFR2_events.tsv
LTP293,5,11,14,TURKEY,1520,2416.484,1208242,1,data/ds004395/sub-LTP293/ses-5/eeg/sub-LTP293_ses-5_task-ltpFR2_eeg.edf,data/ds004395/sub-LTP293/ses-5/eeg/sub-LTP293_ses-5_task-ltpFR2_events.tsv
LTP293,5,11,15,COCOON,339,2419.038,1209519,1,data/ds004395/sub-LTP293/ses-5/eeg/sub-LTP293_ses-5_task-ltpFR2_eeg.edf,data/ds004395/sub-LTP293/ses-5/eeg/sub-LTP293_ses-5_task-ltpFR2_events.tsv
LTP293,5,11,16,OMELET,976,2421.522,1210761,1,data/ds004395/sub-LTP293/ses-5/eeg/sub-LTP293_ses-5_task-ltpFR2_eeg.edf,data/ds004395/sub-LTP293/ses-5/eeg/sub-LTP293_ses-5_task-ltpFR2_events.tsv
LTP293,5,11,17,BARREL,91,2424.326,1212163,1,data/ds004395/sub-LTP293/ses-5/eeg/sub-LTP293_ses-5_task-ltpFR2_eeg.edf,data/ds004395/sub-LTP293/ses-5/eeg/sub-LTP293_ses-5_task-ltpFR2_events.tsv
LTP293,5,11,18,CHAMPAGNE,278,2427.112,1213556,0,data/ds004395/sub-LTP293/ses-5/eeg/sub-LTP293_ses-5_task-ltpFR2_eeg.edf,data/ds004395/sub-LTP293/ses-5/eeg/sub-LTP293_ses-5_task-ltpFR2_events.tsv
LTP293,5,11,19,MATTRESS,879,2429.78,1214890,0,data/ds004395/sub-LTP293/ses-5/eeg/sub-LTP293_ses-5_task-ltpFR2_eeg.edf,data/ds004395/sub-LTP293/ses-5/eeg/sub-LTP293_ses-5_task-ltpFR2_events.tsv
LTP293,5,11,20,ATOM,55,2432.282,1216141,1,data/ds004395/sub-LTP293/ses-5/eeg/sub-LTP293_ses-5_task-ltpFR2_eeg.edf,data/ds004395/sub-LTP293/ses-5/eeg/sub-LTP293_ses-5_task-ltpFR2_events.tsv
LTP293,5,11,21,MISSILE,900,2435.002,1217501,1,data/ds004395/sub-LTP293/ses-5/eeg/sub-LTP293_ses-5_task-ltpFR2_eeg.edf,data/ds004395/sub-LTP293/ses-5/eeg/sub-LTP293_ses-5_task-ltpFR2_events.tsv
LTP293,5,11,22,GUITAR,670,2437.518,1218759,0,data/ds004395/sub-LTP293/ses-5/eeg/sub-LTP293_ses-5_task-ltpFR2_eeg.edf,data/ds004395/sub-LTP293/ses-5/eeg/sub-LTP293_ses-5_task-ltpFR2_events.tsv
LTP293,5,11,23,BEAST,108,2440.204,1220102,1,data/ds004395/sub-LTP293/ses-5/eeg/sub-LTP293_ses-5_task-ltpFR2_eeg.edf,data/ds004395/sub-LTP293/ses-5/eeg/sub-LTP293_ses-5_task-ltpFR2_events.tsv
LTP293,5,11,24,PENGUIN,1044,2442.74,1221370,1,data/ds004395/sub-LTP293/ses-5/eeg/sub-LTP293_ses-5_task-ltpFR2_eeg.edf,data/ds004395/sub-LTP293/ses-5/eeg/sub-LTP293_ses-5_task-ltpFR2_events.tsv
LTP293,5,12,1,TWEEZERS,1526,2560.724,1280362,1,data/ds004395/sub-LTP293/ses-5/eeg/sub-LTP293_ses-5_task-ltpFR2_eeg.edf,data/ds004395/sub-LTP293/ses-5/eeg/sub-LTP293_ses-5_task-ltpFR2_events.tsv
LTP293,5,12,2,CRUTCH,417,2563.21,1281605,0,data/ds004395/sub-LTP293/ses-5/eeg/sub-LTP293_ses-5_task-ltpFR2_eeg.edf,data/ds004395/sub-LTP293/ses-5/eeg/sub-LTP293_ses-5_task-ltpFR2_events.tsv
LTP293,5,12,3,CHIPMUNK,304,2565.862,1282931,1,data/ds004395/sub-LTP293/ses-5/eeg/sub-LTP293_ses-5_task-ltpFR2_eeg.edf,data/ds004395/sub-LTP293/ses-5/eeg/sub-LTP293_ses-5_task-ltpFR2_events.tsv
LTP293,5,12,4,PIMPLE,1071,2568.348,1284174,1,data/ds004395/sub-LTP293/ses-5/eeg/sub-LTP293_ses-5_task-ltpFR2_eeg.edf,data/ds004395/sub-LTP293/ses-5/eeg/sub-LTP293_ses-5_task-ltpFR2_events.tsv
LTP293,5,12,5,BUGGY,188,2571.034,1285517,1,data/ds004395/sub-LTP293/ses-5/eeg/sub-LTP293_ses-5_task-ltpFR2_eeg.edf,data/ds004395/sub-LTP293/ses-5/eeg/sub-LTP293_ses-5_task-ltpFR2_events.tsv
LTP293,5,12,6,COTTAGE,384,2573.602,1286801,0,data/ds004395/sub-LTP293/ses-5/eeg/sub-LTP293_ses-5_task-ltpFR2_eeg.edf,data/ds004395/sub-LTP293/ses-5/eeg/sub-LTP293_ses-5_task-ltpFR2_events.tsv
LTP293,5,12,7,POLICE,1098,2576.22,1288110,1,data/ds004395/sub-LTP293/ses-5/eeg/sub-LTP293_ses-5_task-ltpFR2_eeg.edf,data/ds004395/sub-LTP293/ses-5/eeg/sub-LTP293_ses-5_task-ltpFR2_events.tsv
LTP293,5,12,8,NOTEBOOK,959,2578.756,1289378,1,data/ds004395/sub-LTP293/ses-5/eeg/sub-LTP293_ses-5_task-ltpFR2_eeg.edf,data/ds004395/sub-LTP293/ses-5/eeg/sub-LTP293_ses-5_task-ltpFR2_events.tsv
LTP293,5,12,9,MESSAGE,888,2581.524,1290762,1,data/ds004395/sub-LTP293/ses-5/eeg/sub-LTP293_ses-5_task-ltpFR2_eeg.edf,data/ds004395/sub-LTP293/ses-5/eeg/sub-LTP293_ses-5_task-ltpFR2_events.tsv
LTP293,5,12,10,ORCHID,982,2584.012,1292006,0,data/ds004395/sub-LTP293/ses-5/eeg/sub-LTP293_ses-5_task-ltpFR2_eeg.edf,data/ds004395/sub-LTP293/ses-5/eeg/sub-LTP293_ses-5_task-ltpFR2_events.tsv
LTP293,5,12,11,RATTLE,1170,2586.762,1293381,0,data/ds004395/sub-LTP293/ses-5/eeg/sub-LTP293_ses-5_task-ltpFR2_eeg.edf,data/ds004395/sub-LTP293/ses-5/eeg/sub-LTP293_ses-5_task-ltpFR2_events.tsv
LTP293,5,12,12,GUARD,667,2589.482,1294741,1,data/ds004395/sub-LTP293/ses-5/eeg/sub-LTP293_ses-5_task-ltpFR2_eeg.edf,data/ds004395/sub-LTP293/ses-5/eeg/sub-LTP293_ses-5_task-ltpFR2_events.tsv
LTP293,5,12,13,COOK,372,2592.234,1296117,0,data/ds004395/sub-LTP293/ses-5/eeg/sub-LTP293_ses-5_task-ltpFR2_eeg.edf,data/ds004395/sub-LTP293/ses-5/eeg/sub-LTP293_ses-5_task-ltpFR2_events.tsv
LTP293,5,12,14,CUPBOARD,425,2594.852,1297426,0,data/ds004395/sub-LTP293/ses-5/eeg/sub-LTP293_ses-5_task-ltpFR2_eeg.edf,data/ds004395/sub-LTP293/ses-5/eeg/sub-LTP293_ses-5_task-ltpFR2_events.tsv
LTP293,5,12,15,CARRIAGE,248,2597.556,1298778,0,data/ds004395/sub-LTP293/ses-5/eeg/sub-LTP293_ses-5_task-ltpFR2_eeg.edf,data/ds004395/sub-LTP293/ses-5/eeg/sub-LTP293_ses-5_task-ltpFR2_events.tsv
LTP293,5,12,16,JUDGE,761,2600.174,1300087,0,data/ds004395/sub-LTP293/ses-5/eeg/sub-LTP293_ses-5_task-ltpFR2_eeg.edf,data/ds004395/sub-LTP293/ses-5/eeg/sub-LTP293_ses-5_task-ltpFR2_events.tsv
LTP293,5,12,17,SERVANT,1271,2602.944,1301472,0,data/ds004395/sub-LTP293/ses-5/eeg/sub-LTP293_ses-5_task-ltpFR2_eeg.edf,data/ds004395/sub-LTP293/ses-5/eeg/sub-LTP293_ses-5_task-ltpFR2_events.tsv
LTP293,5,12,18,DRINK,498,2605.496,1302748,0,data/ds004395/sub-LTP293/ses-5/eeg/sub-LTP293_ses-5_task-ltpFR2_eeg.edf,data/ds004395/sub-LTP293/ses-5/eeg/sub-LTP293_ses-5_task-ltpFR2_events.tsv
LTP293,5,12,19,SEAL,1262,2607.982,1303991,0,data/ds004395/sub-LTP293/ses-5/eeg/sub-LTP293_ses-5_task-ltpFR2_eeg.edf,data/ds004395/sub-LTP293/ses-5/eeg/sub-LTP293_ses-5_task-ltpFR2_events.tsv
LTP293,5,12,20,VIRUS,1572,2610.634,1305317,1,data/ds004395/sub-LTP293/ses-5/eeg/sub-LTP293_ses-5_task-ltpFR2_eeg.edf,data/ds004395/sub-LTP293/ses-5/eeg/sub-LTP293_ses-5_task-ltpFR2_events.tsv
LTP293,5,12,21,CAMEL,223,2613.336,1306668,1,data/ds004395/sub-LTP293/ses-5/eeg/sub-LTP293_ses-5_task-ltpFR2_eeg.edf,data/ds004395/sub-LTP293/ses-5/eeg/sub-LTP293_ses-5_task-ltpFR2_events.tsv
LTP293,5,12,22,CIGAR,308,2615.804,1307902,0,data/ds004395/sub-LTP293/ses-5/eeg/sub-LTP293_ses-5_task-ltpFR2_eeg.edf,data/ds004395/sub-LTP293/ses-5/eeg/sub-LTP293_ses-5_task-ltpFR2_events.tsv
LTP293,5,12,23,POET,1095,2618.606,1309303,0,data/ds004395/sub-LTP293/ses-5/eeg/sub-LTP293_ses-5_task-ltpFR2_eeg.edf,data/ds004395/sub-LTP293/ses-5/eeg/sub-LTP293_ses-5_task-ltpFR2_events.tsv
LTP293,5,12,24,FOOTBALL,591,2621.176,1310588,0,data/ds004395/sub-LTP293/ses-5/eeg/sub-LTP293_ses-5_task-ltpFR2_eeg.edf,data/ds004395/sub-LTP293/ses-5/eeg/sub-LTP293_ses-5_task-ltpFR2_events.tsv
LTP293,5,13,1,SODA,1341,2739.342,1369671,0,data/ds004395/sub-LTP293/ses-5/eeg/sub-LTP293_ses-5_task-ltpFR2_eeg.edf,data/ds004395/sub-LTP293/ses-5/eeg/sub-LTP293_ses-5_task-ltpFR2_events.tsv
LTP293,5,13,2,PLAZA,1088,2741.98,1370990,1,data/ds004395/sub-LTP293/ses-5/eeg/sub-LTP293_ses-5_task-ltpFR2_eeg.edf,data/ds004395/sub-LTP293/ses-5/eeg/sub-LTP293_ses-5_task-ltpFR2_events.tsv
LTP293,5,13,3,APPLE,33,2744.714,1372357,1,data/ds004395/sub-LTP293/ses-5/eeg/sub-LTP293_ses-5_task-ltpFR2_eeg.edf,data/ds004395/sub-LTP293/ses-5/eeg/sub-LTP293_ses-5_task-ltpFR2_events.tsv
LTP293,5,13,4,FLOWER,584,2747.382,1373691,1,data/ds004395/sub-LTP293/ses-5/eeg/sub-LTP293_ses-5_task-ltpFR2_eeg.edf,data/ds004395/sub-LTP293/ses-5/eeg/sub-LTP293_ses-5_task-ltpFR2_events.tsv
LTP293,5,13,5,PREACHER,1119,2749.802,1374901,0,data/ds004395/sub-LTP293/ses-5/eeg/sub-LTP293_ses-5_task-ltpFR2_eeg.edf,data/ds004395/sub-LTP293/ses-5/eeg/sub-LTP293_ses-5_task-ltpFR2_events.tsv
LTP293,5,13,6,PECAN,1036,2752.354,1376177,0,data/ds004395/sub-LTP293/ses-5/eeg/sub-LTP293_ses-5_task-ltpFR2_eeg.edf,data/ds004395/sub-LTP293/ses-5/eeg/sub-LTP293_ses-5_task-ltpFR2_events.tsv
LTP293,5,13,7,ITEM,746,2754.94,1377470,0,data/ds004395/sub-LTP293/ses-5/eeg/sub-LTP293_ses-5_task-ltpFR2_eeg.edf,data/ds004395/sub-LTP293/ses-5/eeg/sub-LTP293_ses-5_task-ltpFR2_events.tsv
LTP293,5,13,8,WRIST,1626,2757.458,1378729,0,data/ds004395/sub-LTP293/ses-5/eeg/sub-LTP293_ses-5_task-ltpFR2_eeg.edf,data/ds004395/sub-LTP293/ses-5/eeg/sub-LTP293_ses-5_task-ltpFR2_events.tsv
LTP293,5,13,9,BANQUET,86,2760.044,1380022,1,data/ds004395/sub-LTP293/ses-5/eeg/sub-LTP293_ses-5_task-ltpFR2_eeg.edf,data/ds004395/sub-LTP293/ses-5/eeg/sub-LTP293_ses-5_task-ltpFR2_events.tsv
LTP293,5,13,10,RELISH,1183,2762.78,1381390,1,data/ds004395/sub-LTP293/ses-5/eeg/sub-LTP293_ses-5_task-ltpFR2_eeg.edf,data/ds004395/sub-LTP293/ses-5/eeg/sub-LTP293_ses-5_task-ltpFR2_events.tsv
LTP293,5,13,11,DAISY,435,2765.482,1382741,1,data/ds004395/sub-LTP293/ses-5/eeg/sub-LTP293_ses-5_task-ltpFR2_eeg.edf,data/ds004395/sub-LTP293/ses-5/eeg/sub-LTP293_ses-5_task-ltpFR2_events.tsv
LTP293,5,13,12,WRENCH,1625,2768.184,1384092,0,data/ds004395/sub-LTP293/ses-5/eeg/sub-LTP293_ses-5_task-ltpFR2_eeg.edf,data/ds004395/sub-LTP293/ses-5/eeg/sub-LTP293_ses-5_task-ltpFR2_events.tsv
LTP293,5,13,13,CHAPEL,280,2770.854,1385427,0,data/ds004395/sub-LTP293/ses-5/eeg/sub-LTP293_ses-5_task-ltpFR2_eeg.edf,data/ds004395/sub-LTP293/ses-5/eeg/sub-LTP293_ses-5_task-ltpFR2_events.tsv
LTP293,5,13,14,GARDEN,623,2773.588,1386794,0,data/ds004395/sub-LTP293/ses-5/eeg/sub-LTP293_ses-5_task-ltpFR2_eeg.edf,data/ds004395/sub-LTP293/ses-5/eeg/sub-LTP293_ses-5_task-ltpFR2_events.tsv
LTP293,5,13,15,SCALLOP,1242,2776.306,1388153,0,data/ds004395/sub-LTP293/ses-5/eeg/sub-LTP293_ses-5_task-ltpFR2_eeg.edf,data/ds004395/sub-LTP293/ses-5/eeg/sub-LTP293_ses-5_task-ltpFR2_events.tsv
LTP293,5,13,16,TUBA,1515,2779.126,1389563,0,data/ds004395/sub-LTP293/ses-5/eeg/sub-LTP293_ses-5_task-ltpFR2_eeg.edf,data/ds004395/sub-LTP293/ses-5/eeg/sub-LTP293_ses-5_task-ltpFR2_events.tsv
LTP293,5,13,17,ROOSTER,1209,2781.946,1390973,0,data/ds004395/sub-LTP293/ses-5/eeg/sub-LTP293_ses-5_task-ltpFR2_eeg.edf,data/ds004395/sub-LTP293/ses-5/eeg/sub-LTP293_ses-5_task-ltpFR2_events.tsv
LTP293,5,13,18,YOLK,1633,2784.648,1392324,0,data/ds004395/sub-LTP293/ses-5/eeg/sub-LTP293_ses-5_task-ltpFR2_eeg.edf,data/ds004395/sub-LTP293/ses-5/eeg/sub-LTP293_ses-5_task-ltpFR2_events.tsv
LTP293,5,13,19,FRAME,600,2787.316,1393658,0,data/ds004395/sub-LTP293/ses-5/eeg/sub-LTP293_ses-5_task-ltpFR2_eeg.edf,data/ds004395/sub-LTP293/ses-5/eeg/sub-LTP293_ses-5_task-ltpFR2_events.tsv
LTP293,5,13,20,JELLO,754,2789.986,1394993,0,data/ds004395/sub-LTP293/ses-5/eeg/sub-LTP293_ses-5_task-ltpFR2_eeg.edf,data/ds004395/sub-LTP293/ses-5/eeg/sub-LTP293_ses-5_task-ltpFR2_events.tsv
LTP293,5,13,21,FINGER,567,2792.722,1396361,0,data/ds004395/sub-LTP293/ses-5/eeg/sub-LTP293_ses-5_task-ltpFR2_eeg.edf,data/ds004395/sub-LTP293/ses-5/eeg/sub-LTP293_ses-5_task-ltpFR2_events.tsv
LTP293,5,13,22,BLADE,134,2795.456,1397728,1,data/ds004395/sub-LTP293/ses-5/eeg/sub-LTP293_ses-5_task-ltpFR2_eeg.edf,data/ds004395/sub-LTP293/ses-5/eeg/sub-LTP293_ses-5_task-ltpFR2_events.tsv
LTP293,5,13,23,RAZOR,1171,2797.894,1398947,1,data/ds004395/sub-LTP293/ses-5/eeg/sub-LTP293_ses-5_task-ltpFR2_eeg.edf,data/ds004395/sub-LTP293/ses-5/eeg/sub-LTP293_ses-5_task-ltpFR2_events.tsv
LTP293,5,13,24,GRAVEL,659,2800.528,1400264,1,data/ds004395/sub-LTP293/ses-5/eeg/sub-LTP293_ses-5_task-ltpFR2_eeg.edf,data/ds004395/sub-LTP293/ses-5/eeg/sub-LTP293_ses-5_task-ltpFR2_events.tsv
LTP293,5,14,1,CRATER,400,2918.746,1459373,1,data/ds004395/sub-LTP293/ses-5/eeg/sub-LTP293_ses-5_task-ltpFR2_eeg.edf,data/ds004395/sub-LTP293/ses-5/eeg/sub-LTP293_ses-5_task-ltpFR2_events.tsv
LTP293,5,14,2,CREATURE,403,2921.514,1460757,1,data/ds004395/sub-LTP293/ses-5/eeg/sub-LTP293_ses-5_task-ltpFR2_eeg.edf,data/ds004395/sub-LTP293/ses-5/eeg/sub-LTP293_ses-5_task-ltpFR2_events.tsv
LTP293,5,14,3,PACKAGE,997,2924.1,1462050,1,data/ds004395/sub-LTP293/ses-5/eeg/sub-LTP293_ses-5_task-ltpFR2_eeg.edf,data/ds004395/sub-LTP293/ses-5/eeg/sub-LTP293_ses-5_task-ltpFR2_events.tsv
LTP293,5,14,4,EGYPT,519,2926.92,1463460,0,data/ds004395/sub-LTP293/ses-5/eeg/sub-LTP293_ses-5_task-ltpFR2_eeg.edf,data/ds004395/sub-LTP293/ses-5/eeg/sub-LTP293_ses-5_task-ltpFR2_events.tsv
LTP293,5,14,5,RECORD,1176,2929.588,1464794,0,data/ds004395/sub-LTP293/ses-5/eeg/sub-LTP293_ses-5_task-ltpFR2_eeg.edf,data/ds004395/sub-LTP293/ses-5/eeg/sub-LTP293_ses-5_task-ltpFR2_events.tsv
LTP293,5,14,6,HARP,689,2932.372,1466186,0,data/ds004395/sub-LTP293/ses-5/eeg/sub-LTP293_ses-5_task-ltpFR2_eeg.edf,data/ds004395/sub-LTP293/ses-5/eeg/sub-LTP293_ses-5_task-ltpFR2_events.tsv
LTP293,5,14,7,WORLD,1622,2935.076,1467538,1,data/ds004395/sub-LTP293/ses-5/eeg/sub-LTP293_ses-5_task-ltpFR2_eeg.edf,data/ds004395/sub-LTP293/ses-5/eeg/sub-LTP293_ses-5_task-ltpFR2_events.tsv
LTP293,5,14,8,SWIMMER,1420,2937.56,1468780,0,data/ds004395/sub-LTP293/ses-5/eeg/sub-LTP293_ses-5_task-ltpFR2_eeg.edf,data/ds004395/sub-LTP293/ses-5/eeg/sub-LTP293_ses-5_task-ltpFR2_events.tsv
LTP293,5,14,9,DINER,467,2940.396,1470198,1,data/ds004395/sub-LTP293/ses-5/eeg/sub-LTP293_ses-5_task-ltpFR2_eeg.edf,data/ds004395/sub-LTP293/ses-5/eeg/sub-LTP293_ses-5_task-ltpFR2_events.tsv
LTP293,5,14,10,CYCLONE,431,2942.95,1471475,0,data/ds004395/sub-LTP293/ses-5/eeg/sub-LTP293_ses-5_task-ltpFR2_eeg.edf,data/ds004395/sub-LTP293/ses-5/eeg/sub-LTP293_ses-5_task-ltpFR2_events.tsv
LTP293,5,14,11,SAUSAGE,1238,2945.768,1472884,1,data/ds004395/sub-LTP293/ses-5/eeg/sub-LTP293_ses-5_task-ltpFR2_eeg.edf,data/ds004395/sub-LTP293/ses-5/eeg/sub-LTP293_ses-5_task-ltpFR2_events.tsv
LTP293,5,14,12,PASTA,1021,2948.304,1474152,1,data/ds004395/sub-LTP293/ses-5/eeg/sub-LTP293_ses-5_task-ltpFR2_eeg.edf,data/ds004395/sub-LTP293/ses-5/eeg/sub-LTP293_ses-5_task-ltpFR2_events.tsv
LTP293,5,14,13,SIDEWALK,1303,2951.14,1475570,0,data/ds004395/sub-LTP293/ses-5/eeg/sub-LTP293_ses-5_task-ltpFR2_eeg.edf,data/ds004395/sub-LTP293/ses-5/eeg/sub-LTP293_ses-5_task-ltpFR2_events.tsv
LTP293,5,14,14,OINTMENT,974,2953.658,1476829,0,data/ds004395/sub-LTP293/ses-5/eeg/sub-LTP293_ses-5_task-ltpFR2_eeg.edf,data/ds004395/sub-LTP293/ses-5/eeg/sub-LTP293_ses-5_task-ltpFR2_events.tsv
LTP293,5,14,15,MAILMAN,858,2956.344,1478172,1,data/ds004395/sub-LTP293/ses-5/eeg/sub-LTP293_ses-5_task-ltpFR2_eeg.edf,data/ds004395/sub-LTP293/ses-5/eeg/sub-LTP293_ses-5_task-ltpFR2_events.tsv
LTP293,5,14,16,COMPASS,358,2959.114,1479557,1,data/ds004395/sub-LTP293/ses-5/eeg/sub-LTP293_ses-5_task-ltpFR2_eeg.edf,data/ds004395/sub-LTP293/ses-5/eeg/sub-LTP293_ses-5_task-ltpFR2_events.tsv
LTP293,5,14,17,PUDDING,1139,2961.598,1480799,0,data/ds004395/sub-LTP293/ses-5/eeg/sub-LTP293_ses-5_task-ltpFR2_eeg.edf,data/ds004395/sub-LTP293/ses-5/eeg/sub-LTP293_ses-5_task-ltpFR2_events.tsv
LTP293,5,14,18,VALLEY,1545,2964.2,1482100,0,data/ds004395/sub-LTP293/ses-5/eeg/sub-LTP293_ses-5_task-ltpFR2_eeg.edf,data/ds004395/sub-LTP293/ses-5/eeg/sub-LTP293_ses-5_task-ltpFR2_events.tsv
LTP293,5,14,19,DENTIST,447,2967.02,1483510,0,data/ds004395/sub-LTP293/ses-5/eeg/sub-LTP293_ses-5_task-ltpFR2_eeg.edf,data/ds004395/sub-LTP293/ses-5/eeg/sub-LTP293_ses-5_task-ltpFR2_events.tsv
LTP293,5,14,20,DRILL,497,2969.688,1484844,0,data/ds004395/sub-LTP293/ses-5/eeg/sub-LTP293_ses-5_task-ltpFR2_eeg.edf,data/ds004395/sub-LTP293/ses-5/eeg/sub-LTP293_ses-5_task-ltpFR2_events.tsv
LTP293,5,14,21,WOMAN,1620,2972.224,1486112,0,data/ds004395/sub-LTP293/ses-5/eeg/sub-LTP293_ses-5_task-ltpFR2_eeg.edf,data/ds004395/sub-LTP293/ses-5/eeg/sub-LTP293_ses-5_task-ltpFR2_events.tsv
LTP293,5,14,22,POSSUM,1112,2974.642,1487321,1,data/ds004395/sub-LTP293/ses-5/eeg/sub-LTP293_ses-5_task-ltpFR2_eeg.edf,data/ds004395/sub-LTP293/ses-5/eeg/sub-LTP293_ses-5_task-ltpFR2_events.tsv
LTP293,5,14,23,FRANCE,601,2977.278,1488639,0,data/ds004395/sub-LTP293/ses-5/eeg/sub-LTP293_ses-5_task-ltpFR2_eeg.edf,data/ds004395/sub-LTP293/ses-5/eeg/sub-LTP293_ses-5_task-ltpFR2_events.tsv
LTP293,5,14,24,GAVEL,627,2979.764,1489882,0,data/ds004395/sub-LTP293/ses-5/eeg/sub-LTP293_ses-5_task-ltpFR2_eeg.edf,data/ds004395/sub-LTP293/ses-5/eeg/sub-LTP293_ses-5_task-ltpFR2_events.tsv
LTP293,5,15,1,UNCLE,1536,3097.814,1548907,1,data/ds004395/sub-LTP293/ses-5/eeg/sub-LTP293_ses-5_task-ltpFR2_eeg.edf,data/ds004395/sub-LTP293/ses-5/eeg/sub-LTP293_ses-5_task-ltpFR2_events.tsv
LTP293,5,15,2,KITCHEN,778,3100.45,1550225,1,data/ds004395/sub-LTP293/ses-5/eeg/sub-LTP293_ses-5_task-ltpFR2_eeg.edf,data/ds004395/sub-LTP293/ses-5/eeg/sub-LTP293_ses-5_task-ltpFR2_events.tsv
LTP293,5,15,3,ROBBER,1197,3102.902,1551451,0,data/ds004395/sub-LTP293/ses-5/eeg/sub-LTP293_ses-5_task-ltpFR2_eeg.edf,data/ds004395/sub-LTP293/ses-5/eeg/sub-LTP293_ses-5_task-ltpFR2_events.tsv
LTP293,5,15,4,PEANUT,1032,3105.688,1552844,0,data/ds004395/sub-LTP293/ses-5/eeg/sub-LTP293_ses-5_task-ltpFR2_eeg.edf,data/ds004395/sub-LTP293/ses-5/eeg/sub-LTP293_ses-5_task-ltpFR2_events.tsv
LTP293,5,15,5,OYSTER,995,3108.14,1554070,1,data/ds004395/sub-LTP293/ses-5/eeg/sub-LTP293_ses-5_task-ltpFR2_eeg.edf,data/ds004395/sub-LTP293/ses-5/eeg/sub-LTP293_ses-5_task-ltpFR2_events.tsv
LTP293,5,15,6,FARMER,553,3110.608,1555304,0,data/ds004395/sub-LTP293/ses-5/eeg/sub-LTP293_ses-5_task-ltpFR2_eeg.edf,data/ds004395/sub-LTP293/ses-5/eeg/sub-LTP293_ses-5_task-ltpFR2_events.tsv
LTP293,5,15,7,FLEET,578,3113.444,1556722,0,data/ds004395/sub-LTP293/ses-5/eeg/sub-LTP293_ses-5_task-ltpFR2_eeg.edf,data/ds004395/sub-LTP293/ses-5/eeg/sub-LTP293_ses-5_task-ltpFR2_events.tsv
LTP293,5,15,8,BOARD,143,3116.246,1558123,1,data/ds004395/sub-LTP293/ses-5/eeg/sub-LTP293_ses-5_task-ltpFR2_eeg.edf,data/ds004395/sub-LTP293/ses-5/eeg/sub-LTP293_ses-5_task-ltpFR2_events.tsv
LTP293,5,15,9,PRINCE,1124,3118.764,1559382,0,data/ds004395/sub-LTP293/ses-5/eeg/sub-LTP293_ses-5_task-ltpFR2_eeg.edf,data/ds004395/sub-LTP293/ses-5/eeg/sub-LTP293_ses-5_task-ltpFR2_events.tsv
LTP293,5,15,10,DOUGHNUT,490,3121.584,1560792,0,data/ds004395/sub-LTP293/ses-5/eeg/sub-LTP293_ses-5_task-ltpFR2_eeg.edf,data/ds004395/sub-LTP293/ses-5/eeg/sub-LTP293_ses-5_task-ltpFR2_events.tsv
LTP293,5,15,11,HOUND,724,3124.12,1562060,0,data/ds004395/sub-LTP293/ses-5/eeg/sub-LTP293_ses-5_task-ltpFR2_eeg.edf,data/ds004395/sub-LTP293/ses-5/eeg/sub-LTP293_ses-5_task-ltpFR2_events.tsv
LTP293,5,15,12,CLAM,315,3126.738,1563369,1,data/ds004395/sub-LTP293/ses-5/eeg/sub-LTP293_ses-5_task-ltpFR2_eeg.edf,data/ds004395/sub-LTP293/ses-5/eeg/sub-LTP293_ses-5_task-ltpFR2_events.tsv
LTP293,5,15,13,TEACHER,1440,3129.24,1564620,1,data/ds004395/sub-LTP293/ses-5/eeg/sub-LTP293_ses-5_task-ltpFR2_eeg.edf,data/ds004395/sub-LTP293/ses-5/eeg/sub-LTP293_ses-5_task-ltpFR2_events.tsv
LTP293,5,15,14,COLLEGE,346,3132.078,1566039,1,data/ds004395/sub-LTP293/ses-5/eeg/sub-LTP293_ses-5_task-ltpFR2_eeg.edf,data/ds004395/sub-LTP293/ses-5/eeg/sub-LTP293_ses-5_task-ltpFR2_events.tsv
LTP293,5,15,15,CREVICE,405,3134.512,1567256,1,data/ds004395/sub-LTP293/ses-5/eeg/sub-LTP293_ses-5_task-ltpFR2_eeg.edf,data/ds004395/sub-LTP293/ses-5/eeg/sub-LTP293_ses-5_task-ltpFR2_events.tsv
LTP293,5,15,16,COUNTY,389,3137.314,1568657,1,data/ds004395/sub-LTP293/ses-5/eeg/sub-LTP293_ses-5_task-ltpFR2_eeg.edf,data/ds004395/sub-LTP293/ses-5/eeg/sub-LTP293_ses-5_task-ltpFR2_events.tsv
LTP293,5,15,17,MACHINE,852,3140.034,1570017,0,data/ds004395/sub-LTP293/ses-5/eeg/sub-LTP293_ses-5_task-ltpFR2_eeg.edf,data/ds004395/sub-LTP293/ses-5/eeg/sub-LTP293_ses-5_task-ltpFR2_events.tsv
LTP293,5,15,18,MUMMY,932,3142.786,1571393,0,data/ds004395/sub-LTP293/ses-5/eeg/sub-LTP293_ses-5_task-ltpFR2_eeg.edf,data/ds004395/sub-LTP293/ses-5/eeg/sub-LTP293_ses-5_task-ltpFR2_events.tsv
LTP293,5,15,19,SPHINX,1349,3145.522,1572761,0,data/ds004395/sub-LTP293/ses-5/eeg/sub-LTP293_ses-5_task-ltpFR2_eeg.edf,data/ds004395/sub-LTP293/ses-5/eeg/sub-LTP293_ses-5_task-ltpFR2_events.tsv
LTP293,5,15,20,THIEF,1456,3148.208,1574104,1,data/ds004395/sub-LTP293/ses-5/eeg/sub-LTP293_ses-5_task-ltpFR2_eeg.edf,data/ds004395/sub-LTP293/ses-5/eeg/sub-LTP293_ses-5_task-ltpFR2_events.tsv
LTP293,5,15,21,CAFE,216,3150.81,1575405,0,data/ds004395/sub-LTP293/ses-5/eeg/sub-LTP293_ses-5_task-ltpFR2_eeg.edf,data/ds004395/sub-LTP293/ses-5/eeg/sub-LTP293_ses-5_task-ltpFR2_events.tsv
LTP293,5,15,22,OUTFIT,988,3153.646,1576823,1,data/ds004395/sub-LTP293/ses-5/eeg/sub-LTP293_ses-5_task-ltpFR2_eeg.edf,data/ds004395/sub-LTP293/ses-5/eeg/sub-LTP293_ses-5_task-ltpFR2_events.tsv
LTP293,5,15,23,RABBIT,1152,3156.164,1578082,0,data/ds004395/sub-LTP293/ses-5/eeg/sub-LTP293_ses-5_task-ltpFR2_eeg.edf,data/ds004395/sub-LTP293/ses-5/eeg/sub-LTP293_ses-5_task-ltpFR2_events.tsv
LTP293,5,15,24,LETTUCE,814,3158.9,1579450,0,data/ds004395/sub-LTP293/ses-5/eeg/sub-LTP293_ses-5_task-ltpFR2_eeg.edf,data/ds004395/sub-LTP293/ses-5/eeg/sub-LTP293_ses-5_task-ltpFR2_events.tsv
LTP293,5,16,1,BUNNY,198,3276.868,1638434,1,data/ds004395/sub-LTP293/ses-5/eeg/sub-LTP293_ses-5_task-ltpFR2_eeg.edf,data/ds004395/sub-LTP293/ses-5/eeg/sub-LTP293_ses-5_task-ltpFR2_events.tsv
LTP293,5,16,2,GYMNAST,675,3279.518,1639759,1,data/ds004395/sub-LTP293/ses-5/eeg/sub-LTP293_ses-5_task-ltpFR2_eeg.edf,data/ds004395/sub-LTP293/ses-5/eeg/sub-LTP293_ses-5_task-ltpFR2_events.tsv
LTP293,5,16,3,WHISKERS,1605,3282.104,1641052,0,data/ds004395/sub-LTP293/ses-5/eeg/sub-LTP293_ses-5_task-ltpFR2_eeg.edf,data/ds004395/sub-LTP293/ses-5/eeg/sub-LTP293_ses-5_task-ltpFR2_events.tsv
LTP293,5,16,4,SCULPTURE,1258,3284.64,1642320,0,data/ds004395/sub-LTP293/ses-5/eeg/sub-LTP293_ses-5_task-ltpFR2_eeg.edf,data/ds004395/sub-LTP293/ses-5/eeg/sub-LTP293_ses-5_task-ltpFR2_events.tsv
LTP293,5,16,5,COOKBOOK,373,3287.358,1643679,0,data/ds004395/sub-LTP293/ses-5/eeg/sub-LTP293_ses-5_task-ltpFR2_eeg.edf,data/ds004395/sub-LTP293/ses-5/eeg/sub-LTP293_ses-5_task-ltpFR2_events.tsv
LTP293,5,16,6,ICING,732,3290.178,1645089,0,data/ds004395/sub-LTP293/ses-5/eeg/sub-LTP293_ses-5_task-ltpFR2_eeg.edf,data/ds004395/sub-LTP293/ses-5/eeg/sub-LTP293_ses-5_task-ltpFR2_events.tsv
LTP293,5,16,7,SKILLET,1317,3292.882,1646441,0,data/ds004395/sub-LTP293/ses-5/eeg/sub-LTP293_ses-5_task-ltpFR2_eeg.edf,data/ds004395/sub-LTP293/ses-5/eeg/sub-LTP293_ses-5_task-ltpFR2_events.tsv
LTP293,5,16,8,STUDENT,1395,3295.332,1647666,0,data/ds004395/sub-LTP293/ses-5/eeg/sub-LTP293_ses-5_task-ltpFR2_eeg.edf,data/ds004395/sub-LTP293/ses-5/eeg/sub-LTP293_ses-5_task-ltpFR2_events.tsv
LTP293,5,16,9,STOVE,1388,3297.784,1648892,0,data/ds004395/sub-LTP293/ses-5/eeg/sub-LTP293_ses-5_task-ltpFR2_eeg.edf,data/ds004395/sub-LTP293/ses-5/eeg/sub-LTP293_ses-5_task-ltpFR2_events.tsv
LTP293,5,16,10,DRESSER,496,3300.604,1650302,0,data/ds004395/sub-LTP293/ses-5/eeg/sub-LTP293_ses-5_task-ltpFR2_eeg.edf,data/ds004395/sub-LTP293/ses-5/eeg/sub-LTP293_ses-5_task-ltpFR2_events.tsv
LTP293,5,16,11,WARDROBE,1587,3303.372,1651686,0,data/ds004395/sub-LTP293/ses-5/eeg/sub-LTP293_ses-5_task-ltpFR2_eeg.edf,data/ds004395/sub-LTP293/ses-5/eeg/sub-LTP293_ses-5_task-ltpFR2_events.tsv
LTP293,5,16,12,MILK,895,3306.208,1653104,1,data/ds004395/sub-LTP293/ses-5/eeg/sub-LTP293_ses-5_task-ltpFR2_eeg.edf,data/ds004395/sub-LTP293/ses-5/eeg/sub-LTP293_ses-5_task-ltpFR2_events.tsv
LTP293,5,16,13,CEILING,265,3308.66,1654330,0,data/ds004395/sub-LTP293/ses-5/eeg/sub-LTP293_ses-5_task-ltpFR2_eeg.edf,data/ds004395/sub-LTP293/ses-5/eeg/sub-LTP293_ses-5_task-ltpFR2_events.tsv
LTP293,5,16,14,CARROT,249,3311.228,1655614,1,data/ds004395/sub-LTP293/ses-5/eeg/sub-LTP293_ses-5_task-ltpFR2_eeg.edf,data/ds004395/sub-LTP293/ses-5/eeg/sub-LTP293_ses-5_task-ltpFR2_events.tsv
LTP293,5,16,15,MUSTARD,935,3313.698,1656849,0,data/ds004395/sub-LTP293/ses-5/eeg/sub-LTP293_ses-5_task-ltpFR2_eeg.edf,data/ds004395/sub-LTP293/ses-5/eeg/sub-LTP293_ses-5_task-ltpFR2_events.tsv
LTP293,5,16,16,WAITER,1580,3316.482,1658241,1,data/ds004395/sub-LTP293/ses-5/eeg/sub-LTP293_ses-5_task-ltpFR2_eeg.edf,data/ds004395/sub-LTP293/ses-5/eeg/sub-LTP293_ses-5_task-ltpFR2_events.tsv
LTP293,5,16,17,ORANGE,980,3319.236,1659618,0,data/ds004395/sub-LTP293/ses-5/eeg/sub-LTP293_ses-5_task-ltpFR2_eeg.edf,data/ds004395/sub-LTP293/ses-5/eeg/sub-LTP293_ses-5_task-ltpFR2_events.tsv
LTP293,5,16,18,BLOCKADE,137,3321.956,1660978,0,data/ds004395/sub-LTP293/ses-5/eeg/sub-LTP293_ses-5_task-ltpFR2_eeg.edf,data/ds004395/sub-LTP293/ses-5/eeg/sub-LTP293_ses-5_task-ltpFR2_events.tsv
LTP293,5,16,19,PERFUME,1049,3324.64,1662320,1,data/ds004395/sub-LTP293/ses-5/eeg/sub-LTP293_ses-5_task-ltpFR2_eeg.edf,data/ds004395/sub-LTP293/ses-5/eeg/sub-LTP293_ses-5_task-ltpFR2_events.tsv
LTP293,5,16,20,ONION,977,3327.226,1663613,1,data/ds004395/sub-LTP293/ses-5/eeg/sub-LTP293_ses-5_task-ltpFR2_eeg.edf,data/ds004395/sub-LTP293/ses-5/eeg/sub-LTP293_ses-5_task-ltpFR2_events.tsv
LTP293,5,16,21,BADGE,68,3330.046,1665023,0,data/ds004395/sub-LTP293/ses-5/eeg/sub-LTP293_ses-5_task-ltpFR2_eeg.edf,data/ds004395/sub-LTP293/ses-5/eeg/sub-LTP293_ses-5_task-ltpFR2_events.tsv
LTP293,5,16,22,REBEL,1172,3332.696,1666348,0,data/ds004395/sub-LTP293/ses-5/eeg/sub-LTP293_ses-5_task-ltpFR2_eeg.edf,data/ds004395/sub-LTP293/ses-5/eeg/sub-LTP293_ses-5_task-ltpFR2_events.tsv
LTP293,5,16,23,ROD,1203,3335.45,1667725,1,data/ds004395/sub-LTP293/ses-5/eeg/sub-LTP293_ses-5_task-ltpFR2_eeg.edf,data/ds004395/sub-LTP293/ses-5/eeg/sub-LTP293_ses-5_task-ltpFR2_events.tsv
LTP293,5,16,24,BUTCHER,203,3338.184,1669092,1,data/ds004395/sub-LTP293/ses-5/eeg/sub-LTP293_ses-5_task-ltpFR2_eeg.edf,data/ds004395/sub-LTP293/ses-5/eeg/sub-LTP293_ses-5_task-ltpFR2_events.tsv
LTP293,5,17,1,TURTLE,1522,3690.602,1845301,1,data/ds004395/sub-LTP293/ses-5/eeg/sub-LTP293_ses-5_task-ltpFR2_eeg.edf,data/ds004395/sub-LTP293/ses-5/eeg/sub-LTP293_ses-5_task-ltpFR2_events.tsv
LTP293,5,17,2,STREAM,1392,3693.352,1846676,1,data/ds004395/sub-LTP293/ses-5/eeg/sub-LTP293_ses-5_task-ltpFR2_eeg.edf,data/ds004395/sub-LTP293/ses-5/eeg/sub-LTP293_ses-5_task-ltpFR2_events.tsv
LTP293,5,17,3,CANYON,235,3695.806,1847903,1,data/ds004395/sub-LTP293/ses-5/eeg/sub-LTP293_ses-5_task-ltpFR2_eeg.edf,data/ds004395/sub-LTP293/ses-5/eeg/sub-LTP293_ses-5_task-ltpFR2_events.tsv
LTP293,5,17,4,HIKER,708,3698.574,1849287,1,data/ds004395/sub-LTP293/ses-5/eeg/sub-LTP293_ses-5_task-ltpFR2_eeg.edf,data/ds004395/sub-LTP293/ses-5/eeg/sub-LTP293_ses-5_task-ltpFR2_events.tsv
LTP293,5,17,5,MARSH,874,3701.176,1850588,0,data/ds004395/sub-LTP293/ses-5/eeg/sub-LTP293_ses-5_task-ltpFR2_eeg.edf,data/ds004395/sub-LTP293/ses-5/eeg/sub-LTP293_ses-5_task-ltpFR2_events.tsv
LTP293,5,17,6,EYELASH,546,3703.88,1851940,0,data/ds004395/sub-LTP293/ses-5/eeg/sub-LTP293_ses-5_task-ltpFR2_eeg.edf,data/ds004395/sub-LTP293/ses-5/eeg/sub-LTP293_ses-5_task-ltpFR2_events.tsv
LTP293,5,17,7,LIPSTICK,829,3706.548,1853274,1,data/ds004395/sub-LTP293/ses-5/eeg/sub-LTP293_ses-5_task-ltpFR2_eeg.edf,data/ds004395/sub-LTP293/ses-5/eeg/sub-LTP293_ses-5_task-ltpFR2_events.tsv
LTP293,5,17,8,WORKER,1621,3709.316,1854658,0,data/ds004395/sub-LTP293/ses-5/eeg/sub-LTP293_ses-5_task-ltpFR2_eeg.edf,data/ds004395/sub-LTP293/ses-5/eeg/sub-LTP293_ses-5_task-ltpFR2_events.tsv
LTP293,5,17,9,ZEBRA,1635,3711.886,1855943,1,data/ds004395/sub-LTP293/ses-5/eeg/sub-LTP293_ses-5_task-ltpFR2_eeg.edf,data/ds004395/sub-LTP293/ses-5/eeg/sub-LTP293_ses-5_task-ltpFR2_events.tsv
LTP293,5,17,10,TRUCK,1512,3714.622,1857311,0,data/ds004395/sub-LTP293/ses-5/eeg/sub-LTP293_ses-5_task-ltpFR2_eeg.edf,data/ds004395/sub-LTP293/ses-5/eeg/sub-LTP293_ses-5_task-ltpFR2_events.tsv
LTP293,5,17,11,COBRA,336,3717.19,1858595,1,data/ds004395/sub-LTP293/ses-5/eeg/sub-LTP293_ses-5_task-ltpFR2_eeg.edf,data/ds004395/sub-LTP293/ses-5/eeg/sub-LTP293_ses-5_task-ltpFR2_events.tsv
LTP293,5,17,12,DANCER,437,3719.86,1859930,0,data/ds004395/sub-LTP293/ses-5/eeg/sub-LTP293_ses-5_task-ltpFR2_eeg.edf,data/ds004395/sub-LTP293/ses-5/eeg/sub-LTP293_ses-5_task-ltpFR2_events.tsv
LTP293,5,17,13,SNAKE,1333,3722.512,1861256,1,data/ds004395/sub-LTP293/ses-5/eeg/sub-LTP293_ses-5_task-ltpFR2_eeg.edf,data/ds004395/sub-LTP293/ses-5/eeg/sub-LTP293_ses-5_task-ltpFR2_events.tsv
LTP293,5,17,14,LIZARD,834,3725.18,1862590,0,data/ds004395/sub-LTP293/ses-5/eeg/sub-LTP293_ses-5_task-ltpFR2_eeg.edf,data/ds004395/sub-LTP293/ses-5/eeg/sub-LTP293_ses-5_task-ltpFR2_events.tsv
LTP293,5,17,15,RACKET,1155,3727.968,1863984,0,data/ds004395/sub-LTP293/ses-5/eeg/sub-LTP293_ses-5_task-ltpFR2_eeg.edf,data/ds004395/sub-LTP293/ses-5/eeg/sub-LTP293_ses-5_task-ltpFR2_events.tsv
LTP293,5,17,16,OX,994,3730.652,1865326,1,data/ds004395/sub-LTP293/ses-5/eeg/sub-LTP293_ses-5_task-ltpFR2_eeg.edf,data/ds004395/sub-LTP293/ses-5/eeg/sub-LTP293_ses-5_task-ltpFR2_events.tsv
LTP293,5,17,17,CATCHER,258,3733.372,1866686,0,data/ds004395/sub-LTP293/ses-5/eeg/sub-LTP293_ses-5_task-ltpFR2_eeg.edf,data/ds004395/sub-LTP293/ses-5/eeg/sub-LTP293_ses-5_task-ltpFR2_events.tsv
LTP293,5,17,18,QUEEN,1149,3736.19,1868095,1,data/ds004395/sub-LTP293/ses-5/eeg/sub-LTP293_ses-5_task-ltpFR2_eeg.edf,data/ds004395/sub-LTP293/ses-5/eeg/sub-LTP293_ses-5_task-ltpFR2_events.tsv
LTP293,5,17,19,LEADER,807,3738.944,1869472,1,data/ds004395/sub-LTP293/ses-5/eeg/sub-LTP293_ses-5_task-ltpFR2_eeg.edf,data/ds004395/sub-LTP293/ses-5/eeg/sub-LTP293_ses-5_task-ltpFR2_events.tsv
LTP293,5,17,20,FOREST,593,3741.61,1870805,0,data/ds004395/sub-LTP293/ses-5/eeg/sub-LTP293_ses-5_task-ltpFR2_eeg.edf,data/ds004395/sub-LTP293/ses-5/eeg/sub-LTP293_ses-5_task-ltpFR2_events.tsv
LTP293,5,17,21,HEADBAND,696,3744.13,1872065,1,data/ds004395/sub-LTP293/ses-5/eeg/sub-LTP293_ses-5_task-ltpFR2_eeg.edf,data/ds004395/sub-LTP293/ses-5/eeg/sub-LTP293_ses-5_task-ltpFR2_events.tsv
LTP293,5,17,22,TRANSPLANT,1496,3746.682,1873341,0,data/ds004395/sub-LTP293/ses-5/eeg/sub-LTP293_ses-5_task-ltpFR2_eeg.edf,data/ds004395/sub-LTP293/ses-5/eeg/sub-LTP293_ses-5_task-ltpFR2_events.tsv
LTP293,5,17,23,THRONE,1461,3749.5,1874750,1,data/ds004395/sub-LTP293/ses-5/eeg/sub-LTP293_ses-5_task-ltpFR2_eeg.edf,data/ds004395/sub-LTP293/ses-5/eeg/sub-LTP293_ses-5_task-ltpFR2_events.tsv
LTP293,5,17,24,YARN,1631,3752.17,1876085,1,data/ds004395/sub-LTP293/ses-5/eeg/sub-LTP293_ses-5_task-ltpFR2_eeg.edf,data/ds004395/sub-LTP293/ses-5/eeg/sub-LTP293_ses-5_task-ltpFR2_events.tsv
LTP293,5,18,1,POISON,1096,3895.292,1947646,1,data/ds004395/sub-LTP293/ses-5/eeg/sub-LTP293_ses-5_task-ltpFR2_eeg.edf,data/ds004395/sub-LTP293/ses-5/eeg/sub-LTP293_ses-5_task-ltpFR2_events.tsv
LTP293,5,18,2,BRANDY,169,3897.978,1948989,1,data/ds004395/sub-LTP293/ses-5/eeg/sub-LTP293_ses-5_task-ltpFR2_eeg.edf,data/ds004395/sub-LTP293/ses-5/eeg/sub-LTP293_ses-5_task-ltpFR2_events.tsv
LTP293,5,18,3,KLEENEX,782,3900.462,1950231,0,data/ds004395/sub-LTP293/ses-5/eeg/sub-LTP293_ses-5_task-ltpFR2_eeg.edf,data/ds004395/sub-LTP293/ses-5/eeg/sub-LTP293_ses-5_task-ltpFR2_events.tsv
LTP293,5,18,4,TRENCH,1503,3903.098,1951549,0,data/ds004395/sub-LTP293/ses-5/eeg/sub-LTP293_ses-5_task-ltpFR2_eeg.edf,data/ds004395/sub-LTP293/ses-5/eeg/sub-LTP293_ses-5_task-ltpFR2_events.tsv
LTP293,5,18,5,NEUTRON,947,3905.868,1952934,0,data/ds004395/sub-LTP293/ses-5/eeg/sub-LTP293_ses-5_task-ltpFR2_eeg.edf,data/ds004395/sub-LTP293/ses-5/eeg/sub-LTP293_ses-5_task-ltpFR2_events.tsv
LTP293,5,18,6,SPIDER,1351,3908.352,1954176,1,data/ds004395/sub-LTP293/ses-5/eeg/sub-LTP293_ses-5_task-ltpFR2_eeg.edf,data/ds004395/sub-LTP293/ses-5/eeg/sub-LTP293_ses-5_task-ltpFR2_events.tsv
LTP293,5,18,7,BUG,187,3911.088,1955544,1,data/ds004395/sub-LTP293/ses-5/eeg/sub-LTP293_ses-5_task-ltpFR2_eeg.edf,data/ds004395/sub-LTP293/ses-5/eeg/sub-LTP293_ses-5_task-ltpFR2_events.tsv
LTP293,5,18,8,CITRUS,313,3913.908,1956954,0,data/ds004395/sub-LTP293/ses-5/eeg/sub-LTP293_ses-5_task-ltpFR2_eeg.edf,data/ds004395/sub-LTP293/ses-5/eeg/sub-LTP293_ses-5_task-ltpFR2_events.tsv
LTP293,5,18,9,MOP,916,3916.46,1958230,1,data/ds004395/sub-LTP293/ses-5/eeg/sub-LTP293_ses-5_task-ltpFR2_eeg.edf,data/ds004395/sub-LTP293/ses-5/eeg/sub-LTP293_ses-5_task-ltpFR2_events.tsv
LTP293,5,18,10,DRUG,501,3918.946,1959473,0,data/ds004395/sub-LTP293/ses-5/eeg/sub-LTP293_ses-5_task-ltpFR2_eeg.edf,data/ds004395/sub-LTP293/ses-5/eeg/sub-LTP293_ses-5_task-ltpFR2_events.tsv
LTP293,5,18,11,MEDAL,885,3921.464,1960732,1,data/ds004395/sub-LTP293/ses-5/eeg/sub-LTP293_ses-5_task-ltpFR2_eeg.edf,data/ds004395/sub-LTP293/ses-5/eeg/sub-LTP293_ses-5_task-ltpFR2_events.tsv
LTP293,5,18,12,COSTUME,383,3923.984,1961992,0,data/ds004395/sub-LTP293/ses-5/eeg/sub-LTP293_ses-5_task-ltpFR2_eeg.edf,data/ds004395/sub-LTP293/ses-5/eeg/sub-LTP293_ses-5_task-ltpFR2_events.tsv
LTP293,5,18,13,PADDING,999,3926.536,1963268,0,data/ds004395/sub-LTP293/ses-5/eeg/sub-LTP293_ses-5_task-ltpFR2_eeg.edf,data/ds004395/sub-LTP293/ses-5/eeg/sub-LTP293_ses-5_task-ltpFR2_events.tsv
LTP293,5,18,14,GRIZZLY,662,3929.154,1964577,0,data/ds004395/sub-LTP293/ses-5/eeg/sub-LTP293_ses-5_task-ltpFR2_eeg.edf,data/ds004395/sub-LTP293/ses-5/eeg/sub-LTP293_ses-5_task-ltpFR2_events.tsv
LTP293,5,18,15,LEOPARD,812,3931.806,1965903,0,data/ds004395/sub-LTP293/ses-5/eeg/sub-LTP293_ses-5_task-ltpFR2_eeg.edf,data/ds004395/sub-LTP293/ses-5/eeg/sub-LTP293_ses-5_task-ltpFR2_events.tsv
LTP293,5,18,16,COCKTAIL,338,3934.392,1967196,0,data/ds004395/sub-LTP293/ses-5/eeg/sub-LTP293_ses-5_task-ltpFR2_eeg.edf,data/ds004395/sub-LTP293/ses-5/eeg/sub-LTP293_ses-5_task-ltpFR2_events.tsv
LTP293,5,18,17,PEDAL,1037,3937.012,1968506,0,data/ds004395/sub-LTP293/ses-5/eeg/sub-LTP293_ses-5_task-ltpFR2_eeg.edf,data/ds004395/sub-LTP293/ses-5/eeg/sub-LTP293_ses-5_task-ltpFR2_events.tsv
LTP293,5,18,18,TOMBSTONE,1478,3939.746,1969873,0,data/ds004395/sub-LTP293/ses-5/eeg/sub-LTP293_ses-5_task-ltpFR2_eeg.edf,data/ds004395/sub-LTP293/ses-5/eeg/sub-LTP293_ses-5_task-ltpFR2_events.tsv
LTP293,5,18,19,TRACTOR,1493,3942.398,1971199,1,data/ds004395/sub-LTP293/ses-5/eeg/sub-LTP293_ses-5_task-ltpFR2_eeg.edf,data/ds004395/sub-LTP293/ses-5/eeg/sub-LTP293_ses-5_task-ltpFR2_events.tsv
LTP293,5,18,20,RUG,1215,3945.1,1972550,1,data/ds004395/sub-LTP293/ses-5/eeg/sub-LTP293_ses-5_task-ltpFR2_eeg.edf,data/ds004395/sub-LTP293/ses-5/eeg/sub-LTP293_ses-5_task-ltpFR2_events.tsv
LTP293,5,18,21,ATLAS,53,3947.702,1973851,1,data/ds004395/sub-LTP293/ses-5/eeg/sub-LTP293_ses-5_task-ltpFR2_eeg.edf,data/ds004395/sub-LTP293/ses-5/eeg/sub-LTP293_ses-5_task-ltpFR2_events.tsv
LTP293,5,18,22,TURNIP,1521,3950.338,1975169,1,data/ds004395/sub-LTP293/ses-5/eeg/sub-LTP293_ses-5_task-ltpFR2_eeg.edf,data/ds004395/sub-LTP293/ses-5/eeg/sub-LTP293_ses-5_task-ltpFR2_events.tsv
LTP293,5,18,23,CROWN,415,3953.042,1976521,1,data/ds004395/sub-LTP293/ses-5/eeg/sub-LTP293_ses-5_task-ltpFR2_eeg.edf,data/ds004395/sub-LTP293/ses-5/eeg/sub-LTP293_ses-5_task-ltpFR2_events.tsv
LTP293,5,18,24,PRINCESS,1125,3955.51,1977755,1,data/ds004395/sub-LTP293/ses-5/eeg/sub-LTP293_ses-5_task-ltpFR2_eeg.edf,data/ds004395/sub-LTP293/ses-5/eeg/sub-LTP293_ses-5_task-ltpFR2_events.tsv
LTP293,5,19,1,SWITCH,1422,4098.832,2049416,1,data/ds004395/sub-LTP293/ses-5/eeg/sub-LTP293_ses-5_task-ltpFR2_eeg.edf,data/ds004395/sub-LTP293/ses-5/eeg/sub-LTP293_ses-5_task-ltpFR2_events.tsv
LTP293,5,19,2,DRIVER,499,4101.618,2050809,0,data/ds004395/sub-LTP293/ses-5/eeg/sub-LTP293_ses-5_task-ltpFR2_eeg.edf,data/ds004395/sub-LTP293/ses-5/eeg/sub-LTP293_ses-5_task-ltpFR2_events.tsv
LTP293,5,19,3,WIFE,1609,4104.152,2052076,1,data/ds004395/sub-LTP293/ses-5/eeg/sub-LTP293_ses-5_task-ltpFR2_eeg.edf,data/ds004395/sub-LTP293/ses-5/eeg/sub-LTP293_ses-5_task-ltpFR2_events.tsv
LTP293,5,19,4,SPOON,1357,4106.704,2053352,0,data/ds004395/sub-LTP293/ses-5/eeg/sub-LTP293_ses-5_task-ltpFR2_eeg.edf,data/ds004395/sub-LTP293/ses-5/eeg/sub-LTP293_ses-5_task-ltpFR2_events.tsv
LTP293,5,19,5,BINDER,127,4109.158,2054579,1,data/ds004395/sub-LTP293/ses-5/eeg/sub-LTP293_ses-5_task-ltpFR2_eeg.edf,data/ds004395/sub-LTP293/ses-5/eeg/sub-LTP293_ses-5_task-ltpFR2_events.tsv
LTP293,5,19,6,PAPER,1011,4111.726,2055863,1,data/ds004395/sub-LTP293/ses-5/eeg/sub-LTP293_ses-5_task-ltpFR2_eeg.edf,data/ds004395/sub-LTP293/ses-5/eeg/sub-LTP293_ses-5_task-ltpFR2_events.tsv
LTP293,5,19,7,FEMALE,559,4114.312,2057156,1,data/ds004395/sub-LTP293/ses-5/eeg/sub-LTP293_ses-5_task-ltpFR2_eeg.edf,data/ds004395/sub-LTP293/ses-5/eeg/sub-LTP293_ses-5_task-ltpFR2_events.tsv
LTP293,5,19,8,BLUEPRINT,142,4117.148,2058574,0,data/ds004395/sub-LTP293/ses-5/eeg/sub-LTP293_ses-5_task-ltpFR2_eeg.edf,data/ds004395/sub-LTP293/ses-5/eeg/sub-LTP293_ses-5_task-ltpFR2_events.tsv
LTP293,5,19,9,STAMP,1370,4119.65,2059825,0,data/ds004395/sub-LTP293/ses-5/eeg/sub-LTP293_ses-5_task-ltpFR2_eeg.edf,data/ds004395/sub-LTP293/ses-5/eeg/sub-LTP293_ses-5_task-ltpFR2_events.tsv
LTP293,5,19,10,LADDER,793,4122.136,2061068,0,data/ds004395/sub-LTP293/ses-5/eeg/sub-LTP293_ses-5_task-ltpFR2_eeg.edf,data/ds004395/sub-LTP293/ses-5/eeg/sub-LTP293_ses-5_task-ltpFR2_events.tsv
LTP293,5,19,11,MOTEL,919,4124.872,2062436,0,data/ds004395/sub-LTP293/ses-5/eeg/sub-LTP293_ses-5_task-ltpFR2_eeg.edf,data/ds004395/sub-LTP293/ses-5/eeg/sub-LTP293_ses-5_task-ltpFR2_events.tsv
LTP293,5,19,12,ULCER,1533,4127.606,2063803,0,data/ds004395/sub-LTP293/ses-5/eeg/sub-LTP293_ses-5_task-ltpFR2_eeg.edf,data/ds004395/sub-LTP293/ses-5/eeg/sub-LTP293_ses-5_task-ltpFR2_events.tsv
LTP293,5,19,13,BULLET,194,4130.174,2065087,0,data/ds004395/sub-LTP293/ses-5/eeg/sub-LTP293_ses-5_task-ltpFR2_eeg.edf,data/ds004395/sub-LTP293/ses-5/eeg/sub-LTP293_ses-5_task-ltpFR2_events.tsv
LTP293,5,19,14,WAGON,1578,4132.978,2066489,0,data/ds004395/sub-LTP293/ses-5/eeg/sub-LTP293_ses-5_task-ltpFR2_eeg.edf,data/ds004395/sub-LTP293/ses-5/eeg/sub-LTP293_ses-5_task-ltpFR2_events.tsv
LTP293,5,19,15,LEG,809,4135.496,2067748,0,data/ds004395/sub-LTP293/ses-5/eeg/sub-LTP293_ses-5_task-ltpFR2_eeg.edf,data/ds004395/sub-LTP293/ses-5/eeg/sub-LTP293_ses-5_task-ltpFR2_events.tsv
LTP293,5,19,16,MONEY,908,4138.314,2069157,1,data/ds004395/sub-LTP293/ses-5/eeg/sub-LTP293_ses-5_task-ltpFR2_eeg.edf,data/ds004395/sub-LTP293/ses-5/eeg/sub-LTP293_ses-5_task-ltpFR2_events.tsv
LTP293,5,19,17,QUARTER,1148,4141.118,2070559,0,data/ds004395/sub-LTP293/ses-5/eeg/sub-LTP293_ses-5_task-ltpFR2_eeg.edf,data/ds004395/sub-LTP293/ses-5/eeg/sub-LTP293_ses-5_task-ltpFR2_events.tsv
LTP293,5,19,18,SPOUSE,1358,4143.854,2071927,1,data/ds004395/sub-LTP293/ses-5/eeg/sub-LTP293_ses-5_task-ltpFR2_eeg.edf,data/ds004395/sub-LTP293/ses-5/eeg/sub-LTP293_ses-5_task-ltpFR2_events.tsv
LTP293,5,19,19,BODY,145,4146.456,2073228,0,data/ds004395/sub-LTP293/ses-5/eeg/sub-LTP293_ses-5_task-ltpFR2_eeg.edf,data/ds004395/sub-LTP293/ses-5/eeg/sub-LTP293_ses-5_task-ltpFR2_events.tsv
LTP293,5,19,20,COURSE,390,4148.942,2074471,0,data/ds004395/sub-LTP293/ses-5/eeg/sub-LTP293_ses-5_task-ltpFR2_eeg.edf,data/ds004395/sub-LTP293/ses-5/eeg/sub-LTP293_ses-5_task-ltpFR2_events.tsv
LTP293,5,19,21,PICNIC,1060,4151.51,2075755,1,data/ds004395/sub-LTP293/ses-5/eeg/sub-LTP293_ses-5_task-ltpFR2_eeg.edf,data/ds004395/sub-LTP293/ses-5/eeg/sub-LTP293_ses-5_task-ltpFR2_events.tsv
LTP293,5,19,22,BELLY,119,4154.146,2077073,0,data/ds004395/sub-LTP293/ses-5/eeg/sub-LTP293_ses-5_task-ltpFR2_eeg.edf,data/ds004395/sub-LTP293/ses-5/eeg/sub-LTP293_ses-5_task-ltpFR2_events.tsv
LTP293,5,19,23,SPACE,1345,4156.982,2078491,0,data/ds004395/sub-LTP293/ses-5/eeg/sub-LTP293_ses-5_task-ltpFR2_eeg.edf,data/ds004395/sub-LTP293/ses-5/eeg/sub-LTP293_ses-5_task-ltpFR2_events.tsv
LTP293,5,19,24,PIZZA,1079,4159.734,2079867,0,data/ds004395/sub-LTP293/ses-5/eeg/sub-LTP293_ses-5_task-ltpFR2_eeg.edf,data/ds004395/sub-LTP293/ses-5/eeg/sub-LTP293_ses-5_task-ltpFR2_events.tsv
LTP293,5,20,1,WITNESS,1618,4302.754,2151377,1,data/ds004395/sub-LTP293/ses-5/eeg/sub-LTP293_ses-5_task-ltpFR2_eeg.edf,data/ds004395/sub-LTP293/ses-5/eeg/sub-LTP293_ses-5_task-ltpFR2_events.tsv
LTP293,5,20,2,CUSTARD,429,4305.49,2152745,1,data/ds004395/sub-LTP293/ses-5/eeg/sub-LTP293_ses-5_task-ltpFR2_eeg.edf,data/ds004395/sub-LTP293/ses-5/eeg/sub-LTP293_ses-5_task-ltpFR2_events.tsv
LTP293,5,20,3,NAPKIN,937,4308.276,2154138,1,data/ds004395/sub-LTP293/ses-5/eeg/sub-LTP293_ses-5_task-ltpFR2_eeg.edf,data/ds004395/sub-LTP293/ses-5/eeg/sub-LTP293_ses-5_task-ltpFR2_events.tsv
LTP293,5,20,4,FREEZER,604,4310.98,2155490,1,data/ds004395/sub-LTP293/ses-5/eeg/sub-LTP293_ses-5_task-ltpFR2_eeg.edf,data/ds004395/sub-LTP293/ses-5/eeg/sub-LTP293_ses-5_task-ltpFR2_events.tsv
LTP293,5,20,5,OZONE,996,4313.548,2156774,0,data/ds004395/sub-LTP293/ses-5/eeg/sub-LTP293_ses-5_task-ltpFR2_eeg.edf,data/ds004395/sub-LTP293/ses-5/eeg/sub-LTP293_ses-5_task-ltpFR2_events.tsv
LTP293,5,20,6,SUMMIT,1405,4316.1,2158050,0,data/ds004395/sub-LTP293/ses-5/eeg/sub-LTP293_ses-5_task-ltpFR2_eeg.edf,data/ds004395/sub-LTP293/ses-5/eeg/sub-LTP293_ses-5_task-ltpFR2_events.tsv
LTP293,5,20,7,SHARK,1275,4318.636,2159318,1,data/ds004395/sub-LTP293/ses-5/eeg/sub-LTP293_ses-5_task-ltpFR2_eeg.edf,data/ds004395/sub-LTP293/ses-5/eeg/sub-LTP293_ses-5_task-ltpFR2_events.tsv
LTP293,5,20,8,COD,340,4321.204,2160602,1,data/ds004395/sub-LTP293/ses-5/eeg/sub-LTP293_ses-5_task-ltpFR2_eeg.edf,data/ds004395/sub-LTP293/ses-5/eeg/sub-LTP293_ses-5_task-ltpFR2_events.tsv
LTP293,5,20,9,FLUTE,585,4324.024,2162012,1,data/ds004395/sub-LTP293/ses-5/eeg/sub-LTP293_ses-5_task-ltpFR2_eeg.edf,data/ds004395/sub-LTP293/ses-5/eeg/sub-LTP293_ses-5_task-ltpFR2_events.tsv
LTP293,5,20,10,EXPERT,543,4326.492,2163246,0,data/ds004395/sub-LTP293/ses-5/eeg/sub-LTP293_ses-5_task-ltpFR2_eeg.edf,data/ds004395/sub-LTP293/ses-5/eeg/sub-LTP293_ses-5_task-ltpFR2_events.tsv
LTP293,5,20,11,DUSTPAN,509,4329.11,2164555,0,data/ds004395/sub-LTP293/ses-5/eeg/sub-LTP293_ses-5_task-ltpFR2_eeg.edf,data/ds004395/sub-LTP293/ses-5/eeg/sub-LTP293_ses-5_task-ltpFR2_events.tsv
LTP293,5,20,12,SPONGE,1355,4331.68,2165840,0,data/ds004395/sub-LTP293/ses-5/eeg/sub-LTP293_ses-5_task-ltpFR2_eeg.edf,data/ds004395/sub-LTP293/ses-5/eeg/sub-LTP293_ses-5_task-ltpFR2_events.tsv
LTP293,5,20,13,FILM,565,4334.282,2167141,0,data/ds004395/sub-LTP293/ses-5/eeg/sub-LTP293_ses-5_task-ltpFR2_eeg.edf,data/ds004395/sub-LTP293/ses-5/eeg/sub-LTP293_ses-5_task-ltpFR2_events.tsv
LTP293,5,20,14,BALLOON,75,4336.968,2168484,0,data/ds004395/sub-LTP293/ses-5/eeg/sub-LTP293_ses-5_task-ltpFR2_eeg.edf,data/ds004395/sub-LTP293/ses-5/eeg/sub-LTP293_ses-5_task-ltpFR2_events.tsv
LTP293,5,20,15,DONKEY,484,4339.57,2169785,0,data/ds004395/sub-LTP293/ses-5/eeg/sub-LTP293_ses-5_task-ltpFR2_eeg.edf,data/ds004395/sub-LTP293/ses-5/eeg/sub-LTP293_ses-5_task-ltpFR2_events.tsv
LTP293,5,20,16,ROCKET,1202,4342.172,2171086,0,data/ds004395/sub-LTP293/ses-5/eeg/sub-LTP293_ses-5_task-ltpFR2_eeg.edf,data/ds004395/sub-LTP293/ses-5/eeg/sub-LTP293_ses-5_task-ltpFR2_events.tsv
LTP293,5,20,17,COMET,353,4344.624,2172312,0,data/ds004395/sub-LTP293/ses-5/eeg/sub-LTP293_ses-5_task-ltpFR2_eeg.edf,data/ds004395/sub-LTP293/ses-5/eeg/sub-LTP293_ses-5_task-ltpFR2_events.tsv
LTP293,5,20,18,PARROT,1015,4347.076,2173538,0,data/ds004395/sub-LTP293/ses-5/eeg/sub-LTP293_ses-5_task-ltpFR2_eeg.edf,data/ds004395/sub-LTP293/ses-5/eeg/sub-LTP293_ses-5_task-ltpFR2_events.tsv
LTP293,5,20,19,MISTER,901,4349.678,2174839,0,data/ds004395/sub-LTP293/ses-5/eeg/sub-LTP293_ses-5_task-ltpFR2_eeg.edf,data/ds004395/sub-LTP293/ses-5/eeg/sub-LTP293_ses-5_task-ltpFR2_events.tsv
LTP293,5,20,20,LAMP,798,4352.23,2176115,0,data/ds004395/sub-LTP293/ses-5/eeg/sub-LTP293_ses-5_task-ltpFR2_eeg.edf,data/ds004395/sub-LTP293/ses-5/eeg/sub-LTP293_ses-5_task-ltpFR2_events.tsv
LTP293,5,20,21,HOOD,714,4354.682,2177341,0,data/ds004395/sub-LTP293/ses-5/eeg/sub-LTP293_ses-5_task-ltpFR2_eeg.edf,data/ds004395/sub-LTP293/ses-5/eeg/sub-LTP293_ses-5_task-ltpFR2_events.tsv
LTP293,5,20,22,HONEY,713,4357.434,2178717,0,data/ds004395/sub-LTP293/ses-5/eeg/sub-LTP293_ses-5_task-ltpFR2_eeg.edf,data/ds004395/sub-LTP293/ses-5/eeg/sub-LTP293_ses-5_task-ltpFR2_events.tsv
LTP293,5,20,23,ELBOW,520,4359.954,2179977,1,data/ds004395/sub-LTP293/ses-5/eeg/sub-LTP293_ses-5_task-ltpFR2_eeg.edf,data/ds004395/sub-LTP293/ses-5/eeg/sub-LTP293_ses-5_task-ltpFR2_events.tsv
LTP293,5,20,24,FLASHLIGHT,575,4362.772,2181386,0,data/ds004395/sub-LTP293/ses-5/eeg/sub-LTP293_ses-5_task-ltpFR2_eeg.edf,data/ds004395/sub-LTP293/ses-5/eeg/sub-LTP293_ses-5_task-ltpFR2_events.tsv
LTP293,5,21,1,WINDOW,1611,4505.928,2252964,1,data/ds004395/sub-LTP293/ses-5/eeg/sub-LTP293_ses-5_task-ltpFR2_eeg.edf,data/ds004395/sub-LTP293/ses-5/eeg/sub-LTP293_ses-5_task-ltpFR2_events.tsv
LTP293,5,21,2,CLOTHES,327,4508.664,2254332,1,data/ds004395/sub-LTP293/ses-5/eeg/sub-LTP293_ses-5_task-ltpFR2_eeg.edf,data/ds004395/sub-LTP293/ses-5/eeg/sub-LTP293_ses-5_task-ltpFR2_events.tsv
LTP293,5,21,3,LUNCH,849,4511.466,2255733,1,data/ds004395/sub-LTP293/ses-5/eeg/sub-LTP293_ses-5_task-ltpFR2_eeg.edf,data/ds004395/sub-LTP293/ses-5/eeg/sub-LTP293_ses-5_task-ltpFR2_events.tsv
LTP293,5,21,4,SANDWICH,1232,4514.118,2257059,1,data/ds004395/sub-LTP293/ses-5/eeg/sub-LTP293_ses-5_task-ltpFR2_eeg.edf,data/ds004395/sub-LTP293/ses-5/eeg/sub-LTP293_ses-5_task-ltpFR2_events.tsv
LTP293,5,21,5,PERCH,1048,4516.87,2258435,0,data/ds004395/sub-LTP293/ses-5/eeg/sub-LTP293_ses-5_task-ltpFR2_eeg.edf,data/ds004395/sub-LTP293/ses-5/eeg/sub-LTP293_ses-5_task-ltpFR2_events.tsv
LTP293,5,21,6,DANDRUFF,439,4519.456,2259728,0,data/ds004395/sub-LTP293/ses-5/eeg/sub-LTP293_ses-5_task-ltpFR2_eeg.edf,data/ds004395/sub-LTP293/ses-5/eeg/sub-LTP293_ses-5_task-ltpFR2_events.tsv
LTP293,5,21,7,MAPLE,866,4522.274,2261137,1,data/ds004395/sub-LTP293/ses-5/eeg/sub-LTP293_ses-5_task-ltpFR2_eeg.edf,data/ds004395/sub-LTP293/ses-5/eeg/sub-LTP293_ses-5_task-ltpFR2_events.tsv
LTP293,5,21,8,SCRIBBLE,1256,4525.012,2262506,1,data/ds004395/sub-LTP293/ses-5/eeg/sub-LTP293_ses-5_task-ltpFR2_eeg.edf,data/ds004395/sub-LTP293/ses-5/eeg/sub-LTP293_ses-5_task-ltpFR2_events.tsv
LTP293,5,21,9,SHRUB,1299,4527.462,2263731,0,data/ds004395/sub-LTP293/ses-5/eeg/sub-LTP293_ses-5_task-ltpFR2_eeg.edf,data/ds004395/sub-LTP293/ses-5/eeg/sub-LTP293_ses-5_task-ltpFR2_events.tsv
LTP293,5,21,10,CASHEW,253,4530.164,2265082,0,data/ds004395/sub-LTP293/ses-5/eeg/sub-LTP293_ses-5_task-ltpFR2_eeg.edf,data/ds004395/sub-LTP293/ses-5/eeg/sub-LTP293_ses-5_task-ltpFR2_events.tsv
LTP293,5,21,11,CAPTIVE,240,4532.716,2266358,1,data/ds004395/sub-LTP293/ses-5/eeg/sub-LTP293_ses-5_task-ltpFR2_eeg.edf,data/ds004395/sub-LTP293/ses-5/eeg/sub-LTP293_ses-5_task-ltpFR2_events.tsv
LTP293,5,21,12,LAPEL,800,4535.452,2267726,0,data/ds004395/sub-LTP293/ses-5/eeg/sub-LTP293_ses-5_task-ltpFR2_eeg.edf,data/ds004395/sub-LTP293/ses-5/eeg/sub-LTP293_ses-5_task-ltpFR2_events.tsv
LTP293,5,21,13,SPOOL,1356,4538.238,2269119,0,data/ds004395/sub-LTP293/ses-5/eeg/sub-LTP293_ses-5_task-ltpFR2_eeg.edf,data/ds004395/sub-LTP293/ses-5/eeg/sub-LTP293_ses-5_task-ltpFR2_events.tsv
LTP293,5,21,14,NOVEL,960,4540.774,2270387,1,data/ds004395/sub-LTP293/ses-5/eeg/sub-LTP293_ses-5_task-ltpFR2_eeg.edf,data/ds004395/sub-LTP293/ses-5/eeg/sub-LTP293_ses-5_task-ltpFR2_events.tsv
LTP293,5,21,15,ARMY,39,4543.326,2271663,1,data/ds004395/sub-LTP293/ses-5/eeg/sub-LTP293_ses-5_task-ltpFR2_eeg.edf,data/ds004395/sub-LTP293/ses-5/eeg/sub-LTP293_ses-5_task-ltpFR2_events.tsv
LTP293,5,21,16,COLONEL,348,4545.762,2272881,1,data/ds004395/sub-LTP293/ses-5/eeg/sub-LTP293_ses-5_task-ltpFR2_eeg.edf,data/ds004395/sub-LTP293/ses-5/eeg/sub-LTP293_ses-5_task-ltpFR2_events.tsv
LTP293,5,21,17,CHURCH,307,4548.448,2274224,0,data/ds004395/sub-LTP293/ses-5/eeg/sub-LTP293_ses-5_task-ltpFR2_eeg.edf,data/ds004395/sub-LTP293/ses-5/eeg/sub-LTP293_ses-5_task-ltpFR2_events.tsv
LTP293,5,21,18,PAIL,1002,4551.082,2275541,0,data/ds004395/sub-LTP293/ses-5/eeg/sub-LTP293_ses-5_task-ltpFR2_eeg.edf,data/ds004395/sub-LTP293/ses-5/eeg/sub-LTP293_ses-5_task-ltpFR2_events.tsv
LTP293,5,21,19,LOFT,840,4553.836,2276918,0,data/ds004395/sub-LTP293/ses-5/eeg/sub-LTP293_ses-5_task-ltpFR2_eeg.edf,data/ds004395/sub-LTP293/ses-5/eeg/sub-LTP293_ses-5_task-ltpFR2_events.tsv
LTP293,5,21,20,TERMITE,1451,4556.604,2278302,0,data/ds004395/sub-LTP293/ses-5/eeg/sub-LTP293_ses-5_task-ltpFR2_eeg.edf,data/ds004395/sub-LTP293/ses-5/eeg/sub-LTP293_ses-5_task-ltpFR2_events.tsv
LTP293,5,21,21,PROTON,1132,4559.09,2279545,0,data/ds004395/sub-LTP293/ses-5/eeg/sub-LTP293_ses-5_task-ltpFR2_eeg.edf,data/ds004395/sub-LTP293/ses-5/eeg/sub-LTP293_ses-5_task-ltpFR2_events.tsv
LTP293,5,21,22,SHERIFF,1284,4561.724,2280862,0,data/ds004395/sub-LTP293/ses-5/eeg/sub-LTP293_ses-5_task-ltpFR2_eeg.edf,data/ds004395/sub-LTP293/ses-5/eeg/sub-LTP293_ses-5_task-ltpFR2_events.tsv
LTP293,5,21,23,SKETCH,1315,4564.226,2282113,1,data/ds004395/sub-LTP293/ses-5/eeg/sub-LTP293_ses-5_task-ltpFR2_eeg.edf,data/ds004395/sub-LTP293/ses-5/eeg/sub-LTP293_ses-5_task-ltpFR2_events.tsv
LTP293,5,21,24,SHELF,1280,4567.014,2283507,1,data/ds004395/sub-LTP293/ses-5/eeg/sub-LTP293_ses-5_task-ltpFR2_eeg.edf,data/ds004395/sub-LTP293/ses-5/eeg/sub-LTP293_ses-5_task-ltpFR2_events.tsv
LTP293,5,22,1,LION,827,4684.898,2342449,1,data/ds004395/sub-LTP293/ses-5/eeg/sub-LTP293_ses-5_task-ltpFR2_eeg.edf,data/ds004395/sub-LTP293/ses-5/eeg/sub-LTP293_ses-5_task-ltpFR2_events.tsv
LTP293,5,22,2,HANDBAG,684,4687.366,2343683,1,data/ds004395/sub-LTP293/ses-5/eeg/sub-LTP293_ses-5_task-ltpFR2_eeg.edf,data/ds004395/sub-LTP293/ses-5/eeg/sub-LTP293_ses-5_task-ltpFR2_events.tsv
LTP293,5,22,3,BANKER,84,4690.084,2345042,0,data/ds004395/sub-LTP293/ses-5/eeg/sub-LTP293_ses-5_task-ltpFR2_eeg.edf,data/ds004395/sub-LTP293/ses-5/eeg/sub-LTP293_ses-5_task-ltpFR2_events.tsv
LTP293,5,22,4,PARENT,1013,4692.704,2346352,1,data/ds004395/sub-LTP293/ses-5/eeg/sub-LTP293_ses-5_task-ltpFR2_eeg.edf,data/ds004395/sub-LTP293/ses-5/eeg/sub-LTP293_ses-5_task-ltpFR2_events.tsv
LTP293,5,22,5,VELVET,1555,4695.406,2347703,1,data/ds004395/sub-LTP293/ses-5/eeg/sub-LTP293_ses-5_task-ltpFR2_eeg.edf,data/ds004395/sub-LTP293/ses-5/eeg/sub-LTP293_ses-5_task-ltpFR2_events.tsv
LTP293,5,22,6,PICTURE,1061,4697.958,2348979,1,data/ds004395/sub-LTP293/ses-5/eeg/sub-LTP293_ses-5_task-ltpFR2_eeg.edf,data/ds004395/sub-LTP293/ses-5/eeg/sub-LTP293_ses-5_task-ltpFR2_events.tsv
LTP293,5,22,7,BOX,159,4700.626,2350313,0,data/ds004395/sub-LTP293/ses-5/eeg/sub-LTP293_ses-5_task-ltpFR2_eeg.edf,data/ds004395/sub-LTP293/ses-5/eeg/sub-LTP293_ses-5_task-ltpFR2_events.tsv
LTP293,5,22,8,MARS,873,4703.196,2351598,0,data/ds004395/sub-LTP293/ses-5/eeg/sub-LTP293_ses-5_task-ltpFR2_eeg.edf,data/ds004395/sub-LTP293/ses-5/eeg/sub-LTP293_ses-5_task-ltpFR2_events.tsv
LTP293,5,22,9,HOSTESS,723,4705.646,2352823,1,data/ds004395/sub-LTP293/ses-5/eeg/sub-LTP293_ses-5_task-ltpFR2_eeg.edf,data/ds004395/sub-LTP293/ses-5/eeg/sub-LTP293_ses-5_task-ltpFR2_events.tsv
LTP293,5,22,10,WAITRESS,1581,4708.132,2354066,1,data/ds004395/sub-LTP293/ses-5/eeg/sub-LTP293_ses-5_task-ltpFR2_eeg.edf,data/ds004395/sub-LTP293/ses-5/eeg/sub-LTP293_ses-5_task-ltpFR2_events.tsv
LTP293,5,22,11,POWDER,1117,4710.634,2355317,0,data/ds004395/sub-LTP293/ses-5/eeg/sub-LTP293_ses-5_task-ltpFR2_eeg.edf,data/ds004395/sub-LTP293/ses-5/eeg/sub-LTP293_ses-5_task-ltpFR2_events.tsv
LTP293,5,22,12,FIREMAN,569,4713.154,2356577,0,data/ds004395/sub-LTP293/ses-5/eeg/sub-LTP293_ses-5_task-ltpFR2_eeg.edf,data/ds004395/sub-LTP293/ses-5/eeg/sub-LTP293_ses-5_task-ltpFR2_events.tsv
LTP293,5,22,13,SISTER,1312,4715.84,2357920,0,data/ds004395/sub-LTP293/ses-5/eeg/sub-LTP293_ses-5_task-ltpFR2_eeg.edf,data/ds004395/sub-LTP293/ses-5/eeg/sub-LTP293_ses-5_task-ltpFR2_events.tsv
LTP293,5,22,14,IDOL,733,4718.274,2359137,0,data/ds004395/sub-LTP293/ses-5/eeg/sub-LTP293_ses-5_task-ltpFR2_eeg.edf,data/ds004395/sub-LTP293/ses-5/eeg/sub-LTP293_ses-5_task-ltpFR2_events.tsv
LTP293,5,22,15,CLIMBER,323,4721.062,2360531,0,data/ds004395/sub-LTP293/ses-5/eeg/sub-LTP293_ses-5_task-ltpFR2_eeg.edf,data/ds004395/sub-LTP293/ses-5/eeg/sub-LTP293_ses-5_task-ltpFR2_events.tsv
LTP293,5,22,16,COUSIN,392,4723.646,2361823,1,data/ds004395/sub-LTP293/ses-5/eeg/sub-LTP293_ses-5_task-ltpFR2_eeg.edf,data/ds004395/sub-LTP293/ses-5/eeg/sub-LTP293_ses-5_task-ltpFR2_events.tsv
LTP293,5,22,17,GLOBE,641,4726.464,2363232,0,data/ds004395/sub-LTP293/ses-5/eeg/sub-LTP293_ses-5_task-ltpFR2_eeg.edf,data/ds004395/sub-LTP293/ses-5/eeg/sub-LTP293_ses-5_task-ltpFR2_events.tsv
LTP293,5,22,18,PLASTER,1085,4729.268,2364634,1,data/ds004395/sub-LTP293/ses-5/eeg/sub-LTP293_ses-5_task-ltpFR2_eeg.edf,data/ds004395/sub-LTP293/ses-5/eeg/sub-LTP293_ses-5_task-ltpFR2_events.tsv
LTP293,5,22,19,AGENT,10,4731.954,2365977,1,data/ds004395/sub-LTP293/ses-5/eeg/sub-LTP293_ses-5_task-ltpFR2_eeg.edf,data/ds004395/sub-LTP293/ses-5/eeg/sub-LTP293_ses-5_task-ltpFR2_events.tsv
LTP293,5,22,20,JAPAN,749,4734.406,2367203,0,data/ds004395/sub-LTP293/ses-5/eeg/sub-LTP293_ses-5_task-ltpFR2_eeg.edf,data/ds004395/sub-LTP293/ses-5/eeg/sub-LTP293_ses-5_task-ltpFR2_events.tsv
LTP293,5,22,21,EUROPE,541,4737.124,2368562,0,data/ds004395/sub-LTP293/ses-5/eeg/sub-LTP293_ses-5_task-ltpFR2_eeg.edf,data/ds004395/sub-LTP293/ses-5/eeg/sub-LTP293_ses-5_task-ltpFR2_events.tsv
LTP293,5,22,22,DRAGON,492,4739.71,2369855,1,data/ds004395/sub-LTP293/ses-5/eeg/sub-LTP293_ses-5_task-ltpFR2_eeg.edf,data/ds004395/sub-LTP293/ses-5/eeg/sub-LTP293_ses-5_task-ltpFR2_events.tsv
LTP293,5,22,23,SEAGULL,1261,4742.246,2371123,1,data/ds004395/sub-LTP293/ses-5/eeg/sub-LTP293_ses-5_task-ltpFR2_eeg.edf,data/ds004395/sub-LTP293/ses-5/eeg/sub-LTP293_ses-5_task-ltpFR2_events.tsv
LTP293,5,22,24,BABY,64,4744.748,2372374,1,data/ds004395/sub-LTP293/ses-5/eeg/sub-LTP293_ses-5_task-ltpFR2_eeg.edf,data/ds004395/sub-LTP293/ses-5/eeg/sub-LTP293_ses-5_task-ltpFR2_events.tsv
LTP293,5,23,1,PASSAGE,1019,4887.936,2443968,0,data/ds004395/sub-LTP293/ses-5/eeg/sub-LTP293_ses-5_task-ltpFR2_eeg.edf,data/ds004395/sub-LTP293/ses-5/eeg/sub-LTP293_ses-5_task-ltpFR2_events.tsv
LTP293,5,23,2,OUTDOORS,987,4890.504,2445252,0,data/ds004395/sub-LTP293/ses-5/eeg/sub-LTP293_ses-5_task-ltpFR2_eeg.edf,data/ds004395/sub-LTP293/ses-5/eeg/sub-LTP293_ses-5_task-ltpFR2_events.tsv
LTP293,5,23,3,HERO,706,4893.208,2446604,1,data/ds004395/sub-LTP293/ses-5/eeg/sub-LTP293_ses-5_task-ltpFR2_eeg.edf,data/ds004395/sub-LTP293/ses-5/eeg/sub-LTP293_ses-5_task-ltpFR2_events.tsv
LTP293,5,23,4,DENIM,446,4895.96,2447980,0,data/ds004395/sub-LTP293/ses-5/eeg/sub-LTP293_ses-5_task-ltpFR2_eeg.edf,data/ds004395/sub-LTP293/ses-5/eeg/sub-LTP293_ses-5_task-ltpFR2_events.tsv
LTP293,5,23,5,POCKET,1093,4898.778,2449389,0,data/ds004395/sub-LTP293/ses-5/eeg/sub-LTP293_ses-5_task-ltpFR2_eeg.edf,data/ds004395/sub-LTP293/ses-5/eeg/sub-LTP293_ses-5_task-ltpFR2_events.tsv
LTP293,5,23,6,WASP,1593,4901.43,2450715,0,data/ds004395/sub-LTP293/ses-5/eeg/sub-LTP293_ses-5_task-ltpFR2_eeg.edf,data/ds004395/sub-LTP293/ses-5/eeg/sub-LTP293_ses-5_task-ltpFR2_events.tsv
LTP293,5,23,7,GLOVE,642,4904.016,2452008,0,data/ds004395/sub-LTP293/ses-5/eeg/sub-LTP293_ses-5_task-ltpFR2_eeg.edf,data/ds004395/sub-LTP293/ses-5/eeg/sub-LTP293_ses-5_task-ltpFR2_events.tsv
LTP293,5,23,8,PRIMATE,1123,4906.5,2453250,1,data/ds004395/sub-LTP293/ses-5/eeg/sub-LTP293_ses-5_task-ltpFR2_eeg.edf,data/ds004395/sub-LTP293/ses-5/eeg/sub-LTP293_ses-5_task-ltpFR2_events.tsv
LTP293,5,23,9,JUNGLE,764,4909.12,2454560,0,data/ds004395/sub-LTP293/ses-5/eeg/sub-LTP293_ses-5_task-ltpFR2_eeg.edf,data/ds004395/sub-LTP293/ses-5/eeg/sub-LTP293_ses-5_task-ltpFR2_events.tsv
LTP293,5,23,10,MASK,876,4911.806,2455903,0,data/ds004395/sub-LTP293/ses-5/eeg/sub-LTP293_ses-5_task-ltpFR2_eeg.edf,data/ds004395/sub-LTP293/ses-5/eeg/sub-LTP293_ses-5_task-ltpFR2_events.tsv
LTP293,5,23,11,TABLET,1427,4914.474,2457237,0,data/ds004395/sub-LTP293/ses-5/eeg/sub-LTP293_ses-5_task-ltpFR2_eeg.edf,data/ds004395/sub-LTP293/ses-5/eeg/sub-LTP293_ses-5_task-ltpFR2_events.tsv
LTP293,5,23,12,BRAKE,166,4917.16,2458580,0,data/ds004395/sub-LTP293/ses-5/eeg/sub-LTP293_ses-5_task-ltpFR2_eeg.edf,data/ds004395/sub-LTP293/ses-5/eeg/sub-LTP293_ses-5_task-ltpFR2_events.tsv
LTP293,5,23,13,LABEL,790,4919.796,2459898,0,data/ds004395/sub-LTP293/ses-5/eeg/sub-LTP293_ses-5_task-ltpFR2_eeg.edf,data/ds004395/sub-LTP293/ses-5/eeg/sub-LTP293_ses-5_task-ltpFR2_events.tsv
LTP293,5,23,14,BANJO,82,4922.616,2461308,1,data/ds004395/sub-LTP293/ses-5/eeg/sub-LTP293_ses-5_task-ltpFR2_eeg.edf,data/ds004395/sub-LTP293/ses-5/eeg/sub-LTP293_ses-5_task-ltpFR2_events.tsv
LTP293,5,23,15,ARM,38,4925.434,2462717,0,data/ds004395/sub-LTP293/ses-5/eeg/sub-LTP293_ses-5_task-ltpFR2_eeg.edf,data/ds004395/sub-LTP293/ses-5/eeg/sub-LTP293_ses-5_task-ltpFR2_events.tsv
LTP293,5,23,16,SOFTBALL,1343,4928.004,2464002,0,data/ds004395/sub-LTP293/ses-5/eeg/sub-LTP293_ses-5_task-ltpFR2_eeg.edf,data/ds004395/sub-LTP293/ses-5/eeg/sub-LTP293_ses-5_task-ltpFR2_events.tsv
LTP293,5,23,17,DIME,466,4930.788,2465394,1,data/ds004395/sub-LTP293/ses-5/eeg/sub-LTP293_ses-5_task-ltpFR2_eeg.edf,data/ds004395/sub-LTP293/ses-5/eeg/sub-LTP293_ses-5_task-ltpFR2_events.tsv
LTP293,5,23,18,RUST,1219,4933.358,2466679,0,data/ds004395/sub-LTP293/ses-5/eeg/sub-LTP293_ses-5_task-ltpFR2_eeg.edf,data/ds004395/sub-LTP293/ses-5/eeg/sub-LTP293_ses-5_task-ltpFR2_events.tsv
LTP293,5,23,19,LADY,794,4935.794,2467897,1,data/ds004395/sub-LTP293/ses-5/eeg/sub-LTP293_ses-5_task-ltpFR2_eeg.edf,data/ds004395/sub-LTP293/ses-5/eeg/sub-LTP293_ses-5_task-ltpFR2_events.tsv
LTP293,5,23,20,RECEIPT,1173,4938.228,2469114,0,data/ds004395/sub-LTP293/ses-5/eeg/sub-LTP293_ses-5_task-ltpFR2_eeg.edf,data/ds004395/sub-LTP293/ses-5/eeg/sub-LTP293_ses-5_task-ltpFR2_events.tsv
LTP293,5,23,21,VALVE,1546,4940.748,2470374,0,data/ds004395/sub-LTP293/ses-5/eeg/sub-LTP293_ses-5_task-ltpFR2_eeg.edf,data/ds004395/sub-LTP293/ses-5/eeg/sub-LTP293_ses-5_task-ltpFR2_events.tsv
LTP293,5,23,22,SUBWAY,1400,4943.5,2471750,1,data/ds004395/sub-LTP293/ses-5/eeg/sub-LTP293_ses-5_task-ltpFR2_eeg.edf,data/ds004395/sub-LTP293/ses-5/eeg/sub-LTP293_ses-5_task-ltpFR2_events.tsv
LTP293,5,23,23,QUAIL,1147,4946.086,2473043,1,data/ds004395/sub-LTP293/ses-5/eeg/sub-LTP293_ses-5_task-ltpFR2_eeg.edf,data/ds004395/sub-LTP293/ses-5/eeg/sub-LTP293_ses-5_task-ltpFR2_events.tsv
LTP293,5,23,24,LAKE,796,4948.586,2474293,1,data/ds004395/sub-LTP293/ses-5/eeg/sub-LTP293_ses-5_task-ltpFR2_eeg.edf,data/ds004395/sub-LTP293/ses-5/eeg/sub-LTP293_ses-5_task-ltpFR2_events.tsv
LTP293,5,24,1,SHOVEL,1295,5091.892,2545946,1,data/ds004395/sub-LTP293/ses-5/eeg/sub-LTP293_ses-5_task-ltpFR2_eeg.edf,data/ds004395/sub-LTP293/ses-5/eeg/sub-LTP293_ses-5_task-ltpFR2_events.tsv
LTP293,5,24,2,BIKE,125,5094.66,2547330,1,data/ds004395/sub-LTP293/ses-5/eeg/sub-LTP293_ses-5_task-ltpFR2_eeg.edf,data/ds004395/sub-LTP293/ses-5/eeg/sub-LTP293_ses-5_task-ltpFR2_events.tsv
LTP293,5,24,3,LOVER,846,5097.164,2548582,0,data/ds004395/sub-LTP293/ses-5/eeg/sub-LTP293_ses-5_task-ltpFR2_eeg.edf,data/ds004395/sub-LTP293/ses-5/eeg/sub-LTP293_ses-5_task-ltpFR2_events.tsv
LTP293,5,24,4,FRIEND,606,5099.95,2549975,0,data/ds004395/sub-LTP293/ses-5/eeg/sub-LTP293_ses-5_task-ltpFR2_eeg.edf,data/ds004395/sub-LTP293/ses-5/eeg/sub-LTP293_ses-5_task-ltpFR2_events.tsv
LTP293,5,24,5,CANDY,230,5102.702,2551351,0,data/ds004395/sub-LTP293/ses-5/eeg/sub-LTP293_ses-5_task-ltpFR2_eeg.edf,data/ds004395/sub-LTP293/ses-5/eeg/sub-LTP293_ses-5_task-ltpFR2_events.tsv
LTP293,5,24,6,CORAL,378,5105.186,2552593,1,data/ds004395/sub-LTP293/ses-5/eeg/sub-LTP293_ses-5_task-ltpFR2_eeg.edf,data/ds004395/sub-LTP293/ses-5/eeg/sub-LTP293_ses-5_task-ltpFR2_events.tsv
LTP293,5,24,7,PATROL,1027,5107.824,2553912,0,data/ds004395/sub-LTP293/ses-5/eeg/sub-LTP293_ses-5_task-ltpFR2_eeg.edf,data/ds004395/sub-LTP293/ses-5/eeg/sub-LTP293_ses-5_task-ltpFR2_events.tsv
LTP293,5,24,8,GLASS,639,5110.508,2555254,0,data/ds004395/sub-LTP293/ses-5/eeg/sub-LTP293_ses-5_task-ltpFR2_eeg.edf,data/ds004395/sub-LTP293/ses-5/eeg/sub-LTP293_ses-5_task-ltpFR2_events.tsv
LTP293,5,24,9,VICTIM,1562,5113.11,2556555,0,data/ds004395/sub-LTP293/ses-5/eeg/sub-LTP293_ses-5_task-ltpFR2_eeg.edf,data/ds004395/sub-LTP293/ses-5/eeg/sub-LTP293_ses-5_task-ltpFR2_events.tsv
LTP293,5,24,10,LODGE,839,5115.712,2557856,1,data/ds004395/sub-LTP293/ses-5/eeg/sub-LTP293_ses-5_task-ltpFR2_eeg.edf,data/ds004395/sub-LTP293/ses-5/eeg/sub-LTP293_ses-5_task-ltpFR2_events.tsv
LTP293,5,24,11,BEAVER,109,5118.498,2559249,0,data/ds004395/sub-LTP293/ses-5/eeg/sub-LTP293_ses-5_task-ltpFR2_eeg.edf,data/ds004395/sub-LTP293/ses-5/eeg/sub-LTP293_ses-5_task-ltpFR2_events.tsv
LTP293,5,24,12,TOURIST,1488,5121.068,2560534,0,data/ds004395/sub-LTP293/ses-5/eeg/sub-LTP293_ses-5_task-ltpFR2_eeg.edf,data/ds004395/sub-LTP293/ses-5/eeg/sub-LTP293_ses-5_task-ltpFR2_events.tsv
LTP293,5,24,13,LUGGAGE,847,5123.602,2561801,0,data/ds004395/sub-LTP293/ses-5/eeg/sub-LTP293_ses-5_task-ltpFR2_eeg.edf,data/ds004395/sub-LTP293/ses-5/eeg/sub-LTP293_ses-5_task-ltpFR2_events.tsv
LTP293,5,24,14,CROSS,413,5126.172,2563086,0,data/ds004395/sub-LTP293/ses-5/eeg/sub-LTP293_ses-5_task-ltpFR2_eeg.edf,data/ds004395/sub-LTP293/ses-5/eeg/sub-LTP293_ses-5_task-ltpFR2_events.tsv
LTP293,5,24,15,HIGHWAY,707,5128.842,2564421,0,data/ds004395/sub-LTP293/ses-5/eeg/sub-LTP293_ses-5_task-ltpFR2_eeg.edf,data/ds004395/sub-LTP293/ses-5/eeg/sub-LTP293_ses-5_task-ltpFR2_events.tsv
LTP293,5,24,16,PASTRY,1022,5131.46,2565730,0,data/ds004395/sub-LTP293/ses-5/eeg/sub-LTP293_ses-5_task-ltpFR2_eeg.edf,data/ds004395/sub-LTP293/ses-5/eeg/sub-LTP293_ses-5_task-ltpFR2_events.tsv
LTP293,5,24,17,ICEBERG,731,5134.246,2567123,1,data/ds004395/sub-LTP293/ses-5/eeg/sub-LTP293_ses-5_task-ltpFR2_eeg.edf,data/ds004395/sub-LTP293/ses-5/eeg/sub-LTP293_ses-5_task-ltpFR2_events.tsv
LTP293,5,24,18,PUDDLE,1140,5136.866,2568433,0,data/ds004395/sub-LTP293/ses-5/eeg/sub-LTP293_ses-5_task-ltpFR2_eeg.edf,data/ds004395/sub-LTP293/ses-5/eeg/sub-LTP293_ses-5_task-ltpFR2_events.tsv
LTP293,5,24,19,GAZELLE,628,5139.384,2569692,1,data/ds004395/sub-LTP293/ses-5/eeg/sub-LTP293_ses-5_task-ltpFR2_eeg.edf,data/ds004395/sub-LTP293/ses-5/eeg/sub-LTP293_ses-5_task-ltpFR2_events.tsv
LTP293,5,24,20,LIGHTNING,820,5141.886,2570943,1,data/ds004395/sub-LTP293/ses-5/eeg/sub-LTP293_ses-5_task-ltpFR2_eeg.edf,data/ds004395/sub-LTP293/ses-5/eeg/sub-LTP293_ses-5_task-ltpFR2_events.tsv
LTP293,5,24,21,STAR,1373,5144.52,2572260,1,data/ds004395/sub-LTP293/ses-5/eeg/sub-LTP293_ses-5_task-ltpFR2_eeg.edf,data/ds004395/sub-LTP293/ses-5/eeg/sub-LTP293_ses-5_task-ltpFR2_events.tsv
LTP293,5,24,22,SNACK,1331,5147.122,2573561,0,data/ds004395/sub-LTP293/ses-5/eeg/sub-LTP293_ses-5_task-ltpFR2_eeg.edf,data/ds004395/sub-LTP293/ses-5/eeg/sub-LTP293_ses-5_task-ltpFR2_events.tsv
LTP293,5,24,23,NECKLACE,940,5149.658,2574829,1,data/ds004395/sub-LTP293/ses-5/eeg/sub-LTP293_ses-5_task-ltpFR2_eeg.edf,data/ds004395/sub-LTP293/ses-5/eeg/sub-LTP293_ses-5_task-ltpFR2_events.tsv
LTP293,5,24,24,IGLOO,734,5152.176,2576088,1,data/ds004395/sub-LTP293/ses-5/eeg/sub-LTP293_ses-5_task-ltpFR2_eeg.edf,data/ds004395/sub-LTP293/ses-5/eeg/sub-LTP293_ses-5_task-ltpFR2_events.tsv
