subject,session,trial,serialpos,word,item_num,onset,sample,recalled,eeg_file,event_file
LTP303,10,1,1,BOUQUET,157,258.906,129453,1,data/ds004395/sub-LTP303/ses-10/eeg/sub-LTP303_ses-10_task-ltpFR2_eeg.edf,data/ds004395/sub-LTP303/ses-10/eeg/sub-LTP303_ses-10_task-ltpFR2_events.tsv
LTP303,10,1,2,CLOTHES,327,261.626,130813,1,data/ds004395/sub-LTP303/ses-10/eeg/sub-LTP303_ses-10_task-ltpFR2_eeg.edf,data/ds004395/sub-LTP303/ses-10/eeg/sub-LTP303_ses-10_task-ltpFR2_events.tsv
LTP303,10,1,3,BRANCH,168,264.094,132047,1,data/ds004395/sub-LTP303/ses-10/eeg/sub-LTP303_ses-10_task-ltpFR2_eeg.edf,data/ds004395/sub-LTP303/ses-10/eeg/sub-LTP303_ses-10_task-ltpFR2_events.tsv
LTP303,10,1,4,ZIPPER,1636,266.53,133265,1,data/ds004395/sub-LTP303/ses-10/eeg/sub-LTP303_ses-10_task-ltpFR2_eeg.edf,data/ds004395/sub-LTP303/ses-10/eeg/sub-LTP303_ses-10_task-ltpFR2_events.tsv
LTP303,10,1,5,AIRPLANE,12,268.998,134499,1,data/ds004395/sub-LTP303/ses-10/eeg/sub-LTP303_ses-10_task-ltpFR2_eeg.edf,data/ds004395/sub-LTP303/ses-10/eeg/sub-LTP303_ses-10_task-ltpFR2_events.tsv
LTP303,10,1,6,BALLOON,75,271.8,135900,1,data/ds004395/sub-LTP303/ses-10/eeg/sub-LTP303_ses-10_task-ltpFR2_eeg.edf,data/ds004395/sub-LTP303/ses-10/eeg/sub-LTP303_ses-10_task-ltpFR2_events.tsv
LTP303,10,1,7,PERMIT,1051,274.62,137310,1,data/ds004395/sub-LTP303/ses-10/eeg/sub-LTP303_ses-10_task-ltpFR2_eeg.edf,data/ds004395/sub-LTP303/ses-10/eeg/sub-LTP303_ses-10_task-ltpFR2_events.tsv
LTP303,10,1,8,RATTLE,1170,277.156,138578,1,data/ds004395/sub-LTP303/ses-10/eeg/sub-LTP303_ses-10_task-ltpFR2_eeg.edf,data/ds004395/sub-LTP303/ses-10/eeg/sub-LTP303_ses-10_task-ltpFR2_events.tsv
LTP303,10,1,9,BRIEFCASE,175,279.908,139954,1,data/ds004395/sub-LTP303/ses-10/eeg/sub-LTP303_ses-10_task-ltpFR2_eeg.edf,data/ds004395/sub-LTP303/ses-10/eeg/sub-LTP303_ses-10_task-ltpFR2_events.tsv
LTP303,10,1,10,DRILL,497,282.678,141339,0,data/ds004395/sub-LTP303/ses-10/eeg/sub-LTP303_ses-10_task-ltpFR2_eeg.edf,data/ds004395/sub-LTP303/ses-10/eeg/sub-LTP303_ses-10_task-ltpFR2_events.tsv
LTP303,10,1,11,INFANT,737,285.212,142606,1,data/ds004395/sub-LTP303/ses-10/eeg/sub-LTP303_ses-10_task-ltpFR2_eeg.edf,data/ds004395/sub-LTP303/ses-10/eeg/sub-LTP303_ses-10_task-ltpFR2_events.tsv
LTP303,10,1,12,POWDER,1117,287.698,143849,1,data/ds004395/sub-LTP303/ses-10/eeg/sub-LTP303_ses-10_task-ltpFR2_eeg.edf,data/ds004395/sub-LTP303/ses-10/eeg/sub-LTP303_ses-10_task-ltpFR2_events.tsv
LTP303,10,1,13,LUGGAGE,847,290.132,145066,0,data/ds004395/sub-LTP303/ses-10/eeg/sub-LTP303_ses-10_task-ltpFR2_eeg.edf,data/ds004395/sub-LTP303/ses-10/eeg/sub-LTP303_ses-10_task-ltpFR2_events.tsv
LTP303,10,1,14,TILE,1468,292.686,146343,1,data/ds004395/sub-LTP303/ses-10/eeg/sub-LTP303_ses-10_task-ltpFR2_eeg.edf,data/ds004395/sub-LTP303/ses-10/eeg/sub-LTP303_ses-10_task-ltpFR2_events.tsv
LTP303,10,1,15,FLASK,576,295.52,147760,1,data/ds004395/sub-LTP303/ses-10/eeg/sub-LTP303_ses-10_task-ltpFR2_eeg.edf,data/ds004395/sub-LTP303/ses-10/eeg/sub-LTP303_ses-10_task-ltpFR2_events.tsv
LTP303,10,1,16,KNIFE,785,298.072,149036,1,data/ds004395/sub-LTP303/ses-10/eeg/sub-LTP303_ses-10_task-ltpFR2_eeg.edf,data/ds004395/sub-LTP303/ses-10/eeg/sub-LTP303_ses-10_task-ltpFR2_events.tsv
LTP303,10,1,17,LOFT,840,300.808,150404,1,data/ds004395/sub-LTP303/ses-10/eeg/sub-LTP303_ses-10_task-ltpFR2_eeg.edf,data/ds004395/sub-LTP303/ses-10/eeg/sub-LTP303_ses-10_task-ltpFR2_events.tsv
LTP303,10,1,18,FOREST,593,303.528,151764,1,data/ds004395/sub-LTP303/ses-10/eeg/sub-LTP303_ses-10_task-ltpFR2_eeg.edf,data/ds004395/sub-LTP303/ses-10/eeg/sub-LTP303_ses-10_task-ltpFR2_events.tsv
LTP303,10,1,19,KLEENEX,782,306.28,153140,1,data/ds004395/sub-LTP303/ses-10/eeg/sub-LTP303_ses-10_task-ltpFR2_eeg.edf,data/ds004395/sub-LTP303/ses-10/eeg/sub-LTP303_ses-10_task-ltpFR2_events.tsv
LTP303,10,1,20,FLESH,579,308.966,154483,1,data/ds004395/sub-LTP303/ses-10/eeg/sub-LTP303_ses-10_task-ltpFR2_eeg.edf,data/ds004395/sub-LTP303/ses-10/eeg/sub-LTP303_ses-10_task-ltpFR2_events.tsv
LTP303,10,1,21,BRACES,164,311.618,155809,0,data/ds004395/sub-LTP303/ses-10/eeg/sub-LTP303_ses-10_task-ltpFR2_eeg.edf,data/ds004395/sub-LTP303/ses-10/eeg/sub-LTP303_ses-10_task-ltpFR2_events.tsv
LTP303,10,1,22,MISTER,901,314.254,157127,0,data/ds004395/sub-LTP303/ses-10/eeg/sub-LTP303_ses-10_task-ltpFR2_eeg.edf,data/ds004395/sub-LTP303/ses-10/eeg/sub-LTP303_ses-10_task-ltpFR2_events.tsv
LTP303,10,1,23,LADY,794,317.072,158536,0,data/ds004395/sub-LTP303/ses-10/eeg/sub-LTP303_ses-10_task-ltpFR2_eeg.edf,data/ds004395/sub-LTP303/ses-10/eeg/sub-LTP303_ses-10_task-ltpFR2_events.tsv
LTP303,10,1,24,COUCH,386,319.658,159829,0,data/ds004395/sub-LTP303/ses-10/eeg/sub-LTP303_ses-10_task-ltpFR2_eeg.edf,data/ds004395/sub-LTP303/ses-10/eeg/sub-LTP303_ses-10_task-ltpFR2_events.tsv
LTP303,10,2,1,PIANO,1057,437.758,218879,1,data/ds004395/sub-LTP303/ses-10/eeg/sub-LTP303_ses-10_task-ltpFR2_eeg.edf,data/ds004395/sub-LTP303/ses-10/eeg/sub-LTP303_ses-10_task-ltpFR2_events.tsv
LTP303,10,2,2,RECORD,1176,440.528,220264,1,data/ds004395/sub-LTP303/ses-10/eeg/sub-LTP303_ses-10_task-ltpFR2_eeg.edf,data/ds004395/sub-LTP303/ses-10/eeg/sub-LTP303_ses-10_task-ltpFR2_events.tsv
LTP303,10,2,3,COCOON,339,443.246,221623,1,data/ds004395/sub-LTP303/ses-10/eeg/sub-LTP303_ses-10_task-ltpFR2_eeg.edf,data/ds004395/sub-LTP303/ses-10/eeg/sub-LTP303_ses-10_task-ltpFR2_events.tsv
LTP303,10,2,4,CURTAIN,427,445.848,222924,1,data/ds004395/sub-LTP303/ses-10/eeg/sub-LTP303_ses-10_task-ltpFR2_eeg.edf,data/ds004395/sub-LTP303/ses-10/eeg/sub-LTP303_ses-10_task-ltpFR2_events.tsv
LTP303,10,2,5,MARROW,872,448.284,224142,1,data/ds004395/sub-LTP303/ses-10/eeg/sub-LTP303_ses-10_task-ltpFR2_eeg.edf,data/ds004395/sub-LTP303/ses-10/eeg/sub-LTP303_ses-10_task-ltpFR2_events.tsv
LTP303,10,2,6,RECEIPT,1173,450.87,225435,1,data/ds004395/sub-LTP303/ses-10/eeg/sub-LTP303_ses-10_task-ltpFR2_eeg.edf,data/ds004395/sub-LTP303/ses-10/eeg/sub-LTP303_ses-10_task-ltpFR2_events.tsv
LTP303,10,2,7,ITEM,746,453.622,226811,1,data/ds004395/sub-LTP303/ses-10/eeg/sub-LTP303_ses-10_task-ltpFR2_eeg.edf,data/ds004395/sub-LTP303/ses-10/eeg/sub-LTP303_ses-10_task-ltpFR2_events.tsv
LTP303,10,2,8,PILOT,1070,456.258,228129,0,data/ds004395/sub-LTP303/ses-10/eeg/sub-LTP303_ses-10_task-ltpFR2_eeg.edf,data/ds004395/sub-LTP303/ses-10/eeg/sub-LTP303_ses-10_task-ltpFR2_events.tsv
LTP303,10,2,9,GRILL,661,458.742,229371,1,data/ds004395/sub-LTP303/ses-10/eeg/sub-LTP303_ses-10_task-ltpFR2_eeg.edf,data/ds004395/sub-LTP303/ses-10/eeg/sub-LTP303_ses-10_task-ltpFR2_events.tsv
LTP303,10,2,10,SHIRT,1287,461.528,230764,1,data/ds004395/sub-LTP303/ses-10/eeg/sub-LTP303_ses-10_task-ltpFR2_eeg.edf,data/ds004395/sub-LTP303/ses-10/eeg/sub-LTP303_ses-10_task-ltpFR2_events.tsv
LTP303,10,2,11,SLUG,1329,464.096,232048,1,data/ds004395/sub-LTP303/ses-10/eeg/sub-LTP303_ses-10_task-ltpFR2_eeg.edf,data/ds004395/sub-LTP303/ses-10/eeg/sub-LTP303_ses-10_task-ltpFR2_events.tsv
LTP303,10,2,12,VALLEY,1545,466.748,233374,1,data/ds004395/sub-LTP303/ses-10/eeg/sub-LTP303_ses-10_task-ltpFR2_eeg.edf,data/ds004395/sub-LTP303/ses-10/eeg/sub-LTP303_ses-10_task-ltpFR2_events.tsv
LTP303,10,2,13,SKIRT,1319,469.218,234609,0,data/ds004395/sub-LTP303/ses-10/eeg/sub-LTP303_ses-10_task-ltpFR2_eeg.edf,data/ds004395/sub-LTP303/ses-10/eeg/sub-LTP303_ses-10_task-ltpFR2_events.tsv
LTP303,10,2,14,OMELET,976,472.004,236002,1,data/ds004395/sub-LTP303/ses-10/eeg/sub-LTP303_ses-10_task-ltpFR2_eeg.edf,data/ds004395/sub-LTP303/ses-10/eeg/sub-LTP303_ses-10_task-ltpFR2_events.tsv
LTP303,10,2,15,OUTLAW,989,474.74,237370,1,data/ds004395/sub-LTP303/ses-10/eeg/sub-LTP303_ses-10_task-ltpFR2_eeg.edf,data/ds004395/sub-LTP303/ses-10/eeg/sub-LTP303_ses-10_task-ltpFR2_events.tsv
LTP303,10,2,16,THIEF,1456,477.374,238687,1,data/ds004395/sub-LTP303/ses-10/eeg/sub-LTP303_ses-10_task-ltpFR2_eeg.edf,data/ds004395/sub-LTP303/ses-10/eeg/sub-LTP303_ses-10_task-ltpFR2_events.tsv
LTP303,10,2,17,GROUND,666,480.01,240005,1,data/ds004395/sub-LTP303/ses-10/eeg/sub-LTP303_ses-10_task-ltpFR2_eeg.edf,data/ds004395/sub-LTP303/ses-10/eeg/sub-LTP303_ses-10_task-ltpFR2_events.tsv
LTP303,10,2,18,DRIVER,499,482.48,241240,1,data/ds004395/sub-LTP303/ses-10/eeg/sub-LTP303_ses-10_task-ltpFR2_eeg.edf,data/ds004395/sub-LTP303/ses-10/eeg/sub-LTP303_ses-10_task-ltpFR2_events.tsv
LTP303,10,2,19,VICTIM,1562,485.032,242516,1,data/ds004395/sub-LTP303/ses-10/eeg/sub-LTP303_ses-10_task-ltpFR2_eeg.edf,data/ds004395/sub-LTP303/ses-10/eeg/sub-LTP303_ses-10_task-ltpFR2_events.tsv
LTP303,10,2,20,TRANSPLANT,1496,487.8,243900,1,data/ds004395/sub-LTP303/ses-10/eeg/sub-LTP303_ses-10_task-ltpFR2_eeg.edf,data/ds004395/sub-LTP303/ses-10/eeg/sub-LTP303_ses-10_task-ltpFR2_events.tsv
LTP303,10,2,21,COSTUME,383,490.57,245285,1,data/ds004395/sub-LTP303/ses-10/eeg/sub-LTP303_ses-10_task-ltpFR2_eeg.edf,data/ds004395/sub-LTP303/ses-10/eeg/sub-LTP303_ses-10_task-ltpFR2_events.tsv
LTP303,10,2,22,LODGE,839,493.188,246594,0,data/ds004395/sub-LTP303/ses-10/eeg/sub-LTP303_ses-10_task-ltpFR2_eeg.edf,data/ds004395/sub-LTP303/ses-10/eeg/sub-LTP303_ses-10_task-ltpFR2_events.tsv
LTP303,10,2,23,CRAYON,401,495.658,247829,0,data/ds004395/sub-LTP303/ses-10/eeg/sub-LTP303_ses-10_task-ltpFR2_eeg.edf,data/ds004395/sub-LTP303/ses-10/eeg/sub-LTP303_ses-10_task-ltpFR2_events.tsv
LTP303,10,2,24,MASK,876,498.092,249046,1,data/ds004395/sub-LTP303/ses-10/eeg/sub-LTP303_ses-10_task-ltpFR2_eeg.edf,data/ds004395/sub-LTP303/ses-10/eeg/sub-LTP303_ses-10_task-ltpFR2_events.tsv
LTP303,10,3,1,PADDING,999,641.214,320607,0,data/ds004395/sub-LTP303/ses-10/eeg/sub-LTP303_ses-10_task-ltpFR2_eeg.edf,data/ds004395/sub-LTP303/ses-10/eeg/sub-LTP303_ses-10_task-ltpFR2_events.tsv
LTP303,10,3,2,LAGOON,795,643.75,321875,1,data/ds004395/sub-LTP303/ses-10/eeg/sub-LTP303_ses-10_task-ltpFR2_eeg.edf,data/ds004395/sub-LTP303/ses-10/eeg/sub-LTP303_ses-10_task-ltpFR2_events.tsv
LTP303,10,3,3,SWAMP,1416,646.418,323209,1,data/ds004395/sub-LTP303/ses-10/eeg/sub-LTP303_ses-10_task-ltpFR2_eeg.edf,data/ds004395/sub-LTP303/ses-10/eeg/sub-LTP303_ses-10_task-ltpFR2_events.tsv
LTP303,10,3,4,GREASE,660,648.938,324469,0,data/ds004395/sub-LTP303/ses-10/eeg/sub-LTP303_ses-10_task-ltpFR2_eeg.edf,data/ds004395/sub-LTP303/ses-10/eeg/sub-LTP303_ses-10_task-ltpFR2_events.tsv
LTP303,10,3,5,FIREPLACE,570,651.64,325820,0,data/ds004395/sub-LTP303/ses-10/eeg/sub-LTP303_ses-10_task-ltpFR2_eeg.edf,data/ds004395/sub-LTP303/ses-10/eeg/sub-LTP303_ses-10_task-ltpFR2_events.tsv
LTP303,10,3,6,GUITAR,670,654.158,327079,1,data/ds004395/sub-LTP303/ses-10/eeg/sub-LTP303_ses-10_task-ltpFR2_eeg.edf,data/ds004395/sub-LTP303/ses-10/eeg/sub-LTP303_ses-10_task-ltpFR2_events.tsv
LTP303,10,3,7,FRAME,600,656.778,328389,1,data/ds004395/sub-LTP303/ses-10/eeg/sub-LTP303_ses-10_task-ltpFR2_eeg.edf,data/ds004395/sub-LTP303/ses-10/eeg/sub-LTP303_ses-10_task-ltpFR2_events.tsv
LTP303,10,3,8,RUG,1215,659.546,329773,1,data/ds004395/sub-LTP303/ses-10/eeg/sub-LTP303_ses-10_task-ltpFR2_eeg.edf,data/ds004395/sub-LTP303/ses-10/eeg/sub-LTP303_ses-10_task-ltpFR2_events.tsv
LTP303,10,3,9,PIMPLE,1071,662.066,331033,1,data/ds004395/sub-LTP303/ses-10/eeg/sub-LTP303_ses-10_task-ltpFR2_eeg.edf,data/ds004395/sub-LTP303/ses-10/eeg/sub-LTP303_ses-10_task-ltpFR2_events.tsv
LTP303,10,3,10,CABBAGE,210,664.686,332343,1,data/ds004395/sub-LTP303/ses-10/eeg/sub-LTP303_ses-10_task-ltpFR2_eeg.edf,data/ds004395/sub-LTP303/ses-10/eeg/sub-LTP303_ses-10_task-ltpFR2_events.tsv
LTP303,10,3,11,WHISTLE,1606,667.354,333677,0,data/ds004395/sub-LTP303/ses-10/eeg/sub-LTP303_ses-10_task-ltpFR2_eeg.edf,data/ds004395/sub-LTP303/ses-10/eeg/sub-LTP303_ses-10_task-ltpFR2_events.tsv
LTP303,10,3,12,PUDDLE,1140,670.038,335019,0,data/ds004395/sub-LTP303/ses-10/eeg/sub-LTP303_ses-10_task-ltpFR2_eeg.edf,data/ds004395/sub-LTP303/ses-10/eeg/sub-LTP303_ses-10_task-ltpFR2_events.tsv
LTP303,10,3,13,MILDEW,893,672.892,336446,1,data/ds004395/sub-LTP303/ses-10/eeg/sub-LTP303_ses-10_task-ltpFR2_eeg.edf,data/ds004395/sub-LTP303/ses-10/eeg/sub-LTP303_ses-10_task-ltpFR2_events.tsv
LTP303,10,3,14,MISSILE,900,675.36,337680,0,data/ds004395/sub-LTP303/ses-10/eeg/sub-LTP303_ses-10_task-ltpFR2_eeg.edf,data/ds004395/sub-LTP303/ses-10/eeg/sub-LTP303_ses-10_task-ltpFR2_events.tsv
LTP303,10,3,15,CRUTCH,417,677.878,338939,1,data/ds004395/sub-LTP303/ses-10/eeg/sub-LTP303_ses-10_task-ltpFR2_eeg.edf,data/ds004395/sub-LTP303/ses-10/eeg/sub-LTP303_ses-10_task-ltpFR2_events.tsv
LTP303,10,3,16,LEG,809,680.414,340207,1,data/ds004395/sub-LTP303/ses-10/eeg/sub-LTP303_ses-10_task-ltpFR2_eeg.edf,data/ds004395/sub-LTP303/ses-10/eeg/sub-LTP303_ses-10_task-ltpFR2_events.tsv
LTP303,10,3,17,PLAZA,1088,683.05,341525,1,data/ds004395/sub-LTP303/ses-10/eeg/sub-LTP303_ses-10_task-ltpFR2_eeg.edf,data/ds004395/sub-LTP303/ses-10/eeg/sub-LTP303_ses-10_task-ltpFR2_events.tsv
LTP303,10,3,18,WORKER,1621,685.884,342942,1,data/ds004395/sub-LTP303/ses-10/eeg/sub-LTP303_ses-10_task-ltpFR2_eeg.edf,data/ds004395/sub-LTP303/ses-10/eeg/sub-LTP303_ses-10_task-ltpFR2_events.tsv
LTP303,10,3,19,DINER,467,688.42,344210,1,data/ds004395/sub-LTP303/ses-10/eeg/sub-LTP303_ses-10_task-ltpFR2_eeg.edf,data/ds004395/sub-LTP303/ses-10/eeg/sub-LTP303_ses-10_task-ltpFR2_events.tsv
LTP303,10,3,20,LAPEL,800,691.04,345520,1,data/ds004395/sub-LTP303/ses-10/eeg/sub-LTP303_ses-10_task-ltpFR2_eeg.edf,data/ds004395/sub-LTP303/ses-10/eeg/sub-LTP303_ses-10_task-ltpFR2_events.tsv
LTP303,10,3,21,PAIL,1002,693.642,346821,1,data/ds004395/sub-LTP303/ses-10/eeg/sub-LTP303_ses-10_task-ltpFR2_eeg.edf,data/ds004395/sub-LTP303/ses-10/eeg/sub-LTP303_ses-10_task-ltpFR2_events.tsv
LTP303,10,3,22,PICTURE,1061,696.394,348197,1,data/ds004395/sub-LTP303/ses-10/eeg/sub-LTP303_ses-10_task-ltpFR2_eeg.edf,data/ds004395/sub-LTP303/ses-10/eeg/sub-LTP303_ses-10_task-ltpFR2_events.tsv
LTP303,10,3,23,SCULPTURE,1258,698.93,349465,1,data/ds004395/sub-LTP303/ses-10/eeg/sub-LTP303_ses-10_task-ltpFR2_eeg.edf,data/ds004395/sub-LTP303/ses-10/eeg/sub-LTP303_ses-10_task-ltpFR2_events.tsv
LTP303,10,3,24,SPARROW,1347,701.698,350849,1,data/ds004395/sub-LTP303/ses-10/eeg/sub-LTP303_ses-10_task-ltpFR2_eeg.edf,data/ds004395/sub-LTP303/ses-10/eeg/sub-LTP303_ses-10_task-ltpFR2_events.tsv
LTP303,10,4,1,DRAWING,494,844.42,422210,1,data/ds004395/sub-LTP303/ses-10/eeg/sub-LTP303_ses-10_task-ltpFR2_eeg.edf,data/ds004395/sub-LTP303/ses-10/eeg/sub-LTP303_ses-10_task-ltpFR2_events.tsv
LTP303,10,4,2,CELLAR,267,846.94,423470,0,data/ds004395/sub-LTP303/ses-10/eeg/sub-LTP303_ses-10_task-ltpFR2_eeg.edf,data/ds004395/sub-LTP303/ses-10/eeg/sub-LTP303_ses-10_task-ltpFR2_events.tsv
LTP303,10,4,3,EAGLE,512,849.61,424805,0,data/ds004395/sub-LTP303/ses-10/eeg/sub-LTP303_ses-10_task-ltpFR2_eeg.edf,data/ds004395/sub-LTP303/ses-10/eeg/sub-LTP303_ses-10_task-ltpFR2_events.tsv
LTP303,10,4,4,SCOTCH,1251,852.192,426096,1,data/ds004395/sub-LTP303/ses-10/eeg/sub-LTP303_ses-10_task-ltpFR2_eeg.edf,data/ds004395/sub-LTP303/ses-10/eeg/sub-LTP303_ses-10_task-ltpFR2_events.tsv
LTP303,10,4,5,FOOTBALL,591,854.812,427406,1,data/ds004395/sub-LTP303/ses-10/eeg/sub-LTP303_ses-10_task-ltpFR2_eeg.edf,data/ds004395/sub-LTP303/ses-10/eeg/sub-LTP303_ses-10_task-ltpFR2_events.tsv
LTP303,10,4,6,STAPLE,1371,857.33,428665,1,data/ds004395/sub-LTP303/ses-10/eeg/sub-LTP303_ses-10_task-ltpFR2_eeg.edf,data/ds004395/sub-LTP303/ses-10/eeg/sub-LTP303_ses-10_task-ltpFR2_events.tsv
LTP303,10,4,7,SKETCH,1315,859.782,429891,0,data/ds004395/sub-LTP303/ses-10/eeg/sub-LTP303_ses-10_task-ltpFR2_eeg.edf,data/ds004395/sub-LTP303/ses-10/eeg/sub-LTP303_ses-10_task-ltpFR2_events.tsv
LTP303,10,4,8,BELLY,119,862.252,431126,1,data/ds004395/sub-LTP303/ses-10/eeg/sub-LTP303_ses-10_task-ltpFR2_eeg.edf,data/ds004395/sub-LTP303/ses-10/eeg/sub-LTP303_ses-10_task-ltpFR2_events.tsv
LTP303,10,4,9,RIFLE,1192,865.054,432527,1,data/ds004395/sub-LTP303/ses-10/eeg/sub-LTP303_ses-10_task-ltpFR2_eeg.edf,data/ds004395/sub-LTP303/ses-10/eeg/sub-LTP303_ses-10_task-ltpFR2_events.tsv
LTP303,10,4,10,GANGSTER,620,867.772,433886,1,data/ds004395/sub-LTP303/ses-10/eeg/sub-LTP303_ses-10_task-ltpFR2_eeg.edf,data/ds004395/sub-LTP303/ses-10/eeg/sub-LTP303_ses-10_task-ltpFR2_events.tsv
LTP303,10,4,11,BREAST,171,870.594,435297,1,data/ds004395/sub-LTP303/ses-10/eeg/sub-LTP303_ses-10_task-ltpFR2_eeg.edf,data/ds004395/sub-LTP303/ses-10/eeg/sub-LTP303_ses-10_task-ltpFR2_events.tsv
LTP303,10,4,12,SOFTBALL,1343,873.11,436555,1,data/ds004395/sub-LTP303/ses-10/eeg/sub-LTP303_ses-10_task-ltpFR2_eeg.edf,data/ds004395/sub-LTP303/ses-10/eeg/sub-LTP303_ses-10_task-ltpFR2_events.tsv
LTP303,10,4,13,COBRA,336,875.696,437848,1,data/ds004395/sub-LTP303/ses-10/eeg/sub-LTP303_ses-10_task-ltpFR2_eeg.edf,data/ds004395/sub-LTP303/ses-10/eeg/sub-LTP303_ses-10_task-ltpFR2_events.tsv
LTP303,10,4,14,SHOVEL,1295,878.282,439141,1,data/ds004395/sub-LTP303/ses-10/eeg/sub-LTP303_ses-10_task-ltpFR2_eeg.edf,data/ds004395/sub-LTP303/ses-10/eeg/sub-LTP303_ses-10_task-ltpFR2_events.tsv
LTP303,10,4,15,SIBLING,1301,881.034,440517,1,data/ds004395/sub-LTP303/ses-10/eeg/sub-LTP303_ses-10_task-ltpFR2_eeg.edf,data/ds004395/sub-LTP303/ses-10/eeg/sub-LTP303_ses-10_task-ltpFR2_events.tsv
LTP303,10,4,16,BROTHER,179,883.688,441844,1,data/ds004395/sub-LTP303/ses-10/eeg/sub-LTP303_ses-10_task-ltpFR2_eeg.edf,data/ds004395/sub-LTP303/ses-10/eeg/sub-LTP303_ses-10_task-ltpFR2_events.tsv
LTP303,10,4,17,RACKET,1155,886.456,443228,1,data/ds004395/sub-LTP303/ses-10/eeg/sub-LTP303_ses-10_task-ltpFR2_eeg.edf,data/ds004395/sub-LTP303/ses-10/eeg/sub-LTP303_ses-10_task-ltpFR2_events.tsv
LTP303,10,4,18,BUG,187,888.908,444454,0,data/ds004395/sub-LTP303/ses-10/eeg/sub-LTP303_ses-10_task-ltpFR2_eeg.edf,data/ds004395/sub-LTP303/ses-10/eeg/sub-LTP303_ses-10_task-ltpFR2_events.tsv
LTP303,10,4,19,JELLY,755,891.544,445772,0,data/ds004395/sub-LTP303/ses-10/eeg/sub-LTP303_ses-10_task-ltpFR2_eeg.edf,data/ds004395/sub-LTP303/ses-10/eeg/sub-LTP303_ses-10_task-ltpFR2_events.tsv
LTP303,10,4,20,HAND,683,894.296,447148,0,data/ds004395/sub-LTP303/ses-10/eeg/sub-LTP303_ses-10_task-ltpFR2_eeg.edf,data/ds004395/sub-LTP303/ses-10/eeg/sub-LTP303_ses-10_task-ltpFR2_events.tsv
LTP303,10,4,21,BLENDER,136,897.114,448557,0,data/ds004395/sub-LTP303/ses-10/eeg/sub-LTP303_ses-10_task-ltpFR2_eeg.edf,data/ds004395/sub-LTP303/ses-10/eeg/sub-LTP303_ses-10_task-ltpFR2_events.tsv
LTP303,10,4,22,WINDOW,1611,899.816,449908,0,data/ds004395/sub-LTP303/ses-10/eeg/sub-LTP303_ses-10_task-ltpFR2_eeg.edf,data/ds004395/sub-LTP303/ses-10/eeg/sub-LTP303_ses-10_task-ltpFR2_events.tsv
LTP303,10,4,23,STOMACH,1384,902.268,451134,0,data/ds004395/sub-LTP303/ses-10/eeg/sub-LTP303_ses-10_task-ltpFR2_eeg.edf,data/ds004395/sub-LTP303/ses-10/eeg/sub-LTP303_ses-10_task-ltpFR2_events.tsv
LTP303,10,4,24,POSSUM,1112,904.97,452485,0,data/ds004395/sub-LTP303/ses-10/eeg/sub-LTP303_ses-10_task-ltpFR2_eeg.edf,data/ds004395/sub-LTP303/ses-10/eeg/sub-LTP303_ses-10_task-ltpFR2_events.tsv
LTP303,10,5,1,PASSAGE,1019,1022.872,511436,0,data/ds004395/sub-LTP303/ses-10/eeg/sub-LTP303_ses-10_task-ltpFR2_eeg.edf,data/ds004395/sub-LTP303/ses-10/eeg/sub-LTP303_ses-10_task-ltpFR2_events.tsv
LTP303,10,5,2,NOVEL,960,1025.59,512795,0,data/ds004395/sub-LTP303/ses-10/eeg/sub-LTP303_ses-10_task-ltpFR2_eeg.edf,data/ds004395/sub-LTP303/ses-10/eeg/sub-LTP303_ses-10_task-ltpFR2_events.tsv
LTP303,10,5,3,CATCHER,258,1028.142,514071,0,data/ds004395/sub-LTP303/ses-10/eeg/sub-LTP303_ses-10_task-ltpFR2_eeg.edf,data/ds004395/sub-LTP303/ses-10/eeg/sub-LTP303_ses-10_task-ltpFR2_events.tsv
LTP303,10,5,4,TABLET,1427,1030.878,515439,0,data/ds004395/sub-LTP303/ses-10/eeg/sub-LTP303_ses-10_task-ltpFR2_eeg.edf,data/ds004395/sub-LTP303/ses-10/eeg/sub-LTP303_ses-10_task-ltpFR2_events.tsv
LTP303,10,5,5,GRAPE,654,1033.396,516698,0,data/ds004395/sub-LTP303/ses-10/eeg/sub-LTP303_ses-10_task-ltpFR2_eeg.edf,data/ds004395/sub-LTP303/ses-10/eeg/sub-LTP303_ses-10_task-ltpFR2_events.tsv
LTP303,10,5,6,GALLON,618,1036.2,518100,0,data/ds004395/sub-LTP303/ses-10/eeg/sub-LTP303_ses-10_task-ltpFR2_eeg.edf,data/ds004395/sub-LTP303/ses-10/eeg/sub-LTP303_ses-10_task-ltpFR2_events.tsv
LTP303,10,5,7,JOURNAL,760,1038.968,519484,0,data/ds004395/sub-LTP303/ses-10/eeg/sub-LTP303_ses-10_task-ltpFR2_eeg.edf,data/ds004395/sub-LTP303/ses-10/eeg/sub-LTP303_ses-10_task-ltpFR2_events.tsv
LTP303,10,5,8,SHORTS,1293,1041.57,520785,1,data/ds004395/sub-LTP303/ses-10/eeg/sub-LTP303_ses-10_task-ltpFR2_eeg.edf,data/ds004395/sub-LTP303/ses-10/eeg/sub-LTP303_ses-10_task-ltpFR2_events.tsv
LTP303,10,5,9,JURY,766,1044.04,522020,1,data/ds004395/sub-LTP303/ses-10/eeg/sub-LTP303_ses-10_task-ltpFR2_eeg.edf,data/ds004395/sub-LTP303/ses-10/eeg/sub-LTP303_ses-10_task-ltpFR2_events.tsv
LTP303,10,5,10,GAVEL,627,1046.858,523429,1,data/ds004395/sub-LTP303/ses-10/eeg/sub-LTP303_ses-10_task-ltpFR2_eeg.edf,data/ds004395/sub-LTP303/ses-10/eeg/sub-LTP303_ses-10_task-ltpFR2_events.tsv
LTP303,10,5,11,MEDAL,885,1049.662,524831,1,data/ds004395/sub-LTP303/ses-10/eeg/sub-LTP303_ses-10_task-ltpFR2_eeg.edf,data/ds004395/sub-LTP303/ses-10/eeg/sub-LTP303_ses-10_task-ltpFR2_events.tsv
LTP303,10,5,12,SHERIFF,1284,1052.364,526182,1,data/ds004395/sub-LTP303/ses-10/eeg/sub-LTP303_ses-10_task-ltpFR2_eeg.edf,data/ds004395/sub-LTP303/ses-10/eeg/sub-LTP303_ses-10_task-ltpFR2_events.tsv
LTP303,10,5,13,BLOCKADE,137,1054.832,527416,1,data/ds004395/sub-LTP303/ses-10/eeg/sub-LTP303_ses-10_task-ltpFR2_eeg.edf,data/ds004395/sub-LTP303/ses-10/eeg/sub-LTP303_ses-10_task-ltpFR2_events.tsv
LTP303,10,5,14,BANKER,84,1057.4,528700,1,data/ds004395/sub-LTP303/ses-10/eeg/sub-LTP303_ses-10_task-ltpFR2_eeg.edf,data/ds004395/sub-LTP303/ses-10/eeg/sub-LTP303_ses-10_task-ltpFR2_events.tsv
LTP303,10,5,15,BINDER,127,1060.004,530002,1,data/ds004395/sub-LTP303/ses-10/eeg/sub-LTP303_ses-10_task-ltpFR2_eeg.edf,data/ds004395/sub-LTP303/ses-10/eeg/sub-LTP303_ses-10_task-ltpFR2_events.tsv
LTP303,10,5,16,MOTOR,922,1062.838,531419,1,data/ds004395/sub-LTP303/ses-10/eeg/sub-LTP303_ses-10_task-ltpFR2_eeg.edf,data/ds004395/sub-LTP303/ses-10/eeg/sub-LTP303_ses-10_task-ltpFR2_events.tsv
LTP303,10,5,17,PENGUIN,1044,1065.474,532737,1,data/ds004395/sub-LTP303/ses-10/eeg/sub-LTP303_ses-10_task-ltpFR2_eeg.edf,data/ds004395/sub-LTP303/ses-10/eeg/sub-LTP303_ses-10_task-ltpFR2_events.tsv
LTP303,10,5,18,YARN,1631,1068.178,534089,1,data/ds004395/sub-LTP303/ses-10/eeg/sub-LTP303_ses-10_task-ltpFR2_eeg.edf,data/ds004395/sub-LTP303/ses-10/eeg/sub-LTP303_ses-10_task-ltpFR2_events.tsv
LTP303,10,5,19,GLASS,639,1070.862,535431,1,data/ds004395/sub-LTP303/ses-10/eeg/sub-LTP303_ses-10_task-ltpFR2_eeg.edf,data/ds004395/sub-LTP303/ses-10/eeg/sub-LTP303_ses-10_task-ltpFR2_events.tsv
LTP303,10,5,20,REPORT,1184,1073.632,536816,1,data/ds004395/sub-LTP303/ses-10/eeg/sub-LTP303_ses-10_task-ltpFR2_eeg.edf,data/ds004395/sub-LTP303/ses-10/eeg/sub-LTP303_ses-10_task-ltpFR2_events.tsv
LTP303,10,5,21,HARP,689,1076.1,538050,0,data/ds004395/sub-LTP303/ses-10/eeg/sub-LTP303_ses-10_task-ltpFR2_eeg.edf,data/ds004395/sub-LTP303/ses-10/eeg/sub-LTP303_ses-10_task-ltpFR2_events.tsv
LTP303,10,5,22,TRENCH,1503,1078.902,539451,0,data/ds004395/sub-LTP303/ses-10/eeg/sub-LTP303_ses-10_task-ltpFR2_eeg.edf,data/ds004395/sub-LTP303/ses-10/eeg/sub-LTP303_ses-10_task-ltpFR2_events.tsv
LTP303,10,5,23,CHAUFFEUR,283,1081.47,540735,0,data/ds004395/sub-LTP303/ses-10/eeg/sub-LTP303_ses-10_task-ltpFR2_eeg.edf,data/ds004395/sub-LTP303/ses-10/eeg/sub-LTP303_ses-10_task-ltpFR2_events.tsv
LTP303,10,5,24,RELISH,1183,1083.99,541995,0,data/ds004395/sub-LTP303/ses-10/eeg/sub-LTP303_ses-10_task-ltpFR2_eeg.edf,data/ds004395/sub-LTP303/ses-10/eeg/sub-LTP303_ses-10_task-ltpFR2_events.tsv
LTP303,10,6,1,DANDRUFF,439,1227.194,613597,0,data/ds004395/sub-LTP303/ses-10/eeg/sub-LTP303_ses-10_task-ltpFR2_eeg.edf,data/ds004395/sub-LTP303/ses-10/eeg/sub-LTP303_ses-10_task-ltpFR2_events.tsv
LTP303,10,6,2,HEADBAND,696,1229.814,614907,0,data/ds004395/sub-LTP303/ses-10/eeg/sub-LTP303_ses-10_task-ltpFR2_eeg.edf,data/ds004395/sub-LTP303/ses-10/eeg/sub-LTP303_ses-10_task-ltpFR2_events.tsv
LTP303,10,6,3,PISTOL,1075,1232.382,616191,1,data/ds004395/sub-LTP303/ses-10/eeg/sub-LTP303_ses-10_task-ltpFR2_eeg.edf,data/ds004395/sub-LTP303/ses-10/eeg/sub-LTP303_ses-10_task-ltpFR2_events.tsv
LTP303,10,6,4,TURKEY,1520,1235.102,617551,1,data/ds004395/sub-LTP303/ses-10/eeg/sub-LTP303_ses-10_task-ltpFR2_eeg.edf,data/ds004395/sub-LTP303/ses-10/eeg/sub-LTP303_ses-10_task-ltpFR2_events.tsv
LTP303,10,6,5,ANTLER,29,1237.754,618877,1,data/ds004395/sub-LTP303/ses-10/eeg/sub-LTP303_ses-10_task-ltpFR2_eeg.edf,data/ds004395/sub-LTP303/ses-10/eeg/sub-LTP303_ses-10_task-ltpFR2_events.tsv
LTP303,10,6,6,GAZELLE,628,1240.256,620128,1,data/ds004395/sub-LTP303/ses-10/eeg/sub-LTP303_ses-10_task-ltpFR2_eeg.edf,data/ds004395/sub-LTP303/ses-10/eeg/sub-LTP303_ses-10_task-ltpFR2_events.tsv
LTP303,10,6,7,HORSE,719,1243.026,621513,1,data/ds004395/sub-LTP303/ses-10/eeg/sub-LTP303_ses-10_task-ltpFR2_eeg.edf,data/ds004395/sub-LTP303/ses-10/eeg/sub-LTP303_ses-10_task-ltpFR2_events.tsv
LTP303,10,6,8,POISON,1096,1245.476,622738,1,data/ds004395/sub-LTP303/ses-10/eeg/sub-LTP303_ses-10_task-ltpFR2_eeg.edf,data/ds004395/sub-LTP303/ses-10/eeg/sub-LTP303_ses-10_task-ltpFR2_events.tsv
LTP303,10,6,9,TWISTER,1530,1248.262,624131,1,data/ds004395/sub-LTP303/ses-10/eeg/sub-LTP303_ses-10_task-ltpFR2_eeg.edf,data/ds004395/sub-LTP303/ses-10/eeg/sub-LTP303_ses-10_task-ltpFR2_events.tsv
LTP303,10,6,10,BUBBLE,183,1250.732,625366,1,data/ds004395/sub-LTP303/ses-10/eeg/sub-LTP303_ses-10_task-ltpFR2_eeg.edf,data/ds004395/sub-LTP303/ses-10/eeg/sub-LTP303_ses-10_task-ltpFR2_events.tsv
LTP303,10,6,11,WRIST,1626,1253.334,626667,0,data/ds004395/sub-LTP303/ses-10/eeg/sub-LTP303_ses-10_task-ltpFR2_eeg.edf,data/ds004395/sub-LTP303/ses-10/eeg/sub-LTP303_ses-10_task-ltpFR2_events.tsv
LTP303,10,6,12,CLOCK,325,1255.836,627918,0,data/ds004395/sub-LTP303/ses-10/eeg/sub-LTP303_ses-10_task-ltpFR2_eeg.edf,data/ds004395/sub-LTP303/ses-10/eeg/sub-LTP303_ses-10_task-ltpFR2_events.tsv
LTP303,10,6,13,DRESSER,496,1258.622,629311,0,data/ds004395/sub-LTP303/ses-10/eeg/sub-LTP303_ses-10_task-ltpFR2_eeg.edf,data/ds004395/sub-LTP303/ses-10/eeg/sub-LTP303_ses-10_task-ltpFR2_events.tsv
LTP303,10,6,14,EGYPT,519,1261.106,630553,0,data/ds004395/sub-LTP303/ses-10/eeg/sub-LTP303_ses-10_task-ltpFR2_eeg.edf,data/ds004395/sub-LTP303/ses-10/eeg/sub-LTP303_ses-10_task-ltpFR2_events.tsv
LTP303,10,6,15,BRAKE,166,1263.842,631921,0,data/ds004395/sub-LTP303/ses-10/eeg/sub-LTP303_ses-10_task-ltpFR2_eeg.edf,data/ds004395/sub-LTP303/ses-10/eeg/sub-LTP303_ses-10_task-ltpFR2_events.tsv
LTP303,10,6,16,LASER,801,1266.378,633189,1,data/ds004395/sub-LTP303/ses-10/eeg/sub-LTP303_ses-10_task-ltpFR2_eeg.edf,data/ds004395/sub-LTP303/ses-10/eeg/sub-LTP303_ses-10_task-ltpFR2_events.tsv
LTP303,10,6,17,SPHINX,1349,1269.164,634582,1,data/ds004395/sub-LTP303/ses-10/eeg/sub-LTP303_ses-10_task-ltpFR2_eeg.edf,data/ds004395/sub-LTP303/ses-10/eeg/sub-LTP303_ses-10_task-ltpFR2_events.tsv
LTP303,10,6,18,TYPIST,1532,1271.782,635891,1,data/ds004395/sub-LTP303/ses-10/eeg/sub-LTP303_ses-10_task-ltpFR2_eeg.edf,data/ds004395/sub-LTP303/ses-10/eeg/sub-LTP303_ses-10_task-ltpFR2_events.tsv
LTP303,10,6,19,TUTU,1524,1274.368,637184,1,data/ds004395/sub-LTP303/ses-10/eeg/sub-LTP303_ses-10_task-ltpFR2_eeg.edf,data/ds004395/sub-LTP303/ses-10/eeg/sub-LTP303_ses-10_task-ltpFR2_events.tsv
LTP303,10,6,20,DASHBOARD,441,1276.87,638435,1,data/ds004395/sub-LTP303/ses-10/eeg/sub-LTP303_ses-10_task-ltpFR2_eeg.edf,data/ds004395/sub-LTP303/ses-10/eeg/sub-LTP303_ses-10_task-ltpFR2_events.tsv
LTP303,10,6,21,BLACKBOARD,133,1279.422,639711,1,data/ds004395/sub-LTP303/ses-10/eeg/sub-LTP303_ses-10_task-ltpFR2_eeg.edf,data/ds004395/sub-LTP303/ses-10/eeg/sub-LTP303_ses-10_task-ltpFR2_events.tsv
LTP303,10,6,22,CASKET,255,1282.108,641054,0,data/ds004395/sub-LTP303/ses-10/eeg/sub-LTP303_ses-10_task-ltpFR2_eeg.edf,data/ds004395/sub-LTP303/ses-10/eeg/sub-LTP303_ses-10_task-ltpFR2_events.tsv
LTP303,10,6,23,LONDON,843,1284.594,642297,0,data/ds004395/sub-LTP303/ses-10/eeg/sub-LTP303_ses-10_task-ltpFR2_eeg.edf,data/ds004395/sub-LTP303/ses-10/eeg/sub-LTP303_ses-10_task-ltpFR2_events.tsv
LTP303,10,6,24,PAPER,1011,1287.062,643531,0,data/ds004395/sub-LTP303/ses-10/eeg/sub-LTP303_ses-10_task-ltpFR2_eeg.edf,data/ds004395/sub-LTP303/ses-10/eeg/sub-LTP303_ses-10_task-ltpFR2_events.tsv
LTP303,10,7,1,CLAMP,316,1405.112,702556,1,data/ds004395/sub-LTP303/ses-10/eeg/sub-LTP303_ses-10_task-ltpFR2_eeg.edf,data/ds004395/sub-LTP303/ses-10/eeg/sub-LTP303_ses-10_task-ltpFR2_events.tsv
LTP303,10,7,2,FLAG,573,1407.666,703833,1,data/ds004395/sub-LTP303/ses-10/eeg/sub-LTP303_ses-10_task-ltpFR2_eeg.edf,data/ds004395/sub-LTP303/ses-10/eeg/sub-LTP303_ses-10_task-ltpFR2_events.tsv
LTP303,10,7,3,SURVEY,1414,1410.45,705225,1,data/ds004395/sub-LTP303/ses-10/eeg/sub-LTP303_ses-10_task-ltpFR2_eeg.edf,data/ds004395/sub-LTP303/ses-10/eeg/sub-LTP303_ses-10_task-ltpFR2_events.tsv
LTP303,10,7,4,DENTIST,447,1413.204,706602,1,data/ds004395/sub-LTP303/ses-10/eeg/sub-LTP303_ses-10_task-ltpFR2_eeg.edf,data/ds004395/sub-LTP303/ses-10/eeg/sub-LTP303_ses-10_task-ltpFR2_events.tsv
LTP303,10,7,5,WAITRESS,1581,1415.674,707837,1,data/ds004395/sub-LTP303/ses-10/eeg/sub-LTP303_ses-10_task-ltpFR2_eeg.edf,data/ds004395/sub-LTP303/ses-10/eeg/sub-LTP303_ses-10_task-ltpFR2_events.tsv
LTP303,10,7,6,CATTLE,261,1418.29,709145,1,data/ds004395/sub-LTP303/ses-10/eeg/sub-LTP303_ses-10_task-ltpFR2_eeg.edf,data/ds004395/sub-LTP303/ses-10/eeg/sub-LTP303_ses-10_task-ltpFR2_events.tsv
LTP303,10,7,7,FARMER,553,1420.808,710404,1,data/ds004395/sub-LTP303/ses-10/eeg/sub-LTP303_ses-10_task-ltpFR2_eeg.edf,data/ds004395/sub-LTP303/ses-10/eeg/sub-LTP303_ses-10_task-ltpFR2_events.tsv
LTP303,10,7,8,WORLD,1622,1423.578,711789,1,data/ds004395/sub-LTP303/ses-10/eeg/sub-LTP303_ses-10_task-ltpFR2_eeg.edf,data/ds004395/sub-LTP303/ses-10/eeg/sub-LTP303_ses-10_task-ltpFR2_events.tsv
LTP303,10,7,9,ACTOR,5,1426.146,713073,1,data/ds004395/sub-LTP303/ses-10/eeg/sub-LTP303_ses-10_task-ltpFR2_eeg.edf,data/ds004395/sub-LTP303/ses-10/eeg/sub-LTP303_ses-10_task-ltpFR2_events.tsv
LTP303,10,7,10,ROOSTER,1209,1428.616,714308,1,data/ds004395/sub-LTP303/ses-10/eeg/sub-LTP303_ses-10_task-ltpFR2_eeg.edf,data/ds004395/sub-LTP303/ses-10/eeg/sub-LTP303_ses-10_task-ltpFR2_events.tsv
LTP303,10,7,11,RIVER,1194,1431.118,715559,1,data/ds004395/sub-LTP303/ses-10/eeg/sub-LTP303_ses-10_task-ltpFR2_eeg.edf,data/ds004395/sub-LTP303/ses-10/eeg/sub-LTP303_ses-10_task-ltpFR2_events.tsv
LTP303,10,7,12,CORAL,378,1433.588,716794,1,data/ds004395/sub-LTP303/ses-10/eeg/sub-LTP303_ses-10_task-ltpFR2_eeg.edf,data/ds004395/sub-LTP303/ses-10/eeg/sub-LTP303_ses-10_task-ltpFR2_events.tsv
LTP303,10,7,13,TWEEZERS,1526,1436.222,718111,1,data/ds004395/sub-LTP303/ses-10/eeg/sub-LTP303_ses-10_task-ltpFR2_eeg.edf,data/ds004395/sub-LTP303/ses-10/eeg/sub-LTP303_ses-10_task-ltpFR2_events.tsv
LTP303,10,7,14,LOVER,846,1439.008,719504,1,data/ds004395/sub-LTP303/ses-10/eeg/sub-LTP303_ses-10_task-ltpFR2_eeg.edf,data/ds004395/sub-LTP303/ses-10/eeg/sub-LTP303_ses-10_task-ltpFR2_events.tsv
LTP303,10,7,15,GRAVE,658,1441.644,720822,1,data/ds004395/sub-LTP303/ses-10/eeg/sub-LTP303_ses-10_task-ltpFR2_eeg.edf,data/ds004395/sub-LTP303/ses-10/eeg/sub-LTP303_ses-10_task-ltpFR2_events.tsv
LTP303,10,7,16,MARINE,869,1444.13,722065,1,data/ds004395/sub-LTP303/ses-10/eeg/sub-LTP303_ses-10_task-ltpFR2_eeg.edf,data/ds004395/sub-LTP303/ses-10/eeg/sub-LTP303_ses-10_task-ltpFR2_events.tsv
LTP303,10,7,17,BUREAU,199,1446.798,723399,1,data/ds004395/sub-LTP303/ses-10/eeg/sub-LTP303_ses-10_task-ltpFR2_eeg.edf,data/ds004395/sub-LTP303/ses-10/eeg/sub-LTP303_ses-10_task-ltpFR2_events.tsv
LTP303,10,7,18,DORM,488,1449.25,724625,1,data/ds004395/sub-LTP303/ses-10/eeg/sub-LTP303_ses-10_task-ltpFR2_eeg.edf,data/ds004395/sub-LTP303/ses-10/eeg/sub-LTP303_ses-10_task-ltpFR2_events.tsv
LTP303,10,7,19,COLONEL,348,1452.036,726018,0,data/ds004395/sub-LTP303/ses-10/eeg/sub-LTP303_ses-10_task-ltpFR2_eeg.edf,data/ds004395/sub-LTP303/ses-10/eeg/sub-LTP303_ses-10_task-ltpFR2_events.tsv
LTP303,10,7,20,SERVER,1272,1454.64,727320,1,data/ds004395/sub-LTP303/ses-10/eeg/sub-LTP303_ses-10_task-ltpFR2_eeg.edf,data/ds004395/sub-LTP303/ses-10/eeg/sub-LTP303_ses-10_task-ltpFR2_events.tsv
LTP303,10,7,21,ICING,732,1457.19,728595,0,data/ds004395/sub-LTP303/ses-10/eeg/sub-LTP303_ses-10_task-ltpFR2_eeg.edf,data/ds004395/sub-LTP303/ses-10/eeg/sub-LTP303_ses-10_task-ltpFR2_events.tsv
LTP303,10,7,22,PASTRY,1022,1459.742,729871,0,data/ds004395/sub-LTP303/ses-10/eeg/sub-LTP303_ses-10_task-ltpFR2_eeg.edf,data/ds004395/sub-LTP303/ses-10/eeg/sub-LTP303_ses-10_task-ltpFR2_events.tsv
LTP303,10,7,23,FRIEND,606,1462.344,731172,1,data/ds004395/sub-LTP303/ses-10/eeg/sub-LTP303_ses-10_task-ltpFR2_eeg.edf,data/ds004395/sub-LTP303/ses-10/eeg/sub-LTP303_ses-10_task-ltpFR2_events.tsv
LTP303,10,7,24,ARM,38,1464.88,732440,1,data/ds004395/sub-LTP303/ses-10/eeg/sub-LTP303_ses-10_task-ltpFR2_eeg.edf,data/ds004395/sub-LTP303/ses-10/eeg/sub-LTP303_ses-10_task-ltpFR2_events.tsv
LTP303,10,8,1,RUST,1219,1582.998,791499,1,data/ds004395/sub-LTP303/ses-10/eeg/sub-LTP303_ses-10_task-ltpFR2_eeg.edf,data/ds004395/sub-LTP303/ses-10/eeg/sub-LTP303_ses-10_task-ltpFR2_events.tsv
LTP303,10,8,2,SUMMIT,1405,1585.75,792875,1,data/ds004395/sub-LTP303/ses-10/eeg/sub-LTP303_ses-10_task-ltpFR2_eeg.edf,data/ds004395/sub-LTP303/ses-10/eeg/sub-LTP303_ses-10_task-ltpFR2_events.tsv
LTP303,10,8,3,XEROX,1628,1588.336,794168,1,data/ds004395/sub-LTP303/ses-10/eeg/sub-LTP303_ses-10_task-ltpFR2_eeg.edf,data/ds004395/sub-LTP303/ses-10/eeg/sub-LTP303_ses-10_task-ltpFR2_events.tsv
LTP303,10,8,4,CASHIER,254,1591.154,795577,1,data/ds004395/sub-LTP303/ses-10/eeg/sub-LTP303_ses-10_task-ltpFR2_eeg.edf,data/ds004395/sub-LTP303/ses-10/eeg/sub-LTP303_ses-10_task-ltpFR2_events.tsv
LTP303,10,8,5,ROBBER,1197,1593.822,796911,1,data/ds004395/sub-LTP303/ses-10/eeg/sub-LTP303_ses-10_task-ltpFR2_eeg.edf,data/ds004395/sub-LTP303/ses-10/eeg/sub-LTP303_ses-10_task-ltpFR2_events.tsv
LTP303,10,8,6,CANYON,235,1596.474,798237,1,data/ds004395/sub-LTP303/ses-10/eeg/sub-LTP303_ses-10_task-ltpFR2_eeg.edf,data/ds004395/sub-LTP303/ses-10/eeg/sub-LTP303_ses-10_task-ltpFR2_events.tsv
LTP303,10,8,7,TOURIST,1488,1599.094,799547,1,data/ds004395/sub-LTP303/ses-10/eeg/sub-LTP303_ses-10_task-ltpFR2_eeg.edf,data/ds004395/sub-LTP303/ses-10/eeg/sub-LTP303_ses-10_task-ltpFR2_events.tsv
LTP303,10,8,8,SCARECROW,1245,1601.912,800956,1,data/ds004395/sub-LTP303/ses-10/eeg/sub-LTP303_ses-10_task-ltpFR2_eeg.edf,data/ds004395/sub-LTP303/ses-10/eeg/sub-LTP303_ses-10_task-ltpFR2_events.tsv
LTP303,10,8,9,CLIMBER,323,1604.632,802316,1,data/ds004395/sub-LTP303/ses-10/eeg/sub-LTP303_ses-10_task-ltpFR2_eeg.edf,data/ds004395/sub-LTP303/ses-10/eeg/sub-LTP303_ses-10_task-ltpFR2_events.tsv
LTP303,10,8,10,AUTHOR,61,1607.368,803684,1,data/ds004395/sub-LTP303/ses-10/eeg/sub-LTP303_ses-10_task-ltpFR2_eeg.edf,data/ds004395/sub-LTP303/ses-10/eeg/sub-LTP303_ses-10_task-ltpFR2_events.tsv
LTP303,10,8,11,QUARTER,1148,1610.104,805052,1,data/ds004395/sub-LTP303/ses-10/eeg/sub-LTP303_ses-10_task-ltpFR2_eeg.edf,data/ds004395/sub-LTP303/ses-10/eeg/sub-LTP303_ses-10_task-ltpFR2_events.tsv
LTP303,10,8,12,FLASHLIGHT,575,1612.906,806453,0,data/ds004395/sub-LTP303/ses-10/eeg/sub-LTP303_ses-10_task-ltpFR2_eeg.edf,data/ds004395/sub-LTP303/ses-10/eeg/sub-LTP303_ses-10_task-ltpFR2_events.tsv
LTP303,10,8,13,TRACTOR,1493,1615.692,807846,1,data/ds004395/sub-LTP303/ses-10/eeg/sub-LTP303_ses-10_task-ltpFR2_eeg.edf,data/ds004395/sub-LTP303/ses-10/eeg/sub-LTP303_ses-10_task-ltpFR2_events.tsv
LTP303,10,8,14,MEAT,883,1618.144,809072,1,data/ds004395/sub-LTP303/ses-10/eeg/sub-LTP303_ses-10_task-ltpFR2_eeg.edf,data/ds004395/sub-LTP303/ses-10/eeg/sub-LTP303_ses-10_task-ltpFR2_events.tsv
LTP303,10,8,15,BUTCHER,203,1620.83,810415,1,data/ds004395/sub-LTP303/ses-10/eeg/sub-LTP303_ses-10_task-ltpFR2_eeg.edf,data/ds004395/sub-LTP303/ses-10/eeg/sub-LTP303_ses-10_task-ltpFR2_events.tsv
LTP303,10,8,16,SHELF,1280,1623.582,811791,1,data/ds004395/sub-LTP303/ses-10/eeg/sub-LTP303_ses-10_task-ltpFR2_eeg.edf,data/ds004395/sub-LTP303/ses-10/eeg/sub-LTP303_ses-10_task-ltpFR2_events.tsv
LTP303,10,8,17,HONEY,713,1626.318,813159,0,data/ds004395/sub-LTP303/ses-10/eeg/sub-LTP303_ses-10_task-ltpFR2_eeg.edf,data/ds004395/sub-LTP303/ses-10/eeg/sub-LTP303_ses-10_task-ltpFR2_events.tsv
LTP303,10,8,18,TART,1436,1628.786,814393,0,data/ds004395/sub-LTP303/ses-10/eeg/sub-LTP303_ses-10_task-ltpFR2_eeg.edf,data/ds004395/sub-LTP303/ses-10/eeg/sub-LTP303_ses-10_task-ltpFR2_events.tsv
LTP303,10,8,19,SALAD,1224,1631.472,815736,1,data/ds004395/sub-LTP303/ses-10/eeg/sub-LTP303_ses-10_task-ltpFR2_eeg.edf,data/ds004395/sub-LTP303/ses-10/eeg/sub-LTP303_ses-10_task-ltpFR2_events.tsv
LTP303,10,8,20,SEAFOOD,1260,1634.174,817087,0,data/ds004395/sub-LTP303/ses-10/eeg/sub-LTP303_ses-10_task-ltpFR2_eeg.edf,data/ds004395/sub-LTP303/ses-10/eeg/sub-LTP303_ses-10_task-ltpFR2_events.tsv
LTP303,10,8,21,MONSTER,912,1636.926,818463,0,data/ds004395/sub-LTP303/ses-10/eeg/sub-LTP303_ses-10_task-ltpFR2_eeg.edf,data/ds004395/sub-LTP303/ses-10/eeg/sub-LTP303_ses-10_task-ltpFR2_events.tsv
LTP303,10,8,22,MESSAGE,888,1639.562,819781,0,data/ds004395/sub-LTP303/ses-10/eeg/sub-LTP303_ses-10_task-ltpFR2_eeg.edf,data/ds004395/sub-LTP303/ses-10/eeg/sub-LTP303_ses-10_task-ltpFR2_events.tsv
LTP303,10,8,23,JAPAN,749,1642.096,821048,0,data/ds004395/sub-LTP303/ses-10/eeg/sub-LTP303_ses-10_task-ltpFR2_eeg.edf,data/ds004395/sub-LTP303/ses-10/eeg/sub-LTP303_ses-10_task-ltpFR2_events.tsv
LTP303,10,8,24,EUROPE,541,1644.766,822383,0,data/ds004395/sub-LTP303/ses-10/eeg/sub-LTP303_ses-10_task-ltpFR2_eeg.edf,data/ds004395/sub-LTP303/ses-10/eeg/sub-LTP303_ses-10_task-ltpFR2_events.tsv
LTP303,10,9,1,STAKE,1368,1893.378,946689,1,data/ds004395/sub-LTP303/ses-10/eeg/sub-LTP303_ses-10_task-ltpFR2_eeg.edf,data/ds004395/sub-LTP303/ses-10/eeg/sub-LTP303_ses-10_task-ltpFR2_events.tsv
LTP303,10,9,2,QUAIL,1147,1896.08,948040,1,data/ds004395/sub-LTP303/ses-10/eeg/sub-LTP303_ses-10_task-ltpFR2_eeg.edf,data/ds004395/sub-LTP303/ses-10/eeg/sub-LTP303_ses-10_task-ltpFR2_events.tsv
LTP303,10,9,3,WASHER,1592,1898.714,949357,1,data/ds004395/sub-LTP303/ses-10/eeg/sub-LTP303_ses-10_task-ltpFR2_eeg.edf,data/ds004395/sub-LTP303/ses-10/eeg/sub-LTP303_ses-10_task-ltpFR2_events.tsv
LTP303,10,9,4,WARDROBE,1587,1901.366,950683,1,data/ds004395/sub-LTP303/ses-10/eeg/sub-LTP303_ses-10_task-ltpFR2_eeg.edf,data/ds004395/sub-LTP303/ses-10/eeg/sub-LTP303_ses-10_task-ltpFR2_events.tsv
LTP303,10,9,5,SMOG,1330,1904.052,952026,1,data/ds004395/sub-LTP303/ses-10/eeg/sub-LTP303_ses-10_task-ltpFR2_eeg.edf,data/ds004395/sub-LTP303/ses-10/eeg/sub-LTP303_ses-10_task-ltpFR2_events.tsv
LTP303,10,9,6,PEBBLE,1035,1906.838,953419,1,data/ds004395/sub-LTP303/ses-10/eeg/sub-LTP303_ses-10_task-ltpFR2_eeg.edf,data/ds004395/sub-LTP303/ses-10/eeg/sub-LTP303_ses-10_task-ltpFR2_events.tsv
LTP303,10,9,7,PIZZA,1079,1909.474,954737,1,data/ds004395/sub-LTP303/ses-10/eeg/sub-LTP303_ses-10_task-ltpFR2_eeg.edf,data/ds004395/sub-LTP303/ses-10/eeg/sub-LTP303_ses-10_task-ltpFR2_events.tsv
LTP303,10,9,8,PRIMATE,1123,1911.96,955980,1,data/ds004395/sub-LTP303/ses-10/eeg/sub-LTP303_ses-10_task-ltpFR2_eeg.edf,data/ds004395/sub-LTP303/ses-10/eeg/sub-LTP303_ses-10_task-ltpFR2_events.tsv
LTP303,10,9,9,BEEF,113,1914.494,957247,1,data/ds004395/sub-LTP303/ses-10/eeg/sub-LTP303_ses-10_task-ltpFR2_eeg.edf,data/ds004395/sub-LTP303/ses-10/eeg/sub-LTP303_ses-10_task-ltpFR2_events.tsv
LTP303,10,9,10,ACTRESS,6,1917.314,958657,1,data/ds004395/sub-LTP303/ses-10/eeg/sub-LTP303_ses-10_task-ltpFR2_eeg.edf,data/ds004395/sub-LTP303/ses-10/eeg/sub-LTP303_ses-10_task-ltpFR2_events.tsv
LTP303,10,9,11,CRICKET,408,1919.782,959891,1,data/ds004395/sub-LTP303/ses-10/eeg/sub-LTP303_ses-10_task-ltpFR2_eeg.edf,data/ds004395/sub-LTP303/ses-10/eeg/sub-LTP303_ses-10_task-ltpFR2_events.tsv
LTP303,10,9,12,BROOK,177,1922.57,961285,1,data/ds004395/sub-LTP303/ses-10/eeg/sub-LTP303_ses-10_task-ltpFR2_eeg.edf,data/ds004395/sub-LTP303/ses-10/eeg/sub-LTP303_ses-10_task-ltpFR2_events.tsv
LTP303,10,9,13,CANDY,230,1925.338,962669,0,data/ds004395/sub-LTP303/ses-10/eeg/sub-LTP303_ses-10_task-ltpFR2_eeg.edf,data/ds004395/sub-LTP303/ses-10/eeg/sub-LTP303_ses-10_task-ltpFR2_events.tsv
LTP303,10,9,14,ROBOT,1200,1927.79,963895,1,data/ds004395/sub-LTP303/ses-10/eeg/sub-LTP303_ses-10_task-ltpFR2_eeg.edf,data/ds004395/sub-LTP303/ses-10/eeg/sub-LTP303_ses-10_task-ltpFR2_events.tsv
LTP303,10,9,15,OFFICE,972,1930.526,965263,1,data/ds004395/sub-LTP303/ses-10/eeg/sub-LTP303_ses-10_task-ltpFR2_eeg.edf,data/ds004395/sub-LTP303/ses-10/eeg/sub-LTP303_ses-10_task-ltpFR2_events.tsv
LTP303,10,9,16,THRONE,1461,1933.212,966606,0,data/ds004395/sub-LTP303/ses-10/eeg/sub-LTP303_ses-10_task-ltpFR2_eeg.edf,data/ds004395/sub-LTP303/ses-10/eeg/sub-LTP303_ses-10_task-ltpFR2_events.tsv
LTP303,10,9,17,FUNGUS,614,1935.68,967840,1,data/ds004395/sub-LTP303/ses-10/eeg/sub-LTP303_ses-10_task-ltpFR2_eeg.edf,data/ds004395/sub-LTP303/ses-10/eeg/sub-LTP303_ses-10_task-ltpFR2_events.tsv
LTP303,10,9,18,LETTUCE,814,1938.516,969258,1,data/ds004395/sub-LTP303/ses-10/eeg/sub-LTP303_ses-10_task-ltpFR2_eeg.edf,data/ds004395/sub-LTP303/ses-10/eeg/sub-LTP303_ses-10_task-ltpFR2_events.tsv
LTP303,10,9,19,SUITCASE,1403,1941.302,970651,1,data/ds004395/sub-LTP303/ses-10/eeg/sub-LTP303_ses-10_task-ltpFR2_eeg.edf,data/ds004395/sub-LTP303/ses-10/eeg/sub-LTP303_ses-10_task-ltpFR2_events.tsv
LTP303,10,9,20,HAMPER,682,1943.752,971876,1,data/ds004395/sub-LTP303/ses-10/eeg/sub-LTP303_ses-10_task-ltpFR2_eeg.edf,data/ds004395/sub-LTP303/ses-10/eeg/sub-LTP303_ses-10_task-ltpFR2_events.tsv
LTP303,10,9,21,HAWK,692,1946.404,973202,1,data/ds004395/sub-LTP303/ses-10/eeg/sub-LTP303_ses-10_task-ltpFR2_eeg.edf,data/ds004395/sub-LTP303/ses-10/eeg/sub-LTP303_ses-10_task-ltpFR2_events.tsv
LTP303,10,9,22,CLOUD,328,1948.924,974462,1,data/ds004395/sub-LTP303/ses-10/eeg/sub-LTP303_ses-10_task-ltpFR2_eeg.edf,data/ds004395/sub-LTP303/ses-10/eeg/sub-LTP303_ses-10_task-ltpFR2_events.tsv
LTP303,10,9,23,MUMMY,932,1951.692,975846,0,data/ds004395/sub-LTP303/ses-10/eeg/sub-LTP303_ses-10_task-ltpFR2_eeg.edf,data/ds004395/sub-LTP303/ses-10/eeg/sub-LTP303_ses-10_task-ltpFR2_events.tsv
LTP303,10,9,24,BLUEPRINT,142,1954.396,977198,0,data/ds004395/sub-LTP303/ses-10/eeg/sub-LTP303_ses-10_task-ltpFR2_eeg.edf,data/ds004395/sub-LTP303/ses-10/eeg/sub-LTP303_ses-10_task-ltpFR2_events.tsv
LTP303,10,10,1,NIGHTGOWN,953,2097.734,1048867,0,data/ds004395/sub-LTP303/ses-10/eeg/sub-LTP303_ses-10_task-ltpFR2_eeg.edf,data/ds004395/sub-LTP303/ses-10/eeg/sub-LTP303_ses-10_task-ltpFR2_events.tsv
LTP303,10,10,2,DRAGON,492,2100.57,1050285,0,data/ds004395/sub-LTP303/ses-10/eeg/sub-LTP303_ses-10_task-ltpFR2_eeg.edf,data/ds004395/sub-LTP303/ses-10/eeg/sub-LTP303_ses-10_task-ltpFR2_events.tsv
LTP303,10,10,3,DIME,466,2103.122,1051561,1,data/ds004395/sub-LTP303/ses-10/eeg/sub-LTP303_ses-10_task-ltpFR2_eeg.edf,data/ds004395/sub-LTP303/ses-10/eeg/sub-LTP303_ses-10_task-ltpFR2_events.tsv
LTP303,10,10,4,CONTRACT,368,2105.874,1052937,0,data/ds004395/sub-LTP303/ses-10/eeg/sub-LTP303_ses-10_task-ltpFR2_eeg.edf,data/ds004395/sub-LTP303/ses-10/eeg/sub-LTP303_ses-10_task-ltpFR2_events.tsv
LTP303,10,10,5,COMPASS,358,2108.676,1054338,1,data/ds004395/sub-LTP303/ses-10/eeg/sub-LTP303_ses-10_task-ltpFR2_eeg.edf,data/ds004395/sub-LTP303/ses-10/eeg/sub-LTP303_ses-10_task-ltpFR2_events.tsv
LTP303,10,10,6,POPCORN,1104,2111.278,1055639,1,data/ds004395/sub-LTP303/ses-10/eeg/sub-LTP303_ses-10_task-ltpFR2_eeg.edf,data/ds004395/sub-LTP303/ses-10/eeg/sub-LTP303_ses-10_task-ltpFR2_events.tsv
LTP303,10,10,7,PARENT,1013,2113.732,1056866,0,data/ds004395/sub-LTP303/ses-10/eeg/sub-LTP303_ses-10_task-ltpFR2_eeg.edf,data/ds004395/sub-LTP303/ses-10/eeg/sub-LTP303_ses-10_task-ltpFR2_events.tsv
LTP303,10,10,8,DAUGHTER,442,2116.45,1058225,0,data/ds004395/sub-LTP303/ses-10/eeg/sub-LTP303_ses-10_task-ltpFR2_eeg.edf,data/ds004395/sub-LTP303/ses-10/eeg/sub-LTP303_ses-10_task-ltpFR2_events.tsv
LTP303,10,10,9,BODY,145,2118.934,1059467,0,data/ds004395/sub-LTP303/ses-10/eeg/sub-LTP303_ses-10_task-ltpFR2_eeg.edf,data/ds004395/sub-LTP303/ses-10/eeg/sub-LTP303_ses-10_task-ltpFR2_events.tsv
LTP303,10,10,10,TORTOISE,1486,2121.72,1060860,0,data/ds004395/sub-LTP303/ses-10/eeg/sub-LTP303_ses-10_task-ltpFR2_eeg.edf,data/ds004395/sub-LTP303/ses-10/eeg/sub-LTP303_ses-10_task-ltpFR2_events.tsv
LTP303,10,10,11,PATROL,1027,2124.49,1062245,0,data/ds004395/sub-LTP303/ses-10/eeg/sub-LTP303_ses-10_task-ltpFR2_eeg.edf,data/ds004395/sub-LTP303/ses-10/eeg/sub-LTP303_ses-10_task-ltpFR2_events.tsv
LTP303,10,10,12,SANDWICH,1232,2127.142,1063571,0,data/ds004395/sub-LTP303/ses-10/eeg/sub-LTP303_ses-10_task-ltpFR2_eeg.edf,data/ds004395/sub-LTP303/ses-10/eeg/sub-LTP303_ses-10_task-ltpFR2_events.tsv
LTP303,10,10,13,MATTRESS,879,2129.678,1064839,0,data/ds004395/sub-LTP303/ses-10/eeg/sub-LTP303_ses-10_task-ltpFR2_eeg.edf,data/ds004395/sub-LTP303/ses-10/eeg/sub-LTP303_ses-10_task-ltpFR2_events.tsv
LTP303,10,10,14,MOTEL,919,2132.28,1066140,0,data/ds004395/sub-LTP303/ses-10/eeg/sub-LTP303_ses-10_task-ltpFR2_eeg.edf,data/ds004395/sub-LTP303/ses-10/eeg/sub-LTP303_ses-10_task-ltpFR2_events.tsv
LTP303,10,10,15,KEEPER,769,2134.732,1067366,0,data/ds004395/sub-LTP303/ses-10/eeg/sub-LTP303_ses-10_task-ltpFR2_eeg.edf,data/ds004395/sub-LTP303/ses-10/eeg/sub-LTP303_ses-10_task-ltpFR2_events.tsv
LTP303,10,10,16,MACHINE,852,2137.384,1068692,0,data/ds004395/sub-LTP303/ses-10/eeg/sub-LTP303_ses-10_task-ltpFR2_eeg.edf,data/ds004395/sub-LTP303/ses-10/eeg/sub-LTP303_ses-10_task-ltpFR2_events.tsv
LTP303,10,10,17,GUARD,667,2140.204,1070102,0,data/ds004395/sub-LTP303/ses-10/eeg/sub-LTP303_ses-10_task-ltpFR2_eeg.edf,data/ds004395/sub-LTP303/ses-10/eeg/sub-LTP303_ses-10_task-ltpFR2_events.tsv
LTP303,10,10,18,SNACK,1331,2142.822,1071411,0,data/ds004395/sub-LTP303/ses-10/eeg/sub-LTP303_ses-10_task-ltpFR2_eeg.edf,data/ds004395/sub-LTP303/ses-10/eeg/sub-LTP303_ses-10_task-ltpFR2_events.tsv
LTP303,10,10,19,AGENT,10,2145.408,1072704,0,data/ds004395/sub-LTP303/ses-10/eeg/sub-LTP303_ses-10_task-ltpFR2_eeg.edf,data/ds004395/sub-LTP303/ses-10/eeg/sub-LTP303_ses-10_task-ltpFR2_events.tsv
LTP303,10,10,20,PEPPER,1047,2147.894,1073947,0,data/ds004395/sub-LTP303/ses-10/eeg/sub-LTP303_ses-10_task-ltpFR2_eeg.edf,data/ds004395/sub-LTP303/ses-10/eeg/sub-LTP303_ses-10_task-ltpFR2_events.tsv
LTP303,10,10,21,PICNIC,1060,2150.478,1075239,1,data/ds004395/sub-LTP303/ses-10/eeg/sub-LTP303_ses-10_task-ltpFR2_eeg.edf,data/ds004395/sub-LTP303/ses-10/eeg/sub-LTP303_ses-10_task-ltpFR2_events.tsv
LTP303,10,10,22,PADDLE,1000,2153.264,1076632,0,data/ds004395/sub-LTP303/ses-10/eeg/sub-LTP303_ses-10_task-ltpFR2_eeg.edf,data/ds004395/sub-LTP303/ses-10/eeg/sub-LTP303_ses-10_task-ltpFR2_events.tsv
LTP303,10,10,23,YACHT,1629,2155.934,1077967,0,data/ds004395/sub-LTP303/ses-10/eeg/sub-LTP303_ses-10_task-ltpFR2_eeg.edf,data/ds004395/sub-LTP303/ses-10/eeg/sub-LTP303_ses-10_task-ltpFR2_events.tsv
LTP303,10,10,24,SISTER,1312,2158.686,1079343,1,data/ds004395/sub-LTP303/ses-10/eeg/sub-LTP303_ses-10_task-ltpFR2_eeg.edf,data/ds004395/sub-LTP303/ses-10/eeg/sub-LTP303_ses-10_task-ltpFR2_events.tsv
LTP303,10,11,1,LION,827,2276.68,1138340,0,data/ds004395/sub-LTP303/ses-10/eeg/sub-LTP303_ses-10_task-ltpFR2_eeg.edf,data/ds004395/sub-LTP303/ses-10/eeg/sub-LTP303_ses-10_task-ltpFR2_events.tsv
LTP303,10,11,2,PARSLEY,1016,2279.45,1139725,0,data/ds004395/sub-LTP303/ses-10/eeg/sub-LTP303_ses-10_task-ltpFR2_eeg.edf,data/ds004395/sub-LTP303/ses-10/eeg/sub-LTP303_ses-10_task-ltpFR2_events.tsv
LTP303,10,11,3,SILK,1307,2282.176,1141088,0,data/ds004395/sub-LTP303/ses-10/eeg/sub-LTP303_ses-10_task-ltpFR2_eeg.edf,data/ds004395/sub-LTP303/ses-10/eeg/sub-LTP303_ses-10_task-ltpFR2_events.tsv
LTP303,10,11,4,SWIMMER,1420,2284.596,1142298,0,data/ds004395/sub-LTP303/ses-10/eeg/sub-LTP303_ses-10_task-ltpFR2_eeg.edf,data/ds004395/sub-LTP303/ses-10/eeg/sub-LTP303_ses-10_task-ltpFR2_events.tsv
LTP303,10,11,5,DENIM,446,2287.04,1143520,1,data/ds004395/sub-LTP303/ses-10/eeg/sub-LTP303_ses-10_task-ltpFR2_eeg.edf,data/ds004395/sub-LTP303/ses-10/eeg/sub-LTP303_ses-10_task-ltpFR2_events.tsv
LTP303,10,11,6,BLOUSE,139,2289.734,1144867,0,data/ds004395/sub-LTP303/ses-10/eeg/sub-LTP303_ses-10_task-ltpFR2_eeg.edf,data/ds004395/sub-LTP303/ses-10/eeg/sub-LTP303_ses-10_task-ltpFR2_events.tsv
LTP303,10,11,7,GLOVE,642,2292.46,1146230,0,data/ds004395/sub-LTP303/ses-10/eeg/sub-LTP303_ses-10_task-ltpFR2_eeg.edf,data/ds004395/sub-LTP303/ses-10/eeg/sub-LTP303_ses-10_task-ltpFR2_events.tsv
LTP303,10,11,8,PUDDING,1139,2294.938,1147469,0,data/ds004395/sub-LTP303/ses-10/eeg/sub-LTP303_ses-10_task-ltpFR2_eeg.edf,data/ds004395/sub-LTP303/ses-10/eeg/sub-LTP303_ses-10_task-ltpFR2_events.tsv
LTP303,10,11,9,JUGGLER,763,2297.58,1148790,0,data/ds004395/sub-LTP303/ses-10/eeg/sub-LTP303_ses-10_task-ltpFR2_eeg.edf,data/ds004395/sub-LTP303/ses-10/eeg/sub-LTP303_ses-10_task-ltpFR2_events.tsv
LTP303,10,11,10,SIDEWALK,1303,2300.308,1150154,1,data/ds004395/sub-LTP303/ses-10/eeg/sub-LTP303_ses-10_task-ltpFR2_eeg.edf,data/ds004395/sub-LTP303/ses-10/eeg/sub-LTP303_ses-10_task-ltpFR2_events.tsv
LTP303,10,11,11,HUMAN,726,2302.826,1151413,1,data/ds004395/sub-LTP303/ses-10/eeg/sub-LTP303_ses-10_task-ltpFR2_eeg.edf,data/ds004395/sub-LTP303/ses-10/eeg/sub-LTP303_ses-10_task-ltpFR2_events.tsv
LTP303,10,11,12,ZEBRA,1635,2305.414,1152707,1,data/ds004395/sub-LTP303/ses-10/eeg/sub-LTP303_ses-10_task-ltpFR2_eeg.edf,data/ds004395/sub-LTP303/ses-10/eeg/sub-LTP303_ses-10_task-ltpFR2_events.tsv
LTP303,10,11,13,LIVER,833,2307.848,1153924,1,data/ds004395/sub-LTP303/ses-10/eeg/sub-LTP303_ses-10_task-ltpFR2_eeg.edf,data/ds004395/sub-LTP303/ses-10/eeg/sub-LTP303_ses-10_task-ltpFR2_events.tsv
LTP303,10,11,14,DUSTPAN,509,2310.506,1155253,1,data/ds004395/sub-LTP303/ses-10/eeg/sub-LTP303_ses-10_task-ltpFR2_eeg.edf,data/ds004395/sub-LTP303/ses-10/eeg/sub-LTP303_ses-10_task-ltpFR2_events.tsv
LTP303,10,11,15,KETCHUP,771,2313.026,1156513,1,data/ds004395/sub-LTP303/ses-10/eeg/sub-LTP303_ses-10_task-ltpFR2_eeg.edf,data/ds004395/sub-LTP303/ses-10/eeg/sub-LTP303_ses-10_task-ltpFR2_events.tsv
LTP303,10,11,16,MARSH,874,2315.844,1157922,0,data/ds004395/sub-LTP303/ses-10/eeg/sub-LTP303_ses-10_task-ltpFR2_eeg.edf,data/ds004395/sub-LTP303/ses-10/eeg/sub-LTP303_ses-10_task-ltpFR2_events.tsv
LTP303,10,11,17,SHRUB,1299,2318.514,1159257,0,data/ds004395/sub-LTP303/ses-10/eeg/sub-LTP303_ses-10_task-ltpFR2_eeg.edf,data/ds004395/sub-LTP303/ses-10/eeg/sub-LTP303_ses-10_task-ltpFR2_events.tsv
LTP303,10,11,18,HATCHET,691,2321.042,1160521,0,data/ds004395/sub-LTP303/ses-10/eeg/sub-LTP303_ses-10_task-ltpFR2_eeg.edf,data/ds004395/sub-LTP303/ses-10/eeg/sub-LTP303_ses-10_task-ltpFR2_events.tsv
LTP303,10,11,19,HEART,697,2323.494,1161747,0,data/ds004395/sub-LTP303/ses-10/eeg/sub-LTP303_ses-10_task-ltpFR2_eeg.edf,data/ds004395/sub-LTP303/ses-10/eeg/sub-LTP303_ses-10_task-ltpFR2_events.tsv
LTP303,10,11,20,DONOR,485,2326.014,1163007,1,data/ds004395/sub-LTP303/ses-10/eeg/sub-LTP303_ses-10_task-ltpFR2_eeg.edf,data/ds004395/sub-LTP303/ses-10/eeg/sub-LTP303_ses-10_task-ltpFR2_events.tsv
LTP303,10,11,21,BARLEY,88,2328.488,1164244,0,data/ds004395/sub-LTP303/ses-10/eeg/sub-LTP303_ses-10_task-ltpFR2_eeg.edf,data/ds004395/sub-LTP303/ses-10/eeg/sub-LTP303_ses-10_task-ltpFR2_events.tsv
LTP303,10,11,22,HIGHWAY,707,2331.252,1165626,0,data/ds004395/sub-LTP303/ses-10/eeg/sub-LTP303_ses-10_task-ltpFR2_eeg.edf,data/ds004395/sub-LTP303/ses-10/eeg/sub-LTP303_ses-10_task-ltpFR2_events.tsv
LTP303,10,11,23,PLAID,1080,2334.038,1167019,1,data/ds004395/sub-LTP303/ses-10/eeg/sub-LTP303_ses-10_task-ltpFR2_eeg.edf,data/ds004395/sub-LTP303/ses-10/eeg/sub-LTP303_ses-10_task-ltpFR2_events.tsv
LTP303,10,11,24,TABLE,1426,2336.722,1168361,1,data/ds004395/sub-LTP303/ses-10/eeg/sub-LTP303_ses-10_task-ltpFR2_eeg.edf,data/ds004395/sub-LTP303/ses-10/eeg/sub-LTP303_ses-10_task-ltpFR2_events.tsv
LTP303,10,12,1,PECAN,1036,2479.494,1239747,1,data/ds004395/sub-LTP303/ses-10/eeg/sub-LTP303_ses-10_task-ltpFR2_eeg.edf,data/ds004395/sub-LTP303/ses-10/eeg/sub-LTP303_ses-10_task-ltpFR2_events.tsv
LTP303,10,12,2,PEACH,1031,2481.996,1240998,1,data/ds004395/sub-LTP303/ses-10/eeg/sub-LTP303_ses-10_task-ltpFR2_eeg.edf,data/ds004395/sub-LTP303/ses-10/eeg/sub-LTP303_ses-10_task-ltpFR2_events.tsv
LTP303,10,12,3,DANCER,437,2484.56,1242280,1,data/ds004395/sub-LTP303/ses-10/eeg/sub-LTP303_ses-10_task-ltpFR2_eeg.edf,data/ds004395/sub-LTP303/ses-10/eeg/sub-LTP303_ses-10_task-ltpFR2_events.tsv
LTP303,10,12,4,CIGAR,308,2487.028,1243514,1,data/ds004395/sub-LTP303/ses-10/eeg/sub-LTP303_ses-10_task-ltpFR2_eeg.edf,data/ds004395/sub-LTP303/ses-10/eeg/sub-LTP303_ses-10_task-ltpFR2_events.tsv
LTP303,10,12,5,BANK,83,2489.702,1244851,1,data/ds004395/sub-LTP303/ses-10/eeg/sub-LTP303_ses-10_task-ltpFR2_eeg.edf,data/ds004395/sub-LTP303/ses-10/eeg/sub-LTP303_ses-10_task-ltpFR2_events.tsv
LTP303,10,12,6,COOK,372,2492.254,1246127,1,data/ds004395/sub-LTP303/ses-10/eeg/sub-LTP303_ses-10_task-ltpFR2_eeg.edf,data/ds004395/sub-LTP303/ses-10/eeg/sub-LTP303_ses-10_task-ltpFR2_events.tsv
LTP303,10,12,7,BABY,64,2494.69,1247345,1,data/ds004395/sub-LTP303/ses-10/eeg/sub-LTP303_ses-10_task-ltpFR2_eeg.edf,data/ds004395/sub-LTP303/ses-10/eeg/sub-LTP303_ses-10_task-ltpFR2_events.tsv
LTP303,10,12,8,TREAT,1501,2497.226,1248613,0,data/ds004395/sub-LTP303/ses-10/eeg/sub-LTP303_ses-10_task-ltpFR2_eeg.edf,data/ds004395/sub-LTP303/ses-10/eeg/sub-LTP303_ses-10_task-ltpFR2_events.tsv
LTP303,10,12,9,TUBA,1515,2500.006,1250003,1,data/ds004395/sub-LTP303/ses-10/eeg/sub-LTP303_ses-10_task-ltpFR2_eeg.edf,data/ds004395/sub-LTP303/ses-10/eeg/sub-LTP303_ses-10_task-ltpFR2_events.tsv
LTP303,10,12,10,FILM,565,2502.48,1251240,1,data/ds004395/sub-LTP303/ses-10/eeg/sub-LTP303_ses-10_task-ltpFR2_eeg.edf,data/ds004395/sub-LTP303/ses-10/eeg/sub-LTP303_ses-10_task-ltpFR2_events.tsv
LTP303,10,12,11,BEAST,108,2505.234,1252617,1,data/ds004395/sub-LTP303/ses-10/eeg/sub-LTP303_ses-10_task-ltpFR2_eeg.edf,data/ds004395/sub-LTP303/ses-10/eeg/sub-LTP303_ses-10_task-ltpFR2_events.tsv
LTP303,10,12,12,UMPIRE,1535,2507.894,1253947,1,data/ds004395/sub-LTP303/ses-10/eeg/sub-LTP303_ses-10_task-ltpFR2_eeg.edf,data/ds004395/sub-LTP303/ses-10/eeg/sub-LTP303_ses-10_task-ltpFR2_events.tsv
LTP303,10,12,13,AIRPORT,13,2510.63,1255315,1,data/ds004395/sub-LTP303/ses-10/eeg/sub-LTP303_ses-10_task-ltpFR2_eeg.edf,data/ds004395/sub-LTP303/ses-10/eeg/sub-LTP303_ses-10_task-ltpFR2_events.tsv
LTP303,10,12,14,CHILD,299,2513.232,1256616,1,data/ds004395/sub-LTP303/ses-10/eeg/sub-LTP303_ses-10_task-ltpFR2_eeg.edf,data/ds004395/sub-LTP303/ses-10/eeg/sub-LTP303_ses-10_task-ltpFR2_events.tsv
LTP303,10,12,15,BEAVER,109,2515.9,1257950,1,data/ds004395/sub-LTP303/ses-10/eeg/sub-LTP303_ses-10_task-ltpFR2_eeg.edf,data/ds004395/sub-LTP303/ses-10/eeg/sub-LTP303_ses-10_task-ltpFR2_events.tsv
LTP303,10,12,16,DUST,508,2518.402,1259201,1,data/ds004395/sub-LTP303/ses-10/eeg/sub-LTP303_ses-10_task-ltpFR2_eeg.edf,data/ds004395/sub-LTP303/ses-10/eeg/sub-LTP303_ses-10_task-ltpFR2_events.tsv
LTP303,10,12,17,SHORTCAKE,1292,2520.938,1260469,1,data/ds004395/sub-LTP303/ses-10/eeg/sub-LTP303_ses-10_task-ltpFR2_eeg.edf,data/ds004395/sub-LTP303/ses-10/eeg/sub-LTP303_ses-10_task-ltpFR2_events.tsv
LTP303,10,12,18,FRUIT,610,2523.424,1261712,1,data/ds004395/sub-LTP303/ses-10/eeg/sub-LTP303_ses-10_task-ltpFR2_eeg.edf,data/ds004395/sub-LTP303/ses-10/eeg/sub-LTP303_ses-10_task-ltpFR2_events.tsv
LTP303,10,12,19,SWITCH,1422,2526.182,1263091,1,data/ds004395/sub-LTP303/ses-10/eeg/sub-LTP303_ses-10_task-ltpFR2_eeg.edf,data/ds004395/sub-LTP303/ses-10/eeg/sub-LTP303_ses-10_task-ltpFR2_events.tsv
LTP303,10,12,20,LAMP,798,2528.72,1264360,1,data/ds004395/sub-LTP303/ses-10/eeg/sub-LTP303_ses-10_task-ltpFR2_eeg.edf,data/ds004395/sub-LTP303/ses-10/eeg/sub-LTP303_ses-10_task-ltpFR2_events.tsv
LTP303,10,12,21,FRANCE,601,2531.338,1265669,1,data/ds004395/sub-LTP303/ses-10/eeg/sub-LTP303_ses-10_task-ltpFR2_eeg.edf,data/ds004395/sub-LTP303/ses-10/eeg/sub-LTP303_ses-10_task-ltpFR2_events.tsv
LTP303,10,12,22,FEMALE,559,2533.882,1266941,1,data/ds004395/sub-LTP303/ses-10/eeg/sub-LTP303_ses-10_task-ltpFR2_eeg.edf,data/ds004395/sub-LTP303/ses-10/eeg/sub-LTP303_ses-10_task-ltpFR2_events.tsv
LTP303,10,12,23,MARKER,870,2536.434,1268217,1,data/ds004395/sub-LTP303/ses-10/eeg/sub-LTP303_ses-10_task-ltpFR2_eeg.edf,data/ds004395/sub-LTP303/ses-10/eeg/sub-LTP303_ses-10_task-ltpFR2_events.tsv
LTP303,10,12,24,CRIB,407,2539.186,1269593,1,data/ds004395/sub-LTP303/ses-10/eeg/sub-LTP303_ses-10_task-ltpFR2_eeg.edf,data/ds004395/sub-LTP303/ses-10/eeg/sub-LTP303_ses-10_task-ltpFR2_events.tsv
LTP303,10,13,1,LIZARD,834,2657.044,1328522,1,data/ds004395/sub-LTP303/ses-10/eeg/sub-LTP303_ses-10_task-ltpFR2_eeg.edf,data/ds004395/sub-LTP303/ses-10/eeg/sub-LTP303_ses-10_task-ltpFR2_events.tsv
LTP303,10,13,2,SNAKE,1333,2659.696,1329848,1,data/ds004395/sub-LTP303/ses-10/eeg/sub-LTP303_ses-10_task-ltpFR2_eeg.edf,data/ds004395/sub-LTP303/ses-10/eeg/sub-LTP303_ses-10_task-ltpFR2_events.tsv
LTP303,10,13,3,CRITIC,410,2662.248,1331124,1,data/ds004395/sub-LTP303/ses-10/eeg/sub-LTP303_ses-10_task-ltpFR2_eeg.edf,data/ds004395/sub-LTP303/ses-10/eeg/sub-LTP303_ses-10_task-ltpFR2_events.tsv
LTP303,10,13,4,MAMMAL,861,2664.682,1332341,1,data/ds004395/sub-LTP303/ses-10/eeg/sub-LTP303_ses-10_task-ltpFR2_eeg.edf,data/ds004395/sub-LTP303/ses-10/eeg/sub-LTP303_ses-10_task-ltpFR2_events.tsv
LTP303,10,13,5,SLOPE,1328,2667.252,1333626,0,data/ds004395/sub-LTP303/ses-10/eeg/sub-LTP303_ses-10_task-ltpFR2_eeg.edf,data/ds004395/sub-LTP303/ses-10/eeg/sub-LTP303_ses-10_task-ltpFR2_events.tsv
LTP303,10,13,6,TWIG,1527,2669.72,1334860,1,data/ds004395/sub-LTP303/ses-10/eeg/sub-LTP303_ses-10_task-ltpFR2_eeg.edf,data/ds004395/sub-LTP303/ses-10/eeg/sub-LTP303_ses-10_task-ltpFR2_events.tsv
LTP303,10,13,7,TUNNEL,1519,2672.406,1336203,1,data/ds004395/sub-LTP303/ses-10/eeg/sub-LTP303_ses-10_task-ltpFR2_eeg.edf,data/ds004395/sub-LTP303/ses-10/eeg/sub-LTP303_ses-10_task-ltpFR2_events.tsv
LTP303,10,13,8,EYELASH,546,2675.008,1337504,1,data/ds004395/sub-LTP303/ses-10/eeg/sub-LTP303_ses-10_task-ltpFR2_eeg.edf,data/ds004395/sub-LTP303/ses-10/eeg/sub-LTP303_ses-10_task-ltpFR2_events.tsv
LTP303,10,13,9,CUPBOARD,425,2677.694,1338847,1,data/ds004395/sub-LTP303/ses-10/eeg/sub-LTP303_ses-10_task-ltpFR2_eeg.edf,data/ds004395/sub-LTP303/ses-10/eeg/sub-LTP303_ses-10_task-ltpFR2_events.tsv
LTP303,10,13,10,PISTON,1076,2680.146,1340073,1,data/ds004395/sub-LTP303/ses-10/eeg/sub-LTP303_ses-10_task-ltpFR2_eeg.edf,data/ds004395/sub-LTP303/ses-10/eeg/sub-LTP303_ses-10_task-ltpFR2_events.tsv
LTP303,10,13,11,JUDGE,761,2682.952,1341476,1,data/ds004395/sub-LTP303/ses-10/eeg/sub-LTP303_ses-10_task-ltpFR2_eeg.edf,data/ds004395/sub-LTP303/ses-10/eeg/sub-LTP303_ses-10_task-ltpFR2_events.tsv
LTP303,10,13,12,PREACHER,1119,2685.65,1342825,1,data/ds004395/sub-LTP303/ses-10/eeg/sub-LTP303_ses-10_task-ltpFR2_eeg.edf,data/ds004395/sub-LTP303/ses-10/eeg/sub-LTP303_ses-10_task-ltpFR2_events.tsv
LTP303,10,13,13,SCARF,1246,2688.254,1344127,1,data/ds004395/sub-LTP303/ses-10/eeg/sub-LTP303_ses-10_task-ltpFR2_eeg.edf,data/ds004395/sub-LTP303/ses-10/eeg/sub-LTP303_ses-10_task-ltpFR2_events.tsv
LTP303,10,13,14,VALVE,1546,2690.736,1345368,1,data/ds004395/sub-LTP303/ses-10/eeg/sub-LTP303_ses-10_task-ltpFR2_eeg.edf,data/ds004395/sub-LTP303/ses-10/eeg/sub-LTP303_ses-10_task-ltpFR2_events.tsv
LTP303,10,13,15,PERFUME,1049,2693.456,1346728,1,data/ds004395/sub-LTP303/ses-10/eeg/sub-LTP303_ses-10_task-ltpFR2_eeg.edf,data/ds004395/sub-LTP303/ses-10/eeg/sub-LTP303_ses-10_task-ltpFR2_events.tsv
LTP303,10,13,16,INMATE,738,2696.206,1348103,1,data/ds004395/sub-LTP303/ses-10/eeg/sub-LTP303_ses-10_task-ltpFR2_eeg.edf,data/ds004395/sub-LTP303/ses-10/eeg/sub-LTP303_ses-10_task-ltpFR2_events.tsv
LTP303,10,13,17,BEAKER,104,2698.896,1349448,1,data/ds004395/sub-LTP303/ses-10/eeg/sub-LTP303_ses-10_task-ltpFR2_eeg.edf,data/ds004395/sub-LTP303/ses-10/eeg/sub-LTP303_ses-10_task-ltpFR2_events.tsv
LTP303,10,13,18,SERVANT,1271,2701.7,1350850,1,data/ds004395/sub-LTP303/ses-10/eeg/sub-LTP303_ses-10_task-ltpFR2_eeg.edf,data/ds004395/sub-LTP303/ses-10/eeg/sub-LTP303_ses-10_task-ltpFR2_events.tsv
LTP303,10,13,19,IDOL,733,2704.13,1352065,1,data/ds004395/sub-LTP303/ses-10/eeg/sub-LTP303_ses-10_task-ltpFR2_eeg.edf,data/ds004395/sub-LTP303/ses-10/eeg/sub-LTP303_ses-10_task-ltpFR2_events.tsv
LTP303,10,13,20,WITNESS,1618,2706.916,1353458,0,data/ds004395/sub-LTP303/ses-10/eeg/sub-LTP303_ses-10_task-ltpFR2_eeg.edf,data/ds004395/sub-LTP303/ses-10/eeg/sub-LTP303_ses-10_task-ltpFR2_events.tsv
LTP303,10,13,21,SCALLOP,1242,2709.49,1354745,1,data/ds004395/sub-LTP303/ses-10/eeg/sub-LTP303_ses-10_task-ltpFR2_eeg.edf,data/ds004395/sub-LTP303/ses-10/eeg/sub-LTP303_ses-10_task-ltpFR2_events.tsv
LTP303,10,13,22,COD,340,2712.054,1356027,1,data/ds004395/sub-LTP303/ses-10/eeg/sub-LTP303_ses-10_task-ltpFR2_eeg.edf,data/ds004395/sub-LTP303/ses-10/eeg/sub-LTP303_ses-10_task-ltpFR2_events.tsv
LTP303,10,13,23,LIPSTICK,829,2714.812,1357406,1,data/ds004395/sub-LTP303/ses-10/eeg/sub-LTP303_ses-10_task-ltpFR2_eeg.edf,data/ds004395/sub-LTP303/ses-10/eeg/sub-LTP303_ses-10_task-ltpFR2_events.tsv
LTP303,10,13,24,WAITER,1580,2717.358,1358679,0,data/ds004395/sub-LTP303/ses-10/eeg/sub-LTP303_ses-10_task-ltpFR2_eeg.edf,data/ds004395/sub-LTP303/ses-10/eeg/sub-LTP303_ses-10_task-ltpFR2_events.tsv
LTP303,10,14,1,BARREL,91,2860.384,1430192,1,data/ds004395/sub-LTP303/ses-10/eeg/sub-LTP303_ses-10_task-ltpFR2_eeg.edf,data/ds004395/sub-LTP303/ses-10/eeg/sub-LTP303_ses-10_task-ltpFR2_events.tsv
LTP303,10,14,2,CASHEW,253,2863.136,1431568,1,data/ds004395/sub-LTP303/ses-10/eeg/sub-LTP303_ses-10_task-ltpFR2_eeg.edf,data/ds004395/sub-LTP303/ses-10/eeg/sub-LTP303_ses-10_task-ltpFR2_events.tsv
LTP303,10,14,3,UNCLE,1536,2865.788,1432894,1,data/ds004395/sub-LTP303/ses-10/eeg/sub-LTP303_ses-10_task-ltpFR2_eeg.edf,data/ds004395/sub-LTP303/ses-10/eeg/sub-LTP303_ses-10_task-ltpFR2_events.tsv
LTP303,10,14,4,CITRUS,313,2868.308,1434154,1,data/ds004395/sub-LTP303/ses-10/eeg/sub-LTP303_ses-10_task-ltpFR2_eeg.edf,data/ds004395/sub-LTP303/ses-10/eeg/sub-LTP303_ses-10_task-ltpFR2_events.tsv
LTP303,10,14,5,PEANUT,1032,2871.042,1435521,1,data/ds004395/sub-LTP303/ses-10/eeg/sub-LTP303_ses-10_task-ltpFR2_eeg.edf,data/ds004395/sub-LTP303/ses-10/eeg/sub-LTP303_ses-10_task-ltpFR2_events.tsv
LTP303,10,14,6,PRINCE,1124,2873.846,1436923,1,data/ds004395/sub-LTP303/ses-10/eeg/sub-LTP303_ses-10_task-ltpFR2_eeg.edf,data/ds004395/sub-LTP303/ses-10/eeg/sub-LTP303_ses-10_task-ltpFR2_events.tsv
LTP303,10,14,7,CHAMPAGNE,278,2876.414,1438207,1,data/ds004395/sub-LTP303/ses-10/eeg/sub-LTP303_ses-10_task-ltpFR2_eeg.edf,data/ds004395/sub-LTP303/ses-10/eeg/sub-LTP303_ses-10_task-ltpFR2_events.tsv
LTP303,10,14,8,STAMP,1370,2879.0,1439500,1,data/ds004395/sub-LTP303/ses-10/eeg/sub-LTP303_ses-10_task-ltpFR2_eeg.edf,data/ds004395/sub-LTP303/ses-10/eeg/sub-LTP303_ses-10_task-ltpFR2_events.tsv
LTP303,10,14,9,VIRUS,1572,2881.486,1440743,0,data/ds004395/sub-LTP303/ses-10/eeg/sub-LTP303_ses-10_task-ltpFR2_eeg.edf,data/ds004395/sub-LTP303/ses-10/eeg/sub-LTP303_ses-10_task-ltpFR2_events.tsv
LTP303,10,14,10,LADDER,793,2884.154,1442077,0,data/ds004395/sub-LTP303/ses-10/eeg/sub-LTP303_ses-10_task-ltpFR2_eeg.edf,data/ds004395/sub-LTP303/ses-10/eeg/sub-LTP303_ses-10_task-ltpFR2_events.tsv
LTP303,10,14,11,GLOBE,641,2886.924,1443462,0,data/ds004395/sub-LTP303/ses-10/eeg/sub-LTP303_ses-10_task-ltpFR2_eeg.edf,data/ds004395/sub-LTP303/ses-10/eeg/sub-LTP303_ses-10_task-ltpFR2_events.tsv
LTP303,10,14,12,ATLAS,53,2889.56,1444780,0,data/ds004395/sub-LTP303/ses-10/eeg/sub-LTP303_ses-10_task-ltpFR2_eeg.edf,data/ds004395/sub-LTP303/ses-10/eeg/sub-LTP303_ses-10_task-ltpFR2_events.tsv
LTP303,10,14,13,CHEMIST,292,2892.01,1446005,0,data/ds004395/sub-LTP303/ses-10/eeg/sub-LTP303_ses-10_task-ltpFR2_eeg.edf,data/ds004395/sub-LTP303/ses-10/eeg/sub-LTP303_ses-10_task-ltpFR2_events.tsv
LTP303,10,14,14,NECKLACE,940,2894.648,1447324,1,data/ds004395/sub-LTP303/ses-10/eeg/sub-LTP303_ses-10_task-ltpFR2_eeg.edf,data/ds004395/sub-LTP303/ses-10/eeg/sub-LTP303_ses-10_task-ltpFR2_events.tsv
LTP303,10,14,15,STUDENT,1395,2897.448,1448724,0,data/ds004395/sub-LTP303/ses-10/eeg/sub-LTP303_ses-10_task-ltpFR2_eeg.edf,data/ds004395/sub-LTP303/ses-10/eeg/sub-LTP303_ses-10_task-ltpFR2_events.tsv
LTP303,10,14,16,HOUND,724,2899.884,1449942,0,data/ds004395/sub-LTP303/ses-10/eeg/sub-LTP303_ses-10_task-ltpFR2_eeg.edf,data/ds004395/sub-LTP303/ses-10/eeg/sub-LTP303_ses-10_task-ltpFR2_events.tsv
LTP303,10,14,17,COCKTAIL,338,2902.586,1451293,1,data/ds004395/sub-LTP303/ses-10/eeg/sub-LTP303_ses-10_task-ltpFR2_eeg.edf,data/ds004395/sub-LTP303/ses-10/eeg/sub-LTP303_ses-10_task-ltpFR2_events.tsv
LTP303,10,14,18,ONION,977,2905.154,1452577,1,data/ds004395/sub-LTP303/ses-10/eeg/sub-LTP303_ses-10_task-ltpFR2_eeg.edf,data/ds004395/sub-LTP303/ses-10/eeg/sub-LTP303_ses-10_task-ltpFR2_events.tsv
LTP303,10,14,19,MUFFIN,929,2907.822,1453911,1,data/ds004395/sub-LTP303/ses-10/eeg/sub-LTP303_ses-10_task-ltpFR2_eeg.edf,data/ds004395/sub-LTP303/ses-10/eeg/sub-LTP303_ses-10_task-ltpFR2_events.tsv
LTP303,10,14,20,KITCHEN,778,2910.524,1455262,1,data/ds004395/sub-LTP303/ses-10/eeg/sub-LTP303_ses-10_task-ltpFR2_eeg.edf,data/ds004395/sub-LTP303/ses-10/eeg/sub-LTP303_ses-10_task-ltpFR2_events.tsv
LTP303,10,14,21,PRINCESS,1125,2913.144,1456572,1,data/ds004395/sub-LTP303/ses-10/eeg/sub-LTP303_ses-10_task-ltpFR2_eeg.edf,data/ds004395/sub-LTP303/ses-10/eeg/sub-LTP303_ses-10_task-ltpFR2_events.tsv
LTP303,10,14,22,CROWN,415,2915.846,1457923,1,data/ds004395/sub-LTP303/ses-10/eeg/sub-LTP303_ses-10_task-ltpFR2_eeg.edf,data/ds004395/sub-LTP303/ses-10/eeg/sub-LTP303_ses-10_task-ltpFR2_events.tsv
LTP303,10,14,23,ATOM,55,2918.568,1459284,1,data/ds004395/sub-LTP303/ses-10/eeg/sub-LTP303_ses-10_task-ltpFR2_eeg.edf,data/ds004395/sub-LTP303/ses-10/eeg/sub-LTP303_ses-10_task-ltpFR2_events.tsv
LTP303,10,14,24,ORANGE,980,2921.184,1460592,1,data/ds004395/sub-LTP303/ses-10/eeg/sub-LTP303_ses-10_task-ltpFR2_eeg.edf,data/ds004395/sub-LTP303/ses-10/eeg/sub-LTP303_ses-10_task-ltpFR2_events.tsv
LTP303,10,15,1,POCKET,1093,3064.078,1532039,0,data/ds004395/sub-LTP303/ses-10/eeg/sub-LTP303_ses-10_task-ltpFR2_eeg.edf,data/ds004395/sub-LTP303/ses-10/eeg/sub-LTP303_ses-10_task-ltpFR2_events.tsv
LTP303,10,15,2,BISON,131,3066.876,1533438,0,data/ds004395/sub-LTP303/ses-10/eeg/sub-LTP303_ses-10_task-ltpFR2_eeg.edf,data/ds004395/sub-LTP303/ses-10/eeg/sub-LTP303_ses-10_task-ltpFR2_events.tsv
LTP303,10,15,3,TERMITE,1451,3069.528,1534764,0,data/ds004395/sub-LTP303/ses-10/eeg/sub-LTP303_ses-10_task-ltpFR2_eeg.edf,data/ds004395/sub-LTP303/ses-10/eeg/sub-LTP303_ses-10_task-ltpFR2_events.tsv
LTP303,10,15,4,PUPPY,1144,3072.214,1536107,0,data/ds004395/sub-LTP303/ses-10/eeg/sub-LTP303_ses-10_task-ltpFR2_eeg.edf,data/ds004395/sub-LTP303/ses-10/eeg/sub-LTP303_ses-10_task-ltpFR2_events.tsv
LTP303,10,15,5,AWARD,63,3074.938,1537469,0,data/ds004395/sub-LTP303/ses-10/eeg/sub-LTP303_ses-10_task-ltpFR2_eeg.edf,data/ds004395/sub-LTP303/ses-10/eeg/sub-LTP303_ses-10_task-ltpFR2_events.tsv
LTP303,10,15,6,HIKER,708,3077.438,1538719,0,data/ds004395/sub-LTP303/ses-10/eeg/sub-LTP303_ses-10_task-ltpFR2_eeg.edf,data/ds004395/sub-LTP303/ses-10/eeg/sub-LTP303_ses-10_task-ltpFR2_events.tsv
LTP303,10,15,7,COTTAGE,384,3080.12,1540060,0,data/ds004395/sub-LTP303/ses-10/eeg/sub-LTP303_ses-10_task-ltpFR2_eeg.edf,data/ds004395/sub-LTP303/ses-10/eeg/sub-LTP303_ses-10_task-ltpFR2_events.tsv
LTP303,10,15,8,HUSBAND,728,3082.822,1541411,0,data/ds004395/sub-LTP303/ses-10/eeg/sub-LTP303_ses-10_task-ltpFR2_eeg.edf,data/ds004395/sub-LTP303/ses-10/eeg/sub-LTP303_ses-10_task-ltpFR2_events.tsv
LTP303,10,15,9,YOLK,1633,3085.292,1542646,1,data/ds004395/sub-LTP303/ses-10/eeg/sub-LTP303_ses-10_task-ltpFR2_eeg.edf,data/ds004395/sub-LTP303/ses-10/eeg/sub-LTP303_ses-10_task-ltpFR2_events.tsv
LTP303,10,15,10,SPOON,1357,3088.094,1544047,1,data/ds004395/sub-LTP303/ses-10/eeg/sub-LTP303_ses-10_task-ltpFR2_eeg.edf,data/ds004395/sub-LTP303/ses-10/eeg/sub-LTP303_ses-10_task-ltpFR2_events.tsv
LTP303,10,15,11,FLIPPER,580,3090.83,1545415,0,data/ds004395/sub-LTP303/ses-10/eeg/sub-LTP303_ses-10_task-ltpFR2_eeg.edf,data/ds004395/sub-LTP303/ses-10/eeg/sub-LTP303_ses-10_task-ltpFR2_events.tsv
LTP303,10,15,12,BURGLAR,200,3093.584,1546792,0,data/ds004395/sub-LTP303/ses-10/eeg/sub-LTP303_ses-10_task-ltpFR2_eeg.edf,data/ds004395/sub-LTP303/ses-10/eeg/sub-LTP303_ses-10_task-ltpFR2_events.tsv
LTP303,10,15,13,SUSPECT,1415,3096.102,1548051,1,data/ds004395/sub-LTP303/ses-10/eeg/sub-LTP303_ses-10_task-ltpFR2_eeg.edf,data/ds004395/sub-LTP303/ses-10/eeg/sub-LTP303_ses-10_task-ltpFR2_events.tsv
LTP303,10,15,14,SUNSET,1408,3098.92,1549460,1,data/ds004395/sub-LTP303/ses-10/eeg/sub-LTP303_ses-10_task-ltpFR2_eeg.edf,data/ds004395/sub-LTP303/ses-10/eeg/sub-LTP303_ses-10_task-ltpFR2_events.tsv
LTP303,10,15,15,PLATE,1086,3101.722,1550861,1,data/ds004395/sub-LTP303/ses-10/eeg/sub-LTP303_ses-10_task-ltpFR2_eeg.edf,data/ds004395/sub-LTP303/ses-10/eeg/sub-LTP303_ses-10_task-ltpFR2_events.tsv
LTP303,10,15,16,CUSTARD,429,3104.458,1552229,1,data/ds004395/sub-LTP303/ses-10/eeg/sub-LTP303_ses-10_task-ltpFR2_eeg.edf,data/ds004395/sub-LTP303/ses-10/eeg/sub-LTP303_ses-10_task-ltpFR2_events.tsv
LTP303,10,15,17,JELLO,754,3107.278,1553639,1,data/ds004395/sub-LTP303/ses-10/eeg/sub-LTP303_ses-10_task-ltpFR2_eeg.edf,data/ds004395/sub-LTP303/ses-10/eeg/sub-LTP303_ses-10_task-ltpFR2_events.tsv
LTP303,10,15,18,SPONGE,1355,3110.096,1555048,1,data/ds004395/sub-LTP303/ses-10/eeg/sub-LTP303_ses-10_task-ltpFR2_eeg.edf,data/ds004395/sub-LTP303/ses-10/eeg/sub-LTP303_ses-10_task-ltpFR2_events.tsv
LTP303,10,15,19,COOKBOOK,373,3112.8,1556400,1,data/ds004395/sub-LTP303/ses-10/eeg/sub-LTP303_ses-10_task-ltpFR2_eeg.edf,data/ds004395/sub-LTP303/ses-10/eeg/sub-LTP303_ses-10_task-ltpFR2_events.tsv
LTP303,10,15,20,PASTA,1021,3115.45,1557725,1,data/ds004395/sub-LTP303/ses-10/eeg/sub-LTP303_ses-10_task-ltpFR2_eeg.edf,data/ds004395/sub-LTP303/ses-10/eeg/sub-LTP303_ses-10_task-ltpFR2_events.tsv
LTP303,10,15,21,SAUSAGE,1238,3117.988,1558994,1,data/ds004395/sub-LTP303/ses-10/eeg/sub-LTP303_ses-10_task-ltpFR2_eeg.edf,data/ds004395/sub-LTP303/ses-10/eeg/sub-LTP303_ses-10_task-ltpFR2_events.tsv
LTP303,10,15,22,PORTRAIT,1111,3120.488,1560244,0,data/ds004395/sub-LTP303/ses-10/eeg/sub-LTP303_ses-10_task-ltpFR2_eeg.edf,data/ds004395/sub-LTP303/ses-10/eeg/sub-LTP303_ses-10_task-ltpFR2_events.tsv
LTP303,10,15,23,SKILLET,1317,3123.308,1561654,0,data/ds004395/sub-LTP303/ses-10/eeg/sub-LTP303_ses-10_task-ltpFR2_eeg.edf,data/ds004395/sub-LTP303/ses-10/eeg/sub-LTP303_ses-10_task-ltpFR2_events.tsv
LTP303,10,15,24,SADDLE,1221,3126.076,1563038,0,data/ds004395/sub-LTP303/ses-10/eeg/sub-LTP303_ses-10_task-ltpFR2_eeg.edf,data/ds004395/sub-LTP303/ses-10/eeg/sub-LTP303_ses-10_task-ltpFR2_events.tsv
LTP303,10,16,1,CONCERT,360,3244.018,1622009,1,data/ds004395/sub-LTP303/ses-10/eeg/sub-LTP303_ses-10_task-ltpFR2_eeg.edf,data/ds004395/sub-LTP303/ses-10/eeg/sub-LTP303_ses-10_task-ltpFR2_events.tsv
LTP303,10,16,2,LILY,821,3246.53,1623265,1,data/ds004395/sub-LTP303/ses-10/eeg/sub-LTP303_ses-10_task-ltpFR2_eeg.edf,data/ds004395/sub-LTP303/ses-10/eeg/sub-LTP303_ses-10_task-ltpFR2_events.tsv
LTP303,10,16,3,JUNGLE,764,3249.19,1624595,1,data/ds004395/sub-LTP303/ses-10/eeg/sub-LTP303_ses-10_task-ltpFR2_eeg.edf,data/ds004395/sub-LTP303/ses-10/eeg/sub-LTP303_ses-10_task-ltpFR2_events.tsv
LTP303,10,16,4,CHIPMUNK,304,3251.916,1625958,1,data/ds004395/sub-LTP303/ses-10/eeg/sub-LTP303_ses-10_task-ltpFR2_eeg.edf,data/ds004395/sub-LTP303/ses-10/eeg/sub-LTP303_ses-10_task-ltpFR2_events.tsv
LTP303,10,16,5,SUBWAY,1400,3254.57,1627285,1,data/ds004395/sub-LTP303/ses-10/eeg/sub-LTP303_ses-10_task-ltpFR2_eeg.edf,data/ds004395/sub-LTP303/ses-10/eeg/sub-LTP303_ses-10_task-ltpFR2_events.tsv
LTP303,10,16,6,TROMBONE,1508,3257.036,1628518,1,data/ds004395/sub-LTP303/ses-10/eeg/sub-LTP303_ses-10_task-ltpFR2_eeg.edf,data/ds004395/sub-LTP303/ses-10/eeg/sub-LTP303_ses-10_task-ltpFR2_events.tsv
LTP303,10,16,7,HERO,706,3259.574,1629787,1,data/ds004395/sub-LTP303/ses-10/eeg/sub-LTP303_ses-10_task-ltpFR2_eeg.edf,data/ds004395/sub-LTP303/ses-10/eeg/sub-LTP303_ses-10_task-ltpFR2_events.tsv
LTP303,10,16,8,PARROT,1015,3262.058,1631029,1,data/ds004395/sub-LTP303/ses-10/eeg/sub-LTP303_ses-10_task-ltpFR2_eeg.edf,data/ds004395/sub-LTP303/ses-10/eeg/sub-LTP303_ses-10_task-ltpFR2_events.tsv
LTP303,10,16,9,SPOUSE,1358,3264.65,1632325,0,data/ds004395/sub-LTP303/ses-10/eeg/sub-LTP303_ses-10_task-ltpFR2_eeg.edf,data/ds004395/sub-LTP303/ses-10/eeg/sub-LTP303_ses-10_task-ltpFR2_events.tsv
LTP303,10,16,10,OYSTER,995,3267.396,1633698,1,data/ds004395/sub-LTP303/ses-10/eeg/sub-LTP303_ses-10_task-ltpFR2_eeg.edf,data/ds004395/sub-LTP303/ses-10/eeg/sub-LTP303_ses-10_task-ltpFR2_events.tsv
LTP303,10,16,11,CLAM,315,3270.156,1635078,1,data/ds004395/sub-LTP303/ses-10/eeg/sub-LTP303_ses-10_task-ltpFR2_eeg.edf,data/ds004395/sub-LTP303/ses-10/eeg/sub-LTP303_ses-10_task-ltpFR2_events.tsv
LTP303,10,16,12,SALT,1229,3272.618,1636309,1,data/ds004395/sub-LTP303/ses-10/eeg/sub-LTP303_ses-10_task-ltpFR2_eeg.edf,data/ds004395/sub-LTP303/ses-10/eeg/sub-LTP303_ses-10_task-ltpFR2_events.tsv
LTP303,10,16,13,CAPTIVE,240,3275.108,1637554,1,data/ds004395/sub-LTP303/ses-10/eeg/sub-LTP303_ses-10_task-ltpFR2_eeg.edf,data/ds004395/sub-LTP303/ses-10/eeg/sub-LTP303_ses-10_task-ltpFR2_events.tsv
LTP303,10,16,14,BIKE,125,3277.63,1638815,1,data/ds004395/sub-LTP303/ses-10/eeg/sub-LTP303_ses-10_task-ltpFR2_eeg.edf,data/ds004395/sub-LTP303/ses-10/eeg/sub-LTP303_ses-10_task-ltpFR2_events.tsv
LTP303,10,16,15,MARS,873,3280.174,1640087,1,data/ds004395/sub-LTP303/ses-10/eeg/sub-LTP303_ses-10_task-ltpFR2_eeg.edf,data/ds004395/sub-LTP303/ses-10/eeg/sub-LTP303_ses-10_task-ltpFR2_events.tsv
LTP303,10,16,16,FREEZER,604,3282.982,1641491,1,data/ds004395/sub-LTP303/ses-10/eeg/sub-LTP303_ses-10_task-ltpFR2_eeg.edf,data/ds004395/sub-LTP303/ses-10/eeg/sub-LTP303_ses-10_task-ltpFR2_events.tsv
LTP303,10,16,17,SODA,1341,3285.65,1642825,1,data/ds004395/sub-LTP303/ses-10/eeg/sub-LTP303_ses-10_task-ltpFR2_eeg.edf,data/ds004395/sub-LTP303/ses-10/eeg/sub-LTP303_ses-10_task-ltpFR2_events.tsv
LTP303,10,16,18,FLOWER,584,3288.182,1644091,1,data/ds004395/sub-LTP303/ses-10/eeg/sub-LTP303_ses-10_task-ltpFR2_eeg.edf,data/ds004395/sub-LTP303/ses-10/eeg/sub-LTP303_ses-10_task-ltpFR2_events.tsv
LTP303,10,16,19,DRUG,501,3290.716,1645358,1,data/ds004395/sub-LTP303/ses-10/eeg/sub-LTP303_ses-10_task-ltpFR2_eeg.edf,data/ds004395/sub-LTP303/ses-10/eeg/sub-LTP303_ses-10_task-ltpFR2_events.tsv
LTP303,10,16,20,PUPIL,1143,3293.224,1646612,1,data/ds004395/sub-LTP303/ses-10/eeg/sub-LTP303_ses-10_task-ltpFR2_eeg.edf,data/ds004395/sub-LTP303/ses-10/eeg/sub-LTP303_ses-10_task-ltpFR2_events.tsv
LTP303,10,16,21,SALMON,1227,3295.936,1647968,1,data/ds004395/sub-LTP303/ses-10/eeg/sub-LTP303_ses-10_task-ltpFR2_eeg.edf,data/ds004395/sub-LTP303/ses-10/eeg/sub-LTP303_ses-10_task-ltpFR2_events.tsv
LTP303,10,16,22,DIVER,476,3298.444,1649222,1,data/ds004395/sub-LTP303/ses-10/eeg/sub-LTP303_ses-10_task-ltpFR2_eeg.edf,data/ds004395/sub-LTP303/ses-10/eeg/sub-LTP303_ses-10_task-ltpFR2_events.tsv
LTP303,10,16,23,DONKEY,484,3301.096,1650548,0,data/ds004395/sub-LTP303/ses-10/eeg/sub-LTP303_ses-10_task-ltpFR2_eeg.edf,data/ds004395/sub-LTP303/ses-10/eeg/sub-LTP303_ses-10_task-ltpFR2_events.tsv
LTP303,10,16,24,GARLIC,624,3303.61,1651805,0,data/ds004395/sub-LTP303/ses-10/eeg/sub-LTP303_ses-10_task-ltpFR2_eeg.edf,data/ds004395/sub-LTP303/ses-10/eeg/sub-LTP303_ses-10_task-ltpFR2_events.tsv
LTP303,10,17,1,POET,1095,3543.514,1771757,0,data/ds004395/sub-LTP303/ses-10/eeg/sub-LTP303_ses-10_task-ltpFR2_eeg.edf,data/ds004395/sub-LTP303/ses-10/eeg/sub-LTP303_ses-10_task-ltpFR2_events.tsv
LTP303,10,17,2,TURNIP,1521,3545.95,1772975,0,data/ds004395/sub-LTP303/ses-10/eeg/sub-LTP303_ses-10_task-ltpFR2_eeg.edf,data/ds004395/sub-LTP303/ses-10/eeg/sub-LTP303_ses-10_task-ltpFR2_events.tsv
LTP303,10,17,3,VAGRANT,1544,3548.706,1774353,0,data/ds004395/sub-LTP303/ses-10/eeg/sub-LTP303_ses-10_task-ltpFR2_eeg.edf,data/ds004395/sub-LTP303/ses-10/eeg/sub-LTP303_ses-10_task-ltpFR2_events.tsv
LTP303,10,17,4,MAILBOX,857,3551.488,1775744,1,data/ds004395/sub-LTP303/ses-10/eeg/sub-LTP303_ses-10_task-ltpFR2_eeg.edf,data/ds004395/sub-LTP303/ses-10/eeg/sub-LTP303_ses-10_task-ltpFR2_events.tsv
LTP303,10,17,5,SCALPEL,1243,3554.106,1777053,1,data/ds004395/sub-LTP303/ses-10/eeg/sub-LTP303_ses-10_task-ltpFR2_eeg.edf,data/ds004395/sub-LTP303/ses-10/eeg/sub-LTP303_ses-10_task-ltpFR2_events.tsv
LTP303,10,17,6,EXPERT,543,3556.724,1778362,1,data/ds004395/sub-LTP303/ses-10/eeg/sub-LTP303_ses-10_task-ltpFR2_eeg.edf,data/ds004395/sub-LTP303/ses-10/eeg/sub-LTP303_ses-10_task-ltpFR2_events.tsv
LTP303,10,17,7,HELMET,702,3559.328,1779664,1,data/ds004395/sub-LTP303/ses-10/eeg/sub-LTP303_ses-10_task-ltpFR2_eeg.edf,data/ds004395/sub-LTP303/ses-10/eeg/sub-LTP303_ses-10_task-ltpFR2_events.tsv
LTP303,10,17,8,PEDAL,1037,3562.114,1781057,1,data/ds004395/sub-LTP303/ses-10/eeg/sub-LTP303_ses-10_task-ltpFR2_eeg.edf,data/ds004395/sub-LTP303/ses-10/eeg/sub-LTP303_ses-10_task-ltpFR2_events.tsv
LTP303,10,17,9,NAPKIN,937,3564.782,1782391,0,data/ds004395/sub-LTP303/ses-10/eeg/sub-LTP303_ses-10_task-ltpFR2_eeg.edf,data/ds004395/sub-LTP303/ses-10/eeg/sub-LTP303_ses-10_task-ltpFR2_events.tsv
LTP303,10,17,10,GIFT,635,3567.552,1783776,1,data/ds004395/sub-LTP303/ses-10/eeg/sub-LTP303_ses-10_task-ltpFR2_eeg.edf,data/ds004395/sub-LTP303/ses-10/eeg/sub-LTP303_ses-10_task-ltpFR2_events.tsv
LTP303,10,17,11,SHELTER,1282,3570.154,1785077,0,data/ds004395/sub-LTP303/ses-10/eeg/sub-LTP303_ses-10_task-ltpFR2_eeg.edf,data/ds004395/sub-LTP303/ses-10/eeg/sub-LTP303_ses-10_task-ltpFR2_events.tsv
LTP303,10,17,12,FLUTE,585,3572.606,1786303,0,data/ds004395/sub-LTP303/ses-10/eeg/sub-LTP303_ses-10_task-ltpFR2_eeg.edf,data/ds004395/sub-LTP303/ses-10/eeg/sub-LTP303_ses-10_task-ltpFR2_events.tsv
LTP303,10,17,13,ASIA,46,3575.208,1787604,0,data/ds004395/sub-LTP303/ses-10/eeg/sub-LTP303_ses-10_task-ltpFR2_eeg.edf,data/ds004395/sub-LTP303/ses-10/eeg/sub-LTP303_ses-10_task-ltpFR2_events.tsv
LTP303,10,17,14,POLICE,1098,3577.78,1788890,1,data/ds004395/sub-LTP303/ses-10/eeg/sub-LTP303_ses-10_task-ltpFR2_eeg.edf,data/ds004395/sub-LTP303/ses-10/eeg/sub-LTP303_ses-10_task-ltpFR2_events.tsv
LTP303,10,17,15,SLIME,1327,3580.478,1790239,1,data/ds004395/sub-LTP303/ses-10/eeg/sub-LTP303_ses-10_task-ltpFR2_eeg.edf,data/ds004395/sub-LTP303/ses-10/eeg/sub-LTP303_ses-10_task-ltpFR2_events.tsv
LTP303,10,17,16,BOX,159,3583.18,1791590,1,data/ds004395/sub-LTP303/ses-10/eeg/sub-LTP303_ses-10_task-ltpFR2_eeg.edf,data/ds004395/sub-LTP303/ses-10/eeg/sub-LTP303_ses-10_task-ltpFR2_events.tsv
LTP303,10,17,17,BOYFRIEND,162,3585.834,1792917,1,data/ds004395/sub-LTP303/ses-10/eeg/sub-LTP303_ses-10_task-ltpFR2_eeg.edf,data/ds004395/sub-LTP303/ses-10/eeg/sub-LTP303_ses-10_task-ltpFR2_events.tsv
LTP303,10,17,18,GIRL,637,3588.652,1794326,1,data/ds004395/sub-LTP303/ses-10/eeg/sub-LTP303_ses-10_task-ltpFR2_eeg.edf,data/ds004395/sub-LTP303/ses-10/eeg/sub-LTP303_ses-10_task-ltpFR2_events.tsv
LTP303,10,17,19,BADGE,68,3591.372,1795686,1,data/ds004395/sub-LTP303/ses-10/eeg/sub-LTP303_ses-10_task-ltpFR2_eeg.edf,data/ds004395/sub-LTP303/ses-10/eeg/sub-LTP303_ses-10_task-ltpFR2_events.tsv
LTP303,10,17,20,HEDGE,699,3594.09,1797045,0,data/ds004395/sub-LTP303/ses-10/eeg/sub-LTP303_ses-10_task-ltpFR2_eeg.edf,data/ds004395/sub-LTP303/ses-10/eeg/sub-LTP303_ses-10_task-ltpFR2_events.tsv
LTP303,10,17,21,CHAPEL,280,3596.726,1798363,1,data/ds004395/sub-LTP303/ses-10/eeg/sub-LTP303_ses-10_task-ltpFR2_eeg.edf,data/ds004395/sub-LTP303/ses-10/eeg/sub-LTP303_ses-10_task-ltpFR2_events.tsv
LTP303,10,17,22,TOASTER,1472,3599.344,1799672,0,data/ds004395/sub-LTP303/ses-10/eeg/sub-LTP303_ses-10_task-ltpFR2_eeg.edf,data/ds004395/sub-LTP303/ses-10/eeg/sub-LTP303_ses-10_task-ltpFR2_events.tsv
LTP303,10,17,23,APRON,35,3601.83,1800915,1,data/ds004395/sub-LTP303/ses-10/eeg/sub-LTP303_ses-10_task-ltpFR2_eeg.edf,data/ds004395/sub-LTP303/ses-10/eeg/sub-LTP303_ses-10_task-ltpFR2_events.tsv
LTP303,10,17,24,CAFE,216,3604.416,1802208,1,data/ds004395/sub-LTP303/ses-10/eeg/sub-LTP303_ses-10_task-ltpFR2_eeg.edf,data/ds004395/sub-LTP303/ses-10/eeg/sub-LTP303_ses-10_task-ltpFR2_events.tsv
LTP303,10,18,1,BANJO,82,3747.202,1873601,0,data/ds004395/sub-LTP303/ses-10/eeg/sub-LTP303_ses-10_task-ltpFR2_eeg.edf,data/ds004395/sub-LTP303/ses-10/eeg/sub-LTP303_ses-10_task-ltpFR2_events.tsv
LTP303,10,18,2,BRANDY,169,3749.912,1874956,0,data/ds004395/sub-LTP303/ses-10/eeg/sub-LTP303_ses-10_task-ltpFR2_eeg.edf,data/ds004395/sub-LTP303/ses-10/eeg/sub-LTP303_ses-10_task-ltpFR2_events.tsv
LTP303,10,18,3,GRIZZLY,662,3752.56,1876280,0,data/ds004395/sub-LTP303/ses-10/eeg/sub-LTP303_ses-10_task-ltpFR2_eeg.edf,data/ds004395/sub-LTP303/ses-10/eeg/sub-LTP303_ses-10_task-ltpFR2_events.tsv
LTP303,10,18,4,SPACE,1345,3755.242,1877621,0,data/ds004395/sub-LTP303/ses-10/eeg/sub-LTP303_ses-10_task-ltpFR2_eeg.edf,data/ds004395/sub-LTP303/ses-10/eeg/sub-LTP303_ses-10_task-ltpFR2_events.tsv
LTP303,10,18,5,VIKING,1565,3757.68,1878840,1,data/ds004395/sub-LTP303/ses-10/eeg/sub-LTP303_ses-10_task-ltpFR2_eeg.edf,data/ds004395/sub-LTP303/ses-10/eeg/sub-LTP303_ses-10_task-ltpFR2_events.tsv
LTP303,10,18,6,BATHTUB,100,3760.432,1880216,1,data/ds004395/sub-LTP303/ses-10/eeg/sub-LTP303_ses-10_task-ltpFR2_eeg.edf,data/ds004395/sub-LTP303/ses-10/eeg/sub-LTP303_ses-10_task-ltpFR2_events.tsv
LTP303,10,18,7,STREAM,1392,3762.916,1881458,1,data/ds004395/sub-LTP303/ses-10/eeg/sub-LTP303_ses-10_task-ltpFR2_eeg.edf,data/ds004395/sub-LTP303/ses-10/eeg/sub-LTP303_ses-10_task-ltpFR2_events.tsv
LTP303,10,18,8,GYMNAST,675,3765.418,1882709,0,data/ds004395/sub-LTP303/ses-10/eeg/sub-LTP303_ses-10_task-ltpFR2_eeg.edf,data/ds004395/sub-LTP303/ses-10/eeg/sub-LTP303_ses-10_task-ltpFR2_events.tsv
LTP303,10,18,9,PATIENT,1024,3767.91,1883955,1,data/ds004395/sub-LTP303/ses-10/eeg/sub-LTP303_ses-10_task-ltpFR2_eeg.edf,data/ds004395/sub-LTP303/ses-10/eeg/sub-LTP303_ses-10_task-ltpFR2_events.tsv
LTP303,10,18,10,BASEMENT,94,3770.564,1885282,0,data/ds004395/sub-LTP303/ses-10/eeg/sub-LTP303_ses-10_task-ltpFR2_eeg.edf,data/ds004395/sub-LTP303/ses-10/eeg/sub-LTP303_ses-10_task-ltpFR2_events.tsv
LTP303,10,18,11,LACE,792,3773.308,1886654,1,data/ds004395/sub-LTP303/ses-10/eeg/sub-LTP303_ses-10_task-ltpFR2_eeg.edf,data/ds004395/sub-LTP303/ses-10/eeg/sub-LTP303_ses-10_task-ltpFR2_events.tsv
LTP303,10,18,12,DRESS,495,3775.778,1887889,1,data/ds004395/sub-LTP303/ses-10/eeg/sub-LTP303_ses-10_task-ltpFR2_eeg.edf,data/ds004395/sub-LTP303/ses-10/eeg/sub-LTP303_ses-10_task-ltpFR2_events.tsv
LTP303,10,18,13,MARKET,871,3778.364,1889182,0,data/ds004395/sub-LTP303/ses-10/eeg/sub-LTP303_ses-10_task-ltpFR2_eeg.edf,data/ds004395/sub-LTP303/ses-10/eeg/sub-LTP303_ses-10_task-ltpFR2_events.tsv
LTP303,10,18,14,CONVICT,371,3780.986,1890493,1,data/ds004395/sub-LTP303/ses-10/eeg/sub-LTP303_ses-10_task-ltpFR2_eeg.edf,data/ds004395/sub-LTP303/ses-10/eeg/sub-LTP303_ses-10_task-ltpFR2_events.tsv
LTP303,10,18,15,GOBLIN,645,3783.718,1891859,1,data/ds004395/sub-LTP303/ses-10/eeg/sub-LTP303_ses-10_task-ltpFR2_eeg.edf,data/ds004395/sub-LTP303/ses-10/eeg/sub-LTP303_ses-10_task-ltpFR2_events.tsv
LTP303,10,18,16,MUSTARD,935,3786.42,1893210,0,data/ds004395/sub-LTP303/ses-10/eeg/sub-LTP303_ses-10_task-ltpFR2_eeg.edf,data/ds004395/sub-LTP303/ses-10/eeg/sub-LTP303_ses-10_task-ltpFR2_events.tsv
LTP303,10,18,17,NEUTRON,947,3788.86,1894430,0,data/ds004395/sub-LTP303/ses-10/eeg/sub-LTP303_ses-10_task-ltpFR2_eeg.edf,data/ds004395/sub-LTP303/ses-10/eeg/sub-LTP303_ses-10_task-ltpFR2_events.tsv
LTP303,10,18,18,APPLE,33,3791.458,1895729,1,data/ds004395/sub-LTP303/ses-10/eeg/sub-LTP303_ses-10_task-ltpFR2_eeg.edf,data/ds004395/sub-LTP303/ses-10/eeg/sub-LTP303_ses-10_task-ltpFR2_events.tsv
LTP303,10,18,19,STAR,1373,3794.13,1897065,0,data/ds004395/sub-LTP303/ses-10/eeg/sub-LTP303_ses-10_task-ltpFR2_eeg.edf,data/ds004395/sub-LTP303/ses-10/eeg/sub-LTP303_ses-10_task-ltpFR2_events.tsv
LTP303,10,18,20,ULCER,1533,3796.894,1898447,1,data/ds004395/sub-LTP303/ses-10/eeg/sub-LTP303_ses-10_task-ltpFR2_eeg.edf,data/ds004395/sub-LTP303/ses-10/eeg/sub-LTP303_ses-10_task-ltpFR2_events.tsv
LTP303,10,18,21,PROTON,1132,3799.664,1899832,0,data/ds004395/sub-LTP303/ses-10/eeg/sub-LTP303_ses-10_task-ltpFR2_eeg.edf,data/ds004395/sub-LTP303/ses-10/eeg/sub-LTP303_ses-10_task-ltpFR2_events.tsv
LTP303,10,18,22,COIN,343,3802.334,1901167,0,data/ds004395/sub-LTP303/ses-10/eeg/sub-LTP303_ses-10_task-ltpFR2_eeg.edf,data/ds004395/sub-LTP303/ses-10/eeg/sub-LTP303_ses-10_task-ltpFR2_events.tsv
LTP303,10,18,23,CROSS,413,3804.856,1902428,0,data/ds004395/sub-LTP303/ses-10/eeg/sub-LTP303_ses-10_task-ltpFR2_eeg.edf,data/ds004395/sub-LTP303/ses-10/eeg/sub-LTP303_ses-10_task-ltpFR2_events.tsv
LTP303,10,18,24,GRAVEL,659,3807.522,1903761,0,data/ds004395/sub-LTP303/ses-10/eeg/sub-LTP303_ses-10_task-ltpFR2_eeg.edf,data/ds004395/sub-LTP303/ses-10/eeg/sub-LTP303_ses-10_task-ltpFR2_events.tsv
LTP303,10,19,1,BULLET,194,3950.352,1975176,1,data/ds004395/sub-LTP303/ses-10/eeg/sub-LTP303_ses-10_task-ltpFR2_eeg.edf,data/ds004395/sub-LTP303/ses-10/eeg/sub-LTP303_ses-10_task-ltpFR2_events.tsv
LTP303,10,19,2,PERCH,1048,3952.91,1976455,1,data/ds004395/sub-LTP303/ses-10/eeg/sub-LTP303_ses-10_task-ltpFR2_eeg.edf,data/ds004395/sub-LTP303/ses-10/eeg/sub-LTP303_ses-10_task-ltpFR2_events.tsv
LTP303,10,19,3,BUGGY,188,3955.39,1977695,1,data/ds004395/sub-LTP303/ses-10/eeg/sub-LTP303_ses-10_task-ltpFR2_eeg.edf,data/ds004395/sub-LTP303/ses-10/eeg/sub-LTP303_ses-10_task-ltpFR2_events.tsv
LTP303,10,19,4,BOARD,143,3958.166,1979083,1,data/ds004395/sub-LTP303/ses-10/eeg/sub-LTP303_ses-10_task-ltpFR2_eeg.edf,data/ds004395/sub-LTP303/ses-10/eeg/sub-LTP303_ses-10_task-ltpFR2_events.tsv
LTP303,10,19,5,BUCKET,184,3960.844,1980422,1,data/ds004395/sub-LTP303/ses-10/eeg/sub-LTP303_ses-10_task-ltpFR2_eeg.edf,data/ds004395/sub-LTP303/ses-10/eeg/sub-LTP303_ses-10_task-ltpFR2_events.tsv
LTP303,10,19,6,MOP,916,3963.572,1981786,1,data/ds004395/sub-LTP303/ses-10/eeg/sub-LTP303_ses-10_task-ltpFR2_eeg.edf,data/ds004395/sub-LTP303/ses-10/eeg/sub-LTP303_ses-10_task-ltpFR2_events.tsv
LTP303,10,19,7,DAISY,435,3966.206,1983103,0,data/ds004395/sub-LTP303/ses-10/eeg/sub-LTP303_ses-10_task-ltpFR2_eeg.edf,data/ds004395/sub-LTP303/ses-10/eeg/sub-LTP303_ses-10_task-ltpFR2_events.tsv
LTP303,10,19,8,SEAL,1262,3968.876,1984438,0,data/ds004395/sub-LTP303/ses-10/eeg/sub-LTP303_ses-10_task-ltpFR2_eeg.edf,data/ds004395/sub-LTP303/ses-10/eeg/sub-LTP303_ses-10_task-ltpFR2_events.tsv
LTP303,10,19,9,MILK,895,3971.41,1985705,1,data/ds004395/sub-LTP303/ses-10/eeg/sub-LTP303_ses-10_task-ltpFR2_eeg.edf,data/ds004395/sub-LTP303/ses-10/eeg/sub-LTP303_ses-10_task-ltpFR2_events.tsv
LTP303,10,19,10,ORCHID,982,3973.996,1986998,1,data/ds004395/sub-LTP303/ses-10/eeg/sub-LTP303_ses-10_task-ltpFR2_eeg.edf,data/ds004395/sub-LTP303/ses-10/eeg/sub-LTP303_ses-10_task-ltpFR2_events.tsv
LTP303,10,19,11,IGLOO,734,3976.774,1988387,1,data/ds004395/sub-LTP303/ses-10/eeg/sub-LTP303_ses-10_task-ltpFR2_eeg.edf,data/ds004395/sub-LTP303/ses-10/eeg/sub-LTP303_ses-10_task-ltpFR2_events.tsv
LTP303,10,19,12,ICEBERG,731,3979.224,1989612,1,data/ds004395/sub-LTP303/ses-10/eeg/sub-LTP303_ses-10_task-ltpFR2_eeg.edf,data/ds004395/sub-LTP303/ses-10/eeg/sub-LTP303_ses-10_task-ltpFR2_events.tsv
LTP303,10,19,13,CYCLONE,431,3981.92,1990960,1,data/ds004395/sub-LTP303/ses-10/eeg/sub-LTP303_ses-10_task-ltpFR2_eeg.edf,data/ds004395/sub-LTP303/ses-10/eeg/sub-LTP303_ses-10_task-ltpFR2_events.tsv
LTP303,10,19,14,NOMAD,955,3984.696,1992348,1,data/ds004395/sub-LTP303/ses-10/eeg/sub-LTP303_ses-10_task-ltpFR2_eeg.edf,data/ds004395/sub-LTP303/ses-10/eeg/sub-LTP303_ses-10_task-ltpFR2_events.tsv
LTP303,10,19,15,TRIBE,1505,3987.114,1993557,1,data/ds004395/sub-LTP303/ses-10/eeg/sub-LTP303_ses-10_task-ltpFR2_eeg.edf,data/ds004395/sub-LTP303/ses-10/eeg/sub-LTP303_ses-10_task-ltpFR2_events.tsv
LTP303,10,19,16,SNAIL,1332,3989.544,1994772,0,data/ds004395/sub-LTP303/ses-10/eeg/sub-LTP303_ses-10_task-ltpFR2_eeg.edf,data/ds004395/sub-LTP303/ses-10/eeg/sub-LTP303_ses-10_task-ltpFR2_events.tsv
LTP303,10,19,17,SUPPER,1411,3992.134,1996067,1,data/ds004395/sub-LTP303/ses-10/eeg/sub-LTP303_ses-10_task-ltpFR2_eeg.edf,data/ds004395/sub-LTP303/ses-10/eeg/sub-LTP303_ses-10_task-ltpFR2_events.tsv
LTP303,10,19,18,MAILMAN,858,3994.588,1997294,1,data/ds004395/sub-LTP303/ses-10/eeg/sub-LTP303_ses-10_task-ltpFR2_eeg.edf,data/ds004395/sub-LTP303/ses-10/eeg/sub-LTP303_ses-10_task-ltpFR2_events.tsv
LTP303,10,19,19,LIGHTNING,820,3997.4,1998700,1,data/ds004395/sub-LTP303/ses-10/eeg/sub-LTP303_ses-10_task-ltpFR2_eeg.edf,data/ds004395/sub-LTP303/ses-10/eeg/sub-LTP303_ses-10_task-ltpFR2_events.tsv
LTP303,10,19,20,HOOK,715,4000.008,2000004,1,data/ds004395/sub-LTP303/ses-10/eeg/sub-LTP303_ses-10_task-ltpFR2_eeg.edf,data/ds004395/sub-LTP303/ses-10/eeg/sub-LTP303_ses-10_task-ltpFR2_events.tsv
LTP303,10,19,21,SCISSORS,1250,4002.522,2001261,1,data/ds004395/sub-LTP303/ses-10/eeg/sub-LTP303_ses-10_task-ltpFR2_eeg.edf,data/ds004395/sub-LTP303/ses-10/eeg/sub-LTP303_ses-10_task-ltpFR2_events.tsv
LTP303,10,19,22,BACKBONE,66,4005.262,2002631,1,data/ds004395/sub-LTP303/ses-10/eeg/sub-LTP303_ses-10_task-ltpFR2_eeg.edf,data/ds004395/sub-LTP303/ses-10/eeg/sub-LTP303_ses-10_task-ltpFR2_events.tsv
LTP303,10,19,23,PARTNER,1017,4007.742,2003871,1,data/ds004395/sub-LTP303/ses-10/eeg/sub-LTP303_ses-10_task-ltpFR2_eeg.edf,data/ds004395/sub-LTP303/ses-10/eeg/sub-LTP303_ses-10_task-ltpFR2_events.tsv
LTP303,10,19,24,TURTLE,1522,4010.314,2005157,1,data/ds004395/sub-LTP303/ses-10/eeg/sub-LTP303_ses-10_task-ltpFR2_eeg.edf,data/ds004395/sub-LTP303/ses-10/eeg/sub-LTP303_ses-10_task-ltpFR2_events.tsv
LTP303,10,20,1,OZONE,996,4128.174,2064087,1,data/ds004395/sub-LTP303/ses-10/eeg/sub-LTP303_ses-10_task-ltpFR2_eeg.edf,data/ds004395/sub-LTP303/ses-10/eeg/sub-LTP303_ses-10_task-ltpFR2_events.tsv
LTP303,10,20,2,COFFEE,341,4130.792,2065396,1,data/ds004395/sub-LTP303/ses-10/eeg/sub-LTP303_ses-10_task-ltpFR2_eeg.edf,data/ds004395/sub-LTP303/ses-10/eeg/sub-LTP303_ses-10_task-ltpFR2_events.tsv
LTP303,10,20,3,DRINK,498,4133.328,2066664,1,data/ds004395/sub-LTP303/ses-10/eeg/sub-LTP303_ses-10_task-ltpFR2_eeg.edf,data/ds004395/sub-LTP303/ses-10/eeg/sub-LTP303_ses-10_task-ltpFR2_events.tsv
LTP303,10,20,4,BRICK,172,4136.016,2068008,1,data/ds004395/sub-LTP303/ses-10/eeg/sub-LTP303_ses-10_task-ltpFR2_eeg.edf,data/ds004395/sub-LTP303/ses-10/eeg/sub-LTP303_ses-10_task-ltpFR2_events.tsv
LTP303,10,20,5,HOOD,714,4138.754,2069377,1,data/ds004395/sub-LTP303/ses-10/eeg/sub-LTP303_ses-10_task-ltpFR2_eeg.edf,data/ds004395/sub-LTP303/ses-10/eeg/sub-LTP303_ses-10_task-ltpFR2_events.tsv
LTP303,10,20,6,ROBIN,1199,4141.218,2070609,1,data/ds004395/sub-LTP303/ses-10/eeg/sub-LTP303_ses-10_task-ltpFR2_eeg.edf,data/ds004395/sub-LTP303/ses-10/eeg/sub-LTP303_ses-10_task-ltpFR2_events.tsv
LTP303,10,20,7,PLAYGROUND,1087,4143.936,2071968,1,data/ds004395/sub-LTP303/ses-10/eeg/sub-LTP303_ses-10_task-ltpFR2_eeg.edf,data/ds004395/sub-LTP303/ses-10/eeg/sub-LTP303_ses-10_task-ltpFR2_events.tsv
LTP303,10,20,8,SLIDE,1326,4146.556,2073278,1,data/ds004395/sub-LTP303/ses-10/eeg/sub-LTP303_ses-10_task-ltpFR2_eeg.edf,data/ds004395/sub-LTP303/ses-10/eeg/sub-LTP303_ses-10_task-ltpFR2_events.tsv
LTP303,10,20,9,COUNTRY,388,4149.09,2074545,1,data/ds004395/sub-LTP303/ses-10/eeg/sub-LTP303_ses-10_task-ltpFR2_eeg.edf,data/ds004395/sub-LTP303/ses-10/eeg/sub-LTP303_ses-10_task-ltpFR2_events.tsv
LTP303,10,20,10,CHURCH,307,4151.646,2075823,1,data/ds004395/sub-LTP303/ses-10/eeg/sub-LTP303_ses-10_task-ltpFR2_eeg.edf,data/ds004395/sub-LTP303/ses-10/eeg/sub-LTP303_ses-10_task-ltpFR2_events.tsv
LTP303,10,20,11,WOMAN,1620,4154.128,2077064,1,data/ds004395/sub-LTP303/ses-10/eeg/sub-LTP303_ses-10_task-ltpFR2_eeg.edf,data/ds004395/sub-LTP303/ses-10/eeg/sub-LTP303_ses-10_task-ltpFR2_events.tsv
LTP303,10,20,12,PIGMENT,1066,4156.596,2078298,0,data/ds004395/sub-LTP303/ses-10/eeg/sub-LTP303_ses-10_task-ltpFR2_eeg.edf,data/ds004395/sub-LTP303/ses-10/eeg/sub-LTP303_ses-10_task-ltpFR2_events.tsv
LTP303,10,20,13,RADISH,1158,4159.366,2079683,0,data/ds004395/sub-LTP303/ses-10/eeg/sub-LTP303_ses-10_task-ltpFR2_eeg.edf,data/ds004395/sub-LTP303/ses-10/eeg/sub-LTP303_ses-10_task-ltpFR2_events.tsv
LTP303,10,20,14,PIGEON,1065,4161.918,2080959,1,data/ds004395/sub-LTP303/ses-10/eeg/sub-LTP303_ses-10_task-ltpFR2_eeg.edf,data/ds004395/sub-LTP303/ses-10/eeg/sub-LTP303_ses-10_task-ltpFR2_events.tsv
LTP303,10,20,15,SEAGULL,1261,4164.692,2082346,1,data/ds004395/sub-LTP303/ses-10/eeg/sub-LTP303_ses-10_task-ltpFR2_eeg.edf,data/ds004395/sub-LTP303/ses-10/eeg/sub-LTP303_ses-10_task-ltpFR2_events.tsv
LTP303,10,20,16,ROD,1203,4167.372,2083686,1,data/ds004395/sub-LTP303/ses-10/eeg/sub-LTP303_ses-10_task-ltpFR2_eeg.edf,data/ds004395/sub-LTP303/ses-10/eeg/sub-LTP303_ses-10_task-ltpFR2_events.tsv
LTP303,10,20,17,GARDEN,623,4170.162,2085081,1,data/ds004395/sub-LTP303/ses-10/eeg/sub-LTP303_ses-10_task-ltpFR2_eeg.edf,data/ds004395/sub-LTP303/ses-10/eeg/sub-LTP303_ses-10_task-ltpFR2_events.tsv
LTP303,10,20,18,SPOOL,1356,4172.708,2086354,1,data/ds004395/sub-LTP303/ses-10/eeg/sub-LTP303_ses-10_task-ltpFR2_eeg.edf,data/ds004395/sub-LTP303/ses-10/eeg/sub-LTP303_ses-10_task-ltpFR2_events.tsv
LTP303,10,20,19,CARROT,249,4175.234,2087617,1,data/ds004395/sub-LTP303/ses-10/eeg/sub-LTP303_ses-10_task-ltpFR2_eeg.edf,data/ds004395/sub-LTP303/ses-10/eeg/sub-LTP303_ses-10_task-ltpFR2_events.tsv
LTP303,10,20,20,TRUCK,1512,4178.002,2089001,1,data/ds004395/sub-LTP303/ses-10/eeg/sub-LTP303_ses-10_task-ltpFR2_eeg.edf,data/ds004395/sub-LTP303/ses-10/eeg/sub-LTP303_ses-10_task-ltpFR2_events.tsv
LTP303,10,20,21,ANKLE,24,4180.584,2090292,1,data/ds004395/sub-LTP303/ses-10/eeg/sub-LTP303_ses-10_task-ltpFR2_eeg.edf,data/ds004395/sub-LTP303/ses-10/eeg/sub-LTP303_ses-10_task-ltpFR2_events.tsv
LTP303,10,20,22,CABIN,211,4183.1,2091550,0,data/ds004395/sub-LTP303/ses-10/eeg/sub-LTP303_ses-10_task-ltpFR2_eeg.edf,data/ds004395/sub-LTP303/ses-10/eeg/sub-LTP303_ses-10_task-ltpFR2_events.tsv
LTP303,10,20,23,WHISKERS,1605,4185.736,2092868,0,data/ds004395/sub-LTP303/ses-10/eeg/sub-LTP303_ses-10_task-ltpFR2_eeg.edf,data/ds004395/sub-LTP303/ses-10/eeg/sub-LTP303_ses-10_task-ltpFR2_events.tsv
LTP303,10,20,24,WIFE,1609,4188.404,2094202,0,data/ds004395/sub-LTP303/ses-10/eeg/sub-LTP303_ses-10_task-ltpFR2_eeg.edf,data/ds004395/sub-LTP303/ses-10/eeg/sub-LTP303_ses-10_task-ltpFR2_events.tsv
LTP303,10,21,1,CANAL,226,4331.266,2165633,1,data/ds004395/sub-LTP303/ses-10/eeg/sub-LTP303_ses-10_task-ltpFR2_eeg.edf,data/ds004395/sub-LTP303/ses-10/eeg/sub-LTP303_ses-10_task-ltpFR2_events.tsv
LTP303,10,21,2,WASP,1593,4334.086,2167043,1,data/ds004395/sub-LTP303/ses-10/eeg/sub-LTP303_ses-10_task-ltpFR2_eeg.edf,data/ds004395/sub-LTP303/ses-10/eeg/sub-LTP303_ses-10_task-ltpFR2_events.tsv
LTP303,10,21,3,QUEEN,1149,4336.704,2168352,1,data/ds004395/sub-LTP303/ses-10/eeg/sub-LTP303_ses-10_task-ltpFR2_eeg.edf,data/ds004395/sub-LTP303/ses-10/eeg/sub-LTP303_ses-10_task-ltpFR2_events.tsv
LTP303,10,21,4,PALACE,1006,4339.472,2169736,1,data/ds004395/sub-LTP303/ses-10/eeg/sub-LTP303_ses-10_task-ltpFR2_eeg.edf,data/ds004395/sub-LTP303/ses-10/eeg/sub-LTP303_ses-10_task-ltpFR2_events.tsv
LTP303,10,21,5,HANDBAG,684,4342.176,2171088,0,data/ds004395/sub-LTP303/ses-10/eeg/sub-LTP303_ses-10_task-ltpFR2_eeg.edf,data/ds004395/sub-LTP303/ses-10/eeg/sub-LTP303_ses-10_task-ltpFR2_events.tsv
LTP303,10,21,6,ROCKET,1202,4344.876,2172438,1,data/ds004395/sub-LTP303/ses-10/eeg/sub-LTP303_ses-10_task-ltpFR2_eeg.edf,data/ds004395/sub-LTP303/ses-10/eeg/sub-LTP303_ses-10_task-ltpFR2_events.tsv
LTP303,10,21,7,LAVA,804,4347.612,2173806,1,data/ds004395/sub-LTP303/ses-10/eeg/sub-LTP303_ses-10_task-ltpFR2_eeg.edf,data/ds004395/sub-LTP303/ses-10/eeg/sub-LTP303_ses-10_task-ltpFR2_events.tsv
LTP303,10,21,8,HORNET,718,4350.114,2175057,0,data/ds004395/sub-LTP303/ses-10/eeg/sub-LTP303_ses-10_task-ltpFR2_eeg.edf,data/ds004395/sub-LTP303/ses-10/eeg/sub-LTP303_ses-10_task-ltpFR2_events.tsv
LTP303,10,21,9,ELBOW,520,4352.8,2176400,0,data/ds004395/sub-LTP303/ses-10/eeg/sub-LTP303_ses-10_task-ltpFR2_eeg.edf,data/ds004395/sub-LTP303/ses-10/eeg/sub-LTP303_ses-10_task-ltpFR2_events.tsv
LTP303,10,21,10,GARBAGE,622,4355.368,2177684,0,data/ds004395/sub-LTP303/ses-10/eeg/sub-LTP303_ses-10_task-ltpFR2_eeg.edf,data/ds004395/sub-LTP303/ses-10/eeg/sub-LTP303_ses-10_task-ltpFR2_events.tsv
LTP303,10,21,11,TEMPLE,1448,4357.954,2178977,0,data/ds004395/sub-LTP303/ses-10/eeg/sub-LTP303_ses-10_task-ltpFR2_eeg.edf,data/ds004395/sub-LTP303/ses-10/eeg/sub-LTP303_ses-10_task-ltpFR2_events.tsv
LTP303,10,21,12,STONE,1385,4360.472,2180236,0,data/ds004395/sub-LTP303/ses-10/eeg/sub-LTP303_ses-10_task-ltpFR2_eeg.edf,data/ds004395/sub-LTP303/ses-10/eeg/sub-LTP303_ses-10_task-ltpFR2_events.tsv
LTP303,10,21,13,COMET,353,4362.908,2181454,0,data/ds004395/sub-LTP303/ses-10/eeg/sub-LTP303_ses-10_task-ltpFR2_eeg.edf,data/ds004395/sub-LTP303/ses-10/eeg/sub-LTP303_ses-10_task-ltpFR2_events.tsv
LTP303,10,21,14,FRAGRANCE,599,4365.342,2182671,0,data/ds004395/sub-LTP303/ses-10/eeg/sub-LTP303_ses-10_task-ltpFR2_eeg.edf,data/ds004395/sub-LTP303/ses-10/eeg/sub-LTP303_ses-10_task-ltpFR2_events.tsv
LTP303,10,21,15,EMPIRE,530,4367.894,2183947,1,data/ds004395/sub-LTP303/ses-10/eeg/sub-LTP303_ses-10_task-ltpFR2_eeg.edf,data/ds004395/sub-LTP303/ses-10/eeg/sub-LTP303_ses-10_task-ltpFR2_events.tsv
LTP303,10,21,16,DOLPHIN,483,4370.382,2185191,0,data/ds004395/sub-LTP303/ses-10/eeg/sub-LTP303_ses-10_task-ltpFR2_eeg.edf,data/ds004395/sub-LTP303/ses-10/eeg/sub-LTP303_ses-10_task-ltpFR2_events.tsv
LTP303,10,21,17,TAXI,1438,4373.066,2186533,0,data/ds004395/sub-LTP303/ses-10/eeg/sub-LTP303_ses-10_task-ltpFR2_eeg.edf,data/ds004395/sub-LTP303/ses-10/eeg/sub-LTP303_ses-10_task-ltpFR2_events.tsv
LTP303,10,21,18,NURSE,963,4375.702,2187851,1,data/ds004395/sub-LTP303/ses-10/eeg/sub-LTP303_ses-10_task-ltpFR2_eeg.edf,data/ds004395/sub-LTP303/ses-10/eeg/sub-LTP303_ses-10_task-ltpFR2_events.tsv
LTP303,10,21,19,OINTMENT,974,4378.236,2189118,1,data/ds004395/sub-LTP303/ses-10/eeg/sub-LTP303_ses-10_task-ltpFR2_eeg.edf,data/ds004395/sub-LTP303/ses-10/eeg/sub-LTP303_ses-10_task-ltpFR2_events.tsv
LTP303,10,21,20,HOSTESS,723,4380.904,2190452,1,data/ds004395/sub-LTP303/ses-10/eeg/sub-LTP303_ses-10_task-ltpFR2_eeg.edf,data/ds004395/sub-LTP303/ses-10/eeg/sub-LTP303_ses-10_task-ltpFR2_events.tsv
LTP303,10,21,21,RAZOR,1171,4383.542,2191771,1,data/ds004395/sub-LTP303/ses-10/eeg/sub-LTP303_ses-10_task-ltpFR2_eeg.edf,data/ds004395/sub-LTP303/ses-10/eeg/sub-LTP303_ses-10_task-ltpFR2_events.tsv
LTP303,10,21,22,CREVICE,405,4386.308,2193154,1,data/ds004395/sub-LTP303/ses-10/eeg/sub-LTP303_ses-10_task-ltpFR2_eeg.edf,data/ds004395/sub-LTP303/ses-10/eeg/sub-LTP303_ses-10_task-ltpFR2_events.tsv
LTP303,10,21,23,CRATER,400,4388.928,2194464,1,data/ds004395/sub-LTP303/ses-10/eeg/sub-LTP303_ses-10_task-ltpFR2_eeg.edf,data/ds004395/sub-LTP303/ses-10/eeg/sub-LTP303_ses-10_task-ltpFR2_events.tsv
LTP303,10,21,24,FIREMAN,569,4391.746,2195873,0,data/ds004395/sub-LTP303/ses-10/eeg/sub-LTP303_ses-10_task-ltpFR2_eeg.edf,data/ds004395/sub-LTP303/ses-10/eeg/sub-LTP303_ses-10_task-ltpFR2_events.tsv
LTP303,10,22,1,BACON,67,4534.406,2267203,1,data/ds004395/sub-LTP303/ses-10/eeg/sub-LTP303_ses-10_task-ltpFR2_eeg.edf,data/ds004395/sub-LTP303/ses-10/eeg/sub-LTP303_ses-10_task-ltpFR2_events.tsv
LTP303,10,22,2,BANQUET,86,4537.174,2268587,1,data/ds004395/sub-LTP303/ses-10/eeg/sub-LTP303_ses-10_task-ltpFR2_eeg.edf,data/ds004395/sub-LTP303/ses-10/eeg/sub-LTP303_ses-10_task-ltpFR2_events.tsv
LTP303,10,22,3,CREATURE,403,4539.792,2269896,1,data/ds004395/sub-LTP303/ses-10/eeg/sub-LTP303_ses-10_task-ltpFR2_eeg.edf,data/ds004395/sub-LTP303/ses-10/eeg/sub-LTP303_ses-10_task-ltpFR2_events.tsv
LTP303,10,22,4,FOOT,590,4542.244,2271122,1,data/ds004395/sub-LTP303/ses-10/eeg/sub-LTP303_ses-10_task-ltpFR2_eeg.edf,data/ds004395/sub-LTP303/ses-10/eeg/sub-LTP303_ses-10_task-ltpFR2_events.tsv
LTP303,10,22,5,FRIAR,605,4544.914,2272457,1,data/ds004395/sub-LTP303/ses-10/eeg/sub-LTP303_ses-10_task-ltpFR2_eeg.edf,data/ds004395/sub-LTP303/ses-10/eeg/sub-LTP303_ses-10_task-ltpFR2_events.tsv
LTP303,10,22,6,OUTFIT,988,4547.518,2273759,1,data/ds004395/sub-LTP303/ses-10/eeg/sub-LTP303_ses-10_task-ltpFR2_eeg.edf,data/ds004395/sub-LTP303/ses-10/eeg/sub-LTP303_ses-10_task-ltpFR2_events.tsv
LTP303,10,22,7,COUNTY,389,4550.036,2275018,1,data/ds004395/sub-LTP303/ses-10/eeg/sub-LTP303_ses-10_task-ltpFR2_eeg.edf,data/ds004395/sub-LTP303/ses-10/eeg/sub-LTP303_ses-10_task-ltpFR2_events.tsv
LTP303,10,22,8,FINGER,567,4552.736,2276368,1,data/ds004395/sub-LTP303/ses-10/eeg/sub-LTP303_ses-10_task-ltpFR2_eeg.edf,data/ds004395/sub-LTP303/ses-10/eeg/sub-LTP303_ses-10_task-ltpFR2_events.tsv
LTP303,10,22,9,TOMBSTONE,1478,4555.558,2277779,1,data/ds004395/sub-LTP303/ses-10/eeg/sub-LTP303_ses-10_task-ltpFR2_eeg.edf,data/ds004395/sub-LTP303/ses-10/eeg/sub-LTP303_ses-10_task-ltpFR2_events.tsv
LTP303,10,22,10,BLADE,134,4558.108,2279054,1,data/ds004395/sub-LTP303/ses-10/eeg/sub-LTP303_ses-10_task-ltpFR2_eeg.edf,data/ds004395/sub-LTP303/ses-10/eeg/sub-LTP303_ses-10_task-ltpFR2_events.tsv
LTP303,10,22,11,PACKAGE,997,4560.91,2280455,1,data/ds004395/sub-LTP303/ses-10/eeg/sub-LTP303_ses-10_task-ltpFR2_eeg.edf,data/ds004395/sub-LTP303/ses-10/eeg/sub-LTP303_ses-10_task-ltpFR2_events.tsv
LTP303,10,22,12,WRENCH,1625,4563.378,2281689,1,data/ds004395/sub-LTP303/ses-10/eeg/sub-LTP303_ses-10_task-ltpFR2_eeg.edf,data/ds004395/sub-LTP303/ses-10/eeg/sub-LTP303_ses-10_task-ltpFR2_events.tsv
LTP303,10,22,13,PLIERS,1089,4566.082,2283041,1,data/ds004395/sub-LTP303/ses-10/eeg/sub-LTP303_ses-10_task-ltpFR2_eeg.edf,data/ds004395/sub-LTP303/ses-10/eeg/sub-LTP303_ses-10_task-ltpFR2_events.tsv
LTP303,10,22,14,TEACHER,1440,4568.768,2284384,1,data/ds004395/sub-LTP303/ses-10/eeg/sub-LTP303_ses-10_task-ltpFR2_eeg.edf,data/ds004395/sub-LTP303/ses-10/eeg/sub-LTP303_ses-10_task-ltpFR2_events.tsv
LTP303,10,22,15,COLLEGE,346,4571.52,2285760,1,data/ds004395/sub-LTP303/ses-10/eeg/sub-LTP303_ses-10_task-ltpFR2_eeg.edf,data/ds004395/sub-LTP303/ses-10/eeg/sub-LTP303_ses-10_task-ltpFR2_events.tsv
LTP303,10,22,16,CRAB,397,4574.222,2287111,1,data/ds004395/sub-LTP303/ses-10/eeg/sub-LTP303_ses-10_task-ltpFR2_eeg.edf,data/ds004395/sub-LTP303/ses-10/eeg/sub-LTP303_ses-10_task-ltpFR2_events.tsv
LTP303,10,22,17,LEOPARD,812,4576.79,2288395,1,data/ds004395/sub-LTP303/ses-10/eeg/sub-LTP303_ses-10_task-ltpFR2_eeg.edf,data/ds004395/sub-LTP303/ses-10/eeg/sub-LTP303_ses-10_task-ltpFR2_events.tsv
LTP303,10,22,18,RAFT,1159,4579.41,2289705,1,data/ds004395/sub-LTP303/ses-10/eeg/sub-LTP303_ses-10_task-ltpFR2_eeg.edf,data/ds004395/sub-LTP303/ses-10/eeg/sub-LTP303_ses-10_task-ltpFR2_events.tsv
LTP303,10,22,19,DOUGHNUT,490,4581.928,2290964,1,data/ds004395/sub-LTP303/ses-10/eeg/sub-LTP303_ses-10_task-ltpFR2_eeg.edf,data/ds004395/sub-LTP303/ses-10/eeg/sub-LTP303_ses-10_task-ltpFR2_events.tsv
LTP303,10,22,20,VELVET,1555,4584.448,2292224,1,data/ds004395/sub-LTP303/ses-10/eeg/sub-LTP303_ses-10_task-ltpFR2_eeg.edf,data/ds004395/sub-LTP303/ses-10/eeg/sub-LTP303_ses-10_task-ltpFR2_events.tsv
LTP303,10,22,21,STOVE,1388,4586.982,2293491,0,data/ds004395/sub-LTP303/ses-10/eeg/sub-LTP303_ses-10_task-ltpFR2_eeg.edf,data/ds004395/sub-LTP303/ses-10/eeg/sub-LTP303_ses-10_task-ltpFR2_events.tsv
LTP303,10,22,22,SWORD,1423,4589.57,2294785,1,data/ds004395/sub-LTP303/ses-10/eeg/sub-LTP303_ses-10_task-ltpFR2_eeg.edf,data/ds004395/sub-LTP303/ses-10/eeg/sub-LTP303_ses-10_task-ltpFR2_events.tsv
LTP303,10,22,23,WAGON,1578,4592.202,2296101,1,data/ds004395/sub-LTP303/ses-10/eeg/sub-LTP303_ses-10_task-ltpFR2_eeg.edf,data/ds004395/sub-LTP303/ses-10/eeg/sub-LTP303_ses-10_task-ltpFR2_events.tsv
LTP303,10,22,24,POSTAGE,1113,4594.938,2297469,1,data/ds004395/sub-LTP303/ses-10/eeg/sub-LTP303_ses-10_task-ltpFR2_eeg.edf,data/ds004395/sub-LTP303/ses-10/eeg/sub-LTP303_ses-10_task-ltpFR2_events.tsv
LTP303,10,23,1,FIDDLE,561,4712.88,2356440,1,data/ds004395/sub-LTP303/ses-10/eeg/sub-LTP303_ses-10_task-ltpFR2_eeg.edf,data/ds004395/sub-LTP303/ses-10/eeg/sub-LTP303_ses-10_task-ltpFR2_events.tsv
LTP303,10,23,2,STATUE,1374,4715.316,2357658,1,data/ds004395/sub-LTP303/ses-10/eeg/sub-LTP303_ses-10_task-ltpFR2_eeg.edf,data/ds004395/sub-LTP303/ses-10/eeg/sub-LTP303_ses-10_task-ltpFR2_events.tsv
LTP303,10,23,3,SHOULDER,1294,4718.052,2359026,1,data/ds004395/sub-LTP303/ses-10/eeg/sub-LTP303_ses-10_task-ltpFR2_eeg.edf,data/ds004395/sub-LTP303/ses-10/eeg/sub-LTP303_ses-10_task-ltpFR2_events.tsv
LTP303,10,23,4,MAPLE,866,4720.52,2360260,1,data/ds004395/sub-LTP303/ses-10/eeg/sub-LTP303_ses-10_task-ltpFR2_eeg.edf,data/ds004395/sub-LTP303/ses-10/eeg/sub-LTP303_ses-10_task-ltpFR2_events.tsv
LTP303,10,23,5,LUMBER,848,4723.132,2361566,1,data/ds004395/sub-LTP303/ses-10/eeg/sub-LTP303_ses-10_task-ltpFR2_eeg.edf,data/ds004395/sub-LTP303/ses-10/eeg/sub-LTP303_ses-10_task-ltpFR2_events.tsv
LTP303,10,23,6,LUNCH,849,4725.858,2362929,1,data/ds004395/sub-LTP303/ses-10/eeg/sub-LTP303_ses-10_task-ltpFR2_eeg.edf,data/ds004395/sub-LTP303/ses-10/eeg/sub-LTP303_ses-10_task-ltpFR2_events.tsv
LTP303,10,23,7,LEADER,807,4728.588,2364294,1,data/ds004395/sub-LTP303/ses-10/eeg/sub-LTP303_ses-10_task-ltpFR2_eeg.edf,data/ds004395/sub-LTP303/ses-10/eeg/sub-LTP303_ses-10_task-ltpFR2_events.tsv
LTP303,10,23,8,MONEY,908,4731.196,2365598,0,data/ds004395/sub-LTP303/ses-10/eeg/sub-LTP303_ses-10_task-ltpFR2_eeg.edf,data/ds004395/sub-LTP303/ses-10/eeg/sub-LTP303_ses-10_task-ltpFR2_events.tsv
LTP303,10,23,9,FRECKLE,602,4733.696,2366848,1,data/ds004395/sub-LTP303/ses-10/eeg/sub-LTP303_ses-10_task-ltpFR2_eeg.edf,data/ds004395/sub-LTP303/ses-10/eeg/sub-LTP303_ses-10_task-ltpFR2_events.tsv
LTP303,10,23,10,RABBIT,1152,4736.51,2368255,1,data/ds004395/sub-LTP303/ses-10/eeg/sub-LTP303_ses-10_task-ltpFR2_eeg.edf,data/ds004395/sub-LTP303/ses-10/eeg/sub-LTP303_ses-10_task-ltpFR2_events.tsv
LTP303,10,23,11,PORK,1108,4739.2,2369600,1,data/ds004395/sub-LTP303/ses-10/eeg/sub-LTP303_ses-10_task-ltpFR2_eeg.edf,data/ds004395/sub-LTP303/ses-10/eeg/sub-LTP303_ses-10_task-ltpFR2_events.tsv
LTP303,10,23,12,CAMEL,223,4741.87,2370935,0,data/ds004395/sub-LTP303/ses-10/eeg/sub-LTP303_ses-10_task-ltpFR2_eeg.edf,data/ds004395/sub-LTP303/ses-10/eeg/sub-LTP303_ses-10_task-ltpFR2_events.tsv
LTP303,10,23,13,COWBOY,395,4744.656,2372328,0,data/ds004395/sub-LTP303/ses-10/eeg/sub-LTP303_ses-10_task-ltpFR2_eeg.edf,data/ds004395/sub-LTP303/ses-10/eeg/sub-LTP303_ses-10_task-ltpFR2_events.tsv
LTP303,10,23,14,FOREHEAD,592,4747.168,2373584,0,data/ds004395/sub-LTP303/ses-10/eeg/sub-LTP303_ses-10_task-ltpFR2_eeg.edf,data/ds004395/sub-LTP303/ses-10/eeg/sub-LTP303_ses-10_task-ltpFR2_events.tsv
LTP303,10,23,15,KIDNEY,776,4749.926,2374963,0,data/ds004395/sub-LTP303/ses-10/eeg/sub-LTP303_ses-10_task-ltpFR2_eeg.edf,data/ds004395/sub-LTP303/ses-10/eeg/sub-LTP303_ses-10_task-ltpFR2_events.tsv
LTP303,10,23,16,PLUTO,1092,4752.728,2376364,0,data/ds004395/sub-LTP303/ses-10/eeg/sub-LTP303_ses-10_task-ltpFR2_eeg.edf,data/ds004395/sub-LTP303/ses-10/eeg/sub-LTP303_ses-10_task-ltpFR2_events.tsv
LTP303,10,23,17,VENUS,1557,4755.176,2377588,0,data/ds004395/sub-LTP303/ses-10/eeg/sub-LTP303_ses-10_task-ltpFR2_eeg.edf,data/ds004395/sub-LTP303/ses-10/eeg/sub-LTP303_ses-10_task-ltpFR2_events.tsv
LTP303,10,23,18,ISLAND,745,4757.794,2378897,0,data/ds004395/sub-LTP303/ses-10/eeg/sub-LTP303_ses-10_task-ltpFR2_eeg.edf,data/ds004395/sub-LTP303/ses-10/eeg/sub-LTP303_ses-10_task-ltpFR2_events.tsv
LTP303,10,23,19,LAKE,796,4760.568,2380284,0,data/ds004395/sub-LTP303/ses-10/eeg/sub-LTP303_ses-10_task-ltpFR2_eeg.edf,data/ds004395/sub-LTP303/ses-10/eeg/sub-LTP303_ses-10_task-ltpFR2_events.tsv
LTP303,10,23,20,JEANS,752,4763.37,2381685,0,data/ds004395/sub-LTP303/ses-10/eeg/sub-LTP303_ses-10_task-ltpFR2_eeg.edf,data/ds004395/sub-LTP303/ses-10/eeg/sub-LTP303_ses-10_task-ltpFR2_events.tsv
LTP303,10,23,21,STALLION,1369,4765.902,2382951,1,data/ds004395/sub-LTP303/ses-10/eeg/sub-LTP303_ses-10_task-ltpFR2_eeg.edf,data/ds004395/sub-LTP303/ses-10/eeg/sub-LTP303_ses-10_task-ltpFR2_events.tsv
LTP303,10,23,22,PANTHER,1009,4768.574,2384287,1,data/ds004395/sub-LTP303/ses-10/eeg/sub-LTP303_ses-10_task-ltpFR2_eeg.edf,data/ds004395/sub-LTP303/ses-10/eeg/sub-LTP303_ses-10_task-ltpFR2_events.tsv
LTP303,10,23,23,SPIDER,1351,4771.024,2385512,1,data/ds004395/sub-LTP303/ses-10/eeg/sub-LTP303_ses-10_task-ltpFR2_eeg.edf,data/ds004395/sub-LTP303/ses-10/eeg/sub-LTP303_ses-10_task-ltpFR2_events.tsv
LTP303,10,23,24,THREAD,1460,4773.626,2386813,1,data/ds004395/sub-LTP303/ses-10/eeg/sub-LTP303_ses-10_task-ltpFR2_eeg.edf,data/ds004395/sub-LTP303/ses-10/eeg/sub-LTP303_ses-10_task-ltpFR2_events.tsv
LTP303,10,24,1,SCRIBBLE,1256,4891.552,2445776,1,data/ds004395/sub-LTP303/ses-10/eeg/sub-LTP303_ses-10_task-ltpFR2_eeg.edf,data/ds004395/sub-LTP303/ses-10/eeg/sub-LTP303_ses-10_task-ltpFR2_events.tsv
LTP303,10,24,2,SUNRISE,1407,4894.338,2447169,0,data/ds004395/sub-LTP303/ses-10/eeg/sub-LTP303_ses-10_task-ltpFR2_eeg.edf,data/ds004395/sub-LTP303/ses-10/eeg/sub-LTP303_ses-10_task-ltpFR2_events.tsv
LTP303,10,24,3,MATCH,878,4896.974,2448487,1,data/ds004395/sub-LTP303/ses-10/eeg/sub-LTP303_ses-10_task-ltpFR2_eeg.edf,data/ds004395/sub-LTP303/ses-10/eeg/sub-LTP303_ses-10_task-ltpFR2_events.tsv
LTP303,10,24,4,STICKER,1382,4899.716,2449858,0,data/ds004395/sub-LTP303/ses-10/eeg/sub-LTP303_ses-10_task-ltpFR2_eeg.edf,data/ds004395/sub-LTP303/ses-10/eeg/sub-LTP303_ses-10_task-ltpFR2_events.tsv
LTP303,10,24,5,OUTDOORS,987,4902.3,2451150,1,data/ds004395/sub-LTP303/ses-10/eeg/sub-LTP303_ses-10_task-ltpFR2_eeg.edf,data/ds004395/sub-LTP303/ses-10/eeg/sub-LTP303_ses-10_task-ltpFR2_events.tsv
LTP303,10,24,6,BUNNY,198,4905.08,2452540,1,data/ds004395/sub-LTP303/ses-10/eeg/sub-LTP303_ses-10_task-ltpFR2_eeg.edf,data/ds004395/sub-LTP303/ses-10/eeg/sub-LTP303_ses-10_task-ltpFR2_events.tsv
LTP303,10,24,7,TROUT,1511,4907.582,2453791,1,data/ds004395/sub-LTP303/ses-10/eeg/sub-LTP303_ses-10_task-ltpFR2_eeg.edf,data/ds004395/sub-LTP303/ses-10/eeg/sub-LTP303_ses-10_task-ltpFR2_events.tsv
LTP303,10,24,8,FOX,598,4910.124,2455062,1,data/ds004395/sub-LTP303/ses-10/eeg/sub-LTP303_ses-10_task-ltpFR2_eeg.edf,data/ds004395/sub-LTP303/ses-10/eeg/sub-LTP303_ses-10_task-ltpFR2_events.tsv
LTP303,10,24,9,CHEST,295,4912.926,2456463,1,data/ds004395/sub-LTP303/ses-10/eeg/sub-LTP303_ses-10_task-ltpFR2_eeg.edf,data/ds004395/sub-LTP303/ses-10/eeg/sub-LTP303_ses-10_task-ltpFR2_events.tsv
LTP303,10,24,10,REBEL,1172,4915.496,2457748,1,data/ds004395/sub-LTP303/ses-10/eeg/sub-LTP303_ses-10_task-ltpFR2_eeg.edf,data/ds004395/sub-LTP303/ses-10/eeg/sub-LTP303_ses-10_task-ltpFR2_events.tsv
LTP303,10,24,11,NOTEBOOK,959,4917.912,2458956,0,data/ds004395/sub-LTP303/ses-10/eeg/sub-LTP303_ses-10_task-ltpFR2_eeg.edf,data/ds004395/sub-LTP303/ses-10/eeg/sub-LTP303_ses-10_task-ltpFR2_events.tsv
LTP303,10,24,12,ARMY,39,4920.724,2460362,0,data/ds004395/sub-LTP303/ses-10/eeg/sub-LTP303_ses-10_task-ltpFR2_eeg.edf,data/ds004395/sub-LTP303/ses-10/eeg/sub-LTP303_ses-10_task-ltpFR2_events.tsv
LTP303,10,24,13,FLEET,578,4923.244,2461622,1,data/ds004395/sub-LTP303/ses-10/eeg/sub-LTP303_ses-10_task-ltpFR2_eeg.edf,data/ds004395/sub-LTP303/ses-10/eeg/sub-LTP303_ses-10_task-ltpFR2_events.tsv
LTP303,10,24,14,LABEL,790,4925.786,2462893,0,data/ds004395/sub-LTP303/ses-10/eeg/sub-LTP303_ses-10_task-ltpFR2_eeg.edf,data/ds004395/sub-LTP303/ses-10/eeg/sub-LTP303_ses-10_task-ltpFR2_events.tsv
LTP303,10,24,15,COURSE,390,4928.5,2464250,0,data/ds004395/sub-LTP303/ses-10/eeg/sub-LTP303_ses-10_task-ltpFR2_eeg.edf,data/ds004395/sub-LTP303/ses-10/eeg/sub-LTP303_ses-10_task-ltpFR2_events.tsv
LTP303,10,24,16,KNAPSACK,783,4931.176,2465588,0,data/ds004395/sub-LTP303/ses-10/eeg/sub-LTP303_ses-10_task-ltpFR2_eeg.edf,data/ds004395/sub-LTP303/ses-10/eeg/sub-LTP303_ses-10_task-ltpFR2_events.tsv
LTP303,10,24,17,COUSIN,392,4933.894,2466947,0,data/ds004395/sub-LTP303/ses-10/eeg/sub-LTP303_ses-10_task-ltpFR2_eeg.edf,data/ds004395/sub-LTP303/ses-10/eeg/sub-LTP303_ses-10_task-ltpFR2_events.tsv
LTP303,10,24,18,CARRIAGE,248,4936.548,2468274,0,data/ds004395/sub-LTP303/ses-10/eeg/sub-LTP303_ses-10_task-ltpFR2_eeg.edf,data/ds004395/sub-LTP303/ses-10/eeg/sub-LTP303_ses-10_task-ltpFR2_events.tsv
LTP303,10,24,19,SHARK,1275,4939.232,2469616,0,data/ds004395/sub-LTP303/ses-10/eeg/sub-LTP303_ses-10_task-ltpFR2_eeg.edf,data/ds004395/sub-LTP303/ses-10/eeg/sub-LTP303_ses-10_task-ltpFR2_events.tsv
LTP303,10,24,20,GHETTO,633,4941.976,2470988,0,data/ds004395/sub-LTP303/ses-10/eeg/sub-LTP303_ses-10_task-ltpFR2_eeg.edf,data/ds004395/sub-LTP303/ses-10/eeg/sub-LTP303_ses-10_task-ltpFR2_events.tsv
LTP303,10,24,21,OX,994,4944.572,2472286,0,data/ds004395/sub-LTP303/ses-10/eeg/sub-LTP303_ses-10_task-ltpFR2_eeg.edf,data/ds004395/sub-LTP303/ses-10/eeg/sub-LTP303_ses-10_task-ltpFR2_events.tsv
LTP303,10,24,22,CEILING,265,4947.188,2473594,0,data/ds004395/sub-LTP303/ses-10/eeg/sub-LTP303_ses-10_task-ltpFR2_eeg.edf,data/ds004395/sub-LTP303/ses-10/eeg/sub-LTP303_ses-10_task-ltpFR2_events.tsv
LTP303,10,24,23,PLASTER,1085,4949.966,2474983,0,data/ds004395/sub-LTP303/ses-10/eeg/sub-LTP303_ses-10_task-ltpFR2_eeg.edf,data/ds004395/sub-LTP303/ses-10/eeg/sub-LTP303_ses-10_task-ltpFR2_events.tsv
LTP303,10,24,24,WIDOW,1608,4952.76,2476380,0,data/ds004395/sub-LTP303/ses-10/eeg/sub-LTP303_ses-10_task-ltpFR2_eeg.edf,data/ds004395/sub-LTP303/ses-10/eeg/sub-LTP303_ses-10_task-ltpFR2_events.tsv
