subject,session,trial,serialpos,word,recalled,raw_cosine,centered_cosine,true_word_rank,true_word_percentile,top1_correct,top5_correct,top10_correct,centered_true_word_rank,centered_true_word_percentile,centered_top1_correct,centered_top5_correct,centered_top10_correct
LTP269,20,1,1,SWIMMER,1,0.7836882217812594,-0.1311198754745319,537,0.0678260869565217,0,0,0,468,0.1878260869565217,0,0,0
LTP269,20,1,2,WHISTLE,1,0.8793658635825613,0.1075548697602992,72,0.8765217391304347,0,0,0,127,0.7808695652173914,0,0,0
LTP269,20,1,3,SCULPTURE,1,0.8582540588786255,0.1107107016282038,228,0.6052173913043478,0,0,0,100,0.8278260869565217,0,0,0
LTP269,20,1,4,EXPERT,1,0.8333282367347273,0.1123152211146876,399,0.3078260869565217,0,0,0,94,0.8382608695652174,0,0,0
LTP269,20,1,5,SCISSORS,1,0.8142378938152307,-0.0719905213895307,474,0.1773913043478261,0,0,0,386,0.3304347826086956,0,0,0
LTP269,20,1,6,CASHIER,1,0.8713489693335307,0.0928343194696116,134,0.768695652173913,0,0,0,125,0.7843478260869565,0,0,0
LTP269,20,1,7,ACTRESS,1,0.8901493807019968,0.1988606776879442,19,0.9686956521739132,0,0,0,31,0.9478260869565216,0,0,0
LTP269,20,1,8,RECEIPT,1,0.8528924300097619,0.2108469310459699,259,0.551304347826087,0,0,0,47,0.92,0,0,0
LTP269,20,1,9,ARMY,0,0.8713128865481528,0.1432750685550292,123,0.7878260869565217,0,0,0,81,0.8608695652173913,0,0,0
LTP269,20,1,10,MARINE,0,0.8559163717289526,0.0158960123873107,242,0.5808695652173913,0,0,0,253,0.5617391304347826,0,0,0
LTP269,20,1,11,RACKET,0,0.8809194083709573,0.0061461770266797,57,0.902608695652174,0,0,0,268,0.5356521739130435,0,0,0
LTP269,20,1,12,PECAN,0,0.8052669205837555,-0.1250673001050916,493,0.1443478260869565,0,0,0,480,0.1669565217391304,0,0,0
LTP269,20,1,13,CASHEW,0,0.8888931682639781,0.0985477943577168,27,0.954782608695652,0,0,0,122,0.7895652173913044,0,0,0
LTP269,20,1,14,SKETCH,0,0.864962473695942,0.1159838353439148,184,0.6817391304347826,0,0,0,109,0.8121739130434783,0,0,0
LTP269,20,1,15,MATCH,0,0.8413301119512199,-0.0348056212339595,344,0.4034782608695652,0,0,0,346,0.4,0,0,0
LTP269,20,1,16,ZIPPER,0,0.777765655526121,-0.0491943422770256,552,0.0417391304347826,0,0,0,358,0.3791304347826086,0,0,0
LTP269,20,1,17,AUTHOR,0,0.8591672354855268,0.1269761196614973,230,0.6017391304347826,0,0,0,71,0.8782608695652174,0,0,0
LTP269,20,1,18,POSTAGE,0,0.8725177045427165,0.1405445700928812,142,0.7547826086956522,0,0,0,101,0.8260869565217391,0,0,0
LTP269,20,1,19,BLENDER,0,0.8976282609285494,0.094570329462926,10,0.9843478260869564,0,0,1,152,0.7373913043478261,0,0,0
LTP269,20,1,20,BELLY,0,0.8640004868469524,-0.0913690022667673,196,0.6608695652173913,0,0,0,427,0.2591304347826086,0,0,0
LTP269,20,1,21,PLAID,0,0.7945453939292375,-0.0973439545033833,524,0.0904347826086956,0,0,0,434,0.2469565217391304,0,0,0
LTP269,20,1,22,MONEY,0,0.829810976137875,0.1436595517164021,413,0.2834782608695652,0,0,0,89,0.8469565217391304,0,0,0
LTP269,20,1,23,POISON,1,0.8241515459063967,-0.0379769878454336,437,0.2417391304347825,0,0,0,322,0.4417391304347826,0,0,0
LTP269,20,1,24,DRUG,0,0.854610960823707,-0.0932624314362088,262,0.5460869565217391,0,0,0,458,0.2052173913043478,0,0,0
LTP269,20,2,1,PUPIL,0,0.8519091696667382,0.185175255763369,284,0.5078260869565218,0,0,0,32,0.9460869565217392,0,0,0
LTP269,20,2,2,CREVICE,0,0.8647855222575772,-0.2236694843945157,180,0.688695652173913,0,0,0,566,0.017391304347826,0,0,0
LTP269,20,2,3,TYPIST,0,0.8935440395307328,0.1500826555390203,2,0.9982608695652174,0,1,1,55,0.9060869565217392,0,0,0
LTP269,20,2,4,PEACH,0,0.8442196095487753,0.1104835431161205,338,0.4139130434782608,0,0,0,104,0.8208695652173913,0,0,0
LTP269,20,2,5,NOTEBOOK,0,0.7937874450772322,0.0429565036332238,538,0.0660869565217391,0,0,0,189,0.6730434782608696,0,0,0
LTP269,20,2,6,FEMALE,0,0.7947129014434217,-0.0382603380022924,531,0.0782608695652173,0,0,0,326,0.4347826086956522,0,0,0
LTP269,20,2,7,FOOT,0,0.7943475151007023,0.1404345379990048,533,0.0747826086956521,0,0,0,69,0.8817391304347826,0,0,0
LTP269,20,2,8,STUDENT,0,0.8370243300625413,0.1193317730586802,374,0.351304347826087,0,0,0,88,0.8486956521739131,0,0,0
LTP269,20,2,9,PASTA,0,0.8625497896067844,0.0563308813437387,195,0.662608695652174,0,0,0,184,0.6817391304347826,0,0,0
LTP269,20,2,10,PICTURE,0,0.8329060314333113,0.1784940871307991,405,0.2973913043478261,0,0,0,33,0.9443478260869566,0,0,0
LTP269,20,2,11,PLATE,0,0.7916289972610675,0.0647743140273245,541,0.0608695652173912,0,0,0,166,0.7130434782608696,0,0,0
LTP269,20,2,12,ATOM,0,0.77413620249716,-0.0209019915045001,566,0.017391304347826,0,0,0,302,0.4765217391304348,0,0,0
LTP269,20,2,13,PROTON,1,0.8246632323466414,0.0093408228643375,455,0.2104347826086956,0,0,0,236,0.5913043478260869,0,0,0
LTP269,20,2,14,RUG,1,0.8271122745125519,-0.069884273344245,449,0.2208695652173913,0,0,0,408,0.2921739130434783,0,0,0
LTP269,20,2,15,TEACHER,0,0.858464881987048,0.2787306083747902,214,0.6295652173913043,0,0,0,8,0.9878260869565216,0,0,1
LTP269,20,2,16,HAWK,0,0.7887539772780621,-0.2219459077347732,546,0.0521739130434782,0,0,0,555,0.0365217391304347,0,0,0
LTP269,20,2,17,TRIBE,0,0.8620301858179786,-0.003118392523574,204,0.6469565217391304,0,0,0,282,0.511304347826087,0,0,0
LTP269,20,2,18,FOOTBALL,0,0.8409637983532885,0.0311343259066667,362,0.3721739130434782,0,0,0,219,0.6208695652173912,0,0,0
LTP269,20,2,19,WOMAN,0,0.8511693006432111,0.0844837521881831,287,0.5026086956521739,0,0,0,133,0.7704347826086957,0,0,0
LTP269,20,2,20,CRATER,0,0.8683628752094327,-0.0090915808960823,151,0.7391304347826086,0,0,0,286,0.5043478260869565,0,0,0
LTP269,20,2,21,TUTU,0,0.8026956050547869,0.0853924923495762,523,0.0921739130434782,0,0,0,129,0.7773913043478261,0,0,0
LTP269,20,2,22,DRESS,0,0.8619573477740176,-0.1185032414192617,183,0.6834782608695652,0,0,0,484,0.16,0,0,0
LTP269,20,2,23,SHELTER,1,0.8241900036474112,-0.1086414886860512,449,0.2208695652173913,0,0,0,483,0.1617391304347826,0,0,0
LTP269,20,2,24,KEEPER,0,0.8249782984174262,-0.0039670882032451,454,0.2121739130434782,0,0,0,295,0.4886956521739131,0,0,0
LTP269,20,3,1,ROCKET,1,0.88936107380921,-0.0789982688651765,16,0.9739130434782608,0,0,0,412,0.2852173913043478,0,0,0
LTP269,20,3,2,DOLPHIN,1,0.8425470776559035,-0.0975191507201407,354,0.3860869565217391,0,0,0,463,0.1965217391304348,0,0,0
LTP269,20,3,3,FLIPPER,1,0.8440455312394152,0.0915275669235845,360,0.3756521739130435,0,0,0,109,0.8121739130434783,0,0,0
LTP269,20,3,4,GYMNAST,1,0.8589025158038287,-0.1298916188004271,226,0.6086956521739131,0,0,0,499,0.1339130434782608,0,0,0
LTP269,20,3,5,MEDAL,1,0.8463731488238049,-0.0825050760763952,331,0.4260869565217391,0,0,0,464,0.1947826086956522,0,0,0
LTP269,20,3,6,LEADER,1,0.8128629843998634,-0.1616058133380899,493,0.1443478260869565,0,0,0,529,0.0817391304347826,0,0,0
LTP269,20,3,7,SPACE,1,0.7839947549845298,0.141793832047772,553,0.04,0,0,0,50,0.9147826086956522,0,0,0
LTP269,20,3,8,VENUS,1,0.8069108396396713,-0.2060991860708818,505,0.1234782608695652,0,0,0,568,0.0139130434782608,0,0,0
LTP269,20,3,9,HIGHWAY,1,0.7917684935678706,-0.0021136324749723,541,0.0608695652173912,0,0,0,289,0.4991304347826086,0,0,0
LTP269,20,3,10,SWAMP,1,0.774465475211126,0.042433848480669,566,0.017391304347826,0,0,0,195,0.662608695652174,0,0,0
LTP269,20,3,11,POCKET,1,0.8647364451458637,0.1799123437160905,195,0.662608695652174,0,0,0,25,0.9582608695652174,0,0,0
LTP269,20,3,12,SEAFOOD,0,0.8714397415640627,0.0971989101047217,113,0.8052173913043479,0,0,0,100,0.8278260869565217,0,0,0
LTP269,20,3,13,FLASK,1,0.8755921070315738,0.0322196233198656,108,0.8139130434782609,0,0,0,212,0.6330434782608696,0,0,0
LTP269,20,3,14,PACKAGE,0,0.8480269820849105,-0.0392666605191936,306,0.4695652173913043,0,0,0,327,0.4330434782608695,0,0,0
LTP269,20,3,15,SPOON,0,0.8733467728658776,0.2182716661261074,106,0.817391304347826,0,0,0,15,0.9756521739130436,0,0,0
LTP269,20,3,16,RIFLE,0,0.845456952429323,-0.1830217678927797,333,0.4226086956521739,0,0,0,567,0.0156521739130435,0,0,0
LTP269,20,3,17,MAPLE,1,0.7853875598218666,-0.0215054495862997,562,0.0243478260869565,0,0,0,319,0.4469565217391305,0,0,0
LTP269,20,3,18,SNACK,1,0.8700930068605853,0.0841639750515852,109,0.8121739130434783,0,0,0,135,0.7669565217391304,0,0,0
LTP269,20,3,19,CLOCK,0,0.8412773092699201,-0.0470253173839462,361,0.3739130434782608,0,0,0,382,0.337391304347826,0,0,0
LTP269,20,3,20,GARLIC,1,0.8478561661238848,-0.2048792340513814,320,0.4452173913043478,0,0,0,552,0.0417391304347826,0,0,0
LTP269,20,3,21,SALT,1,0.8577525808846547,0.2025093701799146,245,0.5756521739130435,0,0,0,27,0.954782608695652,0,0,0
LTP269,20,3,22,STONE,1,0.8455590476130238,0.0724697482620875,337,0.4156521739130434,0,0,0,141,0.7565217391304347,0,0,0
LTP269,20,3,23,GANGSTER,1,0.8531903578833405,-0.0383877445292044,274,0.5252173913043479,0,0,0,351,0.3913043478260869,0,0,0
LTP269,20,3,24,SPOOL,1,0.8759317608081173,0.1438737429173639,91,0.8434782608695652,0,0,0,49,0.9165217391304348,0,0,0
LTP269,20,4,1,ROBIN,1,0.8267000700703666,0.0059936341810602,445,0.2278260869565217,0,0,0,283,0.5095652173913043,0,0,0
LTP269,20,4,2,ROOSTER,1,0.8739351345124126,0.0960960574241698,113,0.8052173913043479,0,0,0,81,0.8608695652173913,0,0,0
LTP269,20,4,3,HAMPER,1,0.8776533096832663,-0.0543567996190457,81,0.8608695652173913,0,0,0,381,0.3391304347826087,0,0,0
LTP269,20,4,4,BUREAU,1,0.8481056879187182,0.0855995553460855,309,0.4643478260869565,0,0,0,96,0.8347826086956522,0,0,0
LTP269,20,4,5,EUROPE,1,0.7833553902517592,0.0752339010824491,565,0.0191304347826086,0,0,0,109,0.8121739130434783,0,0,0
LTP269,20,4,6,MAILMAN,1,0.8861671479145475,0.0890144703117112,36,0.9391304347826088,0,0,0,77,0.8678260869565217,0,0,0
LTP269,20,4,7,IGLOO,1,0.8325409924052716,-0.1390038199221442,428,0.2573913043478261,0,0,0,548,0.048695652173913,0,0,0
LTP269,20,4,8,ICEBERG,1,0.8876821069060299,0.0208228685548874,29,0.951304347826087,0,0,0,229,0.6034782608695652,0,0,0
LTP269,20,4,9,BLACKBOARD,0,0.8364275966576777,0.130149016435681,405,0.2973913043478261,0,0,0,48,0.9182608695652174,0,0,0
LTP269,20,4,10,NECKLACE,0,0.8920751078665804,-0.1061864810497069,14,0.977391304347826,0,0,0,507,0.12,0,0,0
LTP269,20,4,11,TORTOISE,0,0.8903208672194993,0.0484876576814046,19,0.9686956521739132,0,0,0,167,0.711304347826087,0,0,0
LTP269,20,4,12,NAPKIN,0,0.830847058505589,-0.0223343097680447,436,0.2434782608695652,0,0,0,333,0.4226086956521739,0,0,0
LTP269,20,4,13,ORANGE,0,0.8496063141778488,0.118172330271896,311,0.4608695652173913,0,0,0,58,0.9008695652173913,0,0,0
LTP269,20,4,14,PLIERS,0,0.8613938080324707,-0.1344144643579627,221,0.6173913043478261,0,0,0,519,0.0991304347826087,0,0,0
LTP269,20,4,15,EYELASH,0,0.8457708881993645,-0.1378382555767076,347,0.3982608695652174,0,0,0,516,0.1043478260869564,0,0,0
LTP269,20,4,16,SUBWAY,0,0.8813924331838868,0.009335338468035,62,0.8939130434782608,0,0,0,246,0.5739130434782609,0,0,0
LTP269,20,4,17,SPARROW,0,0.8315880837904761,-0.0630956608918412,429,0.2556521739130435,0,0,0,411,0.2869565217391304,0,0,0
LTP269,20,4,18,DONOR,0,0.8315675817960843,0.0482363164461633,423,0.2660869565217391,0,0,0,177,0.6939130434782609,0,0,0
LTP269,20,4,19,FOREST,0,0.8167333745173232,0.041887439806247,486,0.1565217391304347,0,0,0,198,0.6573913043478261,0,0,0
LTP269,20,4,20,BANQUET,1,0.8804665441123554,-0.0371972687358497,67,0.8852173913043478,0,0,0,343,0.4052173913043478,0,0,0
LTP269,20,4,21,SLUG,1,0.8572715800551118,-0.1277743619258514,251,0.5652173913043479,0,0,0,517,0.1026086956521739,0,0,0
LTP269,20,4,22,FRUIT,1,0.8361139765390759,-0.0209108540303348,404,0.2991304347826087,0,0,0,310,0.4626086956521739,0,0,0
LTP269,20,4,23,VALVE,1,0.8641682144160695,-0.1190145722863528,192,0.6678260869565218,0,0,0,506,0.1217391304347825,0,0,0
LTP269,20,4,24,ZEBRA,0,0.8746059703804692,0.1809125499861829,105,0.8191304347826087,0,0,0,25,0.9582608695652174,0,0,0
LTP269,20,5,1,GRAVEL,0,0.763814632543271,0.0146354309266124,574,0.0034782608695652,0,0,0,230,0.6017391304347826,0,0,0
LTP269,20,5,2,GOBLIN,0,0.8549162437898624,0.0356202167748367,254,0.56,0,0,0,191,0.6695652173913044,0,0,0
LTP269,20,5,3,COSTUME,0,0.8635024222729227,-0.0682797012270163,183,0.6834782608695652,0,0,0,417,0.2765217391304347,0,0,0
LTP269,20,5,4,BRAKE,0,0.8831027726169566,-0.0608509501133344,37,0.937391304347826,0,0,0,399,0.3078260869565217,0,0,0
LTP269,20,5,5,AGENT,0,0.8009585834236626,0.0110909168048791,521,0.0956521739130434,0,0,0,242,0.5808695652173913,0,0,0
LTP269,20,5,6,OMELET,0,0.8582828067629183,0.2186366748197136,227,0.6069565217391304,0,0,0,19,0.9686956521739132,0,0,0
LTP269,20,5,7,FLUTE,0,0.8314454320959573,0.0945039147173852,424,0.2643478260869565,0,0,0,99,0.8295652173913044,0,0,0
LTP269,20,5,8,PERMIT,0,0.8511050674618955,0.0220024128638194,285,0.5060869565217392,0,0,0,216,0.6260869565217391,0,0,0
LTP269,20,5,9,SIDEWALK,0,0.8631804386116576,-0.1400214898990867,175,0.6973913043478261,0,0,0,509,0.1165217391304347,0,0,0
LTP269,20,5,10,COTTAGE,0,0.8758909156267026,0.0821247775031963,77,0.8678260869565217,0,0,0,111,0.808695652173913,0,0,0
LTP269,20,5,11,MOP,0,0.8051814414184967,0.158817296833638,515,0.1060869565217391,0,0,0,37,0.937391304347826,0,0,0
LTP269,20,5,12,BOUQUET,0,0.8721551795140919,0.0571506668951549,90,0.8452173913043478,0,0,0,170,0.7060869565217391,0,0,0
LTP269,20,5,13,SHORTCAKE,0,0.8479194798338935,-0.1162950744942117,301,0.4782608695652174,0,0,0,480,0.1669565217391304,0,0,0
LTP269,20,5,14,LOFT,0,0.8936623034864498,0.1427861973496623,5,0.9930434782608696,0,1,1,61,0.8956521739130435,0,0,0
LTP269,20,5,15,PERFUME,0,0.8734291246791815,-0.01479502980038,91,0.8434782608695652,0,0,0,305,0.471304347826087,0,0,0
LTP269,20,5,16,ONION,0,0.8184943866090766,0.0744815631603982,471,0.1826086956521738,0,0,0,128,0.7791304347826087,0,0,0
LTP269,20,5,17,CAFE,0,0.8112218739440568,0.0374800289528303,489,0.1513043478260869,0,0,0,199,0.6556521739130434,0,0,0
LTP269,20,5,18,ROBBER,0,0.835814441682054,0.0442105331498987,388,0.3269565217391305,0,0,0,169,0.7078260869565217,0,0,0
LTP269,20,5,19,MAILBOX,1,0.864162268376336,0.0275264680542825,184,0.6817391304347826,0,0,0,203,0.6486956521739131,0,0,0
LTP269,20,5,20,DAISY,1,0.8306374093221401,-0.282734333934741,415,0.28,0,0,0,576,0.0,0,0,0
LTP269,20,5,21,TURNIP,1,0.8865847632498886,-0.0135348255439235,29,0.951304347826087,0,0,0,314,0.4556521739130434,0,0,0
LTP269,20,5,22,LUMBER,1,0.8707397038867947,-0.0431900050869775,98,0.831304347826087,0,0,0,370,0.3582608695652174,0,0,0
LTP269,20,5,23,COOKBOOK,0,0.8439445473679708,-0.037633743176771,300,0.48,0,0,0,384,0.3339130434782609,0,0,0
LTP269,20,5,24,ACTOR,1,0.7834359794150801,0.0585882585998921,539,0.0643478260869565,0,0,0,167,0.711304347826087,0,0,0
LTP269,20,6,1,QUARTER,0,0.8292870082748054,0.041042006423487,323,0.4399999999999999,0,0,0,200,0.6539130434782608,0,0,0
LTP269,20,6,2,DRAGON,0,0.8306347803527079,-0.0826531695085839,176,0.6956521739130435,0,0,0,426,0.2608695652173913,0,0,0
LTP269,20,6,3,BARREL,0,0.8238147843715158,0.0192964307870086,416,0.2782608695652173,0,0,0,258,0.5530434782608695,0,0,0
LTP269,20,6,4,PEBBLE,0,0.8490614143070598,0.3506260409755919,254,0.56,0,0,0,4,0.9947826086956522,0,1,1
LTP269,20,6,5,LAKE,0,0.8328472319693281,-0.0622806518890375,356,0.3826086956521739,0,0,0,385,0.3321739130434782,0,0,0
LTP269,20,6,6,GIRL,0,0.8517491203738518,-0.0268730976239482,174,0.6991304347826087,0,0,0,356,0.3826086956521739,0,0,0
LTP269,20,6,7,KETCHUP,0,0.8648692301426166,0.0722603368791429,56,0.9043478260869564,0,0,0,131,0.7739130434782608,0,0,0
LTP269,20,6,8,TREAT,0,0.7015034766482575,-0.106259339095948,576,0.0,0,0,0,486,0.1565217391304347,0,0,0
LTP269,20,6,9,PATIENT,1,0.8130351110486567,-0.0935335042499089,381,0.3391304347826087,0,0,0,478,0.1704347826086956,0,0,0
LTP269,20,6,10,OINTMENT,1,0.810605962473136,-0.0123347015361995,340,0.4104347826086957,0,0,0,296,0.4869565217391304,0,0,0
LTP269,20,6,11,BARLEY,1,0.8679654742497271,0.1577584819474678,30,0.9495652173913044,0,0,0,37,0.937391304347826,0,0,0
LTP269,20,6,12,CANDY,1,0.8759739397327382,0.1546328753643316,37,0.937391304347826,0,0,0,72,0.8765217391304347,0,0,0
LTP269,20,6,13,BANJO,1,0.8566019498309679,-0.0173322862207039,147,0.7460869565217392,0,0,0,311,0.4608695652173913,0,0,0
LTP269,20,6,14,POPCORN,0,0.8286878111057876,0.1127379594924257,292,0.4939130434782608,0,0,0,126,0.782608695652174,0,0,0
LTP269,20,6,15,RELISH,0,0.8188795169886013,0.0370095549286054,336,0.4173913043478261,0,0,0,208,0.64,0,0,0
LTP269,20,6,16,SALAD,0,0.8215203402872857,-0.0988566538461192,317,0.4504347826086956,0,0,0,486,0.1565217391304347,0,0,0
LTP269,20,6,17,SCALLOP,1,0.8335392786728582,-0.067112892989877,320,0.4452173913043478,0,0,0,430,0.2539130434782608,0,0,0
LTP269,20,6,18,SALMON,1,0.8421923126513657,0.1464687869028167,178,0.6921739130434783,0,0,0,56,0.9043478260869564,0,0,0
LTP269,20,6,19,PEPPER,1,0.8538199405826761,0.2077180770551903,225,0.6104347826086957,0,0,0,21,0.9652173913043478,0,0,0
LTP269,20,6,20,VIKING,0,0.7717155180772352,-0.1017127846341269,522,0.0939130434782609,0,0,0,462,0.1982608695652173,0,0,0
LTP269,20,6,21,MARS,1,0.8187932731141464,0.0328463248572366,383,0.3356521739130435,0,0,0,202,0.6504347826086956,0,0,0
LTP269,20,6,22,PLUTO,1,0.8434903790712018,-0.0047916868391558,235,0.5930434782608696,0,0,0,295,0.4886956521739131,0,0,0
LTP269,20,6,23,TUBA,0,0.8035334290813781,-0.1855029179536333,450,0.2191304347826087,0,0,0,494,0.1426086956521739,0,0,0
LTP269,20,6,24,KNAPSACK,0,0.8281361353401419,-0.0885169351026332,363,0.3704347826086956,0,0,0,441,0.2347826086956521,0,0,0
LTP269,20,7,1,DRAWING,1,0.8462129922247263,0.0573366634428875,231,0.6,0,0,0,135,0.7669565217391304,0,0,0
LTP269,20,7,2,FRAME,1,0.876442446140095,0.1189989756483856,84,0.8556521739130435,0,0,0,109,0.8121739130434783,0,0,0
LTP269,20,7,3,SWORD,1,0.7842444807248717,-0.1023025198201614,543,0.0573913043478261,0,0,0,471,0.1826086956521738,0,0,0
LTP269,20,7,4,RADISH,1,0.8593820517779297,0.086465133004905,145,0.7495652173913043,0,0,0,92,0.8417391304347825,0,0,0
LTP269,20,7,5,CANYON,1,0.8242558045744297,-0.0303449431417881,356,0.3826086956521739,0,0,0,333,0.4226086956521739,0,0,0
LTP269,20,7,6,TUNNEL,1,0.8657428269212849,-0.0282777484423494,85,0.8539130434782609,0,0,0,370,0.3582608695652174,0,0,0
LTP269,20,7,7,BUBBLE,1,0.8648770412790825,0.1057884369970825,102,0.8243478260869566,0,0,0,98,0.831304347826087,0,0,0
LTP269,20,7,8,BABY,1,0.824840033792277,0.1253403464706975,319,0.4469565217391305,0,0,0,94,0.8382608695652174,0,0,0
LTP269,20,7,9,MOTOR,0,0.7784788301629506,-0.0291410815619352,516,0.1043478260869564,0,0,0,322,0.4417391304347826,0,0,0
LTP269,20,7,10,BALLOON,1,0.88242885338761,0.0857401920424578,19,0.9686956521739132,0,0,0,115,0.8017391304347826,0,0,0
LTP269,20,7,11,HARP,1,0.8763485237834715,0.156820517952579,81,0.8608695652173913,0,0,0,49,0.9165217391304348,0,0,0
LTP269,20,7,12,MILK,0,0.8227101796827935,0.1213038788138332,418,0.2747826086956522,0,0,0,89,0.8469565217391304,0,0,0
LTP269,20,7,13,ARM,0,0.8215531253490717,0.1163190572145242,386,0.3304347826086956,0,0,0,81,0.8608695652173913,0,0,0
LTP269,20,7,14,SUNRISE,0,0.8691592002577591,-0.1187274896915941,48,0.9182608695652174,0,0,0,491,0.1478260869565217,0,0,0
LTP269,20,7,15,DAUGHTER,0,0.8044344459415955,0.0340285730071389,426,0.2608695652173913,0,0,0,234,0.5947826086956522,0,0,0
LTP269,20,7,16,RATTLE,0,0.881626406591044,0.1919991623375098,37,0.937391304347826,0,0,0,46,0.9217391304347826,0,0,0
LTP269,20,7,17,SUNSET,0,0.8354675948510333,0.0540845940979938,287,0.5026086956521739,0,0,0,167,0.711304347826087,0,0,0
LTP269,20,7,18,LIGHTNING,0,0.8544381164976953,-0.1095625114672293,170,0.7060869565217391,0,0,0,480,0.1669565217391304,0,0,0
LTP269,20,7,19,QUAIL,0,0.8562906755874884,0.0511646952239698,145,0.7495652173913043,0,0,0,187,0.6765217391304348,0,0,0
LTP269,20,7,20,SPOUSE,0,0.8660788480028614,0.0332080344749188,119,0.7947826086956522,0,0,0,214,0.6295652173913043,0,0,0
LTP269,20,7,21,WIDOW,0,0.8292881683931109,0.0842091777711373,232,0.5982608695652174,0,0,0,130,0.7756521739130435,0,0,0
LTP269,20,7,22,HAND,0,0.7981324768730673,-0.0115330477579667,478,0.1704347826086956,0,0,0,306,0.4695652173913043,0,0,0
LTP269,20,7,23,CHEMIST,0,0.8495951024819127,-0.0797240968058423,158,0.7269565217391305,0,0,0,444,0.2295652173913043,0,0,0
LTP269,20,7,24,BEAKER,0,0.851184183796273,0.0990365831001648,189,0.6730434782608696,0,0,0,129,0.7773913043478261,0,0,0
LTP269,20,8,1,HELMET,0,0.8528075479063857,0.0442315541298463,279,0.5165217391304349,0,0,0,182,0.6852173913043478,0,0,0
LTP269,20,8,2,SUITCASE,0,0.836807787375942,-0.0524612495242976,360,0.3756521739130435,0,0,0,373,0.3530434782608695,0,0,0
LTP269,20,8,3,FOREHEAD,0,0.8043327689798004,-0.1376576358113854,509,0.1165217391304347,0,0,0,500,0.1321739130434782,0,0,0
LTP269,20,8,4,FREEZER,0,0.8204025507771311,0.0676617216744039,458,0.2052173913043478,0,0,0,151,0.7391304347826086,0,0,0
LTP269,20,8,5,DINER,0,0.7937834435876499,0.0275940457169871,533,0.0747826086956521,0,0,0,236,0.5913043478260869,0,0,0
LTP269,20,8,6,RAZOR,0,0.8494851005195061,0.0896245436035991,300,0.48,0,0,0,121,0.7913043478260869,0,0,0
LTP269,20,8,7,XEROX,0,0.860653581225476,0.0631311606355782,198,0.6573913043478261,0,0,0,173,0.7008695652173913,0,0,0
LTP269,20,8,8,COD,0,0.8004418923026246,0.0578352791310515,514,0.1078260869565217,0,0,0,153,0.7356521739130435,0,0,0
LTP269,20,8,9,JELLY,0,0.853706661369241,-0.032932093654093,265,0.5408695652173914,0,0,0,361,0.3739130434782608,0,0,0
LTP269,20,8,10,SILK,0,0.8689102777880695,-0.1063627889738534,117,0.7982608695652174,0,0,0,487,0.1547826086956522,0,0,0
LTP269,20,8,11,PADDING,0,0.8533070646582951,-0.1461734048541892,264,0.5426086956521738,0,0,0,518,0.1008695652173913,0,0,0
LTP269,20,8,12,RAFT,0,0.856853932347616,-0.0303760306340544,225,0.6104347826086957,0,0,0,339,0.4121739130434783,0,0,0
LTP269,20,8,13,CARROT,0,0.8494274732103397,-0.0059465228829467,306,0.4695652173913043,0,0,0,290,0.4973913043478261,0,0,0
LTP269,20,8,14,BUNNY,0,0.8497404588815575,0.0057422808871349,294,0.4904347826086956,0,0,0,300,0.48,0,0,0
LTP269,20,8,15,SEAL,0,0.7742275006150396,-0.0490420031383118,564,0.0208695652173912,0,0,0,388,0.3269565217391305,0,0,0
LTP269,20,8,16,BUTCHER,0,0.8456037263877912,0.1408388267962501,330,0.4278260869565217,0,0,0,44,0.9252173913043478,0,0,0
LTP269,20,8,17,COCKTAIL,0,0.8593575162003194,0.0768830429698903,217,0.6243478260869566,0,0,0,145,0.7495652173913043,0,0,0
LTP269,20,8,18,PILOT,0,0.872342987623187,-0.2055935839935338,109,0.8121739130434783,0,0,0,567,0.0156521739130435,0,0,0
LTP269,20,8,19,FRECKLE,0,0.8610563266679357,-0.0039612505536824,196,0.6608695652173913,0,0,0,277,0.52,0,0,0
LTP269,20,8,20,HUMAN,0,0.7997007246772987,-0.2518012852806615,516,0.1043478260869564,0,0,0,572,0.0069565217391304,0,0,0
LTP269,20,8,21,OX,0,0.7969800621004414,0.0753650663819774,527,0.0852173913043478,0,0,0,138,0.7617391304347826,0,0,0
LTP269,20,8,22,SCARF,0,0.8645521727373404,0.1501005085246954,169,0.7078260869565217,0,0,0,41,0.9304347826086956,0,0,0
LTP269,20,8,23,TART,0,0.8322835026589182,0.0881227289028482,416,0.2782608695652173,0,0,0,96,0.8347826086956522,0,0,0
LTP269,20,8,24,MEAT,0,0.8549389547022658,0.0068506944423507,270,0.5321739130434783,0,0,0,263,0.5443478260869565,0,0,0
LTP269,20,9,1,INMATE,1,0.8485628017383249,-0.0060486254956525,323,0.4399999999999999,0,0,0,317,0.4504347826086956,0,0,0
LTP269,20,9,2,BRIEFCASE,1,0.8512066926001005,-0.0171183036558354,305,0.471304347826087,0,0,0,323,0.4399999999999999,0,0,0
LTP269,20,9,3,ROBOT,1,0.838480667806408,-0.0588061407346529,389,0.3252173913043478,0,0,0,412,0.2852173913043478,0,0,0
LTP269,20,9,4,TWISTER,1,0.8401223943887692,-0.2203380736134696,387,0.328695652173913,0,0,0,568,0.0139130434782608,0,0,0
LTP269,20,9,5,PIZZA,0,0.8300780772819526,-0.0979224338599725,440,0.2365217391304347,0,0,0,509,0.1165217391304347,0,0,0
LTP269,20,9,6,PIGEON,0,0.8939994828279073,-0.0444499804564889,19,0.9686956521739132,0,0,0,408,0.2921739130434783,0,0,0
LTP269,20,9,7,CROWN,0,0.8643227185218537,-0.1584910634693107,220,0.6191304347826088,0,0,0,547,0.0504347826086956,0,0,0
LTP269,20,9,8,BASEMENT,0,0.8657966816140771,0.054085081755468,207,0.6417391304347826,0,0,0,150,0.7408695652173913,0,0,0
LTP269,20,9,9,GARDEN,0,0.84106391098363,-0.1158365519886647,383,0.3356521739130435,0,0,0,527,0.0852173913043478,0,0,0
LTP269,20,9,10,BLUEPRINT,0,0.9027759888610112,-0.0138734365166207,1,1.0,1,1,1,313,0.457391304347826,0,0,0
LTP269,20,9,11,CELLAR,0,0.8629107080369398,-0.1032201021782219,233,0.5965217391304347,0,0,0,479,0.168695652173913,0,0,0
LTP269,20,9,12,OUTFIT,0,0.8730251030173881,0.1552026421590946,147,0.7460869565217392,0,0,0,41,0.9304347826086956,0,0,0
LTP269,20,9,13,REBEL,1,0.8402869101535451,0.0576959922156921,384,0.3339130434782609,0,0,0,166,0.7130434782608696,0,0,0
LTP269,20,9,14,PLAYGROUND,1,0.8570487160037923,-0.0445169949887619,264,0.5426086956521738,0,0,0,387,0.328695652173913,0,0,0
LTP269,20,9,15,BANKER,0,0.8881477530952168,0.0313338849693601,49,0.9165217391304348,0,0,0,211,0.6347826086956522,0,0,0
LTP269,20,9,16,LIZARD,0,0.8689997862619633,-0.1143311276252991,168,0.7095652173913043,0,0,0,515,0.1060869565217391,0,0,0
LTP269,20,9,17,PUDDING,0,0.8795035132624622,0.0955598252754921,88,0.8486956521739131,0,0,0,104,0.8208695652173913,0,0,0
LTP269,20,9,18,JELLO,0,0.8585797274500171,-0.0662892996916205,255,0.5582608695652174,0,0,0,441,0.2347826086956521,0,0,0
LTP269,20,9,19,MARKET,0,0.8670475965261482,0.1660380431021916,200,0.6539130434782608,0,0,0,42,0.928695652173913,0,0,0
LTP269,20,9,20,SUPPER,0,0.7920325300995813,-0.1139292077794036,537,0.0678260869565217,0,0,0,506,0.1217391304347825,0,0,0
LTP269,20,9,21,DRILL,0,0.8657267502169792,0.0416166949627324,199,0.6556521739130434,0,0,0,188,0.6747826086956521,0,0,0
LTP269,20,9,22,COIN,0,0.8388659560327786,-0.0126687836052499,392,0.3199999999999999,0,0,0,322,0.4417391304347826,0,0,0
LTP269,20,9,23,PERCH,0,0.8892862071997513,0.1296942816884542,27,0.954782608695652,0,0,0,63,0.8921739130434783,0,0,0
LTP269,20,9,24,TROUT,0,0.7994202596181156,-0.0186641409781013,518,0.1008695652173913,0,0,0,336,0.4173913043478261,0,0,0
LTP269,20,10,1,SPONGE,0,0.8629401923354271,-0.1558100011757592,222,0.6156521739130435,0,0,0,545,0.0539130434782608,0,0,0
LTP269,20,10,2,PAIL,0,0.8457415301102614,-0.1390671213356316,341,0.408695652173913,0,0,0,526,0.0869565217391304,0,0,0
LTP269,20,10,3,BUGGY,0,0.873288126989682,-0.1057515590208669,144,0.751304347826087,0,0,0,489,0.1513043478260869,0,0,0
LTP269,20,10,4,CARRIAGE,0,0.8596762300586281,0.0617098163018248,247,0.5721739130434782,0,0,0,157,0.728695652173913,0,0,0
LTP269,20,10,5,SLIME,0,0.8754708667472314,-0.1277777235735581,123,0.7878260869565217,0,0,0,525,0.088695652173913,0,0,0
LTP269,20,10,6,PASSAGE,0,0.8663110440559785,0.0730746356887318,208,0.64,0,0,0,135,0.7669565217391304,0,0,0
LTP269,20,10,7,JURY,0,0.8340268283023521,-0.0522068454623266,425,0.2626086956521739,0,0,0,399,0.3078260869565217,0,0,0
LTP269,20,10,8,STAPLE,0,0.8571943344950567,-0.0562082584512857,266,0.5391304347826087,0,0,0,415,0.28,0,0,0
LTP269,20,10,9,REPORT,0,0.8089890339151121,0.0628155664674064,500,0.1321739130434782,0,0,0,152,0.7373913043478261,0,0,0
LTP269,20,10,10,COMPASS,0,0.8820608517607194,0.1278287156764762,62,0.8939130434782608,0,0,0,60,0.8973913043478261,0,0,0
LTP269,20,10,11,ATLAS,0,0.7571279925807427,-0.0457137704236313,574,0.0034782608695652,0,0,0,390,0.3234782608695652,0,0,0
LTP269,20,10,12,ORCHID,0,0.8552247556218924,-0.0355358319741162,275,0.5234782608695652,0,0,0,371,0.3565217391304348,0,0,0
LTP269,20,10,13,MATTRESS,1,0.8714442526874293,0.0106410573286755,155,0.7321739130434783,0,0,0,271,0.5304347826086957,0,0,0
LTP269,20,10,14,HERO,1,0.8621730196956618,-0.0182448912989855,224,0.6121739130434782,0,0,0,317,0.4504347826086956,0,0,0
LTP269,20,10,15,SHELF,0,0.8169515073423529,0.0353620042471704,485,0.1582608695652173,0,0,0,207,0.6417391304347826,0,0,0
LTP269,20,10,16,BATHTUB,0,0.850262133842693,0.0441371239457875,317,0.4504347826086956,0,0,0,179,0.6904347826086956,0,0,0
LTP269,20,10,17,LASER,0,0.7760286320698474,-0.0393968986177625,564,0.0208695652173912,0,0,0,385,0.3321739130434782,0,0,0
LTP269,20,10,18,SOFTBALL,0,0.8704774621904494,0.0536689075597695,162,0.72,0,0,0,154,0.7339130434782608,0,0,0
LTP269,20,10,19,BOX,0,0.7678026707671647,0.1209210431949199,571,0.0086956521739129,0,0,0,64,0.8904347826086957,0,0,0
LTP269,20,10,20,BULLET,0,0.8673577247354922,0.1423057788776538,183,0.6834782608695652,0,0,0,40,0.9321739130434784,0,0,0
LTP269,20,10,21,UNCLE,0,0.8012737989980828,0.0770213452958525,525,0.088695652173913,0,0,0,127,0.7808695652173914,0,0,0
LTP269,20,10,22,MOTEL,0,0.8776884724803753,0.0298236603649508,82,0.8591304347826088,0,0,0,204,0.6469565217391304,0,0,0
LTP269,20,10,23,CRUTCH,0,0.8802114007765003,-0.1887484185882533,65,0.888695652173913,0,0,0,561,0.026086956521739,0,0,0
LTP269,20,10,24,TILE,0,0.8456318688890414,0.1970189664576443,346,0.4,0,0,0,19,0.9686956521739132,0,0,0
LTP269,20,11,1,MUSTARD,1,0.7686447849798812,-0.0866645350970068,569,0.0121739130434782,0,0,0,492,0.1460869565217391,0,0,0
LTP269,20,11,2,APPLE,1,0.8476537492190251,0.0613192906806464,330,0.4278260869565217,0,0,0,144,0.751304347826087,0,0,0
LTP269,20,11,3,OZONE,1,0.8465178440071973,-0.0015143712434657,338,0.4139130434782608,0,0,0,286,0.5043478260869565,0,0,0
LTP269,20,11,4,DRIVER,1,0.8310087829032455,-0.0708291394195433,429,0.2556521739130435,0,0,0,430,0.2539130434782608,0,0,0
LTP269,20,11,5,OYSTER,0,0.8570868083866409,-0.0298438492792294,256,0.5565217391304348,0,0,0,346,0.4,0,0,0
LTP269,20,11,6,STICKER,1,0.8601123981834808,0.0635343123040057,240,0.5843478260869566,0,0,0,136,0.7652173913043478,0,0,0
LTP269,20,11,7,DASHBOARD,0,0.8810297721859816,0.035862210380182,66,0.8869565217391304,0,0,0,176,0.6956521739130435,0,0,0
LTP269,20,11,8,CORAL,1,0.8399006336856647,0.0039732429677133,382,0.337391304347826,0,0,0,258,0.5530434782608695,0,0,0
LTP269,20,11,9,CRAB,1,0.8621886829517498,-0.1249496469012425,189,0.6730434782608696,0,0,0,511,0.1130434782608695,0,0,0
LTP269,20,11,10,MARKER,0,0.8645493612283215,-0.0610633717735176,178,0.6921739130434783,0,0,0,386,0.3304347826086956,0,0,0
LTP269,20,11,11,GUITAR,0,0.7695094836344689,0.0426907691613443,571,0.0086956521739129,0,0,0,181,0.6869565217391305,0,0,0
LTP269,20,11,12,PREACHER,0,0.8461223878986562,-0.0757112501649368,347,0.3982608695652174,0,0,0,433,0.2486956521739131,0,0,0
LTP269,20,11,13,CUPBOARD,0,0.8874503305021986,0.1197847334959123,43,0.9269565217391303,0,0,0,63,0.8921739130434783,0,0,0
LTP269,20,11,14,CITRUS,0,0.8649058473199112,-0.1061217390183759,199,0.6556521739130434,0,0,0,482,0.1634782608695651,0,0,0
LTP269,20,11,15,LION,0,0.8336740957944001,-0.002231496761288,432,0.2504347826086956,0,0,0,280,0.5147826086956522,0,0,0
LTP269,20,11,16,SKILLET,0,0.8898850955367229,-0.0929202575702811,29,0.951304347826087,0,0,0,484,0.16,0,0,0
LTP269,20,11,17,CLAM,0,0.7909935488426181,0.0259034245159719,547,0.0504347826086956,0,0,0,215,0.6278260869565218,0,0,0
LTP269,20,11,18,PEDAL,0,0.8591059843980321,0.0050836707904773,253,0.5617391304347826,0,0,0,259,0.551304347826087,0,0,0
LTP269,20,11,19,BIKE,0,0.8766426331291333,0.1021393552352446,119,0.7947826086956522,0,0,0,77,0.8678260869565217,0,0,0
LTP269,20,11,20,EAGLE,1,0.8415646025541322,-0.0372698523999996,388,0.3269565217391305,0,0,0,366,0.3652173913043478,0,0,0
LTP269,20,11,21,LUNCH,1,0.8065432671604507,-0.1534136833603566,515,0.1060869565217391,0,0,0,541,0.0608695652173912,0,0,0
LTP269,20,11,22,TWIG,0,0.8493436411078856,-0.0454716253367129,328,0.4313043478260869,0,0,0,385,0.3321739130434782,0,0,0
LTP269,20,11,23,PASTRY,0,0.862657466401976,-0.0442606806201523,228,0.6052173913043478,0,0,0,349,0.3947826086956522,0,0,0
LTP269,20,11,24,HEART,0,0.8674918375605017,-0.1912835890991601,175,0.6973913043478261,0,0,0,555,0.0365217391304347,0,0,0
LTP269,20,12,1,MISSILE,0,0.846163910708878,0.0362379860376044,348,0.3965217391304347,0,0,0,196,0.6608695652173913,0,0,0
LTP269,20,12,2,TAXI,0,0.8630650619503323,0.0822316706910951,222,0.6156521739130435,0,0,0,109,0.8121739130434783,0,0,0
LTP269,20,12,3,HIKER,0,0.8656348855898044,-0.163282407906095,190,0.671304347826087,0,0,0,535,0.0713043478260869,0,0,0
LTP269,20,12,4,MARROW,0,0.8779445345513075,-0.004707225412465,96,0.8347826086956522,0,0,0,290,0.4973913043478261,0,0,0
LTP269,20,12,5,BODY,0,0.7445808343998522,-0.0914114053910232,575,0.0017391304347825,0,0,0,473,0.1791304347826087,0,0,0
LTP269,20,12,6,PIMPLE,0,0.8677107294553651,0.0135336834544386,188,0.6747826086956521,0,0,0,251,0.5652173913043479,0,0,0
LTP269,20,12,7,ISLAND,0,0.769185672446046,0.0489852247956301,571,0.0086956521739129,0,0,0,182,0.6852173913043478,0,0,0
LTP269,20,12,8,PORK,1,0.8527115690092352,-0.018556493310669,247,0.5721739130434782,0,0,0,313,0.457391304347826,0,0,0
LTP269,20,12,9,PIANO,0,0.853042524790067,0.0409914715828444,275,0.5234782608695652,0,0,0,190,0.671304347826087,0,0,0
LTP269,20,12,10,NIGHTGOWN,0,0.8311091291948747,-0.1157987786429972,429,0.2556521739130435,0,0,0,492,0.1460869565217391,0,0,0
LTP269,20,12,11,CLOTHES,0,0.8670770009341779,-0.0579198565002081,168,0.7095652173913043,0,0,0,405,0.2973913043478261,0,0,0
LTP269,20,12,12,PATROL,1,0.8645801948989977,0.0888829346461178,201,0.6521739130434783,0,0,0,116,0.8,0,0,0
LTP269,20,12,13,JOURNAL,1,0.8382801050862937,-0.000684305651685,410,0.288695652173913,0,0,0,268,0.5356521739130435,0,0,0
LTP269,20,12,14,FOX,0,0.7980309005108591,-0.0178610356390633,529,0.0817391304347826,0,0,0,306,0.4695652173913043,0,0,0
LTP269,20,12,15,CLAMP,1,0.798143443165667,-0.0954603882195752,533,0.0747826086956521,0,0,0,488,0.1530434782608696,0,0,0
LTP269,20,12,16,SUMMIT,0,0.839947711569055,-0.1258809846347527,398,0.3095652173913044,0,0,0,508,0.1182608695652174,0,0,0
LTP269,20,12,17,SEAGULL,0,0.8846585276445953,-0.0467015351768472,40,0.9321739130434784,0,0,0,361,0.3739130434782608,0,0,0
LTP269,20,12,18,CABIN,0,0.8387820522798258,-0.0500436695628703,403,0.3008695652173913,0,0,0,399,0.3078260869565217,0,0,0
LTP269,20,12,19,LONDON,0,0.8132529883235509,0.2008814103409336,500,0.1321739130434782,0,0,0,19,0.9686956521739132,0,0,0
LTP269,20,12,20,FRANCE,0,0.8557635228979539,0.007042876817164,280,0.5147826086956522,0,0,0,271,0.5304347826086957,0,0,0
LTP269,20,12,21,ITEM,0,0.8280840445781527,-0.000691699200166,448,0.2226086956521739,0,0,0,257,0.5547826086956522,0,0,0
LTP269,20,12,22,GREASE,1,0.8567345976919021,-0.1239184823759138,272,0.528695652173913,0,0,0,501,0.1304347826086956,0,0,0
LTP269,20,12,23,LIPSTICK,1,0.8719177924463737,0.0398817164248191,136,0.7652173913043478,0,0,0,195,0.662608695652174,0,0,0
LTP269,20,12,24,TROMBONE,1,0.8793674246714024,-0.0135834480752074,84,0.8556521739130435,0,0,0,294,0.4904347826086956,0,0,0
LTP269,20,13,1,CREATURE,0,0.8543430362841167,0.0290871326060818,291,0.4956521739130435,0,0,0,205,0.6452173913043479,0,0,0
LTP269,20,13,2,JEANS,1,0.8601335845336644,-0.1675633695828758,240,0.5843478260869566,0,0,0,544,0.0556521739130434,0,0,0
LTP269,20,13,3,SHORTS,1,0.8176465624228786,-0.065901740603123,491,0.1478260869565217,0,0,0,408,0.2921739130434783,0,0,0
LTP269,20,13,4,SERVER,1,0.8179289275419824,-0.0451076575040942,492,0.1460869565217391,0,0,0,364,0.3686956521739131,0,0,0
LTP269,20,13,5,GRAPE,0,0.7746185209930432,-0.0426797454298945,568,0.0139130434782608,0,0,0,381,0.3391304347826087,0,0,0
LTP269,20,13,6,LADDER,1,0.8292428255895572,-0.0635864811152338,453,0.2139130434782609,0,0,0,393,0.3182608695652174,0,0,0
LTP269,20,13,7,COBRA,1,0.8109899981525077,-0.018698417410086,506,0.1217391304347825,0,0,0,323,0.4399999999999999,0,0,0
LTP269,20,13,8,COUNTY,0,0.8447564974528315,0.113651023201552,368,0.3617391304347825,0,0,0,63,0.8921739130434783,0,0,0
LTP269,20,13,9,DOUGHNUT,1,0.8856394130838169,-0.070356543588094,49,0.9165217391304348,0,0,0,411,0.2869565217391304,0,0,0
LTP269,20,13,10,CYCLONE,0,0.8819088335913653,0.0508579670215118,59,0.8991304347826087,0,0,0,164,0.7165217391304348,0,0,0
LTP269,20,13,11,SKIRT,1,0.8545613064723094,-0.0316963949729887,286,0.5043478260869565,0,0,0,336,0.4173913043478261,0,0,0
LTP269,20,13,12,WAGON,0,0.8471450362203885,-0.1215561297792255,346,0.4,0,0,0,507,0.12,0,0,0
LTP269,20,13,13,COURSE,0,0.8336507425572113,0.0474400370966898,438,0.24,0,0,0,143,0.7530434782608696,0,0,0
LTP269,20,13,14,BLOUSE,1,0.8747580247325253,-0.0270277431406002,119,0.7947826086956522,0,0,0,300,0.48,0,0,0
LTP269,20,13,15,COUNTRY,0,0.8529202700936553,0.303154486683553,280,0.5147826086956522,0,0,0,6,0.991304347826087,0,0,1
LTP269,20,13,16,STOMACH,1,0.8204421830769368,-0.0375874887103059,479,0.168695652173913,0,0,0,337,0.4156521739130434,0,0,0
LTP269,20,13,17,GAZELLE,0,0.8579685694537229,-0.087520622429287,249,0.568695652173913,0,0,0,429,0.2556521739130435,0,0,0
LTP269,20,13,18,MONSTER,0,0.8502531577722284,-0.0730406679769052,312,0.4591304347826087,0,0,0,402,0.3026086956521739,0,0,0
LTP269,20,13,19,CHIPMUNK,0,0.8791564809985104,-0.0785886120001439,93,0.84,0,0,0,444,0.2295652173913043,0,0,0
LTP269,20,13,20,GIFT,0,0.8486680265938349,0.0592119279875831,327,0.4330434782608695,0,0,0,161,0.7217391304347827,0,0,0
LTP269,20,13,21,FLEET,1,0.8382255327070877,0.0077859002140655,410,0.288695652173913,0,0,0,237,0.5895652173913044,0,0,0
LTP269,20,13,22,COLONEL,1,0.8796931041976195,0.1501107733663921,87,0.8504347826086956,0,0,0,44,0.9252173913043478,0,0,0
LTP269,20,13,23,CONTRACT,1,0.8172789892679667,0.1720002225119107,493,0.1443478260869565,0,0,0,26,0.9565217391304348,0,0,0
LTP269,20,13,24,ICING,1,0.8512173801296895,-0.1000762244860266,306,0.4695652173913043,0,0,0,466,0.1913043478260869,0,0,0
LTP269,20,14,1,FRAGRANCE,1,0.8765927344474841,0.0617834686645926,112,0.8069565217391305,0,0,0,130,0.7756521739130435,0,0,0
LTP269,20,14,2,CAPTIVE,1,0.8376905066684421,0.0357999584220185,413,0.2834782608695652,0,0,0,176,0.6956521739130435,0,0,0
LTP269,20,14,3,CONVICT,1,0.835889761047584,0.2683228962955025,422,0.2678260869565217,0,0,0,4,0.9947826086956522,0,1,1
LTP269,20,14,4,TRANSPLANT,0,0.7963474484859101,0.0731325164423953,536,0.0695652173913043,0,0,0,124,0.7860869565217391,0,0,0
LTP269,20,14,5,SWITCH,0,0.7800506116301158,0.0037473844560861,563,0.0226086956521739,0,0,0,255,0.5582608695652174,0,0,0
LTP269,20,14,6,NEUTRON,0,0.8957334082735917,0.0801711764461327,8,0.9878260869565216,0,0,1,124,0.7860869565217391,0,0,0
LTP269,20,14,7,IDOL,0,0.787250244775198,-0.0527541073552302,554,0.0382608695652173,0,0,0,396,0.3130434782608695,0,0,0
LTP269,20,14,8,PARTNER,0,0.8494648049161951,0.0102302994367886,323,0.4399999999999999,0,0,0,230,0.6017391304347826,0,0,0
LTP269,20,14,9,GALLON,0,0.8436303846763903,0.0370783995034806,369,0.36,0,0,0,182,0.6852173913043478,0,0,0
LTP269,20,14,10,ANTLER,0,0.865805423949764,0.0978190429594554,171,0.7043478260869565,0,0,0,106,0.817391304347826,0,0,0
LTP269,20,14,11,LOVER,0,0.7971199464424366,0.1146247678403065,528,0.0834782608695652,0,0,0,85,0.8539130434782609,0,0,0
LTP269,20,14,12,MILDEW,0,0.8822909469931192,-0.0509811868628226,58,0.9008695652173913,0,0,0,380,0.3408695652173913,0,0,0
LTP269,20,14,13,POLICE,1,0.8275862819408693,-0.0612442128152137,448,0.2226086956521739,0,0,0,404,0.2991304347826087,0,0,0
LTP269,20,14,14,COMET,0,0.8422226052996529,0.1270264288890909,380,0.3408695652173913,0,0,0,70,0.88,0,0,0
LTP269,20,14,15,THREAD,1,0.8452208638778291,-0.0020869054606407,357,0.3808695652173913,0,0,0,269,0.5339130434782609,0,0,0
LTP269,20,14,16,JUNGLE,1,0.8790592029782228,0.0231416859797194,77,0.8678260869565217,0,0,0,218,0.6226086956521739,0,0,0
LTP269,20,14,17,AWARD,1,0.8396888748534531,-0.0428970826284589,402,0.3026086956521739,0,0,0,374,0.351304347826087,0,0,0
LTP269,20,14,18,SHERIFF,1,0.8818159685906144,0.0410406977579071,61,0.8956521739130435,0,0,0,187,0.6765217391304348,0,0,0
LTP269,20,14,19,CURTAIN,0,0.8937412187061432,-0.0819628430590783,13,0.9791304347826086,0,0,0,465,0.1930434782608695,0,0,0
LTP269,20,14,20,BADGE,1,0.837907468989059,-0.0952081276442731,408,0.2921739130434783,0,0,0,481,0.1652173913043478,0,0,0
LTP269,20,14,21,VIRUS,0,0.8173570556484518,0.013298608509514,488,0.1530434782608696,0,0,0,239,0.5860869565217391,0,0,0
LTP269,20,14,22,CASKET,0,0.8890855525472087,-0.0699279120507518,24,0.96,0,0,0,427,0.2591304347826086,0,0,0
LTP269,20,14,23,BOYFRIEND,0,0.872914295415852,0.0576995602535473,128,0.7791304347826087,0,0,0,155,0.7321739130434783,0,0,0
LTP269,20,14,24,FRIEND,0,0.845513496628172,0.1596007810516406,358,0.3791304347826086,0,0,0,32,0.9460869565217392,0,0,0
LTP269,20,15,1,NOVEL,1,0.8309703686246201,0.0981799181461963,437,0.2417391304347825,0,0,0,69,0.8817391304347826,0,0,0
LTP269,20,15,2,MARSH,1,0.8705384956153398,0.0223775926548651,131,0.7739130434782608,0,0,0,221,0.6173913043478261,0,0,0
LTP269,20,15,3,SHOVEL,1,0.8968982753762305,0.0658510001810491,6,0.991304347826087,0,0,1,145,0.7495652173913043,0,0,0
LTP269,20,15,4,GLOVE,1,0.8879999131409334,0.0092754214752822,28,0.9530434782608695,0,0,0,253,0.5617391304347826,0,0,0
LTP269,20,15,5,ELBOW,0,0.8535651815445516,-0.0048743318130707,272,0.528695652173913,0,0,0,287,0.5026086956521739,0,0,0
LTP269,20,15,6,TOMBSTONE,1,0.8795629258836676,-0.0307683755105169,75,0.8713043478260869,0,0,0,339,0.4121739130434783,0,0,0
LTP269,20,15,7,BUCKET,0,0.8616976712934159,-0.0719898636362505,212,0.6330434782608696,0,0,0,432,0.2504347826086956,0,0,0
LTP269,20,15,8,BOARD,0,0.7883778473543913,0.1176836212605362,553,0.04,0,0,0,57,0.902608695652174,0,0,0
LTP269,20,15,9,STREAM,0,0.8744248228500717,-0.0530673478045585,104,0.8208695652173913,0,0,0,410,0.288695652173913,0,0,0
LTP269,20,15,10,WORLD,0,0.8137083353779606,0.0110996172098003,496,0.1391304347826086,0,0,0,248,0.5704347826086957,0,0,0
LTP269,20,15,11,CATCHER,1,0.8698901581037612,-0.0349156025793679,148,0.7443478260869565,0,0,0,343,0.4052173913043478,0,0,0
LTP269,20,15,12,JUDGE,1,0.8273207359162773,0.0799966495901146,441,0.2347826086956521,0,0,0,112,0.8069565217391305,0,0,0
LTP269,20,15,13,SUSPECT,1,0.8736618249341161,0.0800249350132486,127,0.7808695652173914,0,0,0,124,0.7860869565217391,0,0,0
LTP269,20,15,14,ANKLE,0,0.8616566800311654,-0.0167291751772448,205,0.6452173913043479,0,0,0,308,0.4660869565217391,0,0,0
LTP269,20,15,15,PLAZA,0,0.7918372888649654,-0.0283647396993054,538,0.0660869565217391,0,0,0,342,0.4069565217391304,0,0,0
LTP269,20,15,16,CATTLE,0,0.8855622406117044,-0.1035291289580173,38,0.9356521739130436,0,0,0,495,0.1408695652173913,0,0,0
LTP269,20,15,17,WRENCH,0,0.8419952380143093,0.0421948147958773,353,0.3878260869565217,0,0,0,169,0.7078260869565217,0,0,0
LTP269,20,15,18,BRANDY,0,0.8726985398145222,0.0311089379094955,119,0.7947826086956522,0,0,0,196,0.6608695652173913,0,0,0
LTP269,20,15,19,EMPIRE,0,0.8352625348928343,0.0150892207752995,408,0.2921739130434783,0,0,0,256,0.5565217391304348,0,0,0
LTP269,20,15,20,FRIAR,1,0.8483969159849662,0.0236002547714632,299,0.4817391304347825,0,0,0,209,0.6382608695652174,0,0,0
LTP269,20,15,21,SHOULDER,0,0.8651580193785744,-0.0523501286447756,164,0.7165217391304348,0,0,0,387,0.328695652173913,0,0,0
LTP269,20,15,22,CHURCH,0,0.812687651747548,0.1827087299526593,491,0.1478260869565217,0,0,0,29,0.951304347826087,0,0,0
LTP269,20,15,23,TEMPLE,0,0.869144520476563,-0.0761376618537544,130,0.7756521739130435,0,0,0,429,0.2556521739130435,0,0,0
LTP269,20,15,24,GRAVE,0,0.7809584659342704,-0.0472433265012894,556,0.0347826086956521,0,0,0,372,0.3547826086956521,0,0,0
LTP269,20,16,1,WASP,1,0.8128803685665482,0.072784258655174,429,0.2556521739130435,0,0,0,174,0.6991304347826087,0,0,0
LTP269,20,16,2,DRINK,1,0.787202278865247,-0.0785886448197762,503,0.1269565217391304,0,0,0,416,0.2782608695652173,0,0,0
LTP269,20,16,3,CHAMPAGNE,1,0.8235480453108808,-0.0616955954908021,385,0.3321739130434782,0,0,0,417,0.2765217391304347,0,0,0
LTP269,20,16,4,LEOPARD,1,0.8316572648894026,-0.0891061331092212,280,0.5147826086956522,0,0,0,471,0.1826086956521738,0,0,0
LTP269,20,16,5,DIVER,1,0.7525822141020551,-0.035919927324865,548,0.048695652173913,0,0,0,352,0.3895652173913043,0,0,0
LTP269,20,16,6,CRICKET,1,0.8552245504018506,0.0046850738543553,156,0.7304347826086957,0,0,0,285,0.5060869565217392,0,0,0
LTP269,20,16,7,TERMITE,1,0.8575491397179695,-0.0937483957403842,130,0.7756521739130435,0,0,0,460,0.2017391304347826,0,0,0
LTP269,20,16,8,HONEY,1,0.8527020134772437,0.1576810802573204,188,0.6747826086956521,0,0,0,62,0.8939130434782608,0,0,0
LTP269,20,16,9,CHEST,1,0.7645032369608943,-0.2091799416045482,542,0.0591304347826087,0,0,0,561,0.026086956521739,0,0,0
LTP269,20,16,10,TURKEY,0,0.8342849296353372,-0.0971107034970981,192,0.6678260869565218,0,0,0,464,0.1947826086956522,0,0,0
LTP269,20,16,11,COOK,0,0.8052899533619688,-0.1013471560037042,495,0.1408695652173913,0,0,0,470,0.1843478260869565,0,0,0
LTP269,20,16,12,GLASS,0,0.8483851347572788,0.024679241851556,256,0.5565217391304348,0,0,0,233,0.5965217391304347,0,0,0
LTP269,20,16,13,BANK,0,0.8576493346849828,0.1164104594685762,113,0.8052173913043479,0,0,0,94,0.8382608695652174,0,0,0
LTP269,20,16,14,DIME,0,0.819524864524359,-0.0614697640405457,389,0.3252173913043478,0,0,0,398,0.3095652173913044,0,0,0
LTP269,20,16,15,COFFEE,0,0.8256295797473274,-0.0530581166367862,250,0.5669565217391304,0,0,0,418,0.2747826086956522,0,0,0
LTP269,20,16,16,MESSAGE,0,0.834863836688825,-0.0325261057418896,382,0.337391304347826,0,0,0,333,0.4226086956521739,0,0,0
LTP269,20,16,17,STAMP,1,0.7698490264777074,-0.0570085401919804,529,0.0817391304347826,0,0,0,398,0.3095652173913044,0,0,0
LTP269,20,16,18,TOASTER,0,0.8176422338295797,-0.0472693990074477,393,0.3182608695652174,0,0,0,392,0.3199999999999999,0,0,0
LTP269,20,16,19,HORSE,0,0.8328305764427102,-0.05342848524392,311,0.4608695652173913,0,0,0,397,0.3113043478260869,0,0,0
LTP269,20,16,20,PAPER,0,0.7666975652225645,-0.0532064079937628,544,0.0556521739130434,0,0,0,407,0.2939130434782608,0,0,0
LTP269,20,16,21,QUEEN,0,0.8411416569666128,0.0721579699788099,174,0.6991304347826087,0,0,0,133,0.7704347826086957,0,0,0
LTP269,20,16,22,KLEENEX,0,0.8140287408489161,0.0188448492531657,384,0.3339130434782609,0,0,0,230,0.6017391304347826,0,0,0
LTP269,20,16,23,BROTHER,0,0.8420545562102236,-0.130437418872517,175,0.6973913043478261,0,0,0,480,0.1669565217391304,0,0,0
LTP269,20,16,24,BINDER,1,0.8347007077042009,-0.0602888868119998,351,0.3913043478260869,0,0,0,388,0.3269565217391305,0,0,0
LTP269,20,17,1,SHARK,1,0.7773256787869208,-0.1644628178437817,558,0.0313043478260869,0,0,0,553,0.04,0,0,0
LTP269,20,17,2,POSSUM,1,0.8439281176416512,0.0261608349707127,340,0.4104347826086957,0,0,0,216,0.6260869565217391,0,0,0
LTP269,20,17,3,BEAVER,1,0.8429614459954082,-0.0382107200048383,351,0.3913043478260869,0,0,0,365,0.3669565217391304,0,0,0
LTP269,20,17,4,SCALPEL,1,0.8822247077828715,0.0841557454202314,63,0.8921739130434783,0,0,0,97,0.8330434782608696,0,0,0
LTP269,20,17,5,DENTIST,1,0.8364090441126892,-0.2443681819170311,390,0.3234782608695652,0,0,0,572,0.0069565217391304,0,0,0
LTP269,20,17,6,BACKBONE,1,0.8892705274305698,0.0663147027159047,32,0.9460869565217392,0,0,0,133,0.7704347826086957,0,0,0
LTP269,20,17,7,SCOTCH,1,0.863455106066772,0.0526161112284396,209,0.6382608695652174,0,0,0,157,0.728695652173913,0,0,0
LTP269,20,17,8,WASHER,0,0.8486680162928493,-0.043919858023756,305,0.471304347826087,0,0,0,402,0.3026086956521739,0,0,0
LTP269,20,17,9,SLOPE,0,0.8575578760760939,-0.0444602120278742,251,0.5652173913043479,0,0,0,381,0.3391304347826087,0,0,0
LTP269,20,17,10,UMPIRE,0,0.8540428605639849,-0.0377880730627074,276,0.5217391304347826,0,0,0,393,0.3182608695652174,0,0,0
LTP269,20,17,11,LAGOON,1,0.830463256204074,-0.1173659824185081,424,0.2643478260869565,0,0,0,509,0.1165217391304347,0,0,0
LTP269,20,17,12,VALLEY,1,0.8839445642219644,0.1267654031637633,62,0.8939130434782608,0,0,0,84,0.8556521739130435,0,0,0
LTP269,20,17,13,WHISKERS,1,0.8678782227218036,-0.0496300107019287,184,0.6817391304347826,0,0,0,386,0.3304347826086956,0,0,0
LTP269,20,17,14,FILM,0,0.8645937210754302,0.0415273435490505,199,0.6556521739130434,0,0,0,218,0.6226086956521739,0,0,0
LTP269,20,17,15,OFFICE,0,0.8501381334903908,-0.083135073049592,309,0.4643478260869565,0,0,0,471,0.1826086956521738,0,0,0
LTP269,20,17,16,CLIMBER,0,0.8341478358726772,0.1010668361436672,414,0.2817391304347826,0,0,0,70,0.88,0,0,0
LTP269,20,17,17,APRON,0,0.8811298831193396,0.1055864947023848,84,0.8556521739130435,0,0,0,88,0.8486956521739131,0,0,0
LTP269,20,17,18,WORKER,0,0.854449163239005,0.0473591509295661,263,0.5443478260869565,0,0,0,174,0.6991304347826087,0,0,0
LTP269,20,17,19,PADDLE,1,0.8679102190632011,-0.1096061280433896,181,0.6869565217391305,0,0,0,497,0.1373913043478261,0,0,0
LTP269,20,17,20,PRINCE,1,0.8141638109142499,0.0254624196112278,486,0.1565217391304347,0,0,0,234,0.5947826086956522,0,0,0
LTP269,20,17,21,PARSLEY,1,0.8714542130872784,0.0459536803672833,148,0.7443478260869565,0,0,0,189,0.6730434782608696,0,0,0
LTP269,20,17,22,FUNGUS,1,0.8629152755997573,-0.0307994226801335,215,0.6278260869565218,0,0,0,354,0.3860869565217391,0,0,0
LTP269,20,17,23,DORM,0,0.7860657733787261,0.0192196170584544,558,0.0313043478260869,0,0,0,245,0.5756521739130435,0,0,0
LTP269,20,17,24,BACON,0,0.7888951188051643,-0.1464736139832479,551,0.0434782608695651,0,0,0,532,0.0765217391304348,0,0,0
LTP269,20,18,1,LILY,0,0.80923743855243,0.0051145074078162,502,0.128695652173913,0,0,0,270,0.5321739130434783,0,0,0
LTP269,20,18,2,INFANT,0,0.868049358180393,0.0162989508553375,188,0.6747826086956521,0,0,0,262,0.5460869565217391,0,0,0
LTP269,20,18,3,NURSE,0,0.8754698785726263,-0.0199401238825398,130,0.7756521739130435,0,0,0,322,0.4417391304347826,0,0,0
LTP269,20,18,4,CHAPEL,0,0.834615098387451,-0.0803782016776302,419,0.2730434782608696,0,0,0,440,0.2365217391304347,0,0,0
LTP269,20,18,5,CROSS,0,0.8764992613988883,0.0964118538448463,120,0.7930434782608695,0,0,0,106,0.817391304347826,0,0,0
LTP269,20,18,6,CUSTARD,0,0.871928961482466,-0.0254848102454513,149,0.7426086956521739,0,0,0,357,0.3808695652173913,0,0,0
LTP269,20,18,7,WITNESS,0,0.8235318908072191,0.0808854679135227,465,0.1930434782608695,0,0,0,135,0.7669565217391304,0,0,0
LTP269,20,18,8,AIRPORT,0,0.8424666182651794,-0.0122651301722082,369,0.36,0,0,0,311,0.4608695652173913,0,0,0
LTP269,20,18,9,BISON,0,0.8686700068009614,0.098505492664505,189,0.6730434782608696,0,0,0,101,0.8260869565217391,0,0,0
LTP269,20,18,10,YARN,0,0.8758352753767543,0.0729156813765503,126,0.782608695652174,0,0,0,145,0.7495652173913043,0,0,0
LTP269,20,18,11,SNAKE,0,0.8997222258485956,0.2324671585555158,10,0.9843478260869564,0,0,1,9,0.9860869565217392,0,0,1
LTP269,20,18,12,BLOCKADE,0,0.8560348851826463,-0.0909790920209599,257,0.5547826086956522,0,0,0,406,0.2956521739130434,0,0,0
LTP269,20,18,13,BRICK,0,0.8978364951891106,0.1657340496231371,16,0.9739130434782608,0,0,0,68,0.8834782608695653,0,0,0
LTP269,20,18,14,PUDDLE,0,0.8929062632463322,0.0375317943362232,34,0.942608695652174,0,0,0,214,0.6295652173913043,0,0,0
LTP269,20,18,15,MUFFIN,0,0.8544638175305953,-0.1147683563939272,273,0.5269565217391304,0,0,0,438,0.24,0,0,0
LTP269,20,18,16,PRIMATE,0,0.8349567713031228,-0.0597030409779674,385,0.3321739130434782,0,0,0,333,0.4226086956521739,0,0,0
LTP269,20,18,17,COUSIN,0,0.87268476707374,0.0570177600021962,160,0.7234782608695652,0,0,0,178,0.6921739130434783,0,0,0
LTP269,20,18,18,BURGLAR,1,0.8822079069399916,0.0233493080849007,92,0.8417391304347825,0,0,0,245,0.5756521739130435,0,0,0
LTP269,20,18,19,FIREMAN,0,0.8841658556496603,0.0293239211159948,82,0.8591304347826088,0,0,0,203,0.6486956521739131,0,0,0
LTP269,20,18,20,PALACE,0,0.86248773507284,0.1281213856864844,225,0.6104347826086957,0,0,0,78,0.8660869565217392,0,0,0
LTP269,20,18,21,PRINCESS,0,0.8944288248883429,0.4017574902764254,23,0.9617391304347828,0,0,0,1,1.0,1,1,1
LTP269,20,18,22,MASK,0,0.7971951806774695,-0.0817308317245414,524,0.0904347826086956,0,0,0,429,0.2556521739130435,0,0,0
LTP269,20,18,23,POWDER,0,0.8302271389494641,-0.1331894134597833,434,0.2469565217391304,0,0,0,500,0.1321739130434782,0,0,0
LTP269,20,18,24,FLOWER,1,0.8833360792391884,0.0202069782474992,74,0.8730434782608696,0,0,0,246,0.5739130434782609,0,0,0
LTP269,20,19,1,CEILING,1,0.8425343811179853,-0.0066788717298047,373,0.3530434782608695,0,0,0,290,0.4973913043478261,0,0,0
LTP269,20,19,2,GARBAGE,0,0.8796985541336595,-0.0896437634534895,92,0.8417391304347825,0,0,0,459,0.2034782608695652,0,0,0
LTP269,20,19,3,CAMEL,1,0.8891531468824199,0.1212277483800148,42,0.928695652173913,0,0,0,78,0.8660869565217392,0,0,0
LTP269,20,19,4,STOVE,1,0.8506329851806125,-0.0053108291168844,320,0.4452173913043478,0,0,0,315,0.4539130434782609,0,0,0
LTP269,20,19,5,PISTOL,1,0.8686309695767163,-0.0997575087901551,181,0.6869565217391305,0,0,0,468,0.1878260869565217,0,0,0
LTP269,20,19,6,EGYPT,1,0.8545847399820004,0.0678765778950381,287,0.5026086956521739,0,0,0,142,0.7547826086956522,0,0,0
LTP269,20,19,7,SPIDER,0,0.8720056756370255,0.1213699126060435,159,0.7252173913043478,0,0,0,71,0.8782608695652174,0,0,0
LTP269,20,19,8,COCOON,0,0.8146194969621853,-0.1767147595701012,498,0.1356521739130435,0,0,0,545,0.0539130434782608,0,0,0
LTP269,20,19,9,TRENCH,0,0.8277842476183749,-0.0837633324555507,453,0.2139130434782609,0,0,0,426,0.2608695652173913,0,0,0
LTP269,20,19,10,LAVA,0,0.7963498624926095,-0.0946557112432811,534,0.0730434782608695,0,0,0,486,0.1565217391304347,0,0,0
LTP269,20,19,11,LADY,0,0.8027487533045152,0.0464187399562232,523,0.0921739130434782,0,0,0,188,0.6747826086956521,0,0,0
LTP269,20,19,12,PLASTER,0,0.8041017229113201,-0.0628393683006846,523,0.0921739130434782,0,0,0,421,0.2695652173913043,0,0,0
LTP269,20,19,13,MACHINE,0,0.8369371595986932,-0.0699422573788902,421,0.2695652173913043,0,0,0,450,0.2191304347826087,0,0,0
LTP269,20,19,14,HOSTESS,0,0.8367334684724377,0.1078561862820965,422,0.2678260869565217,0,0,0,62,0.8939130434782608,0,0,0
LTP269,20,19,15,WAITER,0,0.8459216891835049,-0.1612208726838952,354,0.3860869565217391,0,0,0,546,0.0521739130434782,0,0,0
LTP269,20,19,16,ULCER,0,0.8441040077323351,-0.1584300456428027,364,0.3686956521739131,0,0,0,536,0.0695652173913043,0,0,0
LTP269,20,19,17,YOLK,0,0.8700696957055698,-0.1726055516010301,172,0.702608695652174,0,0,0,559,0.0295652173913043,0,0,0
LTP269,20,19,18,BREAST,1,0.8704828162346727,-0.0375835427963828,167,0.711304347826087,0,0,0,377,0.3460869565217391,0,0,0
LTP269,20,19,19,CIGAR,1,0.8613345785826669,-0.017767586579102,234,0.5947826086956522,0,0,0,320,0.4452173913043478,0,0,0
LTP269,20,19,20,MISTER,1,0.8202121622557399,0.1819541350304017,486,0.1565217391304347,0,0,0,23,0.9617391304347828,0,0,0
LTP269,20,19,21,FINGER,0,0.8932065787918707,0.0668550581139177,19,0.9686956521739132,0,0,0,147,0.7460869565217392,0,0,0
LTP269,20,19,22,PARROT,1,0.8491541774832392,-0.0923360287892217,339,0.4121739130434783,0,0,0,481,0.1652173913043478,0,0,0
LTP269,20,19,23,STATUE,1,0.8074292373604298,-0.12172178521574,511,0.1130434782608695,0,0,0,514,0.1078260869565217,0,0,0
LTP269,20,19,24,CONCERT,0,0.8081831636291191,-0.1082951556803481,507,0.12,0,0,0,496,0.1391304347826086,0,0,0
LTP269,20,20,1,MUMMY,0,0.858301684230028,-0.0462147629032953,258,0.5530434782608695,0,0,0,374,0.351304347826087,0,0,0
LTP269,20,20,2,LUGGAGE,0,0.8877894196047389,0.177126847620924,40,0.9321739130434784,0,0,0,33,0.9443478260869566,0,0,0
LTP269,20,20,3,CANAL,0,0.8653200682664569,-0.0785308309049998,213,0.6313043478260869,0,0,0,444,0.2295652173913043,0,0,0
LTP269,20,20,4,RIVER,0,0.8731576570438415,0.0174871085942142,141,0.7565217391304347,0,0,0,258,0.5530434782608695,0,0,0
LTP269,20,20,5,JUGGLER,0,0.8503013129581722,0.0380848240765565,325,0.4365217391304348,0,0,0,188,0.6747826086956521,0,0,0
LTP269,20,20,6,CLOUD,0,0.8511017726270932,0.0107798952728616,316,0.4521739130434783,0,0,0,268,0.5356521739130435,0,0,0
LTP269,20,20,7,DRESSER,0,0.8547313598160482,0.1650660420583313,281,0.5130434782608695,0,0,0,42,0.928695652173913,0,0,0
LTP269,20,20,8,TOURIST,0,0.8589702814216276,-0.142876900881428,257,0.5547826086956522,0,0,0,529,0.0817391304347826,0,0,0
LTP269,20,20,9,VICTIM,0,0.8147390538326955,-0.0728254574532555,494,0.1426086956521739,0,0,0,433,0.2486956521739131,0,0,0
LTP269,20,20,10,SPHINX,0,0.862327353722269,-0.0766835385136521,225,0.6104347826086957,0,0,0,441,0.2347826086956521,0,0,0
LTP269,20,20,11,LODGE,0,0.8729606857497759,0.1644538849952652,144,0.751304347826087,0,0,0,44,0.9252173913043478,0,0,0
LTP269,20,20,12,WINDOW,0,0.8381282550696462,-0.0156077477503035,403,0.3008695652173913,0,0,0,313,0.457391304347826,0,0,0
LTP269,20,20,13,DANCER,0,0.8885917501019197,0.0529577884264771,36,0.9391304347826088,0,0,0,174,0.6991304347826087,0,0,0
LTP269,20,20,14,LEG,0,0.8478683297127204,0.2455413896999702,340,0.4104347826086957,0,0,0,10,0.9843478260869564,0,0,1
LTP269,20,20,15,HORNET,0,0.8727012466695386,0.0532995238490271,145,0.7495652173913043,0,0,0,176,0.6956521739130435,0,0,0
LTP269,20,20,16,GRIZZLY,1,0.8663066225460826,0.1993246517553346,200,0.6539130434782608,0,0,0,30,0.9495652173913044,0,0,0
LTP269,20,20,17,BEAST,1,0.8061109581260111,0.0316061298295133,509,0.1165217391304347,0,0,0,210,0.6365217391304347,0,0,0
LTP269,20,20,18,BROOK,1,0.8425545370073502,-0.0366936720456438,368,0.3617391304347825,0,0,0,367,0.3634782608695652,0,0,0
LTP269,20,20,19,FIREPLACE,1,0.8770297093401237,0.0074136119524415,110,0.8104347826086956,0,0,0,282,0.511304347826087,0,0,0
LTP269,20,20,20,STAKE,1,0.8177098433132469,-0.0625349709335462,487,0.1547826086956522,0,0,0,414,0.2817391304347826,0,0,0
LTP269,20,20,21,FIDDLE,1,0.903293139067556,0.1718736464121336,2,0.9982608695652174,0,1,1,36,0.9391304347826088,0,0,0
LTP269,20,20,22,SLIDE,0,0.8738713068402528,0.2107286965238178,134,0.768695652173913,0,0,0,14,0.977391304347826,0,0,0
LTP269,20,20,23,SMOG,0,0.8535425015900839,-0.1013462176363928,300,0.48,0,0,0,479,0.168695652173913,0,0,0
LTP269,20,20,24,LABEL,0,0.8548684003037176,-0.1143580642919203,281,0.5130434782608695,0,0,0,488,0.1530434782608696,0,0,0
LTP269,20,21,1,HEDGE,0,0.8597955355726887,0.2685750371775973,250,0.5669565217391304,0,0,0,4,0.9947826086956522,0,1,1
LTP269,20,21,2,DENIM,1,0.8598081050761995,-0.0836062037910863,249,0.568695652173913,0,0,0,442,0.2330434782608695,0,0,0
LTP269,20,21,3,TURTLE,0,0.8963288684297559,0.0636954907412509,15,0.9756521739130436,0,0,0,167,0.711304347826087,0,0,0
LTP269,20,21,4,SHRUB,0,0.8630012224289365,0.152008138742538,225,0.6104347826086957,0,0,0,57,0.902608695652174,0,0,0
LTP269,20,21,5,BRANCH,0,0.8423331681337071,-0.0969269255619905,381,0.3391304347826087,0,0,0,466,0.1913043478260869,0,0,0
LTP269,20,21,6,HOOK,0,0.8910794994259693,0.0686006415039555,32,0.9460869565217392,0,0,0,167,0.711304347826087,0,0,0
LTP269,20,21,7,TWEEZERS,0,0.8446058388918092,0.1022191145551755,369,0.36,0,0,0,99,0.8295652173913044,0,0,0
LTP269,20,21,8,LAMP,0,0.8380652552517511,-0.0088744730394658,401,0.3043478260869565,0,0,0,310,0.4626086956521739,0,0,0
LTP269,20,21,9,FLASHLIGHT,0,0.847226085744792,0.1475864894615624,346,0.4,0,0,0,65,0.888695652173913,0,0,0
LTP269,20,21,10,TABLET,0,0.8724507595528865,0.0732989209874966,142,0.7547826086956522,0,0,0,159,0.7252173913043478,0,0,0
LTP269,20,21,11,WIFE,0,0.7906017534983278,0.074077458223133,547,0.0504347826086956,0,0,0,134,0.768695652173913,0,0,0
LTP269,20,21,12,LACE,0,0.8168591012060501,0.0017055559878985,488,0.1530434782608696,0,0,0,281,0.5130434782608695,0,0,0
LTP269,20,21,13,PARENT,0,0.792591778892254,-0.0887032086898585,540,0.0626086956521738,0,0,0,452,0.2156521739130434,0,0,0
LTP269,20,21,14,SISTER,0,0.7954696280811011,-0.007612013894546,529,0.0817391304347826,0,0,0,303,0.4747826086956521,0,0,0
LTP269,20,21,15,GHETTO,0,0.8804734745051888,0.0055843642769675,77,0.8678260869565217,0,0,0,278,0.5182608695652173,0,0,0
LTP269,20,21,16,HEADBAND,0,0.8698121837425955,0.0927225637626513,169,0.7078260869565217,0,0,0,132,0.7721739130434783,0,0,0
LTP269,20,21,17,PISTON,0,0.873936294538964,-0.0665538203979943,131,0.7739130434782608,0,0,0,413,0.2834782608695652,0,0,0
LTP269,20,21,18,HOOD,0,0.8753544545311311,0.0782355569100362,125,0.7843478260869565,0,0,0,148,0.7443478260869565,0,0,0
LTP269,20,21,19,PIGMENT,0,0.8787652399566368,-0.0175179083752849,98,0.831304347826087,0,0,0,330,0.4278260869565217,0,0,0
LTP269,20,21,20,KIDNEY,1,0.8609902616450985,0.1265101779913068,245,0.5756521739130435,0,0,0,80,0.8626086956521739,0,0,0
LTP269,20,21,21,RABBIT,1,0.8300902093150548,0.1085655784234209,446,0.2260869565217391,0,0,0,100,0.8278260869565217,0,0,0
LTP269,20,21,22,VAGRANT,1,0.8450673913793966,-0.0332076997393956,363,0.3704347826086956,0,0,0,349,0.3947826086956522,0,0,0
LTP269,20,21,23,PICNIC,1,0.8303619397716593,-0.0436069210445316,444,0.2295652173913043,0,0,0,378,0.3443478260869566,0,0,0
LTP269,20,21,24,KITCHEN,1,0.878573400356725,-0.0192773601813919,92,0.8417391304347825,0,0,0,323,0.4399999999999999,0,0,0
LTP269,20,22,1,SCARECROW,0,0.8903684344509324,0.0063354240344197,37,0.937391304347826,0,0,0,269,0.5339130434782609,0,0,0
LTP269,20,22,2,PEANUT,0,0.8711821139307657,-0.0393241688072783,163,0.7182608695652174,0,0,0,365,0.3669565217391304,0,0,0
LTP269,20,22,3,STALLION,1,0.8616269025282862,0.0389161460068413,243,0.5791304347826087,0,0,0,218,0.6226086956521739,0,0,0
LTP269,20,22,4,SNAIL,0,0.8781259024270109,0.064575697688076,91,0.8434782608695652,0,0,0,169,0.7078260869565217,0,0,0
LTP269,20,22,5,VELVET,0,0.870283798670901,0.0298464203156136,167,0.711304347826087,0,0,0,227,0.6069565217391304,0,0,0
LTP269,20,22,6,NOMAD,0,0.8115397447246935,-0.0876240881774632,495,0.1408695652173913,0,0,0,448,0.2226086956521739,0,0,0
LTP269,20,22,7,COWBOY,1,0.8580141112149273,0.017904482075687,270,0.5321739130434783,0,0,0,246,0.5739130434782609,0,0,0
LTP269,20,22,8,GLOBE,0,0.837506595091881,-0.0031557481355368,410,0.288695652173913,0,0,0,297,0.4852173913043478,0,0,0
LTP269,20,22,9,CRAYON,0,0.8892067098887659,-0.1693472856742484,34,0.942608695652174,0,0,0,527,0.0852173913043478,0,0,0
LTP269,20,22,10,CHAUFFEUR,0,0.8442858387818074,-0.0733987586144342,362,0.3721739130434782,0,0,0,437,0.2417391304347825,0,0,0
LTP269,20,22,11,HATCHET,1,0.8649883984294147,0.2363702083081278,212,0.6330434782608696,0,0,0,18,0.9704347826086956,0,0,0
LTP269,20,22,12,KNIFE,0,0.833218701886879,0.1911940047728369,435,0.2452173913043478,0,0,0,48,0.9182608695652174,0,0,0
LTP269,20,22,13,DANDRUFF,0,0.8987641460456116,0.2529435964883603,6,0.991304347826087,0,0,1,14,0.977391304347826,0,0,0
LTP269,20,22,14,HOUND,0,0.8952465130524473,0.1019037501429353,18,0.9704347826086956,0,0,0,129,0.7773913043478261,0,0,0
LTP269,20,22,15,PUPPY,0,0.8844123167159813,-0.0440306475105396,56,0.9043478260869564,0,0,0,371,0.3565217391304348,0,0,0
LTP269,20,22,16,SIBLING,0,0.8553908810738192,0.0248529801612278,285,0.5060869565217392,0,0,0,248,0.5704347826086957,0,0,0
LTP269,20,22,17,SADDLE,0,0.8702520572085967,0.1586488394431368,157,0.728695652173913,0,0,0,55,0.9060869565217392,0,0,0
LTP269,20,22,18,SURVEY,0,0.8262261311610662,-0.138034236607995,461,0.1999999999999999,0,0,0,507,0.12,0,0,0
LTP269,20,22,19,FARMER,0,0.8160463322863882,-0.0203070664463435,488,0.1530434782608696,0,0,0,330,0.4278260869565217,0,0,0
LTP269,20,22,20,FLESH,0,0.8473895334414683,0.1087831442625252,342,0.4069565217391304,0,0,0,101,0.8260869565217391,0,0,0
LTP269,20,22,21,RECORD,0,0.8460463338615571,-0.2294027768765009,350,0.3930434782608696,0,0,0,563,0.0226086956521739,0,0,0
LTP269,20,22,22,YACHT,0,0.8784390855372319,-0.0090480900091813,87,0.8504347826086956,0,0,0,321,0.4434782608695652,0,0,0
LTP269,20,22,23,SAUSAGE,0,0.826221129798465,-0.077613029698886,453,0.2139130434782609,0,0,0,453,0.2139130434782609,0,0,0
LTP269,20,22,24,LIVER,0,0.8207249027397686,0.0371679258813157,475,0.1756521739130434,0,0,0,216,0.6260869565217391,0,0,0
LTP269,20,23,1,BUG,0,0.8371040840831385,0.0041313190532819,417,0.2765217391304347,0,0,0,275,0.5234782608695652,0,0,0
LTP269,20,23,2,HANDBAG,0,0.8803681231172519,0.2203439130865433,75,0.8713043478260869,0,0,0,16,0.9739130434782608,0,0,0
LTP269,20,23,3,PENGUIN,0,0.895039449229391,-0.0469295431279887,17,0.9721739130434782,0,0,0,378,0.3443478260869566,0,0,0
LTP269,20,23,4,HUSBAND,0,0.8500186281264441,0.1400079680411844,326,0.4347826086956522,0,0,0,47,0.92,0,0,0
LTP269,20,23,5,LETTUCE,0,0.8791298262564684,-0.0476976683967572,81,0.8608695652173913,0,0,0,397,0.3113043478260869,0,0,0
LTP269,20,23,6,RUST,0,0.8545382390252667,-0.059039124150608,296,0.4869565217391304,0,0,0,390,0.3234782608695652,0,0,0
LTP269,20,23,7,THRONE,0,0.8574308499616989,0.0849037020844347,273,0.5269565217391304,0,0,0,149,0.7426086956521739,0,0,0
LTP269,20,23,8,COUCH,0,0.8399372222632331,-0.0199893174552633,393,0.3182608695652174,0,0,0,331,0.4260869565217391,0,0,0
LTP269,20,23,9,TABLE,0,0.8465664558255469,0.0880604638784459,350,0.3930434782608696,0,0,0,103,0.8226086956521739,0,0,0
LTP269,20,23,10,ROD,0,0.8409908786523952,-0.0522722589867221,390,0.3234782608695652,0,0,0,385,0.3321739130434782,0,0,0
LTP269,20,23,11,SANDWICH,0,0.8938774752530039,0.0302438001016156,14,0.977391304347826,0,0,0,243,0.5791304347826087,0,0,0
LTP269,20,23,12,TRUCK,0,0.8420227148872017,-0.0349062317039261,385,0.3321739130434782,0,0,0,363,0.3704347826086956,0,0,0
LTP269,20,23,13,GUARD,0,0.8679449389203295,-0.156887984325887,171,0.7043478260869565,0,0,0,519,0.0991304347826087,0,0,0
LTP269,20,23,14,POET,0,0.8136609605037094,-0.030587891796131,499,0.1339130434782608,0,0,0,351,0.3913043478260869,0,0,0
LTP269,20,23,15,BEEF,0,0.8096906194578787,0.0023582601894759,504,0.1252173913043478,0,0,0,273,0.5269565217391304,0,0,0
LTP269,20,23,16,TRACTOR,0,0.8387682950338208,-0.0592432083467424,407,0.2939130434782608,0,0,0,402,0.3026086956521739,0,0,0
LTP269,20,23,17,PORTRAIT,1,0.8787670803575888,-0.0001453331698744,83,0.8573913043478261,0,0,0,278,0.5182608695652173,0,0,0
LTP269,20,23,18,GRILL,1,0.8676555938414358,-0.0877594588323603,184,0.6817391304347826,0,0,0,448,0.2226086956521739,0,0,0
LTP269,20,23,19,CABBAGE,1,0.8394108612149664,-0.0994204352261381,397,0.3113043478260869,0,0,0,489,0.1513043478260869,0,0,0
LTP269,20,23,20,DUSTPAN,1,0.8822345424124198,0.2515431437132519,62,0.8939130434782608,0,0,0,9,0.9860869565217392,0,0,1
LTP269,20,23,21,DUST,1,0.8447459006729399,-0.0495014567742827,359,0.3773913043478261,0,0,0,379,0.3426086956521739,0,0,0
LTP269,20,23,22,WARDROBE,0,0.8942596228398739,0.072732076846162,17,0.9721739130434782,0,0,0,135,0.7669565217391304,0,0,0
LTP269,20,23,23,SCRIBBLE,0,0.8258505961501679,-0.0265375526707616,458,0.2052173913043478,0,0,0,343,0.4052173913043478,0,0,0
LTP269,20,23,24,SODA,1,0.7921198756552694,-0.0804526519226606,540,0.0626086956521738,0,0,0,444,0.2295652173913043,0,0,0
LTP269,20,24,1,ASIA,0,0.7941611225836259,0.0600232945289455,546,0.0521739130434782,0,0,0,157,0.728695652173913,0,0,0
LTP269,20,24,2,STAR,0,0.8403412498589531,0.0697613324937585,386,0.3304347826086956,0,0,0,131,0.7739130434782608,0,0,0
LTP269,20,24,3,SHIRT,0,0.8548404599979573,-0.0538597749724163,269,0.5339130434782609,0,0,0,416,0.2782608695652173,0,0,0
LTP269,20,24,4,LAPEL,0,0.8477279832918652,0.0301080457118624,324,0.4382608695652173,0,0,0,210,0.6365217391304347,0,0,0
LTP269,20,24,5,SERVANT,0,0.7934483086797548,-0.1104459731366763,536,0.0695652173913043,0,0,0,515,0.1060869565217391,0,0,0
LTP269,20,24,6,WAITRESS,0,0.8401626208840811,0.0040889762658305,385,0.3321739130434782,0,0,0,266,0.5391304347826087,0,0,0
LTP269,20,24,7,WRIST,0,0.8681905655234695,-0.0851895161409832,150,0.7408695652173913,0,0,0,459,0.2034782608695652,0,0,0
LTP269,20,24,8,FLAG,0,0.7868659413051375,-0.0365098750559053,551,0.0434782608695651,0,0,0,365,0.3669565217391304,0,0,0
LTP269,20,24,9,JAPAN,0,0.7996529729963499,0.1032937647273014,531,0.0782608695652173,0,0,0,96,0.8347826086956522,0,0,0
LTP269,20,24,10,COLLEGE,0,0.8680420941256708,-0.0741853531128445,147,0.7460869565217392,0,0,0,442,0.2330434782608695,0,0,0
LTP269,20,24,11,GAVEL,0,0.7997019342363947,0.2088572066310774,530,0.0799999999999999,0,0,0,16,0.9739130434782608,0,0,0
LTP269,20,24,12,DONKEY,0,0.8824122803629683,-0.1186324070138584,43,0.9269565217391303,0,0,0,508,0.1182608695652174,0,0,0
LTP269,20,24,13,BRACES,0,0.8630323770850312,0.0185988396174974,196,0.6608695652173913,0,0,0,242,0.5808695652173913,0,0,0
LTP269,20,24,14,CRITIC,0,0.8210387442446453,0.0729793897354497,469,0.1860869565217391,0,0,0,139,0.76,0,0,0
LTP269,20,24,15,THIEF,0,0.8441575135507435,0.0862950978041645,354,0.3860869565217391,0,0,0,106,0.817391304347826,0,0,0
LTP269,20,24,16,CHILD,0,0.8352229383528025,-0.0842122585562829,407,0.2939130434782608,0,0,0,457,0.2069565217391304,0,0,0
LTP269,20,24,17,GROUND,0,0.8205545459018341,-0.0302612843108129,470,0.1843478260869565,0,0,0,355,0.3843478260869565,0,0,0
LTP269,20,24,18,MAMMAL,1,0.7996704789102769,-0.0730330856484441,520,0.097391304347826,0,0,0,454,0.2121739130434782,0,0,0
LTP269,20,24,19,BLADE,0,0.8728162899419606,-0.1803589028606889,93,0.84,0,0,0,557,0.0330434782608696,0,0,0
LTP269,20,24,20,OUTLAW,1,0.8725644279123382,0.0107794122279952,103,0.8226086956521739,0,0,0,245,0.5756521739130435,0,0,0
LTP269,20,24,21,OUTDOORS,1,0.8115261120102001,-0.1871280624936402,503,0.1269565217391304,0,0,0,560,0.0278260869565217,0,0,0
LTP269,20,24,22,PANTHER,1,0.8496269917571844,-0.0030627236002034,295,0.4886956521739131,0,0,0,275,0.5234782608695652,0,0,0
LTP269,20,24,23,CRIB,1,0.8474638637781153,0.1677368526998558,320,0.4452173913043478,0,0,0,19,0.9686956521739132,0,0,0
LTP269,20,24,24,AIRPLANE,0,0.8590123099359851,0.1112973790205617,231,0.6,0,0,0,51,0.9130434782608696,0,0,0
LTP303,22,1,1,PADDING,1,0.8613156429797073,0.0167926118283275,171,0.7043478260869565,0,0,0,235,0.5930434782608696,0,0,0
LTP303,22,1,2,CELLAR,1,0.8492803914437942,-0.1296503749532337,269,0.5339130434782609,0,0,0,537,0.0678260869565217,0,0,0
LTP303,22,1,3,HORNET,1,0.8537164112258399,-0.0740800693705505,229,0.6034782608695652,0,0,0,472,0.1808695652173912,0,0,0
LTP303,22,1,4,WASP,1,0.8109421573273705,-0.0586727378687443,463,0.1965217391304348,0,0,0,416,0.2782608695652173,0,0,0
LTP303,22,1,5,PLAYGROUND,1,0.8535233363573808,-0.0028026882969183,251,0.5652173913043479,0,0,0,279,0.5165217391304349,0,0,0
LTP303,22,1,6,SIDEWALK,1,0.8664739251845419,-0.0424429267249183,155,0.7321739130434783,0,0,0,368,0.3617391304347825,0,0,0
LTP303,22,1,7,SEAGULL,1,0.8834418337504278,0.0637472452541071,40,0.9321739130434784,0,0,0,152,0.7373913043478261,0,0,0
LTP303,22,1,8,TABLE,1,0.8327470061930808,-0.0674014950114685,402,0.3026086956521739,0,0,0,417,0.2765217391304347,0,0,0
LTP303,22,1,9,SPONGE,1,0.8680088171660774,0.0895535614424134,149,0.7426086956521739,0,0,0,118,0.7965217391304348,0,0,0
LTP303,22,1,10,COSTUME,1,0.8728127026310414,0.093487542217614,109,0.8121739130434783,0,0,0,109,0.8121739130434783,0,0,0
LTP303,22,1,11,POWDER,1,0.8389882419765293,0.1186708550729552,373,0.3530434782608695,0,0,0,80,0.8626086956521739,0,0,0
LTP303,22,1,12,TUTU,1,0.8068456390983647,0.1397826441982568,489,0.1513043478260869,0,0,0,64,0.8904347826086957,0,0,0
LTP303,22,1,13,GARBAGE,1,0.8808497205079105,0.0413130095098569,59,0.8991304347826087,0,0,0,202,0.6504347826086956,0,0,0
LTP303,22,1,14,PIANO,1,0.8560824058262317,0.1042688292563151,255,0.5582608695652174,0,0,0,104,0.8208695652173913,0,0,0
LTP303,22,1,15,BATHTUB,1,0.8619444476945833,0.2619743654309768,199,0.6556521739130434,0,0,0,7,0.9895652173913044,0,0,1
LTP303,22,1,16,CRAYON,1,0.8964323604997438,0.1309068375716976,11,0.982608695652174,0,0,0,80,0.8626086956521739,0,0,0
LTP303,22,1,17,SLOPE,1,0.8549944677357885,-0.0403486181522121,256,0.5565217391304348,0,0,0,373,0.3530434782608695,0,0,0
LTP303,22,1,18,LAVA,1,0.7876511391790566,-0.0677736494818459,524,0.0904347826086956,0,0,0,421,0.2695652173913043,0,0,0
LTP303,22,1,19,QUARTER,1,0.8373513906966634,0.0117050346324078,370,0.3582608695652174,0,0,0,256,0.5565217391304348,0,0,0
LTP303,22,1,20,TUBA,1,0.8677481077229966,0.2810107284344557,155,0.7321739130434783,0,0,0,9,0.9860869565217392,0,0,1
LTP303,22,1,21,HOOK,1,0.8929741677251588,0.1360265414463518,19,0.9686956521739132,0,0,0,61,0.8956521739130435,0,0,0
LTP303,22,1,22,BOYFRIEND,1,0.8628912651399823,-0.0507422321141197,202,0.6504347826086956,0,0,0,400,0.3060869565217391,0,0,0
LTP303,22,1,23,HATCHET,1,0.8494600165132254,-0.0170722247747459,282,0.511304347826087,0,0,0,306,0.4695652173913043,0,0,0
LTP303,22,1,24,KNIFE,1,0.826551538194055,0.0649121373875241,431,0.2521739130434782,0,0,0,151,0.7391304347826086,0,0,0
LTP303,22,2,1,MEAT,1,0.8519760452670567,-0.0250717283357446,281,0.5130434782608695,0,0,0,311,0.4608695652173913,0,0,0
LTP303,22,2,2,BEEF,1,0.8002186334295209,-0.0588962186812665,514,0.1078260869565217,0,0,0,396,0.3130434782608695,0,0,0
LTP303,22,2,3,OYSTER,1,0.8569818345623558,-0.0453967706029541,240,0.5843478260869566,0,0,0,367,0.3634782608695652,0,0,0
LTP303,22,2,4,RIFLE,1,0.8638841226242435,0.1444110058786466,173,0.7008695652173913,0,0,0,40,0.9321739130434784,0,0,0
LTP303,22,2,5,ANKLE,1,0.8627949544817713,0.0562858603070934,173,0.7008695652173913,0,0,0,190,0.671304347826087,0,0,0
LTP303,22,2,6,PIMPLE,1,0.8672229107487265,0.0573759036907387,133,0.7704347826086957,0,0,0,188,0.6747826086956521,0,0,0
LTP303,22,2,7,BLADE,1,0.875620252266368,-0.1040463881020639,73,0.8747826086956522,0,0,0,445,0.2278260869565217,0,0,0
LTP303,22,2,8,CLIMBER,1,0.8301269888588498,0.0411092818184556,439,0.2382608695652174,0,0,0,190,0.671304347826087,0,0,0
LTP303,22,2,9,SUMMIT,1,0.8380889015848787,-0.0932418923862256,394,0.3165217391304348,0,0,0,488,0.1530434782608696,0,0,0
LTP303,22,2,10,SISTER,1,0.7850301225452802,-0.098137028610369,553,0.04,0,0,0,488,0.1530434782608696,0,0,0
LTP303,22,2,11,FLIPPER,1,0.8424948752987215,0.0610456301830113,362,0.3721739130434782,0,0,0,133,0.7704347826086957,0,0,0
LTP303,22,2,12,MARKER,1,0.8635608535853861,-0.033562242569223,161,0.7217391304347827,0,0,0,350,0.3930434782608696,0,0,0
LTP303,22,2,13,COMET,1,0.8373250020810631,0.0232451458630474,397,0.3113043478260869,0,0,0,231,0.6,0,0,0
LTP303,22,2,14,PILOT,1,0.8834848792135341,-0.007638084661908,41,0.9304347826086956,0,0,0,284,0.5078260869565218,0,0,0
LTP303,22,2,15,DRINK,1,0.8179049900616484,0.0326877264850791,478,0.1704347826086956,0,0,0,200,0.6539130434782608,0,0,0
LTP303,22,2,16,MEDAL,0,0.8381896640683277,-0.2357984094253742,393,0.3182608695652174,0,0,0,560,0.0278260869565217,0,0,0
LTP303,22,2,17,POCKET,0,0.863689741850492,0.1918558642858221,190,0.671304347826087,0,0,0,17,0.9721739130434782,0,0,0
LTP303,22,2,18,PARROT,1,0.8483439752245748,0.0380371617180272,302,0.4765217391304348,0,0,0,218,0.6226086956521739,0,0,0
LTP303,22,2,19,FOOT,1,0.7953962375111533,0.1535408394570216,531,0.0782608695652173,0,0,0,48,0.9182608695652174,0,0,0
LTP303,22,2,20,HEART,1,0.8591905874253405,-0.1854015758082715,209,0.6382608695652174,0,0,0,530,0.0799999999999999,0,0,0
LTP303,22,2,21,RAZOR,1,0.8433310504094124,-0.0131875469743983,345,0.4017391304347826,0,0,0,306,0.4695652173913043,0,0,0
LTP303,22,2,22,TWEEZERS,1,0.8416552058939037,0.0785060081969368,364,0.3686956521739131,0,0,0,112,0.8069565217391305,0,0,0
LTP303,22,2,23,NECKLACE,1,0.89558163266979,0.0162117483582366,7,0.9895652173913044,0,0,1,218,0.6226086956521739,0,0,0
LTP303,22,2,24,BULLET,1,0.8609855731369278,0.0220312043899081,222,0.6156521739130435,0,0,0,217,0.6243478260869566,0,0,0
LTP303,22,3,1,CRITIC,1,0.8193407848944657,0.0463537115264817,476,0.1739130434782608,0,0,0,165,0.7147826086956521,0,0,0
LTP303,22,3,2,CUSTARD,0,0.8766059790687264,0.1373629493934724,83,0.8573913043478261,0,0,0,49,0.9165217391304348,0,0,0
LTP303,22,3,3,TORTOISE,1,0.8886928461221302,-0.0201952904365578,19,0.9686956521739132,0,0,0,317,0.4504347826086956,0,0,0
LTP303,22,3,4,HEADBAND,1,0.8581148971916194,-0.0805604900394009,231,0.6,0,0,0,440,0.2365217391304347,0,0,0
LTP303,22,3,5,VIKING,1,0.8096518788255164,-0.0364555976811288,505,0.1234782608695652,0,0,0,354,0.3860869565217391,0,0,0
LTP303,22,3,6,ARM,1,0.8242444118485871,-0.0160390603774708,459,0.2034782608695652,0,0,0,291,0.4956521739130435,0,0,0
LTP303,22,3,7,ISLAND,1,0.7831202948361569,0.2554010458058364,562,0.0243478260869565,0,0,0,10,0.9843478260869564,0,0,1
LTP303,22,3,8,STUDENT,1,0.8297090851219512,-0.0004049834589969,435,0.2452173913043478,0,0,0,277,0.52,0,0,0
LTP303,22,3,9,CLAM,1,0.7882804741333727,0.0056214912570037,556,0.0347826086956521,0,0,0,268,0.5356521739130435,0,0,0
LTP303,22,3,10,WARDROBE,1,0.8902754353716545,0.028198003385755,7,0.9895652173913044,0,0,1,221,0.6173913043478261,0,0,0
LTP303,22,3,11,COUNTRY,1,0.8426803788428893,0.1354606079192024,359,0.3773913043478261,0,0,0,52,0.9113043478260868,0,0,0
LTP303,22,3,12,JAPAN,1,0.8009851184348669,0.1116461318943545,529,0.0817391304347826,0,0,0,68,0.8834782608695653,0,0,0
LTP303,22,3,13,AWARD,1,0.8392626283333056,0.0343272746047115,390,0.3234782608695652,0,0,0,199,0.6556521739130434,0,0,0
LTP303,22,3,14,SALAD,1,0.8595895312944629,-0.036830658485712,208,0.64,0,0,0,344,0.4034782608695652,0,0,0
LTP303,22,3,15,JURY,1,0.8371109461652898,0.0228603448447665,401,0.3043478260869565,0,0,0,208,0.64,0,0,0
LTP303,22,3,16,PIZZA,1,0.8331165173676124,0.0034430308324035,425,0.2626086956521739,0,0,0,262,0.5460869565217391,0,0,0
LTP303,22,3,17,SANDWICH,1,0.888775364131047,-0.0109195868207435,13,0.9791304347826086,0,0,0,290,0.4973913043478261,0,0,0
LTP303,22,3,18,FOX,1,0.7994838545784541,0.0457199344248542,530,0.0799999999999999,0,0,0,194,0.6643478260869565,0,0,0
LTP303,22,3,19,TWISTER,1,0.8466712928762118,-0.0521982979275824,328,0.4313043478260869,0,0,0,392,0.3199999999999999,0,0,0
LTP303,22,3,20,DORM,1,0.7925397101546809,0.1422372747027307,553,0.04,0,0,0,48,0.9182608695652174,0,0,0
LTP303,22,3,21,SHELTER,1,0.8338207424949448,0.018955394216088,419,0.2730434782608696,0,0,0,236,0.5913043478260869,0,0,0
LTP303,22,3,22,WRIST,1,0.8697068659146289,-0.0144532681981438,122,0.7895652173913044,0,0,0,302,0.4765217391304348,0,0,0
LTP303,22,3,23,CARROT,1,0.8514512756077163,-0.0025713824733663,285,0.5060869565217392,0,0,0,283,0.5095652173913043,0,0,0
LTP303,22,3,24,PISTOL,1,0.8773417109960274,0.1635972061433747,67,0.8852173913043478,0,0,0,32,0.9460869565217392,0,0,0
LTP303,22,4,1,HERO,1,0.8566279984594595,-0.0988899280858744,263,0.5443478260869565,0,0,0,445,0.2278260869565217,0,0,0
LTP303,22,4,2,PEACH,1,0.838255057179401,0.0163422690964011,392,0.3199999999999999,0,0,0,250,0.5669565217391304,0,0,0
LTP303,22,4,3,ROBOT,1,0.8360641522942484,-0.1609935724687622,410,0.288695652173913,0,0,0,536,0.0695652173913043,0,0,0
LTP303,22,4,4,SAUSAGE,0,0.8319101228075029,0.0899564251954889,430,0.2539130434782608,0,0,0,121,0.7913043478260869,0,0,0
LTP303,22,4,5,CONTRACT,1,0.8026208211997146,-0.1250856701264102,522,0.0939130434782609,0,0,0,493,0.1443478260869565,0,0,0
LTP303,22,4,6,CANAL,1,0.8623004745484415,-0.116602373791263,218,0.6226086956521739,0,0,0,479,0.168695652173913,0,0,0
LTP303,22,4,7,IDOL,0,0.8035411886369224,0.2336327727322649,519,0.0991304347826087,0,0,0,19,0.9686956521739132,0,0,0
LTP303,22,4,8,COUNTY,1,0.8351320106547696,-0.0881484997431285,410,0.288695652173913,0,0,0,440,0.2365217391304347,0,0,0
LTP303,22,4,9,SMOG,1,0.8489394278558529,0.1085591914480638,195,0.662608695652174,0,0,0,139,0.76,0,0,0
LTP303,22,4,10,UMPIRE,1,0.8633000896624441,0.1468072262377595,182,0.6852173913043478,0,0,0,78,0.8660869565217392,0,0,0
LTP303,22,4,11,HOOD,1,0.8758062447572411,0.1400463990203219,96,0.8347826086956522,0,0,0,77,0.8678260869565217,0,0,0
LTP303,22,4,12,MACHINE,1,0.822451381336623,-0.2219910221269373,463,0.1965217391304348,0,0,0,567,0.0156521739130435,0,0,0
LTP303,22,4,13,COIN,1,0.8361078635830771,-0.0175699352990823,397,0.3113043478260869,0,0,0,307,0.4678260869565217,0,0,0
LTP303,22,4,14,STAKE,1,0.8238744694442336,0.0705172478647836,465,0.1930434782608695,0,0,0,121,0.7913043478260869,0,0,0
LTP303,22,4,15,BOARD,0,0.7779715714362287,-0.078172382366638,567,0.0156521739130435,0,0,0,426,0.2608695652173913,0,0,0
LTP303,22,4,16,DONKEY,1,0.8936845830569076,0.1124338407405706,11,0.982608695652174,0,0,0,58,0.9008695652173913,0,0,0
LTP303,22,4,17,FOREHEAD,1,0.8244026786464274,0.0511248332950476,464,0.1947826086956522,0,0,0,159,0.7252173913043478,0,0,0
LTP303,22,4,18,WIDOW,0,0.8449278550126906,-0.0153119234768746,353,0.3878260869565217,0,0,0,328,0.4313043478260869,0,0,0
LTP303,22,4,19,RELISH,1,0.8446706914758518,0.0776126773396252,343,0.4052173913043478,0,0,0,145,0.7495652173913043,0,0,0
LTP303,22,4,20,MUSTARD,1,0.7792497849885672,0.0914866609452377,565,0.0191304347826086,0,0,0,84,0.8556521739130435,0,0,0
LTP303,22,4,21,LACE,1,0.8059843023833783,-0.1405522687334177,510,0.1147826086956521,0,0,0,535,0.0713043478260869,0,0,0
LTP303,22,4,22,SKIRT,1,0.8550904258952551,-0.0027032990142889,281,0.5130434782608695,0,0,0,293,0.4921739130434782,0,0,0
LTP303,22,4,23,YOLK,1,0.8772078331304651,0.1017195054369567,93,0.84,0,0,0,83,0.8573913043478261,0,0,0
LTP303,22,4,24,WHISTLE,0,0.8812460399872774,0.0892549284562456,62,0.8939130434782608,0,0,0,105,0.8191304347826087,0,0,0
LTP303,22,5,1,STICKER,1,0.8603688046749407,0.0419379008144488,240,0.5843478260869566,0,0,0,189,0.6730434782608696,0,0,0
LTP303,22,5,2,WAGON,1,0.8555985390515226,0.0770606972185578,274,0.5252173913043479,0,0,0,134,0.768695652173913,0,0,0
LTP303,22,5,3,FINGER,1,0.8888733718213572,-0.0716304361012975,34,0.942608695652174,0,0,0,423,0.2660869565217391,0,0,0
LTP303,22,5,4,CASKET,1,0.8919633275101787,0.0113937969204807,29,0.951304347826087,0,0,0,252,0.5634782608695652,0,0,0
LTP303,22,5,5,GREASE,1,0.8674162091682825,0.1761240028127282,195,0.662608695652174,0,0,0,32,0.9460869565217392,0,0,0
LTP303,22,5,6,SADDLE,1,0.8660866020584272,0.0753413521215006,200,0.6539130434782608,0,0,0,139,0.76,0,0,0
LTP303,22,5,7,PISTON,1,0.8703413470800764,-0.0934886203247014,160,0.7234782608695652,0,0,0,475,0.1756521739130434,0,0,0
LTP303,22,5,8,SCOTCH,1,0.8646310050079062,0.0311340947269357,207,0.6417391304347826,0,0,0,211,0.6347826086956522,0,0,0
LTP303,22,5,9,FLASK,1,0.8858380617671715,0.227573853167048,49,0.9165217391304348,0,0,0,14,0.977391304347826,0,0,0
LTP303,22,5,10,CAFE,1,0.8126099142289019,0.004024826790825,494,0.1426086956521739,0,0,0,268,0.5356521739130435,0,0,0
LTP303,22,5,11,MASK,1,0.7981893379571207,-0.0657001912273145,525,0.088695652173913,0,0,0,433,0.2486956521739131,0,0,0
LTP303,22,5,12,BLOUSE,1,0.8673113374854179,-0.1601278565332623,194,0.6643478260869565,0,0,0,559,0.0295652173913043,0,0,0
LTP303,22,5,13,HONEY,1,0.8516661368557314,0.0919956256634763,306,0.4695652173913043,0,0,0,98,0.831304347826087,0,0,0
LTP303,22,5,14,HORSE,1,0.8567249419532896,0.0222682385666304,271,0.5304347826086957,0,0,0,229,0.6034782608695652,0,0,0
LTP303,22,5,15,GRIZZLY,1,0.862453659486705,0.1325222495365592,225,0.6104347826086957,0,0,0,62,0.8939130434782608,0,0,0
LTP303,22,5,16,WASHER,1,0.8604077650662636,0.1772291123404928,244,0.577391304347826,0,0,0,33,0.9443478260869566,0,0,0
LTP303,22,5,17,FLAG,1,0.7887077146564588,-0.0112192147526545,550,0.0452173913043478,0,0,0,303,0.4747826086956521,0,0,0
LTP303,22,5,18,SUNSET,1,0.8471524383740915,-0.0847068543309099,338,0.4139130434782608,0,0,0,471,0.1826086956521738,0,0,0
LTP303,22,5,19,SUNRISE,1,0.8917296706448913,-0.0955140861688207,24,0.96,0,0,0,490,0.1495652173913043,0,0,0
LTP303,22,5,20,COOK,1,0.8297041888918099,0.1860274678919799,440,0.2365217391304347,0,0,0,22,0.9634782608695652,0,0,0
LTP303,22,5,21,PERMIT,1,0.8467039930195953,-0.1084793608309548,342,0.4069565217391304,0,0,0,487,0.1547826086956522,0,0,0
LTP303,22,5,22,TAXI,1,0.8581993946436577,-0.0193487977084578,259,0.551304347826087,0,0,0,308,0.4660869565217391,0,0,0
LTP303,22,5,23,DUST,1,0.8492476367441402,0.07059597331178,326,0.4347826086956522,0,0,0,147,0.7460869565217392,0,0,0
LTP303,22,5,24,CIGAR,1,0.8609902770280418,0.013306331517444,241,0.5826086956521739,0,0,0,246,0.5739130434782609,0,0,0
LTP303,22,6,1,CABIN,1,0.8401729257464321,-0.0366675105014042,392,0.3199999999999999,0,0,0,368,0.3617391304347825,0,0,0
LTP303,22,6,2,TOASTER,1,0.843790369514187,0.0198403810199931,375,0.3495652173913043,0,0,0,231,0.6,0,0,0
LTP303,22,6,3,MISSILE,1,0.8440262148002383,-0.0132038578959355,353,0.3878260869565217,0,0,0,325,0.4365217391304348,0,0,0
LTP303,22,6,4,PUDDING,1,0.8750460611788508,-0.0381192995381723,119,0.7947826086956522,0,0,0,387,0.328695652173913,0,0,0
LTP303,22,6,5,KEEPER,1,0.826531587663421,0.017054296887888,452,0.2156521739130434,0,0,0,243,0.5791304347826087,0,0,0
LTP303,22,6,6,FRAGRANCE,1,0.8769204336447952,0.0790607850482322,100,0.8278260869565217,0,0,0,137,0.7634782608695652,0,0,0
LTP303,22,6,7,NOMAD,1,0.8147040281928578,0.0713963686609971,488,0.1530434782608696,0,0,0,132,0.7721739130434783,0,0,0
LTP303,22,6,8,NIGHTGOWN,1,0.837305460065973,0.0174660430007678,404,0.2991304347826087,0,0,0,244,0.577391304347826,0,0,0
LTP303,22,6,9,YACHT,1,0.8801548204360863,0.0201267556414582,81,0.8608695652173913,0,0,0,236,0.5913043478260869,0,0,0
LTP303,22,6,10,PADDLE,1,0.8727621474777301,-0.0383380537705739,136,0.7652173913043478,0,0,0,370,0.3582608695652174,0,0,0
LTP303,22,6,11,GALLON,1,0.8353330468076268,0.0183890020983596,384,0.3339130434782609,0,0,0,267,0.537391304347826,0,0,0
LTP303,22,6,12,LAPEL,1,0.8351499111136301,-0.0190020545526892,360,0.3756521739130435,0,0,0,308,0.4660869565217391,0,0,0
LTP303,22,6,13,ZIPPER,1,0.774533522636125,-0.0943656779046985,564,0.0208695652173912,0,0,0,459,0.2034782608695652,0,0,0
LTP303,22,6,14,TWIG,1,0.845320293945478,0.055652881482664,309,0.4643478260869565,0,0,0,196,0.6608695652173913,0,0,0
LTP303,22,6,15,BEAST,1,0.774730172472737,-0.2373278332968252,553,0.04,0,0,0,562,0.0243478260869565,0,0,0
LTP303,22,6,16,FRIAR,1,0.8438391404997019,0.0411315830362698,291,0.4956521739130435,0,0,0,220,0.6191304347826088,0,0,0
LTP303,22,6,17,CROSS,1,0.8578179897808307,-0.1336095488817455,199,0.6556521739130434,0,0,0,476,0.1739130434782608,0,0,0
LTP303,22,6,18,FRECKLE,1,0.8712654038333144,0.1604834289652144,100,0.8278260869565217,0,0,0,45,0.9234782608695652,0,0,0
LTP303,22,6,19,EUROPE,1,0.7673870219151966,-0.1065709605368291,568,0.0139130434782608,0,0,0,457,0.2069565217391304,0,0,0
LTP303,22,6,20,WRENCH,1,0.8481618291977414,0.1377837930580604,320,0.4452173913043478,0,0,0,77,0.8678260869565217,0,0,0
LTP303,22,6,21,COD,1,0.7952770450748776,-0.04160008414282,534,0.0730434782608695,0,0,0,350,0.3930434782608696,0,0,0
LTP303,22,6,22,SHORTS,1,0.82307818937273,0.0886936659646469,466,0.1913043478260869,0,0,0,139,0.76,0,0,0
LTP303,22,6,23,WHISKERS,1,0.8796258443383349,0.1976227436372222,67,0.8852173913043478,0,0,0,37,0.937391304347826,0,0,0
LTP303,22,6,24,PERFUME,1,0.8733911824832342,-0.0523093436115608,115,0.8017391304347826,0,0,0,377,0.3460869565217391,0,0,0
LTP303,22,7,1,CHILD,1,0.8369338069678434,-0.1164983329483895,406,0.2956521739130434,0,0,0,486,0.1565217391304347,0,0,0
LTP303,22,7,2,FREEZER,1,0.8236495380466304,0.0648823695869159,472,0.1808695652173912,0,0,0,141,0.7565217391304347,0,0,0
LTP303,22,7,3,PACKAGE,1,0.8487650945667821,-0.0928959735511291,321,0.4434782608695652,0,0,0,469,0.1860869565217391,0,0,0
LTP303,22,7,4,GRAPE,1,0.7745793182815205,-0.0309845484643982,566,0.017391304347826,0,0,0,344,0.4034782608695652,0,0,0
LTP303,22,7,5,PARSLEY,1,0.8751770631828698,0.1227711052781038,112,0.8069565217391305,0,0,0,58,0.9008695652173913,0,0,0
LTP303,22,7,6,BROTHER,1,0.8700475796396209,-0.1927015118555944,135,0.7669565217391304,0,0,0,557,0.0330434782608696,0,0,0
LTP303,22,7,7,EYELASH,0,0.8588444139303774,0.1227044977617064,251,0.5652173913043479,0,0,0,64,0.8904347826086957,0,0,0
LTP303,22,7,8,STATUE,1,0.8052474784538293,-0.0655467169469062,515,0.1060869565217391,0,0,0,431,0.2521739130434782,0,0,0
LTP303,22,7,9,MAPLE,1,0.7882439786057537,-0.0012314018450343,548,0.048695652173913,0,0,0,285,0.5060869565217392,0,0,0
LTP303,22,7,10,SLIDE,1,0.8609313076006503,-0.0929169583766061,230,0.6017391304347826,0,0,0,473,0.1791304347826087,0,0,0
LTP303,22,7,11,JEANS,1,0.862661929647505,-0.0395707621432237,186,0.6782608695652175,0,0,0,340,0.4104347826086957,0,0,0
LTP303,22,7,12,FRANCE,1,0.8327379630823616,-0.160761035736368,380,0.3408695652173913,0,0,0,531,0.0782608695652173,0,0,0
LTP303,22,7,13,GIFT,1,0.8475870651502605,0.0557889262611699,320,0.4452173913043478,0,0,0,150,0.7408695652173913,0,0,0
LTP303,22,7,14,TREAT,1,0.7269595878895552,-0.2020977449677378,576,0.0,0,0,0,568,0.0139130434782608,0,0,0
LTP303,22,7,15,CHEST,0,0.8179726545980025,-0.0091641606400575,484,0.16,0,0,0,287,0.5026086956521739,0,0,0
LTP303,22,7,16,GAZELLE,1,0.8630533740621268,0.0160655081665341,217,0.6243478260869566,0,0,0,235,0.5930434782608696,0,0,0
LTP303,22,7,17,TOMBSTONE,1,0.8798100322398167,-0.0637596325440408,81,0.8608695652173913,0,0,0,417,0.2765217391304347,0,0,0
LTP303,22,7,18,POISON,1,0.8313426587524155,0.0180522256697854,438,0.24,0,0,0,222,0.6156521739130435,0,0,0
LTP303,22,7,19,KLEENEX,1,0.8434680960661656,0.1228265847448815,369,0.36,0,0,0,67,0.8852173913043478,0,0,0
LTP303,22,7,20,JUGGLER,1,0.8420141152591205,-0.1339996903776858,380,0.3408695652173913,0,0,0,518,0.1008695652173913,0,0,0
LTP303,22,7,21,ICEBERG,1,0.8849619348199448,-0.0831304577597217,46,0.9217391304347826,0,0,0,466,0.1913043478260869,0,0,0
LTP303,22,7,22,WIFE,1,0.7929391686266347,0.1139071104918644,548,0.048695652173913,0,0,0,68,0.8834782608695653,0,0,0
LTP303,22,7,23,SPOUSE,1,0.8776938767210501,0.0240754926619193,94,0.8382608695652174,0,0,0,207,0.6417391304347826,0,0,0
LTP303,22,7,24,FOREST,1,0.8115244631890409,-0.0639616004541213,503,0.1269565217391304,0,0,0,422,0.2678260869565217,0,0,0
LTP303,22,8,1,PRINCE,1,0.815381887861826,0.0274456120407449,487,0.1547826086956522,0,0,0,214,0.6295652173913043,0,0,0
LTP303,22,8,2,PALACE,1,0.861025217927747,0.0050132265271403,225,0.6104347826086957,0,0,0,260,0.5495652173913044,0,0,0
LTP303,22,8,3,COBRA,1,0.7954952402677755,-0.2572330320337253,535,0.0713043478260869,0,0,0,575,0.0017391304347825,0,0,0
LTP303,22,8,4,LILY,1,0.816894744719892,0.1662619763565825,488,0.1530434782608696,0,0,0,28,0.9530434782608695,0,0,0
LTP303,22,8,5,BALLOON,1,0.8894090700533357,0.0519949833913408,17,0.9721739130434782,0,0,0,174,0.6991304347826087,0,0,0
LTP303,22,8,6,OFFICE,1,0.8483672258776533,-0.1112996244347796,322,0.4417391304347826,0,0,0,492,0.1460869565217391,0,0,0
LTP303,22,8,7,DAISY,1,0.8571390185047159,0.0480922079020121,245,0.5756521739130435,0,0,0,179,0.6904347826086956,0,0,0
LTP303,22,8,8,TURNIP,1,0.8930942566187652,-0.0003518098760868,18,0.9704347826086956,0,0,0,293,0.4921739130434782,0,0,0
LTP303,22,8,9,BRANCH,0,0.8552253311311543,0.1494435309827169,266,0.5391304347826087,0,0,0,37,0.937391304347826,0,0,0
LTP303,22,8,10,BISON,1,0.8555120128171924,-0.1579591152493714,255,0.5582608695652174,0,0,0,531,0.0782608695652173,0,0,0
LTP303,22,8,11,BOUQUET,1,0.8729910348960148,0.0289242271711635,127,0.7808695652173914,0,0,0,213,0.6313043478260869,0,0,0
LTP303,22,8,12,BARREL,1,0.8263697891686308,-0.1004706568060019,456,0.208695652173913,0,0,0,496,0.1391304347826086,0,0,0
LTP303,22,8,13,LOVER,1,0.7851144113562262,-0.1426705411055061,552,0.0417391304347826,0,0,0,530,0.0799999999999999,0,0,0
LTP303,22,8,14,SPHINX,1,0.8644432970363339,0.0506651259425393,197,0.6591304347826087,0,0,0,167,0.711304347826087,0,0,0
LTP303,22,8,15,TYPIST,1,0.8842712521801298,-0.0898507782251373,43,0.9269565217391303,0,0,0,459,0.2034782608695652,0,0,0
LTP303,22,8,16,LAMP,1,0.8258091134643186,-0.1827289851056903,455,0.2104347826086956,0,0,0,558,0.0313043478260869,0,0,0
LTP303,22,8,17,SURVEY,1,0.8325504545892194,0.0577156460653115,430,0.2539130434782608,0,0,0,166,0.7130434782608696,0,0,0
LTP303,22,8,18,VICTIM,1,0.8137201626879657,-0.0478571643266189,495,0.1408695652173913,0,0,0,367,0.3634782608695652,0,0,0
LTP303,22,8,19,CANDY,0,0.8862619601977905,-0.059953884620235,25,0.9582608695652174,0,0,0,410,0.288695652173913,0,0,0
LTP303,22,8,20,MATCH,1,0.8461357725691735,-0.0880711954125715,344,0.4034782608695652,0,0,0,470,0.1843478260869565,0,0,0
LTP303,22,8,21,AIRPLANE,1,0.857129000314797,0.0873699877860345,243,0.5791304347826087,0,0,0,114,0.8034782608695652,0,0,0
LTP303,22,8,22,SPOON,1,0.8606359472657096,-0.0329796994696577,232,0.5982608695652174,0,0,0,358,0.3791304347826086,0,0,0
LTP303,22,8,23,LUNCH,1,0.8129298396194211,0.0183734829722173,494,0.1426086956521739,0,0,0,234,0.5947826086956522,0,0,0
LTP303,22,8,24,PASTA,1,0.8637220613568469,0.0598502822902886,206,0.6434782608695653,0,0,0,149,0.7426086956521739,0,0,0
LTP303,22,9,1,MARSH,1,0.8674540966084302,0.0312408228333269,123,0.7878260869565217,0,0,0,205,0.6452173913043479,0,0,0
LTP303,22,9,2,LEOPARD,1,0.8635696382983183,0.0567937669656652,158,0.7269565217391305,0,0,0,164,0.7165217391304348,0,0,0
LTP303,22,9,3,SALMON,1,0.8473466572997311,0.0623585595318005,297,0.4852173913043478,0,0,0,149,0.7426086956521739,0,0,0
LTP303,22,9,4,BREAST,1,0.867661114454731,0.0410619181540768,127,0.7808695652173914,0,0,0,180,0.688695652173913,0,0,0
LTP303,22,9,5,BODY,1,0.7364067989100405,-0.0741354541339358,575,0.0017391304347825,0,0,0,431,0.2521739130434782,0,0,0
LTP303,22,9,6,LIGHTNING,1,0.8679386213985703,-0.0961924050241138,133,0.7704347826086957,0,0,0,464,0.1947826086956522,0,0,0
LTP303,22,9,7,BRACES,0,0.8613165257102403,0.0398620874525023,192,0.6678260869565218,0,0,0,188,0.6747826086956521,0,0,0
LTP303,22,9,8,MATTRESS,1,0.8772686133051333,0.1530946080235981,83,0.8573913043478261,0,0,0,39,0.9339130434782608,0,0,0
LTP303,22,9,9,PATIENT,1,0.8434348700678185,-0.0394154236088908,328,0.4313043478260869,0,0,0,371,0.3565217391304348,0,0,0
LTP303,22,9,10,SCALPEL,1,0.8774846363036574,0.0164517336666817,75,0.8713043478260869,0,0,0,236,0.5913043478260869,0,0,0
LTP303,22,9,11,PERCH,0,0.8883395463663075,0.1328274322650678,20,0.9669565217391304,0,0,0,54,0.9078260869565218,0,0,0
LTP303,22,9,12,POSSUM,1,0.8459454306861534,0.0606657312043009,321,0.4434782608695652,0,0,0,155,0.7321739130434783,0,0,0
LTP303,22,9,13,DIME,1,0.8360113958454946,-0.0302444357137963,392,0.3199999999999999,0,0,0,349,0.3947826086956522,0,0,0
LTP303,22,9,14,RECEIPT,1,0.8342913194446294,-0.0905906793183075,392,0.3199999999999999,0,0,0,479,0.168695652173913,0,0,0
LTP303,22,9,15,HAWK,1,0.8010793160269903,-0.0401207919856345,521,0.0956521739130434,0,0,0,361,0.3739130434782608,0,0,0
LTP303,22,9,16,TRACTOR,1,0.8359487327650972,-0.0453489610571691,379,0.3426086956521739,0,0,0,383,0.3356521739130435,0,0,0
LTP303,22,9,17,DOLPHIN,1,0.8444013017503808,-0.0170906749614169,343,0.4052173913043478,0,0,0,330,0.4278260869565217,0,0,0
LTP303,22,9,18,PROTON,1,0.8244662994291185,0.0030714290798415,454,0.2121739130434782,0,0,0,275,0.5234782608695652,0,0,0
LTP303,22,9,19,STOVE,0,0.8406772143282435,-0.0774611421972789,370,0.3582608695652174,0,0,0,439,0.2382608695652174,0,0,0
LTP303,22,9,20,SHARK,1,0.7839744686233644,-0.036687308422327,554,0.0382608695652173,0,0,0,361,0.3739130434782608,0,0,0
LTP303,22,9,21,SWAMP,1,0.7813944165377686,0.1256072952777777,559,0.0295652173913043,0,0,0,52,0.9113043478260868,0,0,0
LTP303,22,9,22,ORANGE,1,0.8383166562412598,-0.0520063715869252,372,0.3547826086956521,0,0,0,378,0.3443478260869566,0,0,0
LTP303,22,9,23,SEAFOOD,1,0.8668881220938542,0.055637824372255,156,0.7304347826086957,0,0,0,156,0.7304347826086957,0,0,0
LTP303,22,9,24,EXPERT,1,0.8269377313615899,0.0001566909494765,438,0.24,0,0,0,278,0.5182608695652173,0,0,0
LTP303,22,10,1,KIDNEY,1,0.8513120293416719,-0.0235123402955435,273,0.5269565217391304,0,0,0,331,0.4260869565217391,0,0,0
LTP303,22,10,2,SCRIBBLE,1,0.8202014906274155,-0.0131483054069876,445,0.2278260869565217,0,0,0,306,0.4695652173913043,0,0,0
LTP303,22,10,3,EGYPT,1,0.8517647349898141,0.0801952976626583,286,0.5043478260869565,0,0,0,127,0.7808695652173914,0,0,0
LTP303,22,10,4,HOSTESS,1,0.8192596327310997,-0.1201817217915947,454,0.2121739130434782,0,0,0,475,0.1756521739130434,0,0,0
LTP303,22,10,5,ICING,1,0.8514469726034516,-0.0059810725508535,282,0.511304347826087,0,0,0,297,0.4852173913043478,0,0,0
LTP303,22,10,6,DOUGHNUT,1,0.8899783535370706,0.1307584441837223,48,0.9182608695652174,0,0,0,117,0.7982608695652174,0,0,0
LTP303,22,10,7,MUMMY,1,0.8623488728079223,0.1003313242561456,216,0.6260869565217391,0,0,0,105,0.8191304347826087,0,0,0
LTP303,22,10,8,GUITAR,1,0.74938796656283,-0.157377237869802,571,0.0086956521739129,0,0,0,514,0.1078260869565217,0,0,0
LTP303,22,10,9,FLUTE,1,0.8129634465516048,-0.1264329878435376,472,0.1808695652173912,0,0,0,478,0.1704347826086956,0,0,0
LTP303,22,10,10,TURTLE,1,0.8963040282462916,0.1086447484729959,14,0.977391304347826,0,0,0,84,0.8556521739130435,0,0,0
LTP303,22,10,11,BUREAU,1,0.8350174520701684,-0.0895439172727634,379,0.3426086956521739,0,0,0,419,0.2730434782608696,0,0,0
LTP303,22,10,12,DRUG,1,0.8671635097611531,0.1124679062761618,183,0.6834782608695652,0,0,0,114,0.8034782608695652,0,0,0
LTP303,22,10,13,COCOON,1,0.8115774741591024,-0.1212614182818872,486,0.1565217391304347,0,0,0,515,0.1060869565217391,0,0,0
LTP303,22,10,14,POLICE,0,0.8262684270985953,-0.0468179175907396,447,0.2243478260869564,0,0,0,399,0.3078260869565217,0,0,0
LTP303,22,10,15,CYCLONE,1,0.885412817448264,0.1698274349671308,61,0.8956521739130435,0,0,0,69,0.8817391304347826,0,0,0
LTP303,22,10,16,BEAKER,0,0.8467291533765341,-0.135695910586685,307,0.4678260869565217,0,0,0,516,0.1043478260869564,0,0,0
LTP303,22,10,17,ROBIN,1,0.8285927240428722,0.0512646125290231,426,0.2608695652173913,0,0,0,198,0.6573913043478261,0,0,0
LTP303,22,10,18,MONSTER,1,0.8588218051698937,0.1372579127879719,238,0.5878260869565217,0,0,0,106,0.817391304347826,0,0,0
LTP303,22,10,19,CREATURE,1,0.8517560850226851,0.0196499781043078,273,0.5269565217391304,0,0,0,244,0.577391304347826,0,0,0
LTP303,22,10,20,OUTFIT,1,0.8614542633715147,-0.001403221035877,215,0.6278260869565218,0,0,0,283,0.5095652173913043,0,0,0
LTP303,22,10,21,LIPSTICK,1,0.8572809344234378,-0.1419857468636307,232,0.5982608695652174,0,0,0,510,0.1147826086956521,0,0,0
LTP303,22,10,22,SIBLING,1,0.851359450936652,-0.0139669670918856,274,0.5252173913043479,0,0,0,308,0.4660869565217391,0,0,0
LTP303,22,10,23,COLONEL,1,0.8771923658878771,0.0854323308332254,103,0.8226086956521739,0,0,0,139,0.76,0,0,0
LTP303,22,10,24,GUARD,1,0.8707488272904813,0.0302719454907644,153,0.7356521739130435,0,0,0,227,0.6069565217391304,0,0,0
LTP303,22,11,1,EMPIRE,1,0.8300637680640948,-0.073580772424926,429,0.2556521739130435,0,0,0,427,0.2591304347826086,0,0,0
LTP303,22,11,2,COTTAGE,1,0.8693051967686077,0.0137178765017452,158,0.7269565217391305,0,0,0,236,0.5913043478260869,0,0,0
LTP303,22,11,3,SLUG,1,0.8652197577286134,0.0366510542501856,196,0.6608695652173913,0,0,0,213,0.6313043478260869,0,0,0
LTP303,22,11,4,HAMPER,1,0.8854176319405579,0.089901642562613,57,0.902608695652174,0,0,0,136,0.7652173913043478,0,0,0
LTP303,22,11,5,COMPASS,1,0.8816525336102148,0.1620488557950073,97,0.8330434782608696,0,0,0,93,0.84,0,0,0
LTP303,22,11,6,OUTDOORS,1,0.8259693962095419,0.0775723459668811,443,0.231304347826087,0,0,0,172,0.702608695652174,0,0,0
LTP303,22,11,7,WORKER,1,0.8582870842685856,0.0645711344921145,239,0.5860869565217391,0,0,0,171,0.7043478260869565,0,0,0
LTP303,22,11,8,RABBIT,1,0.8192827234811921,-0.0673390054570503,465,0.1930434782608695,0,0,0,382,0.337391304347826,0,0,0
LTP303,22,11,9,BRICK,1,0.9053943846197277,0.3285014221415867,3,0.9965217391304348,0,1,1,9,0.9860869565217392,0,0,1
LTP303,22,11,10,CREVICE,1,0.8813048201753229,0.0894552353937,84,0.8556521739130435,0,0,0,141,0.7565217391304347,0,0,0
LTP303,22,11,11,GLOBE,1,0.8311507666637372,-0.0940572894934099,422,0.2678260869565217,0,0,0,418,0.2747826086956522,0,0,0
LTP303,22,11,12,DAUGHTER,1,0.812953234304788,-0.1649151642868475,480,0.1669565217391304,0,0,0,527,0.0852173913043478,0,0,0
LTP303,22,11,13,SHOULDER,1,0.8598671835531719,-0.1540942954247346,220,0.6191304347826088,0,0,0,511,0.1130434782608695,0,0,0
LTP303,22,11,14,CRUTCH,1,0.8953047876169602,0.1762736638096541,18,0.9704347826086956,0,0,0,54,0.9078260869565218,0,0,0
LTP303,22,11,15,BANK,1,0.8690268961259304,0.038051420091277,162,0.72,0,0,0,214,0.6295652173913043,0,0,0
LTP303,22,11,16,BLOCKADE,1,0.8654365312736784,0.0579766505530797,190,0.671304347826087,0,0,0,169,0.7078260869565217,0,0,0
LTP303,22,11,17,RUG,1,0.8350260685646387,0.0418624074644726,407,0.2939130434782608,0,0,0,208,0.64,0,0,0
LTP303,22,11,18,GRAVEL,1,0.76009731588578,-0.0551659724608065,571,0.0086956521739129,0,0,0,356,0.3826086956521739,0,0,0
LTP303,22,11,19,GIRL,0,0.8680414212599303,-0.0187525293495962,171,0.7043478260869565,0,0,0,341,0.408695652173913,0,0,0
LTP303,22,11,20,DRAWING,1,0.8669205141165355,0.2360171445937723,184,0.6817391304347826,0,0,0,32,0.9460869565217392,0,0,0
LTP303,22,11,21,SKETCH,1,0.8571229265043113,-0.0340359018674887,241,0.5826086956521739,0,0,0,313,0.457391304347826,0,0,0
LTP303,22,11,22,BRANDY,1,0.8691961453686877,-0.0460229044061072,168,0.7095652173913043,0,0,0,360,0.3756521739130435,0,0,0
LTP303,22,11,23,HIGHWAY,1,0.7936108304454766,0.0300894309383878,531,0.0782608695652173,0,0,0,213,0.6313043478260869,0,0,0
LTP303,22,11,24,MESSAGE,1,0.8448249678712525,0.0422955905110938,337,0.4156521739130434,0,0,0,188,0.6747826086956521,0,0,0
LTP303,22,12,1,PRIMATE,1,0.8371098173218796,0.0001656571523492,390,0.3234782608695652,0,0,0,276,0.5217391304347826,0,0,0
LTP303,22,12,2,MILK,1,0.8124058965876981,-0.0493103285816669,483,0.1617391304347826,0,0,0,379,0.3426086956521739,0,0,0
LTP303,22,12,3,CLAMP,1,0.8146527500480611,0.2633513924341402,480,0.1669565217391304,0,0,0,9,0.9860869565217392,0,0,1
LTP303,22,12,4,BRIEFCASE,1,0.851084707460205,0.0343949293195905,277,0.52,0,0,0,196,0.6608695652173913,0,0,0
LTP303,22,12,5,ROBBER,1,0.8396695767473116,0.0981712287392325,359,0.3773913043478261,0,0,0,111,0.808695652173913,0,0,0
LTP303,22,12,6,PIGEON,1,0.8888995465884449,-0.0216438731861357,21,0.9652173913043478,0,0,0,312,0.4591304347826087,0,0,0
LTP303,22,12,7,SCARECROW,1,0.887875234117053,0.0370145893292402,26,0.9565217391304348,0,0,0,191,0.6695652173913044,0,0,0
LTP303,22,12,8,KNAPSACK,1,0.8530153884093578,0.0979379946220216,267,0.537391304347826,0,0,0,98,0.831304347826087,0,0,0
LTP303,22,12,9,SCISSORS,0,0.830020922942799,0.1536228804981032,418,0.2747826086956522,0,0,0,52,0.9113043478260868,0,0,0
LTP303,22,12,10,BRAKE,0,0.8950966741603996,0.1641054580159392,6,0.991304347826087,0,0,1,43,0.9269565217391303,0,0,0
LTP303,22,12,11,JUNGLE,0,0.873934050225336,-0.0312199674979717,115,0.8017391304347826,0,0,0,339,0.4121739130434783,0,0,0
LTP303,22,12,12,STAR,1,0.8372078427193553,0.0308171188326014,389,0.3252173913043478,0,0,0,208,0.64,0,0,0
LTP303,22,12,13,GANGSTER,1,0.8622269565884665,0.1357353444577214,191,0.6695652173913044,0,0,0,61,0.8956521739130435,0,0,0
LTP303,22,12,14,BARLEY,1,0.8752289535532853,0.079670101241303,102,0.8243478260869566,0,0,0,122,0.7895652173913044,0,0,0
LTP303,22,12,15,SHELF,1,0.8071538323344915,-0.0824770254509895,501,0.1304347826086956,0,0,0,455,0.2104347826086956,0,0,0
LTP303,22,12,16,CHAMPAGNE,1,0.8479545561161985,0.0815602283539117,301,0.4782608695652174,0,0,0,120,0.7930434782608695,0,0,0
LTP303,22,12,17,RADISH,1,0.868331648666492,0.0551026589393409,165,0.7147826086956521,0,0,0,176,0.6956521739130435,0,0,0
LTP303,22,12,18,MAILMAN,1,0.8800682188112677,-0.0004570124343666,72,0.8765217391304347,0,0,0,282,0.511304347826087,0,0,0
LTP303,22,12,19,STAMP,1,0.806323025408062,0.0854526313830199,502,0.128695652173913,0,0,0,136,0.7652173913043478,0,0,0
LTP303,22,12,20,INMATE,0,0.8424647113713377,-0.1060091619720079,351,0.3913043478260869,0,0,0,469,0.1860869565217391,0,0,0
LTP303,22,12,21,PRINCESS,1,0.875963340567772,-0.0247372914134972,98,0.831304347826087,0,0,0,331,0.4260869565217391,0,0,0
LTP303,22,12,22,GOBLIN,1,0.859213948192873,0.0842427865157735,238,0.5878260869565217,0,0,0,148,0.7443478260869565,0,0,0
LTP303,22,12,23,MARROW,0,0.883643420072958,0.1372593457196575,54,0.9078260869565218,0,0,0,69,0.8817391304347826,0,0,0
LTP303,22,12,24,BACKBONE,0,0.8877677144007325,0.0309855481324153,42,0.928695652173913,0,0,0,227,0.6069565217391304,0,0,0
LTP303,22,13,1,OZONE,1,0.8506434630266659,0.1294745889787522,241,0.5826086956521739,0,0,0,96,0.8347826086956522,0,0,0
LTP303,22,13,2,ROCKET,1,0.8955718342721533,0.108128919480468,9,0.9860869565217392,0,0,1,105,0.8191304347826087,0,0,0
LTP303,22,13,3,CAMEL,1,0.8785850702190354,0.0686690215867085,46,0.9217391304347826,0,0,0,138,0.7617391304347826,0,0,0
LTP303,22,13,4,OX,1,0.7970591285297036,0.0777212062393825,513,0.1095652173913043,0,0,0,117,0.7982608695652174,0,0,0
LTP303,22,13,5,PLATE,1,0.7708621316273605,-0.0999734109977321,547,0.0504347826086956,0,0,0,429,0.2556521739130435,0,0,0
LTP303,22,13,6,BLACKBOARD,1,0.8027803461199331,-0.1890442662063352,492,0.1460869565217391,0,0,0,556,0.0347826086956521,0,0,0
LTP303,22,13,7,FRIEND,1,0.8211614970000336,-0.13112614928799,429,0.2556521739130435,0,0,0,477,0.1721739130434783,0,0,0
LTP303,22,13,8,PARTNER,1,0.8527641626449523,0.1399414407485899,266,0.5391304347826087,0,0,0,63,0.8921739130434783,0,0,0
LTP303,22,13,9,XEROX,1,0.8736597199284867,0.2505833875364398,123,0.7878260869565217,0,0,0,20,0.9669565217391304,0,0,0
LTP303,22,13,10,ZEBRA,1,0.879914386287827,0.2555469670687881,65,0.888695652173913,0,0,0,21,0.9652173913043478,0,0,0
LTP303,22,13,11,SLIME,1,0.875348991357262,0.027379664454506,110,0.8104347826086956,0,0,0,221,0.6173913043478261,0,0,0
LTP303,22,13,12,GARDEN,1,0.8405714999933716,-0.0132470944147964,317,0.4504347826086956,0,0,0,289,0.4991304347826086,0,0,0
LTP303,22,13,13,APPLE,1,0.8519241122486115,0.1510406623342076,277,0.52,0,0,0,41,0.9304347826086956,0,0,0
LTP303,22,13,14,CONVICT,1,0.810844179668939,-0.0636600912379124,471,0.1826086956521738,0,0,0,386,0.3304347826086956,0,0,0
LTP303,22,13,15,OUTLAW,1,0.8798879374241827,0.1744112799442031,66,0.8869565217391304,0,0,0,54,0.9078260869565218,0,0,0
LTP303,22,13,16,CLOUD,1,0.8406115798592496,-0.0431131309898281,326,0.4347826086956522,0,0,0,348,0.3965217391304347,0,0,0
LTP303,22,13,17,JELLY,1,0.8537199851222302,-0.018180463238106,247,0.5721739130434782,0,0,0,304,0.4730434782608695,0,0,0
LTP303,22,13,18,STREAM,1,0.8866744445333341,0.1711209734421394,36,0.9391304347826088,0,0,0,50,0.9147826086956522,0,0,0
LTP303,22,13,19,THIEF,0,0.8234651411040388,-0.1879938185374336,433,0.2486956521739131,0,0,0,558,0.0313043478260869,0,0,0
LTP303,22,13,20,CUPBOARD,1,0.8531232040430243,-0.1059027326237767,143,0.7530434782608696,0,0,0,483,0.1617391304347826,0,0,0
LTP303,22,13,21,DONOR,1,0.7982041528257722,-0.0779818345650225,485,0.1582608695652173,0,0,0,440,0.2365217391304347,0,0,0
LTP303,22,13,22,ATLAS,0,0.7597923691205347,0.1166751830900307,571,0.0086956521739129,0,0,0,49,0.9165217391304348,0,0,0
LTP303,22,13,23,VAGRANT,0,0.8285296598248348,0.0127330001212549,320,0.4452173913043478,0,0,0,230,0.6017391304347826,0,0,0
LTP303,22,13,24,FLASHLIGHT,1,0.8180045270654651,0.0107962150566004,370,0.3582608695652174,0,0,0,238,0.5878260869565217,0,0,0
LTP303,22,14,1,LIZARD,1,0.8734224689166692,0.0150037239076577,120,0.7930434782608695,0,0,0,233,0.5965217391304347,0,0,0
LTP303,22,14,2,SNAIL,1,0.8825883187553523,0.1826505406951978,56,0.9043478260869564,0,0,0,27,0.954782608695652,0,0,0
LTP303,22,14,3,CORAL,1,0.8335235321143986,-0.1078354864756272,405,0.2973913043478261,0,0,0,497,0.1373913043478261,0,0,0
LTP303,22,14,4,SHORTCAKE,1,0.8619276430584674,0.0632162434961254,224,0.6121739130434782,0,0,0,138,0.7617391304347826,0,0,0
LTP303,22,14,5,FRUIT,1,0.8443722025550673,0.0956557333261322,343,0.4052173913043478,0,0,0,77,0.8678260869565217,0,0,0
LTP303,22,14,6,MUFFIN,1,0.8561249744571936,-0.0376420473051288,266,0.5391304347826087,0,0,0,369,0.36,0,0,0
LTP303,22,14,7,FILM,1,0.8671799973013926,0.0930707146952869,189,0.6730434782608696,0,0,0,100,0.8278260869565217,0,0,0
LTP303,22,14,8,CURTAIN,1,0.8952963845109133,-0.0074055431229084,10,0.9843478260869564,0,0,1,289,0.4991304347826086,0,0,0
LTP303,22,14,9,RACKET,1,0.8831531905089185,-0.0585005472019371,63,0.8921739130434783,0,0,0,422,0.2678260869565217,0,0,0
LTP303,22,14,10,SNACK,1,0.8763760989730264,0.1913880910776079,109,0.8121739130434783,0,0,0,18,0.9704347826086956,0,0,0
LTP303,22,14,11,SERVER,1,0.8175147177622993,0.0147312314727752,477,0.1721739130434783,0,0,0,260,0.5495652173913044,0,0,0
LTP303,22,14,12,COFFEE,1,0.8652780147749155,-0.0761204472849657,201,0.6521739130434783,0,0,0,452,0.2156521739130434,0,0,0
LTP303,22,14,13,SCULPTURE,0,0.8570989228094932,0.1063490862322326,262,0.5460869565217391,0,0,0,87,0.8504347826086956,0,0,0
LTP303,22,14,14,IGLOO,0,0.8386246381296563,-0.0403410875200071,385,0.3321739130434782,0,0,0,387,0.328695652173913,0,0,0
LTP303,22,14,15,SPOOL,1,0.8726725912979075,0.0758221672028209,131,0.7739130434782608,0,0,0,111,0.808695652173913,0,0,0
LTP303,22,14,16,MARINE,1,0.8573695872914249,-0.068912627875251,252,0.5634782608695652,0,0,0,445,0.2278260869565217,0,0,0
LTP303,22,14,17,ANTLER,1,0.8550169523004858,-0.1348268562315653,264,0.5426086956521738,0,0,0,547,0.0504347826086956,0,0,0
LTP303,22,14,18,SWIMMER,0,0.8003132833925967,-0.0271481713986059,517,0.1026086956521739,0,0,0,360,0.3756521739130435,0,0,0
LTP303,22,14,19,PIGMENT,1,0.8728705349887712,-0.0783948421708642,129,0.7773913043478261,0,0,0,467,0.1895652173913043,0,0,0
LTP303,22,14,20,SKILLET,0,0.8934222112330222,0.0488314589821221,23,0.9617391304347828,0,0,0,172,0.702608695652174,0,0,0
LTP303,22,14,21,STAPLE,0,0.8602662164516517,0.0080003465937658,240,0.5843478260869566,0,0,0,261,0.5478260869565217,0,0,0
LTP303,22,14,22,VENUS,0,0.8175569011772776,-0.0839777190197144,479,0.168695652173913,0,0,0,468,0.1878260869565217,0,0,0
LTP303,22,14,23,THREAD,1,0.8492573312547235,0.1201177903882285,260,0.5495652173913044,0,0,0,51,0.9130434782608696,0,0,0
LTP303,22,14,24,STONE,1,0.8441067530695938,0.0653553908050642,330,0.4278260869565217,0,0,0,132,0.7721739130434783,0,0,0
LTP303,22,15,1,ORCHID,1,0.8537958506209538,-0.0500936393629142,286,0.5043478260869565,0,0,0,387,0.328695652173913,0,0,0
LTP303,22,15,2,FLOWER,1,0.8848837104267809,0.0680207614467547,50,0.9147826086956522,0,0,0,139,0.76,0,0,0
LTP303,22,15,3,REPORT,1,0.8016904748257805,-0.0569152627828339,516,0.1043478260869564,0,0,0,405,0.2973913043478261,0,0,0
LTP303,22,15,4,SHOVEL,0,0.8969669376450641,0.0571010578938884,6,0.991304347826087,0,0,1,159,0.7252173913043478,0,0,0
LTP303,22,15,5,LIVER,0,0.7863307496031073,-0.0131702616653565,495,0.1408695652173913,0,0,0,308,0.4660869565217391,0,0,0
LTP303,22,15,6,BUTCHER,0,0.7871625827504168,-0.0340519231763141,409,0.2904347826086957,0,0,0,338,0.4139130434782608,0,0,0
LTP303,22,15,7,SHRUB,0,0.8586490787113811,0.1015874586219082,217,0.6243478260869566,0,0,0,100,0.8278260869565217,0,0,0
LTP303,22,15,8,DINER,0,0.7720478000750255,0.0841395035483808,487,0.1547826086956522,0,0,0,119,0.7947826086956522,0,0,0
LTP303,22,15,9,TRENCH,0,0.775254356406309,-0.0354889565064372,461,0.1999999999999999,0,0,0,353,0.3878260869565217,0,0,0
LTP303,22,15,10,ITEM,0,0.7827403543307886,-0.0716031786011244,479,0.168695652173913,0,0,0,423,0.2660869565217391,0,0,0
LTP303,22,15,11,GAVEL,1,0.777172950882602,-0.1069881586221487,555,0.0365217391304347,0,0,0,480,0.1669565217391304,0,0,0
LTP303,22,15,12,JUDGE,1,0.8291073909484244,0.0902128446655057,442,0.2330434782608695,0,0,0,115,0.8017391304347826,0,0,0
LTP303,22,15,13,PASSAGE,1,0.859361291180929,-0.0142793525455245,226,0.6086956521739131,0,0,0,318,0.448695652173913,0,0,0
LTP303,22,15,14,BINDER,1,0.8555795303616991,0.1021127905164062,252,0.5634782608695652,0,0,0,89,0.8469565217391304,0,0,0
LTP303,22,15,15,CHEMIST,0,0.8652282517605508,-0.2171522437271997,146,0.7478260869565218,0,0,0,535,0.0713043478260869,0,0,0
LTP303,22,15,16,DANDRUFF,1,0.8916937643049091,0.0976267114011775,12,0.9808695652173912,0,0,0,100,0.8278260869565217,0,0,0
LTP303,22,15,17,HOUND,1,0.8786753914593213,-0.1712807257695518,54,0.9078260869565218,0,0,0,525,0.088695652173913,0,0,0
LTP303,22,15,18,DASHBOARD,1,0.8835862579169667,0.1321259651498151,40,0.9321739130434784,0,0,0,63,0.8921739130434783,0,0,0
LTP303,22,15,19,PLASTER,1,0.8039144304197773,0.0159518067585012,513,0.1095652173913043,0,0,0,261,0.5478260869565217,0,0,0
LTP303,22,15,20,WITNESS,1,0.8134472467093944,-0.0522214379652611,489,0.1513043478260869,0,0,0,387,0.328695652173913,0,0,0
LTP303,22,15,21,WINDOW,1,0.8397026945856363,0.0628963362060056,383,0.3356521739130435,0,0,0,155,0.7321739130434783,0,0,0
LTP303,22,15,22,PUPPY,1,0.8786376606903042,-0.1167726680865596,75,0.8713043478260869,0,0,0,481,0.1652173913043478,0,0,0
LTP303,22,15,23,TRANSPLANT,1,0.7986647018554652,0.1046725666187393,531,0.0782608695652173,0,0,0,98,0.831304347826087,0,0,0
LTP303,22,15,24,PANTHER,1,0.8572937639273043,0.06470176434995,252,0.5634782608695652,0,0,0,161,0.7217391304347827,0,0,0
LTP303,22,16,1,PLIERS,1,0.863576377493572,-0.0846948421057093,198,0.6573913043478261,0,0,0,427,0.2591304347826086,0,0,0
LTP303,22,16,2,LODGE,0,0.8702831550188476,0.1060660842122764,150,0.7408695652173913,0,0,0,94,0.8382608695652174,0,0,0
LTP303,22,16,3,FIREMAN,1,0.8876011209880541,0.1202572141933845,40,0.9321739130434784,0,0,0,79,0.8643478260869565,0,0,0
LTP303,22,16,4,STALLION,1,0.8484442511918818,-0.1456164151463689,306,0.4695652173913043,0,0,0,513,0.1095652173913043,0,0,0
LTP303,22,16,5,CARRIAGE,1,0.8597562518622629,0.0874433215123112,215,0.6278260869565218,0,0,0,109,0.8121739130434783,0,0,0
LTP303,22,16,6,LADDER,1,0.8296632226044999,0.0270677461196778,444,0.2295652173913043,0,0,0,204,0.6469565217391304,0,0,0
LTP303,22,16,7,COOKBOOK,1,0.8567565739295162,0.0924539372462093,254,0.56,0,0,0,82,0.8591304347826088,0,0,0
LTP303,22,16,8,CONCERT,1,0.800732195691204,-0.1052792544935712,516,0.1043478260869564,0,0,0,458,0.2052173913043478,0,0,0
LTP303,22,16,9,TRIBE,1,0.8596951488022306,-0.0879226559124398,229,0.6034782608695652,0,0,0,469,0.1860869565217391,0,0,0
LTP303,22,16,10,COWBOY,1,0.8586306719519419,0.0932777944416208,241,0.5826086956521739,0,0,0,89,0.8469565217391304,0,0,0
LTP303,22,16,11,MOTOR,1,0.8035138080226518,0.0201227127160209,519,0.0991304347826087,0,0,0,211,0.6347826086956522,0,0,0
LTP303,22,16,12,MAILBOX,1,0.8646174314301156,0.0177430882055849,190,0.671304347826087,0,0,0,239,0.5860869565217391,0,0,0
LTP303,22,16,13,BABY,1,0.8310330038519254,0.0497868242458247,441,0.2347826086956521,0,0,0,157,0.728695652173913,0,0,0
LTP303,22,16,14,PENGUIN,1,0.8837924738215862,-0.1842810011474371,48,0.9182608695652174,0,0,0,548,0.048695652173913,0,0,0
LTP303,22,16,15,DRILL,1,0.8652092019114935,0.0397084349026797,184,0.6817391304347826,0,0,0,172,0.702608695652174,0,0,0
LTP303,22,16,16,KITCHEN,1,0.8799598758887889,0.071028447496009,66,0.8869565217391304,0,0,0,133,0.7704347826086957,0,0,0
LTP303,22,16,17,GYMNAST,1,0.8648058960090597,-0.0604954063891092,188,0.6747826086956521,0,0,0,398,0.3095652173913044,0,0,0
LTP303,22,16,18,COURSE,1,0.8323736496370144,0.0394645149885684,435,0.2452173913043478,0,0,0,176,0.6956521739130435,0,0,0
LTP303,22,16,19,DRIVER,1,0.8438401525752627,0.1975309416673942,358,0.3791304347826086,0,0,0,15,0.9756521739130436,0,0,0
LTP303,22,16,20,BANKER,1,0.8854082573583769,0.0402625396927065,46,0.9217391304347826,0,0,0,188,0.6747826086956521,0,0,0
LTP303,22,16,21,BUGGY,1,0.8735829952581567,0.0077301525517042,117,0.7982608695652174,0,0,0,261,0.5478260869565217,0,0,0
LTP303,22,16,22,INFANT,1,0.8615295025985497,-0.0086795830704414,207,0.6417391304347826,0,0,0,286,0.5043478260869565,0,0,0
LTP303,22,16,23,PUPIL,1,0.8412540735310768,-0.0295053432176569,365,0.3669565217391304,0,0,0,341,0.408695652173913,0,0,0
LTP303,22,16,24,SEAL,1,0.7590358173143681,-0.2177766839599229,568,0.0139130434782608,0,0,0,561,0.026086956521739,0,0,0
LTP303,22,17,1,GRILL,1,0.8631000114668987,0.0184614652265856,170,0.7060869565217391,0,0,0,233,0.5965217391304347,0,0,0
LTP303,22,17,2,QUAIL,1,0.857380754917585,-0.0653061694833834,195,0.662608695652174,0,0,0,427,0.2591304347826086,0,0,0
LTP303,22,17,3,SPARROW,1,0.8197921277669364,-0.0984971302394603,440,0.2365217391304347,0,0,0,430,0.2539130434782608,0,0,0
LTP303,22,17,4,LOFT,1,0.8814127140881527,-0.014210570256099,48,0.9182608695652174,0,0,0,320,0.4452173913043478,0,0,0
LTP303,22,17,5,BURGLAR,0,0.8852526598196113,0.1205491390294045,51,0.9130434782608696,0,0,0,107,0.8156521739130435,0,0,0
LTP303,22,17,6,SUSPECT,1,0.8567580350319104,-0.1393920365507278,221,0.6173913043478261,0,0,0,529,0.0817391304347826,0,0,0
LTP303,22,17,7,CITRUS,1,0.8723113295343581,0.1083890866546345,137,0.7634782608695652,0,0,0,125,0.7843478260869565,0,0,0
LTP303,22,17,8,RUST,1,0.8642501753019445,0.1448429856497177,174,0.6991304347826087,0,0,0,43,0.9269565217391303,0,0,0
LTP303,22,17,9,NOVEL,1,0.8317843236936245,0.1323181428588817,393,0.3182608695652174,0,0,0,98,0.831304347826087,0,0,0
LTP303,22,17,10,PEANUT,1,0.8650519030863235,-0.0455948069941109,183,0.6834782608695652,0,0,0,341,0.408695652173913,0,0,0
LTP303,22,17,11,PECAN,1,0.8205479433358215,0.0414744914720596,444,0.2295652173913043,0,0,0,208,0.64,0,0,0
LTP303,22,17,12,ROOSTER,1,0.8563419571001876,-0.1511948485196639,238,0.5878260869565217,0,0,0,499,0.1339130434782608,0,0,0
LTP303,22,17,13,ROD,1,0.8436765295550092,0.0595521028318036,339,0.4121739130434783,0,0,0,189,0.6730434782608696,0,0,0
LTP303,22,17,14,TROMBONE,1,0.8779681343800927,0.0403755872003357,101,0.8260869565217391,0,0,0,214,0.6295652173913043,0,0,0
LTP303,22,17,15,LAKE,1,0.8524183284127356,0.1426442689791048,274,0.5252173913043479,0,0,0,106,0.817391304347826,0,0,0
LTP303,22,17,16,PAPER,1,0.7863645738266999,-0.0875870612007184,540,0.0626086956521738,0,0,0,427,0.2591304347826086,0,0,0
LTP303,22,17,17,FIDDLE,0,0.8830607148389391,-0.1825625022671261,41,0.9304347826086956,0,0,0,556,0.0347826086956521,0,0,0
LTP303,22,17,18,TEMPLE,1,0.883842613176345,0.1536858322238918,46,0.9217391304347826,0,0,0,47,0.92,0,0,0
LTP303,22,17,19,SUBWAY,1,0.8786835188088924,-0.0106459784006085,81,0.8608695652173913,0,0,0,296,0.4869565217391304,0,0,0
LTP303,22,17,20,TEACHER,1,0.8399902331517101,-0.024600919345122,378,0.3443478260869566,0,0,0,323,0.4399999999999999,0,0,0
LTP303,22,17,21,CHURCH,1,0.8020681867138743,0.0267691953738255,514,0.1078260869565217,0,0,0,243,0.5791304347826087,0,0,0
LTP303,22,17,22,POSTAGE,1,0.8692303486623967,0.0650650033733132,155,0.7321739130434783,0,0,0,162,0.72,0,0,0
LTP303,22,17,23,COLLEGE,1,0.8778981050914777,0.1254813923521479,90,0.8452173913043478,0,0,0,79,0.8643478260869565,0,0,0
LTP303,22,17,24,BIKE,1,0.8683056587627506,0.0059748273210865,165,0.7147826086956521,0,0,0,266,0.5391304347826087,0,0,0
LTP303,22,18,1,MAMMAL,0,0.8041445402954076,0.0089299685931519,514,0.1078260869565217,0,0,0,260,0.5495652173913044,0,0,0
LTP303,22,18,2,REBEL,0,0.8399865481364946,0.0366124466459933,386,0.3304347826086956,0,0,0,225,0.6104347826086957,0,0,0
LTP303,22,18,3,HUSBAND,1,0.842614527301212,-0.0007695796414753,372,0.3547826086956521,0,0,0,287,0.5026086956521739,0,0,0
LTP303,22,18,4,LABEL,0,0.8639840912811908,0.1502068803484621,206,0.6434782608695653,0,0,0,49,0.9165217391304348,0,0,0
LTP303,22,18,5,BUNNY,0,0.8522583160627606,-0.0227439269150678,298,0.4834782608695652,0,0,0,332,0.4243478260869565,0,0,0
LTP303,22,18,6,RATTLE,0,0.8731447684423849,-0.0146989861414795,139,0.76,0,0,0,310,0.4626086956521739,0,0,0
LTP303,22,18,7,KETCHUP,0,0.8758905693085959,-0.1346474841412244,105,0.8191304347826087,0,0,0,522,0.0939130434782609,0,0,0
LTP303,22,18,8,FIREPLACE,0,0.8774915717069671,0.0227297560357166,106,0.817391304347826,0,0,0,239,0.5860869565217391,0,0,0
LTP303,22,18,9,PAIL,0,0.84816910024266,-0.0498246119899747,337,0.4156521739130434,0,0,0,391,0.3217391304347826,0,0,0
LTP303,22,18,10,RIVER,0,0.8728240854120637,0.0062334540161291,144,0.751304347826087,0,0,0,276,0.5217391304347826,0,0,0
LTP303,22,18,11,LION,0,0.8318618976458534,-0.0221471125328973,429,0.2556521739130435,0,0,0,339,0.4121739130434783,0,0,0
LTP303,22,18,12,PREACHER,0,0.8480025868302014,0.0009105972384328,333,0.4226086956521739,0,0,0,288,0.5008695652173913,0,0,0
LTP303,22,18,13,CASHEW,0,0.8867918252861824,-0.0007648701612012,29,0.951304347826087,0,0,0,259,0.551304347826087,0,0,0
LTP303,22,18,14,VALLEY,1,0.8861085590587813,0.1616482182792022,33,0.9443478260869566,0,0,0,45,0.9234782608695652,0,0,0
LTP303,22,18,15,PICTURE,0,0.8208957946914882,-0.059362612673427,468,0.1878260869565217,0,0,0,416,0.2782608695652173,0,0,0
LTP303,22,18,16,RECORD,1,0.8520369907872087,0.028531704020231,299,0.4817391304347825,0,0,0,234,0.5947826086956522,0,0,0
LTP303,22,18,17,RAFT,1,0.8650342677941817,-0.003211993909292,199,0.6556521739130434,0,0,0,284,0.5078260869565218,0,0,0
LTP303,22,18,18,LAGOON,0,0.8444702536569038,0.0840757503396251,369,0.36,0,0,0,112,0.8069565217391305,0,0,0
LTP303,22,18,19,CHIPMUNK,0,0.8803741454783696,-0.0041323008664749,82,0.8591304347826088,0,0,0,298,0.4834782608695652,0,0,0
LTP303,22,18,20,CANYON,1,0.8492823388668584,0.1227008521884525,325,0.4365217391304348,0,0,0,113,0.8052173913043479,0,0,0
LTP303,22,18,21,COUSIN,1,0.870939659709702,0.0316628767743756,147,0.7460869565217392,0,0,0,217,0.6243478260869566,0,0,0
LTP303,22,18,22,TRUCK,1,0.8432000246620951,0.0232442677668485,370,0.3582608695652174,0,0,0,239,0.5860869565217391,0,0,0
LTP303,22,18,23,PATROL,1,0.8648487297385867,0.1260882139387637,203,0.6486956521739131,0,0,0,70,0.88,0,0,0
LTP303,22,18,24,CHAPEL,0,0.8487962935619638,0.262308597853094,331,0.4260869565217391,0,0,0,6,0.991304347826087,0,0,1
LTP303,22,19,1,CRIB,1,0.849049723499877,0.1917007827406786,334,0.4208695652173913,0,0,0,34,0.942608695652174,0,0,0
LTP303,22,19,2,BLUEPRINT,1,0.9007962225224068,-0.0922393668913497,2,0.9982608695652174,0,1,1,448,0.2226086956521739,0,0,0
LTP303,22,19,3,CLOCK,1,0.8487780923737759,0.0301424568535238,337,0.4156521739130434,0,0,0,214,0.6295652173913043,0,0,0
LTP303,22,19,4,BELLY,1,0.8754756741149635,0.0224933692464735,122,0.7895652173913044,0,0,0,250,0.5669565217391304,0,0,0
LTP303,22,19,5,TABLET,1,0.8719363983073442,0.0673222242415815,140,0.7582608695652174,0,0,0,137,0.7634782608695652,0,0,0
LTP303,22,19,6,ULCER,1,0.8519786755839134,0.1487545547345248,315,0.4539130434782609,0,0,0,63,0.8921739130434783,0,0,0
LTP303,22,19,7,GARLIC,1,0.8557446662440676,-0.128197235531685,282,0.511304347826087,0,0,0,507,0.12,0,0,0
LTP303,22,19,8,HIKER,1,0.8734530879295621,0.0401735152843825,125,0.7843478260869565,0,0,0,184,0.6817391304347826,0,0,0
LTP303,22,19,9,MARS,1,0.8395055334975501,0.0813634773613102,408,0.2921739130434783,0,0,0,121,0.7913043478260869,0,0,0
LTP303,22,19,10,TART,1,0.8261904479025739,-0.0651522384668163,451,0.217391304347826,0,0,0,417,0.2765217391304347,0,0,0
LTP303,22,19,11,SHIRT,0,0.8500702436306772,-0.188566386279247,325,0.4365217391304348,0,0,0,549,0.0469565217391304,0,0,0
LTP303,22,19,12,WAITER,1,0.849545780457062,-0.0229327925734852,332,0.4243478260869565,0,0,0,331,0.4260869565217391,0,0,0
LTP303,22,19,13,BADGE,1,0.8435062783659469,-0.0213567687700263,380,0.3408695652173913,0,0,0,341,0.408695652173913,0,0,0
LTP303,22,19,14,MILDEW,1,0.8888383700301545,0.0914957275544379,36,0.9391304347826088,0,0,0,127,0.7808695652173914,0,0,0
LTP303,22,19,15,HUMAN,1,0.8191892251566086,0.0067117016966235,479,0.168695652173913,0,0,0,270,0.5321739130434783,0,0,0
LTP303,22,19,16,ASIA,1,0.7935655913728458,0.0223061336525145,541,0.0608695652173912,0,0,0,224,0.6121739130434782,0,0,0
LTP303,22,19,17,LONDON,1,0.8099725528908187,0.1011979414010368,503,0.1269565217391304,0,0,0,106,0.817391304347826,0,0,0
LTP303,22,19,18,MOTEL,1,0.8829297879402979,0.1131383511144639,72,0.8765217391304347,0,0,0,86,0.8521739130434782,0,0,0
LTP303,22,19,19,SODA,1,0.7924322249222314,-0.1065266510963919,538,0.0660869565217391,0,0,0,477,0.1721739130434783,0,0,0
LTP303,22,19,20,AIRPORT,1,0.8445580657590644,0.0437749060627005,372,0.3547826086956521,0,0,0,202,0.6504347826086956,0,0,0
LTP303,22,19,21,SHERIFF,0,0.8769616593366425,-0.1764118497178351,104,0.8208695652173913,0,0,0,550,0.0452173913043478,0,0,0
LTP303,22,19,22,CABBAGE,1,0.8442882519887968,-0.0008090234816722,375,0.3495652173913043,0,0,0,303,0.4747826086956521,0,0,0
LTP303,22,19,23,ELBOW,1,0.8564778949884818,0.002238838903564,280,0.5147826086956522,0,0,0,289,0.4991304347826086,0,0,0
LTP303,22,19,24,LEG,1,0.8443629890399595,0.1050112288743473,376,0.3478260869565217,0,0,0,67,0.8852173913043478,0,0,0
LTP303,22,20,1,BLENDER,1,0.8995038254598849,0.0441807337313527,4,0.9947826086956522,0,1,1,208,0.64,0,0,0
LTP303,22,20,2,LUMBER,1,0.888728183180897,0.2060706726256341,37,0.937391304347826,0,0,0,13,0.9791304347826086,0,0,0
LTP303,22,20,3,OMELET,1,0.8551391240743762,0.1473677865311093,288,0.5008695652173913,0,0,0,28,0.9530434782608695,0,0,0
LTP303,22,20,4,TERMITE,1,0.8852033506371824,0.0775361642106227,51,0.9130434782608696,0,0,0,104,0.8208695652173913,0,0,0
LTP303,22,20,5,DRESS,1,0.8662728193626971,-0.1513815773616365,193,0.6660869565217391,0,0,0,541,0.0608695652173912,0,0,0
LTP303,22,20,6,BROOK,1,0.8414442531620505,-0.1008196457821036,383,0.3356521739130435,0,0,0,511,0.1130434782608695,0,0,0
LTP303,22,20,7,VALVE,1,0.8681880634135903,-0.100010256008087,181,0.6869565217391305,0,0,0,484,0.16,0,0,0
LTP303,22,20,8,GROUND,1,0.8238034084670012,-0.0333130301800502,466,0.1913043478260869,0,0,0,373,0.3530434782608695,0,0,0
LTP303,22,20,9,CEILING,1,0.8443815942756489,0.0275891854054492,361,0.3739130434782608,0,0,0,232,0.5982608695652174,0,0,0
LTP303,22,20,10,DENIM,1,0.8709984952133663,0.1772443041568061,162,0.72,0,0,0,32,0.9460869565217392,0,0,0
LTP303,22,20,11,HARP,1,0.8711507257992971,0.0199536163003485,158,0.7269565217391305,0,0,0,229,0.6034782608695652,0,0,0
LTP303,22,20,12,PICNIC,1,0.8335525429161752,0.0169799248156537,436,0.2434782608695652,0,0,0,247,0.5721739130434782,0,0,0
LTP303,22,20,13,DANCER,1,0.8889525322214542,0.0320435929547042,37,0.937391304347826,0,0,0,214,0.6295652173913043,0,0,0
LTP303,22,20,14,BEAVER,1,0.8481704561362443,-0.0055103602423239,338,0.4139130434782608,0,0,0,302,0.4765217391304348,0,0,0
LTP303,22,20,15,BANJO,1,0.8738168337478718,-0.1650789773161054,127,0.7808695652173914,0,0,0,555,0.0365217391304347,0,0,0
LTP303,22,20,16,LUGGAGE,1,0.8787856111247696,-0.1281102373596508,81,0.8608695652173913,0,0,0,527,0.0852173913043478,0,0,0
LTP303,22,20,17,DRESSER,1,0.8503630832767793,0.0407541313723875,327,0.4330434782608695,0,0,0,188,0.6747826086956521,0,0,0
LTP303,22,20,18,ATOM,1,0.7850565095758856,0.0962835541555068,559,0.0295652173913043,0,0,0,84,0.8556521739130435,0,0,0
LTP303,22,20,19,NEUTRON,1,0.8932656601060702,0.0049910203298071,11,0.982608695652174,0,0,0,259,0.551304347826087,0,0,0
LTP303,22,20,20,CAPTIVE,1,0.8370293622951483,0.0469207503679856,417,0.2765217391304347,0,0,0,177,0.6939130434782609,0,0,0
LTP303,22,20,21,CRICKET,0,0.8701658195929198,-0.0825710762231509,156,0.7304347826086957,0,0,0,461,0.1999999999999999,0,0,0
LTP303,22,20,22,NAPKIN,0,0.8346225103700282,0.0057883732364663,433,0.2486956521739131,0,0,0,263,0.5443478260869565,0,0,0
LTP303,22,20,23,STOMACH,1,0.8225751317523448,-0.0055631163817759,468,0.1878260869565217,0,0,0,294,0.4904347826086956,0,0,0
LTP303,22,20,24,FLESH,1,0.8461289730770277,0.0456211029567727,363,0.3704347826086956,0,0,0,202,0.6504347826086956,0,0,0
LTP303,22,21,1,GRAVE,1,0.7855352934981019,-0.0486769804517586,559,0.0295652173913043,0,0,0,386,0.3304347826086956,0,0,0
LTP303,22,21,2,TOURIST,1,0.8659202548101622,0.0679798356354052,201,0.6521739130434783,0,0,0,148,0.7443478260869565,0,0,0
LTP303,22,21,3,POPCORN,1,0.8385537748167972,-0.0053952072616652,410,0.288695652173913,0,0,0,288,0.5008695652173913,0,0,0
LTP303,22,21,4,JOURNAL,1,0.841291568889941,0.0221007604457368,390,0.3234782608695652,0,0,0,206,0.6434782608695653,0,0,0
LTP303,22,21,5,NOTEBOOK,1,0.7903994580638756,-0.06107672517621,559,0.0295652173913043,0,0,0,411,0.2869565217391304,0,0,0
LTP303,22,21,6,HANDBAG,1,0.8704256107217145,-0.0713993534647567,152,0.7373913043478261,0,0,0,430,0.2539130434782608,0,0,0
LTP303,22,21,7,SOFTBALL,1,0.8665203451851211,-0.0602648887578807,197,0.6591304347826087,0,0,0,417,0.2765217391304347,0,0,0
LTP303,22,21,8,WOMAN,1,0.8461659099138528,-0.0389477893128764,364,0.3686956521739131,0,0,0,354,0.3860869565217391,0,0,0
LTP303,22,21,9,PEDAL,1,0.8585514367433331,0.0311919611733641,255,0.5582608695652174,0,0,0,229,0.6034782608695652,0,0,0
LTP303,22,21,10,LASER,1,0.7837129110989313,0.1103760552875855,563,0.0226086956521739,0,0,0,67,0.8852173913043478,0,0,0
LTP303,22,21,11,GHETTO,1,0.8780585507692509,-0.0771406557044848,90,0.8452173913043478,0,0,0,444,0.2295652173913043,0,0,0
LTP303,22,21,12,BANQUET,1,0.8781515375213368,-0.1138311614107964,74,0.8730434782608696,0,0,0,483,0.1617391304347826,0,0,0
LTP303,22,21,13,PARENT,1,0.8090093879558998,0.2178760525287733,516,0.1043478260869564,0,0,0,12,0.9808695652173912,0,0,0
LTP303,22,21,14,SUITCASE,1,0.8499782291177932,0.033325654608037,314,0.4556521739130434,0,0,0,208,0.64,0,0,0
LTP303,22,21,15,PORK,1,0.8573936311372873,-0.0781751901789023,258,0.5530434782608695,0,0,0,446,0.2260869565217391,0,0,0
LTP303,22,21,16,BACON,1,0.803106066381628,0.0574444863489738,525,0.088695652173913,0,0,0,136,0.7652173913043478,0,0,0
LTP303,22,21,17,ACTRESS,1,0.8819015661245794,0.0469931328720088,60,0.8973913043478261,0,0,0,161,0.7217391304347827,0,0,0
LTP303,22,21,18,DIVER,0,0.7845802983222673,-0.1170065579539511,561,0.026086956521739,0,0,0,516,0.1043478260869564,0,0,0
LTP303,22,21,19,QUEEN,1,0.8609631301260029,-0.013428691751744,227,0.6069565217391304,0,0,0,297,0.4852173913043478,0,0,0
LTP303,22,21,20,THRONE,1,0.8551264561581283,0.0008531864273701,276,0.5217391304347826,0,0,0,248,0.5704347826086957,0,0,0
LTP303,22,21,21,FEMALE,1,0.8083417895430136,0.1635348170888642,513,0.1095652173913043,0,0,0,30,0.9495652173913044,0,0,0
LTP303,22,21,22,SWITCH,1,0.7682706185647108,-0.2525272938312052,570,0.0104347826086956,0,0,0,573,0.0052173913043478,0,0,0
LTP303,22,21,23,ACTOR,1,0.7942768284967018,0.1739068391680425,543,0.0573913043478261,0,0,0,33,0.9443478260869566,0,0,0
LTP303,22,21,24,SUPPER,1,0.799190250881036,0.0447963952222032,530,0.0799999999999999,0,0,0,180,0.688695652173913,0,0,0
LTP303,22,22,1,EAGLE,1,0.847401734603751,0.0986805947522937,350,0.3930434782608696,0,0,0,75,0.8713043478260869,0,0,0
LTP303,22,22,2,GLASS,1,0.854523380954877,-0.0385025348701988,283,0.5095652173913043,0,0,0,336,0.4173913043478261,0,0,0
LTP303,22,22,3,LADY,1,0.8026969056205869,0.073678096500864,521,0.0956521739130434,0,0,0,106,0.817391304347826,0,0,0
LTP303,22,22,4,MISTER,1,0.816024276585753,0.0430182986455459,488,0.1530434782608696,0,0,0,176,0.6956521739130435,0,0,0
LTP303,22,22,5,PEBBLE,1,0.8231722724512301,-0.054934434799394,474,0.1773913043478261,0,0,0,417,0.2765217391304347,0,0,0
LTP303,22,22,6,BUBBLE,0,0.8651888618792607,-0.1630917641923557,205,0.6452173913043479,0,0,0,556,0.0347826086956521,0,0,0
LTP303,22,22,7,WORLD,1,0.818525192455857,0.0145179043615031,489,0.1513043478260869,0,0,0,224,0.6121739130434782,0,0,0
LTP303,22,22,8,COUCH,0,0.8407367096442914,0.0693517504817744,351,0.3913043478260869,0,0,0,143,0.7530434782608696,0,0,0
LTP303,22,22,9,PORTRAIT,0,0.8775545094196221,-0.0513971167302876,95,0.8365217391304348,0,0,0,405,0.2973913043478261,0,0,0
LTP303,22,22,10,CATTLE,0,0.8984737936460617,0.0949744319918744,3,0.9965217391304348,0,1,1,104,0.8208695652173913,0,0,0
LTP303,22,22,11,CLOTHES,1,0.8729822474209376,0.0287367196165866,135,0.7669565217391304,0,0,0,206,0.6434782608695653,0,0,0
LTP303,22,22,12,APRON,1,0.8769886574067256,-0.0436044219240546,116,0.8,0,0,0,395,0.3147826086956522,0,0,0
LTP303,22,22,13,FARMER,1,0.8137431378687108,-0.0878394945763121,496,0.1391304347826086,0,0,0,475,0.1756521739130434,0,0,0
LTP303,22,22,14,PASTRY,1,0.8590400842995292,-0.141042685318865,253,0.5617391304347826,0,0,0,558,0.0313043478260869,0,0,0
LTP303,22,22,15,AUTHOR,0,0.8536436082634654,-0.1006718092938596,290,0.4973913043478261,0,0,0,460,0.2017391304347826,0,0,0
LTP303,22,22,16,TURKEY,1,0.8782235834606924,0.0062671785895763,108,0.8139130434782609,0,0,0,270,0.5321739130434783,0,0,0
LTP303,22,22,17,CROWN,1,0.8694725967211133,-0.0207614045472689,173,0.7008695652173913,0,0,0,335,0.4191304347826087,0,0,0
LTP303,22,22,18,TROUT,1,0.7984289315346952,-0.0405749632092381,533,0.0747826086956521,0,0,0,386,0.3304347826086956,0,0,0
LTP303,22,22,19,SCALLOP,1,0.8540109896125881,-0.0801069293322636,288,0.5008695652173913,0,0,0,463,0.1965217391304348,0,0,0
LTP303,22,22,20,OINTMENT,1,0.8483972027522845,0.0024415753869917,339,0.4121739130434783,0,0,0,258,0.5530434782608695,0,0,0
LTP303,22,22,21,AGENT,1,0.8087782075896549,0.1050300173757095,508,0.1182608695652174,0,0,0,79,0.8643478260869565,0,0,0
LTP303,22,22,22,JELLO,0,0.8627571414137892,0.0183899658943781,223,0.6139130434782609,0,0,0,236,0.5913043478260869,0,0,0
LTP303,22,22,23,FRAME,1,0.8699052017765815,-0.2056684939309218,151,0.7391304347826086,0,0,0,568,0.0139130434782608,0,0,0
LTP303,22,22,24,BOX,1,0.7630347580029004,-0.018224451141064,574,0.0034782608695652,0,0,0,316,0.4521739130434783,0,0,0
LTP303,22,23,1,UNCLE,1,0.7998321132567525,0.0422907148494943,524,0.0904347826086956,0,0,0,185,0.6799999999999999,0,0,0
LTP303,22,23,2,PLUTO,1,0.8689240723427593,0.0952259404973305,168,0.7095652173913043,0,0,0,81,0.8608695652173913,0,0,0
LTP303,22,23,3,MOP,1,0.7948854750750377,-0.049036767321957,540,0.0626086956521738,0,0,0,385,0.3321739130434782,0,0,0
LTP303,22,23,4,BUG,1,0.8400505237007636,0.1104592018575573,386,0.3304347826086956,0,0,0,64,0.8904347826086957,0,0,0
LTP303,22,23,5,COCKTAIL,1,0.8520885786186313,-0.1591074047073018,301,0.4782608695652174,0,0,0,551,0.0434782608695651,0,0,0
LTP303,22,23,6,HELMET,1,0.8570165256778466,0.0546260056591379,265,0.5408695652173914,0,0,0,152,0.7373913043478261,0,0,0
LTP303,22,23,7,SALT,1,0.8491363657648162,0.0461937457539134,324,0.4382608695652173,0,0,0,198,0.6573913043478261,0,0,0
LTP303,22,23,8,HEDGE,1,0.8475928371663377,-0.0326345281056359,344,0.4034782608695652,0,0,0,355,0.3843478260869565,0,0,0
LTP303,22,23,9,DRAGON,1,0.8807410556138595,-0.134068579855491,70,0.88,0,0,0,543,0.0573913043478261,0,0,0
LTP303,22,23,10,TILE,0,0.8403109504585635,0.0444214915713841,390,0.3234782608695652,0,0,0,183,0.6834782608695652,0,0,0
LTP303,22,23,11,PUDDLE,1,0.8908361492217376,-0.0043721592882734,30,0.9495652173913044,0,0,0,290,0.4973913043478261,0,0,0
LTP303,22,23,12,PEPPER,1,0.8422967369847902,-0.0268673763754859,374,0.351304347826087,0,0,0,342,0.4069565217391304,0,0,0
LTP303,22,23,13,TUNNEL,1,0.8889698443859515,0.1226189744435089,38,0.9356521739130436,0,0,0,69,0.8817391304347826,0,0,0
LTP303,22,23,14,SILK,1,0.8798415142583609,0.0047137195661314,87,0.8504347826086956,0,0,0,273,0.5269565217391304,0,0,0
LTP303,22,23,15,CRATER,1,0.8695799515110364,-0.0579954176030518,166,0.7130434782608696,0,0,0,427,0.2591304347826086,0,0,0
LTP303,22,23,16,SPIDER,1,0.8605459802596988,-0.1775875512024296,242,0.5808695652173913,0,0,0,556,0.0347826086956521,0,0,0
LTP303,22,23,17,FLEET,1,0.8433208640157361,0.1352747331422384,375,0.3495652173913043,0,0,0,51,0.9130434782608696,0,0,0
LTP303,22,23,18,ARMY,1,0.8638942889224404,-0.0905726743703314,220,0.6191304347826088,0,0,0,478,0.1704347826086956,0,0,0
LTP303,22,23,19,VELVET,1,0.8727850227860025,0.1003712449260913,128,0.7791304347826087,0,0,0,86,0.8521739130434782,0,0,0
LTP303,22,23,20,SCARF,1,0.8520063998638574,-0.1712578074875164,299,0.4817391304347825,0,0,0,551,0.0434782608695651,0,0,0
LTP303,22,23,21,PLAZA,1,0.7932536290989151,-0.0367543929807201,540,0.0626086956521738,0,0,0,355,0.3843478260869565,0,0,0
LTP303,22,23,22,YARN,1,0.8730849285638971,-0.0262354620445571,130,0.7756521739130435,0,0,0,338,0.4139130434782608,0,0,0
LTP303,22,23,23,CATCHER,1,0.8749088923962315,0.0197601061710408,108,0.8139130434782609,0,0,0,219,0.6208695652173912,0,0,0
LTP303,22,23,24,FOOTBALL,1,0.8404477724396084,-0.046626841102657,388,0.3269565217391305,0,0,0,388,0.3269565217391305,0,0,0
LTP303,22,24,1,DUSTPAN,1,0.8655189650878061,-0.086706422538916,171,0.7043478260869565,0,0,0,447,0.2243478260869564,0,0,0
LTP303,22,24,2,SPACE,1,0.7792471348617854,0.0557273803898359,568,0.0139130434782608,0,0,0,143,0.7530434782608696,0,0,0
LTP303,22,24,3,BASEMENT,1,0.8616996333172502,-0.0001119710374244,203,0.6486956521739131,0,0,0,272,0.528695652173913,0,0,0
LTP303,22,24,4,MARKET,1,0.8544087015523688,-0.0429098800750609,272,0.528695652173913,0,0,0,379,0.3426086956521739,0,0,0
LTP303,22,24,5,ONION,1,0.8128464774100094,-0.0357140144039206,496,0.1391304347826086,0,0,0,356,0.3826086956521739,0,0,0
LTP303,22,24,6,SERVANT,1,0.8070089601620255,0.1223192913944325,511,0.1130434782608695,0,0,0,51,0.9130434782608696,0,0,0
LTP303,22,24,7,VIRUS,1,0.8074434768045167,-0.0930959363843268,502,0.128695652173913,0,0,0,458,0.2052173913043478,0,0,0
LTP303,22,24,8,CRAB,1,0.8535602382783809,-0.2380488272332064,252,0.5634782608695652,0,0,0,573,0.0052173913043478,0,0,0
LTP303,22,24,9,POET,1,0.8110598749247024,0.0043930831627901,489,0.1513043478260869,0,0,0,268,0.5356521739130435,0,0,0
LTP303,22,24,10,SNAKE,1,0.8807138688658566,-0.0932483320960882,30,0.9495652173913044,0,0,0,438,0.24,0,0,0
LTP303,22,24,11,CHAUFFEUR,1,0.8374776979563981,-0.0760860636484846,369,0.36,0,0,0,428,0.2573913043478261,0,0,0
LTP303,22,24,12,GLOVE,1,0.8765464283592214,-0.1102490485415441,77,0.8678260869565217,0,0,0,479,0.168695652173913,0,0,0
LTP303,22,24,13,HAND,0,0.8178275848827915,0.0388620472745253,467,0.1895652173913043,0,0,0,193,0.6660869565217391,0,0,0
LTP303,22,24,14,CASHIER,1,0.8717967982074626,0.114719700121265,109,0.8121739130434783,0,0,0,78,0.8660869565217392,0,0,0
LTP303,22,24,15,WAITRESS,1,0.8443889178827566,0.0596750337513544,337,0.4156521739130434,0,0,0,134,0.768695652173913,0,0,0
LTP303,22,24,16,LETTUCE,0,0.8709947801858807,-0.0440402294560237,75,0.8713043478260869,0,0,0,356,0.3826086956521739,0,0,0
LTP303,22,24,17,FUNGUS,1,0.8738346340674038,0.200347745447549,93,0.84,0,0,0,20,0.9669565217391304,0,0,0
LTP303,22,24,18,LEADER,1,0.8184867711658339,-0.0465189380749494,479,0.168695652173913,0,0,0,380,0.3408695652173913,0,0,0
LTP303,22,24,19,DENTIST,1,0.8537792528282507,0.0944289670700883,215,0.6278260869565218,0,0,0,89,0.8469565217391304,0,0,0
LTP303,22,24,20,NURSE,1,0.8800014287698271,0.1612723313279552,41,0.9304347826086956,0,0,0,38,0.9356521739130436,0,0,0
LTP303,22,24,21,PLAID,1,0.8052843138799142,0.0513926963732666,502,0.128695652173913,0,0,0,168,0.7095652173913043,0,0,0
LTP303,22,24,22,BUCKET,1,0.8592901036281955,0.0121071630699481,157,0.728695652173913,0,0,0,248,0.5704347826086957,0,0,0
LTP303,22,24,23,SWORD,1,0.7937138384884604,0.0185637871175464,541,0.0608695652173912,0,0,0,218,0.6226086956521739,0,0,0
LTP303,22,24,24,MONEY,1,0.8225054269657412,0.0417869625886548,454,0.2121739130434782,0,0,0,164,0.7165217391304348,0,0,0
LTP293,22,1,1,CATTLE,1,0.8769002012539829,-0.1082143625983337,41,0.9304347826086956,0,0,0,483,0.1617391304347826,0,0,0
LTP293,22,1,2,LIGHTNING,1,0.8652148647136497,-0.096754484979999,139,0.76,0,0,0,474,0.1773913043478261,0,0,0
LTP293,22,1,3,GYMNAST,1,0.8612837902127651,-0.038845267585138,191,0.6695652173913044,0,0,0,377,0.3460869565217391,0,0,0
LTP293,22,1,4,JEANS,1,0.8616787833483585,-0.0031310551548231,187,0.6765217391304348,0,0,0,285,0.5060869565217392,0,0,0
LTP293,22,1,5,OX,1,0.7871116215590929,-0.059044426168377,546,0.0521739130434782,0,0,0,400,0.3060869565217391,0,0,0
LTP293,22,1,6,TABLET,1,0.8594248250166627,-0.0418696335685262,205,0.6452173913043479,0,0,0,374,0.351304347826087,0,0,0
LTP293,22,1,7,DRESSER,1,0.8511118787463918,0.1001819327355469,275,0.5234782608695652,0,0,0,78,0.8660869565217392,0,0,0
LTP293,22,1,8,FRANCE,1,0.8378694169604136,-0.1203356973519533,361,0.3739130434782608,0,0,0,491,0.1478260869565217,0,0,0
LTP293,22,1,9,DONOR,0,0.8216399666496096,-0.0542313895192774,453,0.2139130434782609,0,0,0,398,0.3095652173913044,0,0,0
LTP293,22,1,10,CHEST,1,0.8190625877577475,0.0584733275723254,478,0.1704347826086956,0,0,0,131,0.7739130434782608,0,0,0
LTP293,22,1,11,ANTLER,0,0.8709257583335371,0.1847001146217052,120,0.7930434782608695,0,0,0,16,0.9739130434782608,0,0,0
LTP293,22,1,12,ELBOW,1,0.8627557224271648,0.1729853724610912,192,0.6678260869565218,0,0,0,20,0.9669565217391304,0,0,0
LTP293,22,1,13,ROBOT,0,0.8322172051580445,-0.1231362309488524,413,0.2834782608695652,0,0,0,522,0.0939130434782609,0,0,0
LTP293,22,1,14,SHOULDER,0,0.8663610445811477,-0.023631320084636,156,0.7304347826086957,0,0,0,333,0.4226086956521739,0,0,0
LTP293,22,1,15,BEAST,1,0.8053125318731834,0.0559045494597713,507,0.12,0,0,0,186,0.6782608695652175,0,0,0
LTP293,22,1,16,CHIPMUNK,0,0.8681156338305703,-0.1104069069078181,104,0.8208695652173913,0,0,0,458,0.2052173913043478,0,0,0
LTP293,22,1,17,BACON,0,0.8057192353550929,0.116698938077068,513,0.1095652173913043,0,0,0,93,0.84,0,0,0
LTP293,22,1,18,MILDEW,1,0.8838833555838,0.0719333637867725,19,0.9686956521739132,0,0,0,141,0.7565217391304347,0,0,0
LTP293,22,1,19,CABBAGE,1,0.8321719030675748,-0.0850579201171664,411,0.2869565217391304,0,0,0,424,0.2643478260869565,0,0,0
LTP293,22,1,20,GRIZZLY,1,0.8434078984001196,-0.114741596874947,327,0.4330434782608695,0,0,0,461,0.1999999999999999,0,0,0
LTP293,22,1,21,HAND,1,0.8075616165118651,-0.104190494517871,499,0.1339130434782608,0,0,0,454,0.2121739130434782,0,0,0
LTP293,22,1,22,LASER,0,0.7815638397152904,0.0663634594806479,559,0.0295652173913043,0,0,0,175,0.6973913043478261,0,0,0
LTP293,22,1,23,RIFLE,0,0.8488271746258058,-0.0463353012050786,284,0.5078260869565218,0,0,0,372,0.3547826086956521,0,0,0
LTP293,22,1,24,SERVER,0,0.8146390239554349,-0.0067887427766868,492,0.1460869565217391,0,0,0,286,0.5043478260869565,0,0,0
LTP293,22,2,1,RECORD,0,0.8485581898409956,-0.0319986841602563,309,0.4643478260869565,0,0,0,362,0.3721739130434782,0,0,0
LTP293,22,2,2,COBRA,1,0.7886716136786401,-0.206961764197334,537,0.0678260869565217,0,0,0,565,0.0191304347826086,0,0,0
LTP293,22,2,3,OUTDOORS,1,0.825597828350839,0.0685253643639425,451,0.217391304347826,0,0,0,135,0.7669565217391304,0,0,0
LTP293,22,2,4,LETTUCE,1,0.8815611315222522,0.0492043031756274,71,0.8782608695652174,0,0,0,165,0.7147826086956521,0,0,0
LTP293,22,2,5,SALAD,1,0.8704948686591192,0.181903249134246,133,0.7704347826086957,0,0,0,26,0.9565217391304348,0,0,0
LTP293,22,2,6,LAGOON,1,0.8315956158420909,0.0229401296838107,372,0.3547826086956521,0,0,0,225,0.6104347826086957,0,0,0
LTP293,22,2,7,FRIAR,0,0.8444526937403875,-0.0296159884282722,327,0.4330434782608695,0,0,0,345,0.4017391304347826,0,0,0
LTP293,22,2,8,TURKEY,1,0.870977288577634,-0.094768030897697,140,0.7582608695652174,0,0,0,465,0.1930434782608695,0,0,0
LTP293,22,2,9,PORTRAIT,1,0.8761940982025,-0.047571617590981,108,0.8139130434782609,0,0,0,386,0.3304347826086956,0,0,0
LTP293,22,2,10,SNAIL,1,0.8684911585616693,-0.1195889493139823,157,0.728695652173913,0,0,0,487,0.1547826086956522,0,0,0
LTP293,22,2,11,FLEET,0,0.8354875091836053,-0.0128885966777413,410,0.288695652173913,0,0,0,321,0.4434782608695652,0,0,0
LTP293,22,2,12,TROMBONE,0,0.8757773073015637,-0.0554069915971887,111,0.808695652173913,0,0,0,407,0.2939130434782608,0,0,0
LTP293,22,2,13,SHOVEL,0,0.8918842722358065,-0.050966342774001,28,0.9530434782608695,0,0,0,404,0.2991304347826087,0,0,0
LTP293,22,2,14,SERVANT,0,0.7909524698377102,-0.1552928878895651,544,0.0556521739130434,0,0,0,552,0.0417391304347826,0,0,0
LTP293,22,2,15,SCRIBBLE,1,0.8338514220078418,0.1302880069843341,424,0.2643478260869565,0,0,0,59,0.8991304347826087,0,0,0
LTP293,22,2,16,GARDEN,1,0.8441798829819703,-0.0538999959612531,350,0.3930434782608696,0,0,0,391,0.3217391304347826,0,0,0
LTP293,22,2,17,SKETCH,0,0.8606734206532449,-0.0034123015917831,238,0.5878260869565217,0,0,0,293,0.4921739130434782,0,0,0
LTP293,22,2,18,ORCHID,1,0.8573745751785876,0.0057491301794589,255,0.5582608695652174,0,0,0,275,0.5234782608695652,0,0,0
LTP293,22,2,19,FLIPPER,0,0.8501197315206506,0.1866620926608441,298,0.4834782608695652,0,0,0,32,0.9460869565217392,0,0,0
LTP293,22,2,20,DAUGHTER,0,0.824229650433967,-0.0368944553407978,460,0.2017391304347826,0,0,0,368,0.3617391304347825,0,0,0
LTP293,22,2,21,PIMPLE,0,0.870569394172925,0.1163519825001548,143,0.7530434782608696,0,0,0,70,0.88,0,0,0
LTP293,22,2,22,FRECKLE,0,0.8771756930569954,0.2339437175805907,101,0.8260869565217391,0,0,0,12,0.9808695652173912,0,0,0
LTP293,22,2,23,PEDAL,0,0.85272532362474,-0.0246630851823772,277,0.52,0,0,0,337,0.4156521739130434,0,0,0
LTP293,22,2,24,PICTURE,1,0.8202028882206225,-0.0493557826702088,469,0.1860869565217391,0,0,0,384,0.3339130434782609,0,0,0
LTP293,22,3,1,PEPPER,1,0.8438889394934235,0.0210650665650425,347,0.3982608695652174,0,0,0,248,0.5704347826086957,0,0,0
LTP293,22,3,2,TURNIP,1,0.8971714750967542,0.1138166909101027,7,0.9895652173913044,0,0,1,108,0.8139130434782609,0,0,0
LTP293,22,3,3,STICKER,1,0.8463158584696223,-0.1422258079145833,323,0.4399999999999999,0,0,0,518,0.1008695652173913,0,0,0
LTP293,22,3,4,DOLPHIN,1,0.8588538884539797,0.2520355034770777,193,0.6660869565217391,0,0,0,6,0.991304347826087,0,0,1
LTP293,22,3,5,DANDRUFF,0,0.8972542531470478,0.1983811228125733,5,0.9930434782608696,0,1,1,32,0.9460869565217392,0,0,0
LTP293,22,3,6,VALVE,0,0.8649428136685223,-0.07349630111389,183,0.6834782608695652,0,0,0,424,0.2643478260869565,0,0,0
LTP293,22,3,7,BURGLAR,1,0.8777377032061998,-0.0162712778177592,87,0.8504347826086956,0,0,0,331,0.4260869565217391,0,0,0
LTP293,22,3,8,MAMMAL,1,0.80544891806095,0.0432481742011608,507,0.12,0,0,0,215,0.6278260869565218,0,0,0
LTP293,22,3,9,STALLION,0,0.8612823739311731,0.0844842788587351,206,0.6434782608695653,0,0,0,161,0.7217391304347827,0,0,0
LTP293,22,3,10,QUEEN,1,0.8537624684080976,-0.1136473303451356,274,0.5252173913043479,0,0,0,466,0.1913043478260869,0,0,0
LTP293,22,3,11,IGLOO,1,0.8401907924767291,0.0377554392705016,373,0.3530434782608695,0,0,0,219,0.6208695652173912,0,0,0
LTP293,22,3,12,STATUE,1,0.808958339253574,0.0170110805918914,505,0.1234782608695652,0,0,0,247,0.5721739130434782,0,0,0
LTP293,22,3,13,IDOL,1,0.7890999632496885,0.0291492292152688,551,0.0434782608695651,0,0,0,230,0.6017391304347826,0,0,0
LTP293,22,3,14,PLASTER,0,0.801582370902095,-0.0198437258845791,515,0.1060869565217391,0,0,0,329,0.4295652173913044,0,0,0
LTP293,22,3,15,SUNSET,0,0.8413532374044455,-0.0959623406378576,361,0.3739130434782608,0,0,0,438,0.24,0,0,0
LTP293,22,3,16,VIRUS,1,0.8221916819698478,0.1275594475929859,470,0.1843478260869565,0,0,0,100,0.8278260869565217,0,0,0
LTP293,22,3,17,PRINCESS,1,0.8817646137262258,0.063762828405048,54,0.9078260869565218,0,0,0,172,0.702608695652174,0,0,0
LTP293,22,3,18,SPHINX,1,0.8667074122605681,0.12279132793165,172,0.702608695652174,0,0,0,76,0.8695652173913043,0,0,0
LTP293,22,3,19,MARROW,0,0.8718008829326345,-0.0920210970889152,123,0.7878260869565217,0,0,0,445,0.2278260869565217,0,0,0
LTP293,22,3,20,KIDNEY,0,0.8564393105357742,0.0778103979136894,253,0.5617391304347826,0,0,0,145,0.7495652173913043,0,0,0
LTP293,22,3,21,JUNGLE,1,0.8768250461511355,-0.0076388757435769,91,0.8434782608695652,0,0,0,310,0.4626086956521739,0,0,0
LTP293,22,3,22,PRIMATE,1,0.8492102507866098,0.2030215810446277,310,0.4626086956521739,0,0,0,34,0.942608695652174,0,0,0
LTP293,22,3,23,CONVICT,1,0.8271806023317082,0.0734226072614246,450,0.2191304347826087,0,0,0,154,0.7339130434782608,0,0,0
LTP293,22,3,24,CRUTCH,1,0.8882333865875066,0.0116991452406439,23,0.9617391304347828,0,0,0,254,0.56,0,0,0
LTP293,22,4,1,ROCKET,1,0.8939875190930202,0.0043113561856416,20,0.9669565217391304,0,0,0,281,0.5130434782608695,0,0,0
LTP293,22,4,2,LOFT,1,0.885350746917396,-0.056317842123017,57,0.902608695652174,0,0,0,420,0.2713043478260869,0,0,0
LTP293,22,4,3,HARP,1,0.870517772959514,0.0651983891182969,143,0.7530434782608696,0,0,0,142,0.7547826086956522,0,0,0
LTP293,22,4,4,CAPTIVE,1,0.8346594802721936,0.0184461613662112,411,0.2869565217391304,0,0,0,249,0.568695652173913,0,0,0
LTP293,22,4,5,MARS,0,0.8301001365551737,-0.0641793634780588,434,0.2469565217391304,0,0,0,432,0.2504347826086956,0,0,0
LTP293,22,4,6,ROBBER,0,0.8394400788968289,0.1236211845780923,384,0.3339130434782609,0,0,0,76,0.8695652173913043,0,0,0
LTP293,22,4,7,COTTAGE,0,0.8744235606743763,0.0100200482924276,118,0.7965217391304348,0,0,0,266,0.5391304347826087,0,0,0
LTP293,22,4,8,DORM,1,0.782165921883828,-0.0019540957591221,553,0.04,0,0,0,294,0.4904347826086956,0,0,0
LTP293,22,4,9,HOOD,0,0.8693084679227504,-0.0558210042028711,165,0.7147826086956521,0,0,0,424,0.2643478260869565,0,0,0
LTP293,22,4,10,HELMET,0,0.8496520286228927,-0.03748480253306,318,0.448695652173913,0,0,0,385,0.3321739130434782,0,0,0
LTP293,22,4,11,CHEMIST,0,0.8794717294614887,0.0128253611814706,88,0.8486956521739131,0,0,0,266,0.5391304347826087,0,0,0
LTP293,22,4,12,BEAKER,0,0.8589825964441933,0.0996906943618334,238,0.5878260869565217,0,0,0,94,0.8382608695652174,0,0,0
LTP293,22,4,13,PEACH,0,0.8394259470359272,0.0279294616896222,385,0.3321739130434782,0,0,0,235,0.5930434782608696,0,0,0
LTP293,22,4,14,LEG,1,0.8338056758032214,-0.0857626562519738,430,0.2539130434782608,0,0,0,486,0.1565217391304347,0,0,0
LTP293,22,4,15,GRILL,0,0.8686750636595051,-0.0142705654833549,164,0.7165217391304348,0,0,0,328,0.4313043478260869,0,0,0
LTP293,22,4,16,BRANCH,0,0.8475558424710724,0.0273566280436297,340,0.4104347826086957,0,0,0,206,0.6434782608695653,0,0,0
LTP293,22,4,17,TOASTER,0,0.839301008955781,-0.0608670426992421,393,0.3182608695652174,0,0,0,417,0.2765217391304347,0,0,0
LTP293,22,4,18,DIME,0,0.8372183067962216,-0.0730645997671372,406,0.2956521739130434,0,0,0,442,0.2330434782608695,0,0,0
LTP293,22,4,19,MASK,0,0.7927561106786032,-0.0960953450473523,529,0.0817391304347826,0,0,0,493,0.1443478260869565,0,0,0
LTP293,22,4,20,POPCORN,0,0.834541739148363,-0.0313497925971659,415,0.28,0,0,0,359,0.3773913043478261,0,0,0
LTP293,22,4,21,BINDER,1,0.8544946500802718,0.0492007619129511,284,0.5078260869565218,0,0,0,198,0.6573913043478261,0,0,0
LTP293,22,4,22,ORANGE,1,0.8408848598189113,-0.0887318371227369,381,0.3391304347826087,0,0,0,463,0.1965217391304348,0,0,0
LTP293,22,4,23,TOMBSTONE,0,0.883460086509589,0.0254022630471021,60,0.8973913043478261,0,0,0,254,0.56,0,0,0
LTP293,22,4,24,PADDING,1,0.8742279030467797,0.139779173408138,114,0.8034782608695652,0,0,0,51,0.9130434782608696,0,0,0
LTP293,22,5,1,ACTOR,1,0.7868228009988119,0.0048714200411828,552,0.0417391304347826,0,0,0,280,0.5147826086956522,0,0,0
LTP293,22,5,2,WHISKERS,0,0.8648309527438383,-0.1821997991532759,197,0.6591304347826087,0,0,0,554,0.0382608695652173,0,0,0
LTP293,22,5,3,PENGUIN,0,0.8901962555653944,-0.1333930129957896,21,0.9652173913043478,0,0,0,524,0.0904347826086956,0,0,0
LTP293,22,5,4,COMET,0,0.8405192970321755,0.0711225637626652,388,0.3269565217391305,0,0,0,141,0.7565217391304347,0,0,0
LTP293,22,5,5,HERO,0,0.8685606783982286,0.1238039828258504,168,0.7095652173913043,0,0,0,59,0.8991304347826087,0,0,0
LTP293,22,5,6,MISSILE,1,0.8353303799463817,-0.1863963004327968,419,0.2730434782608696,0,0,0,560,0.0278260869565217,0,0,0
LTP293,22,5,7,ROOSTER,0,0.8699352041366578,-0.0195807929236845,158,0.7269565217391305,0,0,0,333,0.4226086956521739,0,0,0
LTP293,22,5,8,TWEEZERS,1,0.835556699493269,-0.0853151800379847,420,0.2713043478260869,0,0,0,449,0.2208695652173913,0,0,0
LTP293,22,5,9,LEADER,0,0.836067290458508,0.199440550778521,416,0.2782608695652173,0,0,0,26,0.9565217391304348,0,0,0
LTP293,22,5,10,BRICK,0,0.8884330736093322,-0.0757378123945645,40,0.9321739130434784,0,0,0,428,0.2573913043478261,0,0,0
LTP293,22,5,11,BULLET,1,0.8559567933560901,-0.0993404181179289,259,0.551304347826087,0,0,0,452,0.2156521739130434,0,0,0
LTP293,22,5,12,COUCH,1,0.8403798450769566,-0.0042044014126792,395,0.3147826086956522,0,0,0,286,0.5043478260869565,0,0,0
LTP293,22,5,13,TABLE,0,0.8368234346339761,-0.1437020276843753,407,0.2939130434782608,0,0,0,520,0.097391304347826,0,0,0
LTP293,22,5,14,CLOTHES,0,0.8762729426159439,0.1444292977763275,118,0.7965217391304348,0,0,0,62,0.8939130434782608,0,0,0
LTP293,22,5,15,PASTRY,0,0.8613582711581546,-0.0281785459307745,221,0.6173913043478261,0,0,0,351,0.3913043478260869,0,0,0
LTP293,22,5,16,SHELTER,1,0.8344531233712272,-0.0208294010263468,425,0.2626086956521739,0,0,0,333,0.4226086956521739,0,0,0
LTP293,22,5,17,BABY,0,0.8337048354194735,0.0747241222920234,434,0.2469565217391304,0,0,0,137,0.7634782608695652,0,0,0
LTP293,22,5,18,FOREHEAD,1,0.8247362598358023,0.0169205789187275,457,0.2069565217391304,0,0,0,253,0.5617391304347826,0,0,0
LTP293,22,5,19,SODA,0,0.7869428409121979,-0.1681006696906358,550,0.0452173913043478,0,0,0,537,0.0678260869565217,0,0,0
LTP293,22,5,20,BARLEY,0,0.8770603378112348,0.0831898731753678,104,0.8208695652173913,0,0,0,124,0.7860869565217391,0,0,0
LTP293,22,5,21,WORKER,1,0.8586940500506618,0.1341192135419048,239,0.5860869565217391,0,0,0,75,0.8713043478260869,0,0,0
LTP293,22,5,22,BADGE,0,0.8420407410791432,-0.0129035072414432,371,0.3565217391304348,0,0,0,313,0.457391304347826,0,0,0
LTP293,22,5,23,GUARD,0,0.8772245298730235,0.1371604638386021,105,0.8191304347826087,0,0,0,69,0.8817391304347826,0,0,0
LTP293,22,5,24,CHAUFFEUR,1,0.8395880839441185,-0.0760467808782152,380,0.3408695652173913,0,0,0,426,0.2608695652173913,0,0,0
LTP293,22,6,1,KITCHEN,1,0.8806007785448456,0.0151294237559036,86,0.8521739130434782,0,0,0,250,0.5669565217391304,0,0,0
LTP293,22,6,2,NOMAD,0,0.8199901228726911,0.1464413451569838,463,0.1965217391304348,0,0,0,86,0.8521739130434782,0,0,0
LTP293,22,6,3,YACHT,1,0.8823444025567949,0.1052436170172452,72,0.8765217391304347,0,0,0,117,0.7982608695652174,0,0,0
LTP293,22,6,4,MARINE,1,0.8653527858218426,0.0877454378363925,194,0.6643478260869565,0,0,0,144,0.751304347826087,0,0,0
LTP293,22,6,5,CLAM,1,0.7801605709343541,-0.1463035674417372,557,0.0330434782608696,0,0,0,517,0.1026086956521739,0,0,0
LTP293,22,6,6,PREACHER,0,0.8462593837851097,-0.0662163548346638,335,0.4191304347826087,0,0,0,449,0.2208695652173913,0,0,0
LTP293,22,6,7,TEMPLE,0,0.8815142471452215,0.0619002660818516,92,0.8417391304347825,0,0,0,191,0.6695652173913044,0,0,0
LTP293,22,6,8,COLONEL,1,0.8836969768782368,0.2582383291947038,69,0.8817391304347826,0,0,0,7,0.9895652173913044,0,0,1
LTP293,22,6,9,SPIDER,0,0.8580003719565334,-0.2247937953218608,249,0.568695652173913,0,0,0,544,0.0556521739130434,0,0,0
LTP293,22,6,10,ICEBERG,1,0.8877482790355519,-0.0426907763280661,42,0.928695652173913,0,0,0,388,0.3269565217391305,0,0,0
LTP293,22,6,11,CELLAR,1,0.8661720316799304,-0.039260557061266,201,0.6521739130434783,0,0,0,340,0.4104347826086957,0,0,0
LTP293,22,6,12,QUARTER,0,0.8495207002686668,0.1628881854699451,323,0.4399999999999999,0,0,0,67,0.8852173913043478,0,0,0
LTP293,22,6,13,TRACTOR,1,0.8371157073030296,-0.1305143559757759,407,0.2939130434782608,0,0,0,497,0.1373913043478261,0,0,0
LTP293,22,6,14,CRAYON,1,0.8969411154613323,0.0525873242922294,7,0.9895652173913044,0,0,1,170,0.7060869565217391,0,0,0
LTP293,22,6,15,COURSE,0,0.834660066354953,0.0839009821554234,413,0.2834782608695652,0,0,0,154,0.7339130434782608,0,0,0
LTP293,22,6,16,BLOUSE,0,0.8667039559769562,-0.1650590683228434,195,0.662608695652174,0,0,0,513,0.1095652173913043,0,0,0
LTP293,22,6,17,VALLEY,0,0.8830966372690745,0.0762627706889889,71,0.8782608695652174,0,0,0,122,0.7895652173913044,0,0,0
LTP293,22,6,18,JAPAN,0,0.7924757000568533,-0.0676874447621151,542,0.0591304347826087,0,0,0,408,0.2921739130434783,0,0,0
LTP293,22,6,19,PLIERS,0,0.867701890643562,-0.0477353731256378,188,0.6747826086956521,0,0,0,341,0.408695652173913,0,0,0
LTP293,22,6,20,COLLEGE,0,0.8827101891765987,0.2518641196660238,71,0.8782608695652174,0,0,0,11,0.982608695652174,0,0,0
LTP293,22,6,21,TERMITE,0,0.8873521204327806,0.1452292066702974,62,0.8939130434782608,0,0,0,81,0.8608695652173913,0,0,0
LTP293,22,6,22,BODY,1,0.7496005659370263,0.0001583666731984,575,0.0017391304347825,0,0,0,300,0.48,0,0,0
LTP293,22,6,23,STOVE,1,0.8465275256398391,-0.1222658398568895,344,0.4034782608695652,0,0,0,514,0.1078260869565217,0,0,0
LTP293,22,6,24,PIGMENT,0,0.8763705963844789,-0.074577177016301,117,0.7982608695652174,0,0,0,443,0.231304347826087,0,0,0
LTP293,22,7,1,QUAIL,1,0.8723529602326379,0.0776129157444327,149,0.7426086956521739,0,0,0,144,0.751304347826087,0,0,0
LTP293,22,7,2,PASSAGE,0,0.8674031468601051,0.1057987246245258,185,0.6799999999999999,0,0,0,80,0.8626086956521739,0,0,0
LTP293,22,7,3,FINGER,1,0.8914881832770043,0.0397811516560834,21,0.9652173913043478,0,0,0,195,0.662608695652174,0,0,0
LTP293,22,7,4,PERCH,1,0.885692854068701,0.014930554805928,44,0.9252173913043478,0,0,0,259,0.551304347826087,0,0,0
LTP293,22,7,5,HORSE,0,0.8544743756824367,-0.0402907176078916,278,0.5182608695652173,0,0,0,366,0.3652173913043478,0,0,0
LTP293,22,7,6,SPACE,1,0.7772874310706073,-0.0199613795845787,566,0.017391304347826,0,0,0,339,0.4121739130434783,0,0,0
LTP293,22,7,7,WORLD,1,0.8110954278013,-0.1097917042333177,503,0.1269565217391304,0,0,0,500,0.1321739130434782,0,0,0
LTP293,22,7,8,GRAVE,1,0.7888494103088877,-0.0053605689019066,552,0.0417391304347826,0,0,0,282,0.511304347826087,0,0,0
LTP293,22,7,9,DINER,1,0.7983407146150424,0.0600428376687983,532,0.0765217391304348,0,0,0,159,0.7252173913043478,0,0,0
LTP293,22,7,10,SANDWICH,1,0.8954749468379344,0.1195507314812096,10,0.9843478260869564,0,0,1,64,0.8904347826086957,0,0,0
LTP293,22,7,11,CUPBOARD,0,0.8828031490570961,-0.0217651527943435,78,0.8660869565217392,0,0,0,333,0.4226086956521739,0,0,0
LTP293,22,7,12,MUFFIN,1,0.8609718383910671,0.0261877630564831,223,0.6139130434782609,0,0,0,216,0.6260869565217391,0,0,0
LTP293,22,7,13,HAWK,1,0.8036832586547435,-0.0854743718685901,510,0.1147826086956521,0,0,0,440,0.2365217391304347,0,0,0
LTP293,22,7,14,TUBA,0,0.8471550876519915,-0.1231743097232997,339,0.4121739130434783,0,0,0,515,0.1060869565217391,0,0,0
LTP293,22,7,15,GIFT,0,0.8450617827544747,-0.0215344895893205,351,0.3913043478260869,0,0,0,327,0.4330434782608695,0,0,0
LTP293,22,7,16,SOFTBALL,0,0.8679986264392178,-0.0333121568626107,177,0.6939130434782609,0,0,0,348,0.3965217391304347,0,0,0
LTP293,22,7,17,FRUIT,1,0.8388508421505292,0.0095323390727353,392,0.3199999999999999,0,0,0,261,0.5478260869565217,0,0,0
LTP293,22,7,18,COIN,1,0.8368898320105038,-0.0185010552592337,397,0.3113043478260869,0,0,0,306,0.4695652173913043,0,0,0
LTP293,22,7,19,BOX,1,0.7563981439640508,-0.0828552309514404,573,0.0052173913043478,0,0,0,436,0.2434782608695652,0,0,0
LTP293,22,7,20,SPARROW,0,0.8338850401300005,-0.0382964728000729,417,0.2765217391304347,0,0,0,366,0.3652173913043478,0,0,0
LTP293,22,7,21,SIDEWALK,1,0.8724393446763488,-0.0701822615312029,138,0.7617391304347826,0,0,0,424,0.2643478260869565,0,0,0
LTP293,22,7,22,KETCHUP,1,0.8848963104592003,0.0864812845618241,53,0.9095652173913044,0,0,0,106,0.817391304347826,0,0,0
LTP293,22,7,23,MUSTARD,1,0.7745196937482626,0.024836298150824,566,0.017391304347826,0,0,0,221,0.6173913043478261,0,0,0
LTP293,22,7,24,EMPIRE,0,0.8312758213619513,-0.0675610786799086,430,0.2539130434782608,0,0,0,431,0.2521739130434782,0,0,0
LTP293,22,8,1,NEUTRON,1,0.8834100301642998,-0.0379659873552808,34,0.942608695652174,0,0,0,384,0.3339130434782609,0,0,0
LTP293,22,8,2,CABIN,1,0.8476328497038178,0.1917291962691279,251,0.5652173913043479,0,0,0,29,0.951304347826087,0,0,0
LTP293,22,8,3,PERMIT,0,0.8424283981789104,-0.1197461670505521,359,0.3773913043478261,0,0,0,491,0.1478260869565217,0,0,0
LTP293,22,8,4,FRAGRANCE,0,0.8666337184599123,-0.1087003834580414,168,0.7095652173913043,0,0,0,476,0.1739130434782608,0,0,0
LTP293,22,8,5,WIDOW,0,0.84150105299091,-0.0398265090081295,371,0.3565217391304348,0,0,0,372,0.3547826086956521,0,0,0
LTP293,22,8,6,COOK,0,0.8298893159441703,0.1369326917997144,430,0.2539130434782608,0,0,0,69,0.8817391304347826,0,0,0
LTP293,22,8,7,FOREST,0,0.8158413019025819,0.0166464545767973,482,0.1634782608695651,0,0,0,253,0.5617391304347826,0,0,0
LTP293,22,8,8,COCOON,1,0.8266870259567188,0.1179740780844589,454,0.2121739130434782,0,0,0,71,0.8782608695652174,0,0,0
LTP293,22,8,9,CRATER,0,0.8646778718257878,-0.083600451275081,178,0.6921739130434783,0,0,0,441,0.2347826086956521,0,0,0
LTP293,22,8,10,FEMALE,1,0.7950794573362159,-0.0564319053944355,529,0.0817391304347826,0,0,0,404,0.2991304347826087,0,0,0
LTP293,22,8,11,LOVER,1,0.7802435624235903,-0.0717110833410386,540,0.0626086956521738,0,0,0,423,0.2660869565217391,0,0,0
LTP293,22,8,12,WAITRESS,0,0.8410589478802859,0.0013471560542174,368,0.3617391304347825,0,0,0,276,0.5217391304347826,0,0,0
LTP293,22,8,13,CANYON,1,0.8500727864755363,0.1155284584069018,299,0.4817391304347825,0,0,0,70,0.88,0,0,0
LTP293,22,8,14,CROWN,0,0.8673048155916087,-0.0067429962635231,145,0.7495652173913043,0,0,0,284,0.5078260869565218,0,0,0
LTP293,22,8,15,GARLIC,0,0.8546766090236877,-0.0532607292411118,252,0.5634782608695652,0,0,0,386,0.3304347826086956,0,0,0
LTP293,22,8,16,BUGGY,0,0.870700039905053,-0.0462293627582862,137,0.7634782608695652,0,0,0,379,0.3426086956521739,0,0,0
LTP293,22,8,17,DONKEY,1,0.8921044523065987,0.1075570747321515,27,0.954782608695652,0,0,0,99,0.8295652173913044,0,0,0
LTP293,22,8,18,KEEPER,1,0.8244151965383314,0.034169713534113,456,0.208695652173913,0,0,0,206,0.6434782608695653,0,0,0
LTP293,22,8,19,PERFUME,0,0.8753212766707443,0.0285058035896726,98,0.831304347826087,0,0,0,219,0.6208695652173912,0,0,0
LTP293,22,8,20,LUNCH,1,0.8062852958510381,-0.0771631161706696,504,0.1252173913043478,0,0,0,449,0.2208695652173913,0,0,0
LTP293,22,8,21,LADDER,1,0.8229509075509884,-0.0431411862117128,450,0.2191304347826087,0,0,0,363,0.3704347826086956,0,0,0
LTP293,22,8,22,ATOM,1,0.7775958638776287,0.0039587743925578,559,0.0295652173913043,0,0,0,264,0.5426086956521738,0,0,0
LTP293,22,8,23,PEANUT,1,0.8775801203549093,0.1520571238915521,78,0.8660869565217392,0,0,0,42,0.928695652173913,0,0,0
LTP293,22,8,24,CASHEW,0,0.8978498898970919,0.234591374317535,9,0.9860869565217392,0,0,1,10,0.9843478260869564,0,0,1
LTP293,22,9,1,POET,1,0.7959946230672733,-0.1217513174982462,505,0.1234782608695652,0,0,0,505,0.1234782608695652,0,0,0
LTP293,22,9,2,CHAPEL,1,0.826732950412462,-0.0180995216354143,422,0.2678260869565217,0,0,0,318,0.448695652173913,0,0,0
LTP293,22,9,3,PUDDLE,1,0.8790632195789638,-0.0413525730474618,37,0.937391304347826,0,0,0,371,0.3565217391304348,0,0,0
LTP293,22,9,4,SWIMMER,1,0.7937367641414036,-0.0152360548922696,519,0.0991304347826087,0,0,0,311,0.4608695652173913,0,0,0
LTP293,22,9,5,MARSH,1,0.8720023264422675,0.0791721130053789,108,0.8139130434782609,0,0,0,103,0.8226086956521739,0,0,0
LTP293,22,9,6,CAMEL,1,0.8814113222362356,0.0417401106499782,46,0.9217391304347826,0,0,0,177,0.6939130434782609,0,0,0
LTP293,22,9,7,HOUND,1,0.8750878403362691,-0.095711397520285,66,0.8869565217391304,0,0,0,477,0.1721739130434783,0,0,0
LTP293,22,9,8,COUSIN,1,0.8681648400582289,0.0174048912246688,146,0.7478260869565218,0,0,0,223,0.6139130434782609,0,0,0
LTP293,22,9,9,PAIL,1,0.8244613506436281,0.0098089604559329,297,0.4852173913043478,0,0,0,254,0.56,0,0,0
LTP293,22,9,10,ROD,0,0.8360959948841581,0.0731976755301665,314,0.4556521739130434,0,0,0,111,0.808695652173913,0,0,0
LTP293,22,9,11,BALLOON,0,0.8746287610233563,-0.1304445619152307,77,0.8678260869565217,0,0,0,528,0.0834782608695652,0,0,0
LTP293,22,9,12,SUITCASE,1,0.8493009022164117,0.0128862128344895,309,0.4643478260869565,0,0,0,250,0.5669565217391304,0,0,0
LTP293,22,9,13,BRIEFCASE,1,0.8465610633399594,-0.0628913116605484,320,0.4452173913043478,0,0,0,428,0.2573913043478261,0,0,0
LTP293,22,9,14,JELLY,1,0.8486242481765075,-0.1385061261451629,293,0.4921739130434782,0,0,0,533,0.0747826086956521,0,0,0
LTP293,22,9,15,DANCER,1,0.8893966715656519,0.1127463920337969,15,0.9756521739130436,0,0,0,50,0.9147826086956522,0,0,0
LTP293,22,9,16,SCOTCH,1,0.8579195479929075,-0.0278550637406531,224,0.6121739130434782,0,0,0,340,0.4104347826086957,0,0,0
LTP293,22,9,17,DIVER,0,0.7899981604123137,0.0715027594636023,542,0.0591304347826087,0,0,0,124,0.7860869565217391,0,0,0
LTP293,22,9,18,DRIVER,0,0.8273561449642615,-0.0496321935157674,437,0.2417391304347825,0,0,0,382,0.337391304347826,0,0,0
LTP293,22,9,19,MARKET,1,0.8566622428528159,0.0354307839576234,244,0.577391304347826,0,0,0,181,0.6869565217391305,0,0,0
LTP293,22,9,20,CONCERT,1,0.8104500812189877,0.0481668740759544,493,0.1443478260869565,0,0,0,153,0.7356521739130435,0,0,0
LTP293,22,9,21,RECEIPT,0,0.8363176400023412,-0.043126246364216,380,0.3408695652173913,0,0,0,370,0.3582608695652174,0,0,0
LTP293,22,9,22,RUG,0,0.8255243906374491,-0.0831644620354592,454,0.2121739130434782,0,0,0,451,0.217391304347826,0,0,0
LTP293,22,9,23,PLAZA,1,0.7968323626173884,0.0836261609155293,531,0.0782608695652173,0,0,0,102,0.8243478260869566,0,0,0
LTP293,22,9,24,SLIDE,0,0.8591885099651374,-0.009902454730102,211,0.6347826086956522,0,0,0,289,0.4991304347826086,0,0,0
LTP293,22,10,1,XEROX,1,0.8624822139890268,0.0664162100054378,193,0.6660869565217391,0,0,0,139,0.76,0,0,0
LTP293,22,10,2,GAVEL,1,0.7883419651071188,0.0609737069599963,549,0.0469565217391304,0,0,0,150,0.7408695652173913,0,0,0
LTP293,22,10,3,ATLAS,1,0.7744685115115325,0.2289602101131278,571,0.0086956521739129,0,0,0,8,0.9878260869565216,0,0,1
LTP293,22,10,4,MISTER,1,0.8051597375958087,-0.0640146523885782,510,0.1147826086956521,0,0,0,401,0.3043478260869565,0,0,0
LTP293,22,10,5,HORNET,0,0.8639191019174075,-0.0793082837352967,186,0.6782608695652175,0,0,0,431,0.2521739130434782,0,0,0
LTP293,22,10,6,BLADE,0,0.8702032049063603,-0.1548811267895308,110,0.8104347826086956,0,0,0,522,0.0939130434782609,0,0,0
LTP293,22,10,7,PARTNER,0,0.8465164344173151,-0.0027248312258626,336,0.4173913043478261,0,0,0,280,0.5147826086956522,0,0,0
LTP293,22,10,8,WOMAN,0,0.8307069950135524,-0.1810818755096294,412,0.2852173913043478,0,0,0,545,0.0539130434782608,0,0,0
LTP293,22,10,9,PISTON,0,0.8697138278959844,-0.0204640069417212,115,0.8017391304347826,0,0,0,323,0.4399999999999999,0,0,0
LTP293,22,10,10,TAXI,1,0.8548838736753964,-0.0152503428810454,260,0.5495652173913044,0,0,0,310,0.4626086956521739,0,0,0
LTP293,22,10,11,SWAMP,1,0.7554056838304143,-0.1546817645258608,575,0.0017391304347825,0,0,0,520,0.097391304347826,0,0,0
LTP293,22,10,12,CANAL,1,0.8600322673227174,-0.1276144443345149,215,0.6278260869565218,0,0,0,497,0.1373913043478261,0,0,0
LTP293,22,10,13,HATCHET,0,0.853722064240415,0.0229338439337422,276,0.5217391304347826,0,0,0,223,0.6139130434782609,0,0,0
LTP293,22,10,14,SLOPE,0,0.8610543737808077,0.0009893481839314,209,0.6382608695652174,0,0,0,263,0.5443478260869565,0,0,0
LTP293,22,10,15,NOTEBOOK,0,0.7915766449967512,0.0143387897780171,554,0.0382608695652173,0,0,0,238,0.5878260869565217,0,0,0
LTP293,22,10,16,KLEENEX,0,0.8379685223665273,0.0403633980001571,392,0.3199999999999999,0,0,0,205,0.6452173913043479,0,0,0
LTP293,22,10,17,LAMP,1,0.8292272055169303,-0.0320670003486981,425,0.2626086956521739,0,0,0,347,0.3982608695652174,0,0,0
LTP293,22,10,18,BACKBONE,0,0.8802996045042569,-0.0567411242849258,40,0.9321739130434784,0,0,0,397,0.3113043478260869,0,0,0
LTP293,22,10,19,LIZARD,0,0.8676726539020753,-0.0627567703796746,132,0.7721739130434783,0,0,0,394,0.3165217391304348,0,0,0
LTP293,22,10,20,AIRPLANE,1,0.8542433105690393,0.036383096248469,269,0.5339130434782609,0,0,0,198,0.6573913043478261,0,0,0
LTP293,22,10,21,SUMMIT,0,0.8398700447205852,-0.0564383859462839,376,0.3478260869565217,0,0,0,407,0.2939130434782608,0,0,0
LTP293,22,10,22,TREAT,0,0.7351660782780584,-0.0302263917265004,576,0.0,0,0,0,339,0.4121739130434783,0,0,0
LTP293,22,10,23,AIRPORT,1,0.8396555167092328,0.0036677167235372,378,0.3443478260869566,0,0,0,265,0.5408695652173914,0,0,0
LTP293,22,10,24,PATROL,0,0.8606051577601299,0.0435793687416388,211,0.6347826086956522,0,0,0,173,0.7008695652173913,0,0,0
LTP293,22,11,1,DRESS,1,0.8666539554154712,-0.0844491980404449,195,0.662608695652174,0,0,0,453,0.2139130434782609,0,0,0
LTP293,22,11,2,COD,1,0.7962627163520458,-0.0303936677761954,530,0.0799999999999999,0,0,0,351,0.3913043478260869,0,0,0
LTP293,22,11,3,INMATE,1,0.8482605862396669,0.0238755580628291,320,0.4452173913043478,0,0,0,240,0.5843478260869566,0,0,0
LTP293,22,11,4,GRAPE,1,0.7704107028406888,-0.0703683558834865,568,0.0139130434782608,0,0,0,437,0.2417391304347825,0,0,0
LTP293,22,11,5,LODGE,0,0.8645894542183993,-0.062118803640027,205,0.6452173913043479,0,0,0,406,0.2956521739130434,0,0,0
LTP293,22,11,6,PASTA,1,0.8668923163463316,0.1168876032438571,193,0.6660869565217391,0,0,0,77,0.8678260869565217,0,0,0
LTP293,22,11,7,STAMP,1,0.8013725222156098,-0.0272324630507676,516,0.1043478260869564,0,0,0,355,0.3843478260869565,0,0,0
LTP293,22,11,8,TYPIST,1,0.8891488782013223,0.0255142456124126,27,0.954782608695652,0,0,0,214,0.6295652173913043,0,0,0
LTP293,22,11,9,FIDDLE,0,0.8996535032287559,0.0461328131501881,3,0.9965217391304348,0,1,1,170,0.7060869565217391,0,0,0
LTP293,22,11,10,PARSLEY,0,0.8667442883418522,-0.0593935753734373,190,0.671304347826087,0,0,0,393,0.3182608695652174,0,0,0
LTP293,22,11,11,LEOPARD,1,0.8653820157872666,0.0224732582615882,204,0.6469565217391304,0,0,0,222,0.6156521739130435,0,0,0
LTP293,22,11,12,ONION,1,0.8137033285604904,-0.0034866992855451,489,0.1513043478260869,0,0,0,286,0.5043478260869565,0,0,0
LTP293,22,11,13,SALT,1,0.8515046119830922,0.083510841025138,296,0.4869565217391304,0,0,0,133,0.7704347826086957,0,0,0
LTP293,22,11,14,BANK,0,0.8669687268456082,0.005937826984848,181,0.6869565217391305,0,0,0,259,0.551304347826087,0,0,0
LTP293,22,11,15,TRUCK,0,0.8447330172590324,0.0284453270890679,344,0.4034782608695652,0,0,0,237,0.5895652173913044,0,0,0
LTP293,22,11,16,SHIRT,0,0.8595011204421594,0.0258973196975203,248,0.5704347826086957,0,0,0,224,0.6121739130434782,0,0,0
LTP293,22,11,17,HOOK,1,0.8882894833245737,-0.0039197310509367,37,0.937391304347826,0,0,0,306,0.4695652173913043,0,0,0
LTP293,22,11,18,NAPKIN,1,0.8301947157240906,-0.0498507762671936,437,0.2417391304347825,0,0,0,386,0.3304347826086956,0,0,0
LTP293,22,11,19,PAPER,1,0.8037741584514397,0.1332768463422455,512,0.111304347826087,0,0,0,56,0.9043478260869564,0,0,0
LTP293,22,11,20,OFFICE,1,0.8567783126204522,0.0345240557979723,259,0.551304347826087,0,0,0,209,0.6382608695652174,0,0,0
LTP293,22,11,21,FILM,0,0.8689390876434948,0.1010416508233883,177,0.6939130434782609,0,0,0,113,0.8052173913043479,0,0,0
LTP293,22,11,22,SPOOL,0,0.8731515893935342,0.0675378502883015,126,0.782608695652174,0,0,0,139,0.76,0,0,0
LTP293,22,11,23,BUCKET,0,0.8647642848131114,-0.0361702686381171,204,0.6469565217391304,0,0,0,343,0.4052173913043478,0,0,0
LTP293,22,11,24,RAFT,1,0.8653656927576253,0.0555256429130281,194,0.6643478260869565,0,0,0,160,0.7234782608695652,0,0,0
LTP293,22,12,1,PALACE,1,0.8472960781113609,-0.1597701057037124,312,0.4591304347826087,0,0,0,514,0.1078260869565217,0,0,0
LTP293,22,12,2,ZIPPER,1,0.787425878814927,0.0241866812317387,553,0.04,0,0,0,203,0.6486956521739131,0,0,0
LTP293,22,12,3,SADDLE,1,0.8684140806801569,0.1313986434116273,139,0.76,0,0,0,72,0.8765217391304347,0,0,0
LTP293,22,12,4,BUBBLE,0,0.8639618363161757,-0.0883859239178133,200,0.6539130434782608,0,0,0,448,0.2226086956521739,0,0,0
LTP293,22,12,5,SLIME,1,0.8820547147320678,0.0546077972484656,62,0.8939130434782608,0,0,0,152,0.7373913043478261,0,0,0
LTP293,22,12,6,PRINCE,1,0.8146312277593,0.0435040732500757,492,0.1460869565217391,0,0,0,193,0.6660869565217391,0,0,0
LTP293,22,12,7,FOOTBALL,0,0.8336542117124539,-0.0865163981696817,417,0.2765217391304347,0,0,0,449,0.2208695652173913,0,0,0
LTP293,22,12,8,BOYFRIEND,0,0.856965613555456,-0.2436960262505654,250,0.5669565217391304,0,0,0,568,0.0139130434782608,0,0,0
LTP293,22,12,9,SCALPEL,1,0.8872296690962632,0.173186781110237,37,0.937391304347826,0,0,0,26,0.9565217391304348,0,0,0
LTP293,22,12,10,BUTCHER,1,0.8395950703831274,-0.0027069933802254,388,0.3269565217391305,0,0,0,280,0.5147826086956522,0,0,0
LTP293,22,12,11,TOURIST,0,0.8561621185737186,-0.121931297823373,261,0.5478260869565217,0,0,0,523,0.0921739130434782,0,0,0
LTP293,22,12,12,CRITIC,0,0.8225713611787563,0.120261179106609,470,0.1843478260869565,0,0,0,87,0.8504347826086956,0,0,0
LTP293,22,12,13,ACTRESS,0,0.8780682619226601,-0.0238517248039929,83,0.8573913043478261,0,0,0,326,0.4347826086956522,0,0,0
LTP293,22,12,14,PADDLE,0,0.8773969666843596,0.121859695744557,79,0.8643478260869565,0,0,0,79,0.8643478260869565,0,0,0
LTP293,22,12,15,VIKING,0,0.8143708615957919,0.05105638887175,495,0.1408695652173913,0,0,0,155,0.7321739130434783,0,0,0
LTP293,22,12,16,GRAVEL,1,0.7695882417982816,0.1043275228975261,571,0.0086956521739129,0,0,0,104,0.8208695652173913,0,0,0
LTP293,22,12,17,BEEF,0,0.8063397905019419,-0.0200390399947766,516,0.1043478260869564,0,0,0,310,0.4626086956521739,0,0,0
LTP293,22,12,18,DUSTPAN,0,0.8705568715750782,-0.055595649955252,148,0.7443478260869565,0,0,0,393,0.3182608695652174,0,0,0
LTP293,22,12,19,CITRUS,0,0.8643863571344562,-0.0940603348390868,213,0.6313043478260869,0,0,0,480,0.1669565217391304,0,0,0
LTP293,22,12,20,FLAG,0,0.7941048462709195,0.0848026493274452,546,0.0521739130434782,0,0,0,112,0.8069565217391305,0,0,0
LTP293,22,12,21,CASKET,0,0.8917163894737437,-0.0363333282393862,10,0.9843478260869564,0,0,1,361,0.3739130434782608,0,0,0
LTP293,22,12,22,DUST,1,0.8456092147992057,-0.0394334012150906,346,0.4,0,0,0,369,0.36,0,0,0
LTP293,22,12,23,LAPEL,1,0.8555617560975012,0.1751201946853514,262,0.5460869565217391,0,0,0,44,0.9252173913043478,0,0,0
LTP293,22,12,24,MEAT,0,0.8617980867322483,0.1246089746093722,226,0.6086956521739131,0,0,0,63,0.8921739130434783,0,0,0
LTP293,22,13,1,POSSUM,1,0.8460909975479747,0.0847271424755189,352,0.3895652173913043,0,0,0,99,0.8295652173913044,0,0,0
LTP293,22,13,2,PORK,0,0.8631521441820083,0.0805144470498071,229,0.6034782608695652,0,0,0,99,0.8295652173913044,0,0,0
LTP293,22,13,3,LION,1,0.8410611583216013,0.1896854774710971,394,0.3165217391304348,0,0,0,25,0.9582608695652174,0,0,0
LTP293,22,13,4,LONDON,1,0.8101852628498705,0.1161584493913962,511,0.1130434782608695,0,0,0,58,0.9008695652173913,0,0,0
LTP293,22,13,5,CLAMP,0,0.7956986400529265,-0.1063233884687024,540,0.0626086956521738,0,0,0,501,0.1304347826086956,0,0,0
LTP293,22,13,6,BROTHER,1,0.8699691542688233,-0.188221398818646,136,0.7652173913043478,0,0,0,552,0.0417391304347826,0,0,0
LTP293,22,13,7,SMOG,1,0.8564994889711116,0.0254160060180306,270,0.5321739130434783,0,0,0,211,0.6347826086956522,0,0,0
LTP293,22,13,8,CLOUD,1,0.848906560309932,-0.0116834696028786,327,0.4330434782608695,0,0,0,298,0.4834782608695652,0,0,0
LTP293,22,13,9,PIZZA,1,0.8346519339355383,-0.0258889363035395,426,0.2608695652173913,0,0,0,338,0.4139130434782608,0,0,0
LTP293,22,13,10,BEAVER,0,0.8421339969314965,-0.1215615269458194,380,0.3408695652173913,0,0,0,481,0.1652173913043478,0,0,0
LTP293,22,13,11,MOP,0,0.7999749634626757,0.0916362511919143,533,0.0747826086956521,0,0,0,80,0.8626086956521739,0,0,0
LTP293,22,13,12,STAKE,1,0.8236469609609944,0.0718849725082036,468,0.1878260869565217,0,0,0,129,0.7773913043478261,0,0,0
LTP293,22,13,13,FIREMAN,1,0.8864551812426538,0.0282349156033865,35,0.9408695652173912,0,0,0,195,0.662608695652174,0,0,0
LTP293,22,13,14,FARMER,1,0.8121593373194061,-0.0367916663000771,504,0.1252173913043478,0,0,0,330,0.4278260869565217,0,0,0
LTP293,22,13,15,PECAN,0,0.8231660306179241,0.0272522764511583,467,0.1895652173913043,0,0,0,205,0.6452173913043479,0,0,0
LTP293,22,13,16,NIGHTGOWN,1,0.8334720942404857,-0.0449960229588528,417,0.2765217391304347,0,0,0,348,0.3965217391304347,0,0,0
LTP293,22,13,17,MATTRESS,1,0.8592736131518623,-0.2138698167319653,239,0.5860869565217391,0,0,0,567,0.0156521739130435,0,0,0
LTP293,22,13,18,BANQUET,0,0.8741438804895267,-0.1542865573746078,93,0.84,0,0,0,527,0.0852173913043478,0,0,0
LTP293,22,13,19,SCALLOP,0,0.8479507863026066,-0.1824182467931262,330,0.4278260869565217,0,0,0,564,0.0208695652173912,0,0,0
LTP293,22,13,20,ARMY,0,0.8653770875622617,-0.0393754112259324,172,0.702608695652174,0,0,0,339,0.4121739130434783,0,0,0
LTP293,22,13,21,ASIA,0,0.8022507993787193,0.1825621669094647,530,0.0799999999999999,0,0,0,24,0.96,0,0,0
LTP293,22,13,22,PLATE,0,0.7864387456124756,-0.0900350307722791,561,0.026086956521739,0,0,0,461,0.1999999999999999,0,0,0
LTP293,22,13,23,THIEF,0,0.8397772271284067,-0.0131919494206441,381,0.3391304347826087,0,0,0,302,0.4765217391304348,0,0,0
LTP293,22,13,24,COUNTRY,1,0.8311779427649943,-0.0527440256094258,427,0.2591304347826086,0,0,0,374,0.351304347826087,0,0,0
LTP293,22,14,1,SWORD,1,0.8054002034281899,0.1544673839489323,515,0.1060869565217391,0,0,0,20,0.9669565217391304,0,0,0
LTP293,22,14,2,SNAKE,1,0.8982449879041562,0.1410303081461922,2,0.9982608695652174,0,1,1,39,0.9339130434782608,0,0,0
LTP293,22,14,3,MILK,0,0.8206805286258851,0.0455151715672294,474,0.1773913043478261,0,0,0,192,0.6678260869565218,0,0,0
LTP293,22,14,4,SUSPECT,0,0.8633221176684307,-0.0027579747945963,147,0.7460869565217392,0,0,0,289,0.4991304347826086,0,0,0
LTP293,22,14,5,PUDDING,1,0.8580960302535943,0.061439892084826,75,0.8713043478260869,0,0,0,151,0.7391304347826086,0,0,0
LTP293,22,14,6,COCKTAIL,1,0.8496657292177633,-0.0531450356043121,284,0.5078260869565218,0,0,0,406,0.2956521739130434,0,0,0
LTP293,22,14,7,FLASK,1,0.8803733349700483,0.0828838064842443,77,0.8678260869565217,0,0,0,113,0.8052173913043479,0,0,0
LTP293,22,14,8,SHORTS,0,0.8192648732706886,-0.0418142473430113,480,0.1669565217391304,0,0,0,408,0.2921739130434783,0,0,0
LTP293,22,14,9,FRAME,0,0.8776089540035805,0.0334427785495451,94,0.8382608695652174,0,0,0,192,0.6678260869565218,0,0,0
LTP293,22,14,10,CATCHER,0,0.8674091454266795,-0.1159620894937295,169,0.7078260869565217,0,0,0,504,0.1252173913043478,0,0,0
LTP293,22,14,11,PACKAGE,1,0.8484874395660804,-0.0861585204540687,318,0.448695652173913,0,0,0,451,0.217391304347826,0,0,0
LTP293,22,14,12,SEAL,1,0.7825049733088967,0.0080187039015931,562,0.0243478260869565,0,0,0,238,0.5878260869565217,0,0,0
LTP293,22,14,13,CHILD,1,0.8409047306653067,-0.0233339785517264,375,0.3495652173913043,0,0,0,306,0.4695652173913043,0,0,0
LTP293,22,14,14,PLAYGROUND,1,0.8574758106313954,-0.061192291875557,262,0.5460869565217391,0,0,0,405,0.2973913043478261,0,0,0
LTP293,22,14,15,POLICE,0,0.8283808472676818,-0.0713062746802557,453,0.2139130434782609,0,0,0,462,0.1982608695652173,0,0,0
LTP293,22,14,16,JUDGE,1,0.826055230153208,0.0228051458045998,459,0.2034782608695652,0,0,0,213,0.6313043478260869,0,0,0
LTP293,22,14,17,RAZOR,1,0.8451339218686869,-0.0947143062124139,349,0.3947826086956522,0,0,0,486,0.1565217391304347,0,0,0
LTP293,22,14,18,KNIFE,0,0.8269075132296222,0.0253997604397009,456,0.208695652173913,0,0,0,196,0.6608695652173913,0,0,0
LTP293,22,14,19,BRANDY,0,0.8690287903952506,-0.1160457237693643,170,0.7060869565217391,0,0,0,528,0.0834782608695652,0,0,0
LTP293,22,14,20,DRAWING,1,0.8546496351673011,0.0189308575108896,275,0.5234782608695652,0,0,0,210,0.6365217391304347,0,0,0
LTP293,22,14,21,OUTFIT,0,0.8620493369525217,-0.0967272666166652,225,0.6104347826086957,0,0,0,490,0.1495652173913043,0,0,0
LTP293,22,14,22,SURVEY,0,0.8345613850213666,0.0937069190457895,414,0.2817391304347826,0,0,0,82,0.8591304347826088,0,0,0
LTP293,22,14,23,ARM,0,0.8220698001478448,-0.0324241056491745,471,0.1826086956521738,0,0,0,338,0.4139130434782608,0,0,0
LTP293,22,14,24,JELLO,1,0.8590714595144145,-0.0788518611130711,250,0.5669565217391304,0,0,0,453,0.2139130434782609,0,0,0
LTP293,22,15,1,PLUTO,0,0.8598305967788454,-0.0673990544276704,235,0.5930434782608696,0,0,0,411,0.2869565217391304,0,0,0
LTP293,22,15,2,BLUEPRINT,1,0.9096136785756346,0.1608102418385771,2,0.9982608695652174,0,1,1,35,0.9408695652173912,0,0,0
LTP293,22,15,3,BLENDER,0,0.9007815869471104,0.1116146037113079,2,0.9982608695652174,0,1,1,64,0.8904347826086957,0,0,0
LTP293,22,15,4,SPONGE,0,0.8676721495733968,0.0133335142314225,177,0.6939130434782609,0,0,0,259,0.551304347826087,0,0,0
LTP293,22,15,5,BROOK,0,0.8468415031076821,0.0724311942604364,318,0.448695652173913,0,0,0,140,0.7582608695652174,0,0,0
LTP293,22,15,6,AUTHOR,0,0.853485357008315,-0.026298888664275,285,0.5060869565217392,0,0,0,345,0.4017391304347826,0,0,0
LTP293,22,15,7,FLOWER,1,0.8852214306501996,0.0844437846774855,44,0.9252173913043478,0,0,0,116,0.8,0,0,0
LTP293,22,15,8,GOBLIN,0,0.8537281280670102,-0.0143397127203479,285,0.5060869565217392,0,0,0,327,0.4330434782608695,0,0,0
LTP293,22,15,9,CRAB,1,0.8725991444727341,-0.0275927092476013,142,0.7547826086956522,0,0,0,364,0.3686956521739131,0,0,0
LTP293,22,15,10,CLIMBER,0,0.8270895102719844,-0.0581560176344456,456,0.208695652173913,0,0,0,437,0.2417391304347825,0,0,0
LTP293,22,15,11,NOVEL,0,0.8230333909372364,-0.0701600964438734,471,0.1826086956521738,0,0,0,444,0.2295652173913043,0,0,0
LTP293,22,15,12,SHRUB,0,0.8565961497901423,0.0009607232194321,263,0.5443478260869565,0,0,0,293,0.4921739130434782,0,0,0
LTP293,22,15,13,SAUSAGE,0,0.808610027053772,-0.1932574031762807,488,0.1530434782608696,0,0,0,552,0.0417391304347826,0,0,0
LTP293,22,15,14,PICNIC,0,0.8266024943462269,-0.0800960093039588,446,0.2260869565217391,0,0,0,442,0.2330434782608695,0,0,0
LTP293,22,15,15,WAITER,0,0.836481885761096,-0.2114018084342004,392,0.3199999999999999,0,0,0,567,0.0156521739130435,0,0,0
LTP293,22,15,16,MACHINE,0,0.8352961022264728,-0.0247582760641549,417,0.2765217391304347,0,0,0,359,0.3773913043478261,0,0,0
LTP293,22,15,17,COMPASS,0,0.8789763388785412,0.0515995119105934,103,0.8226086956521739,0,0,0,189,0.6730434782608696,0,0,0
LTP293,22,15,18,REBEL,0,0.8375098217618714,0.0104490167582935,401,0.3043478260869565,0,0,0,261,0.5478260869565217,0,0,0
LTP293,22,15,19,VENUS,0,0.8164468659039994,-0.0886625624725406,478,0.1704347826086956,0,0,0,467,0.1895652173913043,0,0,0
LTP293,22,15,20,MONSTER,0,0.8537231870254384,0.0182283451901792,287,0.5026086956521739,0,0,0,243,0.5791304347826087,0,0,0
LTP293,22,15,21,BASEMENT,0,0.8606091860592261,-0.073625943932597,239,0.5860869565217391,0,0,0,455,0.2104347826086956,0,0,0
LTP293,22,15,22,WASHER,1,0.8434860162506032,-0.1658005891776348,349,0.3947826086956522,0,0,0,545,0.0539130434782608,0,0,0
LTP293,22,15,23,CIGAR,1,0.8606977003058983,0.0149135810464958,236,0.5913043478260869,0,0,0,252,0.5634782608695652,0,0,0
LTP293,22,15,24,GIRL,0,0.8753881220238363,0.098533847237285,111,0.808695652173913,0,0,0,78,0.8660869565217392,0,0,0
LTP293,22,16,1,VAGRANT,0,0.8412348496513894,0.0094842682134554,347,0.3982608695652174,0,0,0,261,0.5478260869565217,0,0,0
LTP293,22,16,2,GHETTO,1,0.8784379587024076,0.0613343204593308,68,0.8834782608695653,0,0,0,158,0.7269565217391305,0,0,0
LTP293,22,16,3,RELISH,0,0.8393103294000733,0.0178879666706495,360,0.3756521739130435,0,0,0,243,0.5791304347826087,0,0,0
LTP293,22,16,4,SHELF,0,0.8182071634487619,0.0942886390963612,468,0.1878260869565217,0,0,0,97,0.8330434782608696,0,0,0
LTP293,22,16,5,ICING,0,0.8401164735611435,-0.1206789446535773,347,0.3982608695652174,0,0,0,487,0.1547826086956522,0,0,0
LTP293,22,16,6,LILY,0,0.8117910860594475,0.1111967423787428,493,0.1443478260869565,0,0,0,93,0.84,0,0,0
LTP293,22,16,7,MAILBOX,1,0.8649297488878224,0.042590062385928,179,0.6904347826086956,0,0,0,191,0.6695652173913044,0,0,0
LTP293,22,16,8,FRIEND,0,0.8344486719337695,-0.0348897239315904,403,0.3008695652173913,0,0,0,359,0.3773913043478261,0,0,0
LTP293,22,16,9,HANDBAG,0,0.8715271520585339,0.0477673470324827,120,0.7930434782608695,0,0,0,188,0.6747826086956521,0,0,0
LTP293,22,16,10,MAILMAN,1,0.8809780933614415,-0.0035100726647728,53,0.9095652173913044,0,0,0,301,0.4782608695652174,0,0,0
LTP293,22,16,11,GANGSTER,1,0.8649894992479304,0.1627364722613474,173,0.7008695652173913,0,0,0,41,0.9304347826086956,0,0,0
LTP293,22,16,12,POWDER,1,0.8184584156001647,-0.1521460531880698,475,0.1756521739130434,0,0,0,539,0.0643478260869565,0,0,0
LTP293,22,16,13,GAZELLE,1,0.8672223982562007,0.1266023308100246,166,0.7130434782608696,0,0,0,67,0.8852173913043478,0,0,0
LTP293,22,16,14,SEAGULL,1,0.8849069458149567,0.0647991906382833,18,0.9704347826086956,0,0,0,149,0.7426086956521739,0,0,0
LTP293,22,16,15,SLUG,0,0.8632106523853673,0.0004520614037355,197,0.6591304347826087,0,0,0,278,0.5182608695652173,0,0,0
LTP293,22,16,16,TURTLE,0,0.87996047679391,-0.1757777600782513,46,0.9217391304347826,0,0,0,565,0.0191304347826086,0,0,0
LTP293,22,16,17,THREAD,1,0.8409842651114707,-0.0254942211913072,347,0.3982608695652174,0,0,0,307,0.4678260869565217,0,0,0
LTP293,22,16,18,EYELASH,0,0.8591570589332758,0.1571919969552757,228,0.6052173913043478,0,0,0,41,0.9304347826086956,0,0,0
LTP293,22,16,19,LIPSTICK,0,0.8698432318244941,0.0482306021571322,138,0.7617391304347826,0,0,0,173,0.7008695652173913,0,0,0
LTP293,22,16,20,GUITAR,0,0.7644933601106976,-0.0017204916078335,572,0.0069565217391304,0,0,0,283,0.5095652173913043,0,0,0
LTP293,22,16,21,SHORTCAKE,0,0.8630743873379492,0.0969035251871888,203,0.6486956521739131,0,0,0,98,0.831304347826087,0,0,0
LTP293,22,16,22,HIGHWAY,0,0.7911584314684367,0.0129099162341006,537,0.0678260869565217,0,0,0,242,0.5808695652173913,0,0,0
LTP293,22,16,23,SPOUSE,1,0.8675544032977718,-0.0776134564857422,124,0.7860869565217391,0,0,0,415,0.28,0,0,0
LTP293,22,16,24,UNCLE,0,0.7902335776772926,-0.0850487006790449,543,0.0573913043478261,0,0,0,465,0.1930434782608695,0,0,0
LTP293,22,17,1,CEILING,1,0.8418523745712848,0.1344707428633809,273,0.5269565217391304,0,0,0,54,0.9078260869565218,0,0,0
LTP293,22,17,2,OINTMENT,1,0.8331325687747103,0.0021291584236731,337,0.4156521739130434,0,0,0,272,0.528695652173913,0,0,0
LTP293,22,17,3,VICTIM,0,0.8036337094644894,-0.0260252275591132,494,0.1426086956521739,0,0,0,347,0.3982608695652174,0,0,0
LTP293,22,17,4,TORTOISE,0,0.8709105746643686,-0.0976208979148083,58,0.9008695652173913,0,0,0,484,0.16,0,0,0
LTP293,22,17,5,CORAL,0,0.8247719814348231,-0.0976288697649089,422,0.2678260869565217,0,0,0,472,0.1808695652173912,0,0,0
LTP293,22,17,6,MATCH,0,0.839277023305809,0.0091301624896355,304,0.4730434782608695,0,0,0,255,0.5582608695652174,0,0,0
LTP293,22,17,7,DRILL,1,0.8728542562575995,0.2269501116763199,35,0.9408695652173912,0,0,0,13,0.9791304347826086,0,0,0
LTP293,22,17,8,STONE,0,0.8221354160945833,-0.058443701447209,418,0.2747826086956522,0,0,0,406,0.2956521739130434,0,0,0
LTP293,22,17,9,DRUG,1,0.8633808143431191,0.0877909032297472,160,0.7234782608695652,0,0,0,99,0.8295652173913044,0,0,0
LTP293,22,17,10,BLACKBOARD,1,0.8257734181995742,0.0046843005298016,445,0.2278260869565217,0,0,0,268,0.5356521739130435,0,0,0
LTP293,22,17,11,FLASHLIGHT,1,0.838125865010836,0.0275383949182361,362,0.3721739130434782,0,0,0,205,0.6452173913043479,0,0,0
LTP293,22,17,12,JURY,0,0.8319287949761635,-0.0151319998674587,404,0.2991304347826087,0,0,0,306,0.4695652173913043,0,0,0
LTP293,22,17,13,TRENCH,0,0.8313751986887111,0.0848931710806325,421,0.2695652173913043,0,0,0,107,0.8156521739130435,0,0,0
LTP293,22,17,14,BOARD,1,0.7949363007113004,0.187288740543075,525,0.088695652173913,0,0,0,26,0.9565217391304348,0,0,0
LTP293,22,17,15,SIBLING,0,0.8501917901937303,0.0128459154913813,290,0.4973913043478261,0,0,0,257,0.5547826086956522,0,0,0
LTP293,22,17,16,CROSS,1,0.8706033824040315,0.0401169363894565,112,0.8069565217391305,0,0,0,197,0.6591304347826087,0,0,0
LTP293,22,17,17,ROBIN,0,0.8197979180694925,-0.0921523940192918,464,0.1947826086956522,0,0,0,455,0.2104347826086956,0,0,0
LTP293,22,17,18,TILE,0,0.8328356969251103,0.0113536290658663,416,0.2782608695652173,0,0,0,263,0.5443478260869565,0,0,0
LTP293,22,17,19,FLESH,1,0.8358916246327934,-0.0536669445010591,394,0.3165217391304348,0,0,0,382,0.337391304347826,0,0,0
LTP293,22,17,20,TROUT,0,0.8011766705604285,0.0535644606781965,514,0.1078260869565217,0,0,0,171,0.7043478260869565,0,0,0
LTP293,22,17,21,AWARD,0,0.848123867445465,0.1619388762521171,322,0.4417391304347826,0,0,0,31,0.9478260869565216,0,0,0
LTP293,22,17,22,MEDAL,0,0.8559245281717022,0.0687031261196427,240,0.5843478260869566,0,0,0,139,0.76,0,0,0
LTP293,22,17,23,NECKLACE,0,0.8927947768186795,-0.0099894137517504,9,0.9860869565217392,0,0,1,311,0.4608695652173913,0,0,0
LTP293,22,17,24,WHISTLE,0,0.8700478429125792,-0.0591064055047048,119,0.7947826086956522,0,0,0,384,0.3339130434782609,0,0,0
LTP293,22,18,1,OYSTER,1,0.8687119589263211,0.1770836268726304,154,0.7339130434782608,0,0,0,23,0.9617391304347828,0,0,0
LTP293,22,18,2,SEAFOOD,1,0.8638823631660418,-0.0628525344701457,207,0.6417391304347826,0,0,0,439,0.2382608695652174,0,0,0
LTP293,22,18,3,REPORT,1,0.8027281818442247,-0.0237686742981577,523,0.0921739130434782,0,0,0,318,0.448695652173913,0,0,0
LTP293,22,18,4,CURTAIN,0,0.8898709274106399,-0.1556995145496424,22,0.9634782608695652,0,0,0,549,0.0469565217391304,0,0,0
LTP293,22,18,5,OZONE,0,0.8523753939536672,0.099094708907014,288,0.5008695652173913,0,0,0,79,0.8643478260869565,0,0,0
LTP293,22,18,6,FOX,0,0.8006746733743421,0.082433501837593,522,0.0939130434782609,0,0,0,100,0.8278260869565217,0,0,0
LTP293,22,18,7,BUNNY,0,0.8550596480411302,0.0067915506332,267,0.537391304347826,0,0,0,243,0.5791304347826087,0,0,0
LTP293,22,18,8,PATIENT,0,0.850332046768072,-0.0174056076383309,308,0.4660869565217391,0,0,0,318,0.448695652173913,0,0,0
LTP293,22,18,9,GROUND,1,0.8210960561137165,-0.0322452062728194,472,0.1808695652173912,0,0,0,351,0.3913043478260869,0,0,0
LTP293,22,18,10,WITNESS,0,0.818189565257233,0.0413645419155211,479,0.168695652173913,0,0,0,188,0.6747826086956521,0,0,0
LTP293,22,18,11,WASP,0,0.8228063927296123,-0.0296312695982902,465,0.1930434782608695,0,0,0,361,0.3739130434782608,0,0,0
LTP293,22,18,12,ULCER,0,0.8470943721981133,0.0309434472257042,333,0.4226086956521739,0,0,0,192,0.6678260869565218,0,0,0
LTP293,22,18,13,HUMAN,0,0.8221880782474258,0.0712110571155215,469,0.1860869565217391,0,0,0,118,0.7965217391304348,0,0,0
LTP293,22,18,14,SPOON,0,0.8604295888604575,-0.0790480878942772,229,0.6034782608695652,0,0,0,443,0.231304347826087,0,0,0
LTP293,22,18,15,GLASS,0,0.8582580748914325,0.0625067821614053,247,0.5721739130434782,0,0,0,138,0.7617391304347826,0,0,0
LTP293,22,18,16,NURSE,0,0.8745776946778899,-0.0068683017220883,109,0.8121739130434783,0,0,0,285,0.5060869565217392,0,0,0
LTP293,22,18,17,GLOBE,0,0.837468058567653,0.0276336141918794,402,0.3026086956521739,0,0,0,207,0.6417391304347826,0,0,0
LTP293,22,18,18,SHARK,0,0.7873381855201964,-0.0445424113504615,557,0.0330434782608696,0,0,0,368,0.3617391304347825,0,0,0
LTP293,22,18,19,BOUQUET,0,0.8677972430332793,-0.1099528659794481,166,0.7130434782608696,0,0,0,499,0.1339130434782608,0,0,0
LTP293,22,18,20,CAFE,1,0.8153542536884093,0.064265003261787,488,0.1530434782608696,0,0,0,148,0.7443478260869565,0,0,0
LTP293,22,18,21,BUG,1,0.8447083764178791,0.2153292089066593,349,0.3947826086956522,0,0,0,15,0.9756521739130436,0,0,0
LTP293,22,18,22,CRICKET,1,0.8720011418731192,-0.0158982656032297,135,0.7669565217391304,0,0,0,316,0.4521739130434783,0,0,0
LTP293,22,18,23,PANTHER,0,0.8509456784394286,-0.0829858695635142,302,0.4765217391304348,0,0,0,445,0.2278260869565217,0,0,0
LTP293,22,18,24,LACE,1,0.8155821038106547,-0.0148617180791979,492,0.1460869565217391,0,0,0,311,0.4608695652173913,0,0,0
LTP293,22,19,1,LAVA,1,0.8026674744779486,0.0956996888216589,514,0.1078260869565217,0,0,0,95,0.8365217391304348,0,0,0
LTP293,22,19,2,PEBBLE,1,0.822629306939478,-0.025877445553921,468,0.1878260869565217,0,0,0,321,0.4434782608695652,0,0,0
LTP293,22,19,3,EGYPT,0,0.8529768281216052,0.0958040465979768,292,0.4939130434782608,0,0,0,100,0.8278260869565217,0,0,0
LTP293,22,19,4,JUGGLER,0,0.8423593236539971,-0.0985453559998372,357,0.3808695652173913,0,0,0,479,0.168695652173913,0,0,0
LTP293,22,19,5,CANDY,0,0.8894784522950524,0.0592355622354639,27,0.954782608695652,0,0,0,142,0.7547826086956522,0,0,0
LTP293,22,19,6,BISON,1,0.8722157807826879,0.1813005296021338,129,0.7773913043478261,0,0,0,32,0.9460869565217392,0,0,0
LTP293,22,19,7,HEART,0,0.8724547048799411,0.0244528582440488,123,0.7878260869565217,0,0,0,208,0.64,0,0,0
LTP293,22,19,8,BIKE,0,0.8737311595042853,0.0824651377431796,120,0.7930434782608695,0,0,0,113,0.8052173913043479,0,0,0
LTP293,22,19,9,CREATURE,0,0.8540464831337256,0.0423864756840043,285,0.5060869565217392,0,0,0,168,0.7095652173913043,0,0,0
LTP293,22,19,10,BLOCKADE,1,0.8516977354914214,-0.1781942610323795,292,0.4939130434782608,0,0,0,545,0.0539130434782608,0,0,0
LTP293,22,19,11,SNACK,0,0.8783054831162235,0.2579494515851457,85,0.8539130434782609,0,0,0,12,0.9808695652173912,0,0,0
LTP293,22,19,12,HOSTESS,0,0.8305656126443137,-0.0294714355079029,430,0.2539130434782608,0,0,0,335,0.4191304347826087,0,0,0
LTP293,22,19,13,SILK,1,0.8743078216808117,-0.0535338766264281,108,0.8139130434782609,0,0,0,382,0.337391304347826,0,0,0
LTP293,22,19,14,SCARECROW,0,0.8882985601464064,0.0312412141920967,34,0.942608695652174,0,0,0,229,0.6034782608695652,0,0,0
LTP293,22,19,15,CARROT,0,0.8590885487041121,0.1544710842750212,244,0.577391304347826,0,0,0,41,0.9304347826086956,0,0,0
LTP293,22,19,16,RABBIT,0,0.8285331365460697,0.0745713817323848,450,0.2191304347826087,0,0,0,116,0.8,0,0,0
LTP293,22,19,17,CYCLONE,0,0.8761116289543778,-0.0258002255061907,99,0.8295652173913044,0,0,0,327,0.4330434782608695,0,0,0
LTP293,22,19,18,MONEY,0,0.8216878321123856,-0.0336586905492056,466,0.1913043478260869,0,0,0,339,0.4121739130434783,0,0,0
LTP293,22,19,19,BARREL,0,0.8312115884065405,-0.0533878090707939,431,0.2521739130434782,0,0,0,370,0.3582608695652174,0,0,0
LTP293,22,19,20,APRON,1,0.8788452046970897,0.0457360073976686,80,0.8626086956521739,0,0,0,180,0.688695652173913,0,0,0
LTP293,22,19,21,SKILLET,1,0.8905932623036154,0.0020017076041268,23,0.9617391304347828,0,0,0,267,0.537391304347826,0,0,0
LTP293,22,19,22,AGENT,0,0.8010705487448191,-0.0233655062613796,520,0.097391304347826,0,0,0,316,0.4521739130434783,0,0,0
LTP293,22,19,23,RACKET,1,0.8925423558936589,0.1616213367171306,23,0.9617391304347828,0,0,0,46,0.9217391304347826,0,0,0
LTP293,22,19,24,TART,1,0.8301083596783663,-0.0019968830125909,432,0.2504347826086956,0,0,0,292,0.4939130434782608,0,0,0
LTP293,22,20,1,DASHBOARD,1,0.8788181575357938,0.0560778156302922,58,0.9008695652173913,0,0,0,147,0.7460869565217392,0,0,0
LTP293,22,20,2,PARENT,1,0.8008132898699922,0.0885979508349498,531,0.0782608695652173,0,0,0,150,0.7408695652173913,0,0,0
LTP293,22,20,3,WIFE,1,0.7849146285612382,0.000812993892511,553,0.04,0,0,0,275,0.5234782608695652,0,0,0
LTP293,22,20,4,HUSBAND,1,0.8444959639401027,0.0472651993558069,350,0.3930434782608696,0,0,0,175,0.6973913043478261,0,0,0
LTP293,22,20,5,SCULPTURE,0,0.8438578431553766,-0.1538801380198274,350,0.3930434782608696,0,0,0,537,0.0678260869565217,0,0,0
LTP293,22,20,6,HEDGE,0,0.8411508590024778,-0.1088209077497433,377,0.3460869565217391,0,0,0,488,0.1530434782608696,0,0,0
LTP293,22,20,7,PROTON,0,0.8272568639851863,0.0171459755088519,453,0.2139130434782609,0,0,0,224,0.6121739130434782,0,0,0
LTP293,22,20,8,ZEBRA,1,0.857186262117084,-0.1714962287745497,241,0.5826086956521739,0,0,0,503,0.1269565217391304,0,0,0
LTP293,22,20,9,COOKBOOK,0,0.8518043899874274,-0.0098253360550307,293,0.4921739130434782,0,0,0,285,0.5060869565217392,0,0,0
LTP293,22,20,10,WARDROBE,0,0.8875272927530595,-0.1366353223755319,23,0.9617391304347828,0,0,0,528,0.0834782608695652,0,0,0
LTP293,22,20,11,RATTLE,0,0.8694013666919375,-0.1132607420097174,143,0.7530434782608696,0,0,0,483,0.1617391304347826,0,0,0
LTP293,22,20,12,CASHIER,1,0.8747681607934384,0.1325023185907198,91,0.8434782608695652,0,0,0,82,0.8591304347826088,0,0,0
LTP293,22,20,13,BANKER,1,0.8752745239221752,-0.1648884519728334,89,0.8469565217391304,0,0,0,498,0.1356521739130435,0,0,0
LTP293,22,20,14,GALLON,0,0.8321853893920861,-0.1831380449031622,431,0.2521739130434782,0,0,0,560,0.0278260869565217,0,0,0
LTP293,22,20,15,SUPPER,0,0.8010695110592406,0.089033691067183,533,0.0747826086956521,0,0,0,89,0.8469565217391304,0,0,0
LTP293,22,20,16,KNAPSACK,0,0.8510847059091826,0.0397304401505611,297,0.4852173913043478,0,0,0,197,0.6591304347826087,0,0,0
LTP293,22,20,17,POCKET,0,0.8575535703321197,0.0082945926868059,256,0.5565217391304348,0,0,0,260,0.5495652173913044,0,0,0
LTP293,22,20,18,APPLE,0,0.8352184108633803,-0.1774892577790485,426,0.2608695652173913,0,0,0,509,0.1165217391304347,0,0,0
LTP293,22,20,19,STAR,0,0.8319446325712793,-0.1099226184367828,431,0.2521739130434782,0,0,0,483,0.1617391304347826,0,0,0
LTP293,22,20,20,SCARF,1,0.8529275971610725,-0.0959767661449497,286,0.5043478260869565,0,0,0,458,0.2052173913043478,0,0,0
LTP293,22,20,21,SISTER,1,0.7966166677565746,0.0478049566460086,541,0.0608695652173912,0,0,0,183,0.6834782608695652,0,0,0
LTP293,22,20,22,MOTOR,0,0.8091835450603218,0.1133147052588684,509,0.1165217391304347,0,0,0,59,0.8991304347826087,0,0,0
LTP293,22,20,23,LUGGAGE,1,0.8766403679010641,-0.0736618642915138,87,0.8504347826086956,0,0,0,430,0.2539130434782608,0,0,0
LTP293,22,20,24,COSTUME,0,0.8719564495661867,0.0020997957888689,132,0.7721739130434783,0,0,0,253,0.5617391304347826,0,0,0
LTP293,22,21,1,POISON,1,0.8324626907387181,0.0081923970367348,439,0.2382608695652174,0,0,0,237,0.5895652173913044,0,0,0
LTP293,22,21,2,PIANO,1,0.8553178770954476,0.0256676233768559,280,0.5147826086956522,0,0,0,201,0.6521739130434783,0,0,0
LTP293,22,21,3,FIREPLACE,1,0.8782510301615347,-0.0248493467226179,92,0.8417391304347825,0,0,0,340,0.4104347826086957,0,0,0
LTP293,22,21,4,DRAGON,0,0.8806168982389668,-0.1195733675110425,65,0.888695652173913,0,0,0,462,0.1982608695652173,0,0,0
LTP293,22,21,5,FOOT,1,0.7916241735891912,0.1369842792018899,550,0.0452173913043478,0,0,0,52,0.9113043478260868,0,0,0
LTP293,22,21,6,TWIG,1,0.8493098392425253,-0.0635777619436043,324,0.4382608695652173,0,0,0,395,0.3147826086956522,0,0,0
LTP293,22,21,7,MAPLE,0,0.7790950769452546,-0.1681400007422168,566,0.017391304347826,0,0,0,555,0.0365217391304347,0,0,0
LTP293,22,21,8,OMELET,0,0.8500836774198915,0.0323027936517756,307,0.4678260869565217,0,0,0,210,0.6365217391304347,0,0,0
LTP293,22,21,9,DAISY,0,0.8563280436337721,0.0193455851652459,270,0.5321739130434783,0,0,0,252,0.5634782608695652,0,0,0
LTP293,22,21,10,TUNNEL,1,0.8796871567322248,-0.0402007361109951,67,0.8852173913043478,0,0,0,355,0.3843478260869565,0,0,0
LTP293,22,21,11,INFANT,0,0.8677670553313733,0.0273316210214138,173,0.7008695652173913,0,0,0,200,0.6539130434782608,0,0,0
LTP293,22,21,12,CONTRACT,0,0.8076712421942173,-0.0381830598860997,507,0.12,0,0,0,369,0.36,0,0,0
LTP293,22,21,13,CHURCH,0,0.8036326272194204,0.0197572466960695,522,0.0939130434782609,0,0,0,234,0.5947826086956522,0,0,0
LTP293,22,21,14,MESSAGE,1,0.8468319625488845,0.0491653692998585,352,0.3895652173913043,0,0,0,176,0.6956521739130435,0,0,0
LTP293,22,21,15,SUNRISE,0,0.8919573100179817,-0.0767055588003707,17,0.9721739130434782,0,0,0,446,0.2260869565217391,0,0,0
LTP293,22,21,16,ISLAND,1,0.7680672964263245,0.0399756417660307,572,0.0069565217391304,0,0,0,216,0.6260869565217391,0,0,0
LTP293,22,21,17,YOLK,0,0.8676505529719928,-0.1078610814969263,165,0.7147826086956521,0,0,0,461,0.1999999999999999,0,0,0
LTP293,22,21,18,SWITCH,0,0.7871834422944329,0.0707691618446157,554,0.0382608695652173,0,0,0,137,0.7634782608695652,0,0,0
LTP293,22,21,19,HEADBAND,1,0.8698399430207839,0.1194933002371763,167,0.711304347826087,0,0,0,64,0.8904347826086957,0,0,0
LTP293,22,21,20,POSTAGE,1,0.8687052083583605,0.0296179888588582,155,0.7321739130434783,0,0,0,230,0.6017391304347826,0,0,0
LTP293,22,21,21,PARROT,1,0.8514831768973736,-0.0035837759879161,308,0.4660869565217391,0,0,0,266,0.5391304347826087,0,0,0
LTP293,22,21,22,BANJO,1,0.8721420250294414,-0.1132030053810612,135,0.7669565217391304,0,0,0,499,0.1339130434782608,0,0,0
LTP293,22,21,23,MARKER,1,0.8623659545256132,-0.1921986956428208,216,0.6260869565217391,0,0,0,559,0.0295652173913043,0,0,0
LTP293,22,21,24,SUBWAY,0,0.8800881748328064,-0.0688811757475894,79,0.8643478260869565,0,0,0,415,0.28,0,0,0
LTP293,22,22,1,RADISH,0,0.8666398546711874,-0.0627833314068036,197,0.6591304347826087,0,0,0,414,0.2817391304347826,0,0,0
LTP293,22,22,2,TUTU,1,0.8045504679350307,0.0929948498025292,518,0.1008695652173913,0,0,0,122,0.7895652173913044,0,0,0
LTP293,22,22,3,RUST,1,0.8476817901560705,-0.2561329605220401,340,0.4104347826086957,0,0,0,569,0.0121739130434782,0,0,0
LTP293,22,22,4,TRANSPLANT,0,0.7876980295430581,-0.1231094445772243,544,0.0556521739130434,0,0,0,493,0.1443478260869565,0,0,0
LTP293,22,22,5,SKIRT,0,0.8376779397319309,-0.0422120219029601,305,0.471304347826087,0,0,0,369,0.36,0,0,0
LTP293,22,22,6,PIGEON,0,0.862167487195553,-0.03301444867075,50,0.9147826086956522,0,0,0,339,0.4121739130434783,0,0,0
LTP293,22,22,7,WAGON,1,0.8405477675861559,0.0224728924669399,284,0.5078260869565218,0,0,0,204,0.6469565217391304,0,0,0
LTP293,22,22,8,EUROPE,1,0.7753067974966109,-0.0587706761071754,564,0.0208695652173912,0,0,0,428,0.2573913043478261,0,0,0
LTP293,22,22,9,GREASE,0,0.8573888872914479,-0.0650288921618299,263,0.5443478260869565,0,0,0,443,0.231304347826087,0,0,0
LTP293,22,22,10,COFFEE,0,0.8723244231156874,0.0715538287662807,139,0.76,0,0,0,137,0.7634782608695652,0,0,0
LTP293,22,22,11,MUMMY,0,0.8623480148864517,0.0814339284865425,224,0.6121739130434782,0,0,0,107,0.8156521739130435,0,0,0
LTP293,22,22,12,COUNTY,0,0.8458283349723957,0.1301686495646086,359,0.3773913043478261,0,0,0,59,0.8991304347826087,0,0,0
LTP293,22,22,13,EXPERT,0,0.83188812469172,0.0872182749883714,438,0.24,0,0,0,102,0.8243478260869566,0,0,0
LTP293,22,22,14,TEACHER,1,0.8495237075056369,0.1147138815031984,332,0.4243478260869565,0,0,0,85,0.8539130434782609,0,0,0
LTP293,22,22,15,THRONE,0,0.8548687797611784,-0.0087091116827697,281,0.5130434782608695,0,0,0,303,0.4747826086956521,0,0,0
LTP293,22,22,16,LADY,0,0.8029814574491062,0.0676812552394278,517,0.1026086956521739,0,0,0,165,0.7147826086956521,0,0,0
LTP293,22,22,17,SALMON,1,0.8444853005370673,-0.0589414165822116,371,0.3565217391304348,0,0,0,412,0.2852173913043478,0,0,0
LTP293,22,22,18,ITEM,0,0.8275706899053699,-0.0091500145240485,450,0.2191304347826087,0,0,0,290,0.4973913043478261,0,0,0
LTP293,22,22,19,HONEY,0,0.8543245357543839,0.1155458656524662,291,0.4956521739130435,0,0,0,75,0.8713043478260869,0,0,0
LTP293,22,22,20,BELLY,0,0.8787197869091724,0.1124434661954262,99,0.8295652173913044,0,0,0,84,0.8556521739130435,0,0,0
LTP293,22,22,21,STOMACH,0,0.8254642352929645,0.0375511850704921,460,0.2017391304347826,0,0,0,185,0.6799999999999999,0,0,0
LTP293,22,22,22,BATHTUB,0,0.8522418116983302,0.0840525933127652,306,0.4695652173913043,0,0,0,119,0.7947826086956522,0,0,0
LTP293,22,22,23,LAKE,0,0.847695203147353,-0.0128127640837559,339,0.4121739130434783,0,0,0,317,0.4504347826086956,0,0,0
LTP293,22,22,24,PLAID,0,0.7953404178759431,-0.245973457969561,537,0.0678260869565217,0,0,0,570,0.0104347826086956,0,0,0
LTP293,22,23,1,FREEZER,1,0.8174645776334594,-0.0997856770530583,479,0.168695652173913,0,0,0,435,0.2452173913043478,0,0,0
LTP293,22,23,2,JOURNAL,1,0.8411710878524148,0.0593485630732476,385,0.3321739130434782,0,0,0,163,0.7182608695652174,0,0,0
LTP293,22,23,3,BRAKE,0,0.896515802791242,0.2007423388390788,13,0.9791304347826086,0,0,0,45,0.9234782608695652,0,0,0
LTP293,22,23,4,BUREAU,0,0.8473322461480931,0.0419779781813276,335,0.4191304347826087,0,0,0,212,0.6330434782608696,0,0,0
LTP293,22,23,5,HIKER,1,0.8776748537085727,0.1001328633214087,117,0.7982608695652174,0,0,0,148,0.7443478260869565,0,0,0
LTP293,22,23,6,LUMBER,0,0.8859810073963941,0.083950720440895,64,0.8904347826086957,0,0,0,161,0.7217391304347827,0,0,0
LTP293,22,23,7,LABEL,0,0.864401225153873,0.1503809933155835,217,0.6243478260869566,0,0,0,50,0.9147826086956522,0,0,0
LTP293,22,23,8,CHAMPAGNE,0,0.8377983789836883,-0.1639167781603961,398,0.3095652173913044,0,0,0,519,0.0991304347826087,0,0,0
LTP293,22,23,9,DENIM,0,0.8671918358597561,0.0686589365990102,200,0.6539130434782608,0,0,0,152,0.7373913043478261,0,0,0
LTP293,22,23,10,PUPPY,1,0.88466248696849,-0.0241537744603762,73,0.8747826086956522,0,0,0,313,0.457391304347826,0,0,0
LTP293,22,23,11,OUTLAW,0,0.8778449451114428,0.0351967344627903,108,0.8139130434782609,0,0,0,230,0.6017391304347826,0,0,0
LTP293,22,23,12,HAMPER,1,0.8846507525259406,0.0530012914207176,69,0.8817391304347826,0,0,0,192,0.6678260869565218,0,0,0
LTP293,22,23,13,VELVET,0,0.8746687925927527,0.133807657736837,131,0.7739130434782608,0,0,0,68,0.8834782608695653,0,0,0
LTP293,22,23,14,GARBAGE,0,0.8856018922407033,0.1470684903294817,63,0.8921739130434783,0,0,0,68,0.8834782608695653,0,0,0
LTP293,22,23,15,BRACES,0,0.8619131259926791,-0.0658299760371669,234,0.5947826086956522,0,0,0,415,0.28,0,0,0
LTP293,22,23,16,DENTIST,0,0.8541965026514986,0.0453560200953354,289,0.4991304347826086,0,0,0,210,0.6365217391304347,0,0,0
LTP293,22,23,17,EAGLE,0,0.8387645230555864,-0.1040953339535159,396,0.3130434782608695,0,0,0,469,0.1860869565217391,0,0,0
LTP293,22,23,18,FLUTE,0,0.8188719775585754,-0.1621694753793777,469,0.1860869565217391,0,0,0,519,0.0991304347826087,0,0,0
LTP293,22,23,19,FUNGUS,1,0.864182418253996,-0.0256234825974454,222,0.6156521739130435,0,0,0,317,0.4504347826086956,0,0,0
LTP293,22,23,20,ANKLE,0,0.8608771891175653,-0.0824437949619575,238,0.5878260869565217,0,0,0,458,0.2052173913043478,0,0,0
LTP293,22,23,21,STAPLE,1,0.8581030413306268,-0.0668401122629173,254,0.56,0,0,0,386,0.3304347826086956,0,0,0
LTP293,22,23,22,PISTOL,1,0.8670969143462736,-0.1034423744147707,195,0.662608695652174,0,0,0,443,0.231304347826087,0,0,0
LTP293,22,23,23,DRINK,0,0.8145011312840582,-0.046561789644724,486,0.1565217391304347,0,0,0,353,0.3878260869565217,0,0,0
LTP293,22,23,24,WRENCH,0,0.8430659565283806,0.020683000378397,357,0.3808695652173913,0,0,0,245,0.5756521739130435,0,0,0
LTP293,22,24,1,SHERIFF,0,0.8729870016423481,-0.0210430826568912,113,0.8052173913043479,0,0,0,346,0.4,0,0,0
LTP293,22,24,2,CARRIAGE,1,0.855753877144757,0.0524812101903266,247,0.5721739130434782,0,0,0,219,0.6208695652173912,0,0,0
LTP293,22,24,3,GLOVE,1,0.8940472763603832,0.1561837760820666,24,0.96,0,0,0,85,0.8539130434782609,0,0,0
LTP293,22,24,4,CLOCK,1,0.8310925863209996,-0.2207914492448771,416,0.2782608695652173,0,0,0,557,0.0330434782608696,0,0,0
LTP293,22,24,5,COWBOY,1,0.8519378064361713,-0.0358785708407256,297,0.4852173913043478,0,0,0,375,0.3495652173913043,0,0,0
LTP293,22,24,6,TRIBE,1,0.8691542572059999,0.0822321944551225,171,0.7043478260869565,0,0,0,125,0.7843478260869565,0,0,0
LTP293,22,24,7,SCISSORS,1,0.8156074112810405,-0.1026047308801614,476,0.1739130434782608,0,0,0,482,0.1634782608695651,0,0,0
LTP293,22,24,8,CRIB,0,0.8420169601933385,0.0229921336873421,356,0.3826086956521739,0,0,0,246,0.5739130434782609,0,0,0
LTP293,22,24,9,STUDENT,0,0.827428356733233,-0.0361758784991796,441,0.2347826086956521,0,0,0,369,0.36,0,0,0
LTP293,22,24,10,PUPIL,0,0.8358632437469788,-0.1217766684923804,395,0.3147826086956522,0,0,0,495,0.1408695652173913,0,0,0
LTP293,22,24,11,UMPIRE,0,0.8592607556784417,0.0733606041490308,236,0.5913043478260869,0,0,0,148,0.7443478260869565,0,0,0
LTP293,22,24,12,STREAM,0,0.8781089958183004,0.0054806498387993,102,0.8243478260869566,0,0,0,293,0.4921739130434782,0,0,0
LTP293,22,24,13,TWISTER,1,0.8499523529229471,0.0152357186006821,295,0.4886956521739131,0,0,0,279,0.5165217391304349,0,0,0
LTP293,22,24,14,WINDOW,0,0.8332045086750641,-0.0356786707644653,418,0.2747826086956522,0,0,0,364,0.3686956521739131,0,0,0
LTP293,22,24,15,MOTEL,1,0.8677548618513639,-0.1760913781648344,171,0.7043478260869565,0,0,0,548,0.048695652173913,0,0,0
LTP293,22,24,16,CUSTARD,0,0.8696109642919652,-0.0337013611331598,170,0.7060869565217391,0,0,0,345,0.4017391304347826,0,0,0
LTP293,22,24,17,DOUGHNUT,0,0.8773818197106977,-0.1510985192862952,121,0.7913043478260869,0,0,0,498,0.1356521739130435,0,0,0
LTP293,22,24,18,RIVER,0,0.8846601997690549,0.2955941952292935,67,0.8852173913043478,0,0,0,4,0.9947826086956522,0,1,1
LTP293,22,24,19,WRIST,1,0.8855534789079846,0.3063572008540512,64,0.8904347826086957,0,0,0,6,0.991304347826087,0,0,1
LTP293,22,24,20,YARN,0,0.8748559932278523,0.0694826647967179,138,0.7617391304347826,0,0,0,173,0.7008695652173913,0,0,0
LTP293,22,24,21,LIVER,0,0.8215334568132495,0.0865814087344721,461,0.1999999999999999,0,0,0,161,0.7217391304347827,0,0,0
LTP293,22,24,22,BREAST,1,0.8738963947804593,0.1076294377266169,137,0.7634782608695652,0,0,0,109,0.8121739130434783,0,0,0
LTP293,22,24,23,PILOT,0,0.8868629927343635,0.0778481333187054,55,0.9060869565217392,0,0,0,164,0.7165217391304348,0,0,0
LTP293,22,24,24,CREVICE,0,0.8857104520925104,0.1723753389806253,56,0.9043478260869564,0,0,0,70,0.88,0,0,0
LTP299,6,1,1,DIME,1,0.8367402744036367,-0.0171967608637025,378,0.3443478260869566,0,0,0,343,0.4052173913043478,0,0,0
LTP299,6,1,2,SCISSORS,1,0.8113919697283256,-0.118796754435645,490,0.1495652173913043,0,0,0,540,0.0626086956521738,0,0,0
LTP299,6,1,3,MISSILE,1,0.8441347733378952,0.0273933892656231,339,0.4121739130434783,0,0,0,205,0.6452173913043479,0,0,0
LTP299,6,1,4,LETTUCE,1,0.8763131034300642,0.0038579613483534,92,0.8417391304347825,0,0,0,279,0.5165217391304349,0,0,0
LTP299,6,1,5,NAPKIN,1,0.8222713397353361,-0.113110396798226,459,0.2034782608695652,0,0,0,508,0.1182608695652174,0,0,0
LTP299,6,1,6,LAMP,0,0.8282459487628528,-0.1027038428647805,434,0.2469565217391304,0,0,0,504,0.1252173913043478,0,0,0
LTP299,6,1,7,BRANDY,1,0.8666238226817979,-0.0706744120945234,164,0.7165217391304348,0,0,0,449,0.2208695652173913,0,0,0
LTP299,6,1,8,GIRL,1,0.86542268662794,-0.0516563023979224,174,0.6991304347826087,0,0,0,408,0.2921739130434783,0,0,0
LTP299,6,1,9,PARTNER,0,0.8447029530414666,-0.0172570922233205,339,0.4121739130434783,0,0,0,337,0.4156521739130434,0,0,0
LTP299,6,1,10,BANQUET,1,0.8786904645503127,-0.0364456649996921,81,0.8608695652173913,0,0,0,375,0.3495652173913043,0,0,0
LTP299,6,1,11,WAITER,1,0.8471297134480915,-0.0046458742124509,318,0.448695652173913,0,0,0,290,0.4973913043478261,0,0,0
LTP299,6,1,12,PERCH,1,0.8805165668639787,-0.0513026417604886,65,0.888695652173913,0,0,0,412,0.2852173913043478,0,0,0
LTP299,6,1,13,ROBIN,1,0.8206854262249017,-0.0961924172975712,467,0.1895652173913043,0,0,0,484,0.16,0,0,0
LTP299,6,1,14,PEDAL,0,0.8536924378159337,-0.025033375839824,269,0.5339130434782609,0,0,0,353,0.3878260869565217,0,0,0
LTP299,6,1,15,TRANSPLANT,1,0.7941918420602847,0.0610653675895647,525,0.088695652173913,0,0,0,138,0.7617391304347826,0,0,0
LTP299,6,1,16,CAPTIVE,0,0.8406323014969768,0.1337467963275148,362,0.3721739130434782,0,0,0,56,0.9043478260869564,0,0,0
LTP299,6,1,17,STREAM,1,0.8781369779263901,-0.0453866924555813,83,0.8573913043478261,0,0,0,398,0.3095652173913044,0,0,0
LTP299,6,1,18,COCKTAIL,0,0.8522421335214051,-0.0713773373536752,284,0.5078260869565218,0,0,0,442,0.2330434782608695,0,0,0
LTP299,6,1,19,LUMBER,0,0.8773473262937868,-0.0120682421896436,87,0.8504347826086956,0,0,0,313,0.457391304347826,0,0,0
LTP299,6,1,20,BULLET,0,0.8607164168344215,0.0450655689913602,214,0.6295652173913043,0,0,0,189,0.6730434782608696,0,0,0
LTP299,6,1,21,INMATE,0,0.8514098104805058,0.07068533609005,284,0.5078260869565218,0,0,0,133,0.7704347826086957,0,0,0
LTP299,6,1,22,TOASTER,1,0.8365200090296124,-0.0763511165159103,397,0.3113043478260869,0,0,0,473,0.1791304347826087,0,0,0
LTP299,6,1,23,MARSH,1,0.8749582190338743,0.0935731727965638,99,0.8295652173913044,0,0,0,100,0.8278260869565217,0,0,0
LTP299,6,1,24,VICTIM,0,0.82019369027289,0.0782078306832089,470,0.1843478260869565,0,0,0,117,0.7982608695652174,0,0,0
LTP299,6,2,1,CROWN,1,0.8663610254370386,-0.0783289219519928,186,0.6782608695652175,0,0,0,447,0.2243478260869564,0,0,0
LTP299,6,2,2,PALACE,1,0.8546691686515392,-0.0909426315721709,273,0.5269565217391304,0,0,0,471,0.1826086956521738,0,0,0
LTP299,6,2,3,LIZARD,1,0.8758770451474075,0.08529951567583,108,0.8139130434782609,0,0,0,110,0.8104347826086956,0,0,0
LTP299,6,2,4,DUSTPAN,0,0.8689402390505842,-0.0890840275247942,180,0.688695652173913,0,0,0,480,0.1669565217391304,0,0,0
LTP299,6,2,5,JEANS,0,0.8668529822539363,0.035287514746909,181,0.6869565217391305,0,0,0,211,0.6347826086956522,0,0,0
LTP299,6,2,6,MISTER,0,0.815939529290478,0.0165001394806739,492,0.1460869565217391,0,0,0,242,0.5808695652173913,0,0,0
LTP299,6,2,7,BINDER,0,0.8512010159221357,-0.0509714964630751,302,0.4765217391304348,0,0,0,410,0.288695652173913,0,0,0
LTP299,6,2,8,BRIEFCASE,1,0.8519175124805705,0.029753183547474,293,0.4921739130434782,0,0,0,202,0.6504347826086956,0,0,0
LTP299,6,2,9,SHORTS,0,0.8167298627113856,-0.0654081599618368,487,0.1547826086956522,0,0,0,438,0.24,0,0,0
LTP299,6,2,10,SMOG,0,0.858912207458583,0.0631798990017349,245,0.5756521739130435,0,0,0,144,0.751304347826087,0,0,0
LTP299,6,2,11,MARKER,0,0.8710171817641602,0.0676219504298494,160,0.7234782608695652,0,0,0,130,0.7756521739130435,0,0,0
LTP299,6,2,12,PIGEON,1,0.8917885394798705,-0.1078701664903298,17,0.9721739130434782,0,0,0,499,0.1339130434782608,0,0,0
LTP299,6,2,13,SHOVEL,0,0.8990454494193085,0.1775888470927772,5,0.9930434782608696,0,1,1,30,0.9495652173913044,0,0,0
LTP299,6,2,14,EAGLE,1,0.8350533164158286,-0.1557689691888657,423,0.2660869565217391,0,0,0,551,0.0434782608695651,0,0,0
LTP299,6,2,15,DENIM,0,0.864833919931714,0.0429611327054086,203,0.6486956521739131,0,0,0,186,0.6782608695652175,0,0,0
LTP299,6,2,16,PLAID,0,0.8052246627233944,-0.0280100056050264,508,0.1182608695652174,0,0,0,346,0.4,0,0,0
LTP299,6,2,17,CLOUD,1,0.8524013216154708,0.0719673370135075,293,0.4921739130434782,0,0,0,126,0.782608695652174,0,0,0
LTP299,6,2,18,DRESSER,1,0.858276988142435,0.2237396549253038,260,0.5495652173913044,0,0,0,15,0.9756521739130436,0,0,0
LTP299,6,2,19,STUDENT,1,0.8311104501488737,-0.0217821835919057,440,0.2365217391304347,0,0,0,319,0.4469565217391305,0,0,0
LTP299,6,2,20,HOOK,0,0.8842678469656081,-0.1473039114432818,54,0.9078260869565218,0,0,0,541,0.0608695652173912,0,0,0
LTP299,6,2,21,SWITCH,0,0.7835332833633337,0.0137387256798667,562,0.0243478260869565,0,0,0,251,0.5652173913043479,0,0,0
LTP299,6,2,22,TURKEY,1,0.8695860611301124,-0.1782418468255501,164,0.7165217391304348,0,0,0,564,0.0208695652173912,0,0,0
LTP299,6,2,23,BLOUSE,1,0.8772531891306536,0.0600425116587684,91,0.8434782608695652,0,0,0,150,0.7408695652173913,0,0,0
LTP299,6,2,24,ZIPPER,1,0.7885859105773354,0.0358245283759491,554,0.0382608695652173,0,0,0,196,0.6608695652173913,0,0,0
LTP299,6,3,1,ONION,1,0.8094215670628487,-0.1562618716135397,505,0.1234782608695652,0,0,0,527,0.0852173913043478,0,0,0
LTP299,6,3,2,CLOTHES,1,0.8719005370013418,0.0228922657570343,131,0.7739130434782608,0,0,0,214,0.6295652173913043,0,0,0
LTP299,6,3,3,BRACES,0,0.8634389442849619,-0.0272248358173461,208,0.64,0,0,0,345,0.4017391304347826,0,0,0
LTP299,6,3,4,CHILD,1,0.837141268156751,-0.1497889568659792,417,0.2765217391304347,0,0,0,524,0.0904347826086956,0,0,0
LTP299,6,3,5,SHORTCAKE,0,0.8564793661324259,-0.1012480064907155,268,0.5356521739130435,0,0,0,525,0.088695652173913,0,0,0
LTP299,6,3,6,DONOR,0,0.8291586134887955,-0.0346819978212501,453,0.2139130434782609,0,0,0,357,0.3808695652173913,0,0,0
LTP299,6,3,7,SPIDER,0,0.8747685835590545,0.1441425436589549,103,0.8226086956521739,0,0,0,54,0.9078260869565218,0,0,0
LTP299,6,3,8,SHERIFF,0,0.8813249251990679,-0.0286150218502545,70,0.88,0,0,0,369,0.36,0,0,0
LTP299,6,3,9,BUREAU,0,0.8350824634836925,-0.2011858210395814,422,0.2678260869565217,0,0,0,554,0.0382608695652173,0,0,0
LTP299,6,3,10,PEACH,0,0.8343747566938038,-0.1114817551642756,430,0.2539130434782608,0,0,0,475,0.1756521739130434,0,0,0
LTP299,6,3,11,SOFTBALL,0,0.8634418060221819,-0.1579590327576792,215,0.6278260869565218,0,0,0,565,0.0191304347826086,0,0,0
LTP299,6,3,12,GAZELLE,1,0.8608903120508147,-0.0275140779306975,229,0.6034782608695652,0,0,0,340,0.4104347826086957,0,0,0
LTP299,6,3,13,LAPEL,0,0.8449833091564013,-0.0384326163987681,355,0.3843478260869565,0,0,0,354,0.3860869565217391,0,0,0
LTP299,6,3,14,LOFT,1,0.888007077402394,-0.0659834071564147,35,0.9408695652173912,0,0,0,406,0.2956521739130434,0,0,0
LTP299,6,3,15,DORM,0,0.7852132341052979,0.0106604325460347,560,0.0278260869565217,0,0,0,236,0.5913043478260869,0,0,0
LTP299,6,3,16,DRILL,0,0.863142598947298,-0.0504630670576032,206,0.6434782608695653,0,0,0,382,0.337391304347826,0,0,0
LTP299,6,3,17,CREATURE,0,0.8512248378293419,-0.0753256991840651,315,0.4539130434782609,0,0,0,478,0.1704347826086956,0,0,0
LTP299,6,3,18,BABY,1,0.8259538813749834,-0.1308213360604684,460,0.2017391304347826,0,0,0,500,0.1321739130434782,0,0,0
LTP299,6,3,19,TUBA,1,0.8471637706013654,-0.1748210953916618,336,0.4173913043478261,0,0,0,552,0.0417391304347826,0,0,0
LTP299,6,3,20,FIDDLE,0,0.898018627368579,-3.533786770944923e-05,2,0.9982608695652174,0,1,1,286,0.5043478260869565,0,0,0
LTP299,6,3,21,SLIME,1,0.8810496600691811,0.0315770956048856,73,0.8747826086956522,0,0,0,200,0.6539130434782608,0,0,0
LTP299,6,3,22,CITRUS,0,0.8636103985873389,-0.1602915690376458,206,0.6434782608695653,0,0,0,536,0.0695652173913043,0,0,0
LTP299,6,3,23,SPACE,0,0.7801877413351884,0.08167157830824,564,0.0208695652173912,0,0,0,96,0.8347826086956522,0,0,0
LTP299,6,3,24,KNIFE,0,0.82732035551285,0.0166551000110282,451,0.217391304347826,0,0,0,233,0.5965217391304347,0,0,0
LTP299,6,4,1,TRACTOR,1,0.8461865359246531,0.0818383918657638,351,0.3913043478260869,0,0,0,110,0.8104347826086956,0,0,0
LTP299,6,4,2,OINTMENT,0,0.84828897237034,0.0054263088726743,332,0.4243478260869565,0,0,0,265,0.5408695652173914,0,0,0
LTP299,6,4,3,FRANCE,1,0.8506963502783298,-0.1039753830312436,312,0.4591304347826087,0,0,0,464,0.1947826086956522,0,0,0
LTP299,6,4,4,BLADE,1,0.8902681895847968,0.1491077771487512,32,0.9460869565217392,0,0,0,38,0.9356521739130436,0,0,0
LTP299,6,4,5,PORK,1,0.8594217618655582,-0.0255305608019044,239,0.5860869565217391,0,0,0,345,0.4017391304347826,0,0,0
LTP299,6,4,6,KEEPER,1,0.821496723274632,-0.0851258570202532,476,0.1739130434782608,0,0,0,476,0.1739130434782608,0,0,0
LTP299,6,4,7,PEBBLE,1,0.8258328280894777,0.0151790685143813,459,0.2034782608695652,0,0,0,236,0.5913043478260869,0,0,0
LTP299,6,4,8,MOTOR,0,0.8054277164126655,0.0204115028250522,515,0.1060869565217391,0,0,0,218,0.6226086956521739,0,0,0
LTP299,6,4,9,LASER,1,0.7798827167985918,0.0080558832924843,566,0.017391304347826,0,0,0,254,0.56,0,0,0
LTP299,6,4,10,STONE,0,0.8443036265735713,0.0332643880980847,370,0.3582608695652174,0,0,0,194,0.6643478260869565,0,0,0
LTP299,6,4,11,JELLO,1,0.8590295175965568,-0.0735650387907935,246,0.5739130434782609,0,0,0,456,0.208695652173913,0,0,0
LTP299,6,4,12,TURTLE,1,0.8902667162230536,-0.0945498214859354,30,0.9495652173913044,0,0,0,491,0.1478260869565217,0,0,0
LTP299,6,4,13,RABBIT,1,0.8305075607871394,0.1115353260881434,440,0.2365217391304347,0,0,0,69,0.8817391304347826,0,0,0
LTP299,6,4,14,CUPBOARD,1,0.8843740409977499,0.0038794040292472,50,0.9147826086956522,0,0,0,248,0.5704347826086957,0,0,0
LTP299,6,4,15,CARROT,1,0.8591674121593922,0.1516096944253517,245,0.5756521739130435,0,0,0,34,0.942608695652174,0,0,0
LTP299,6,4,16,BUNNY,1,0.8595010341034913,0.1236340574000675,247,0.5721739130434782,0,0,0,66,0.8869565217391304,0,0,0
LTP299,6,4,17,CAFE,1,0.8178403874051849,0.1295568412190206,484,0.16,0,0,0,67,0.8852173913043478,0,0,0
LTP299,6,4,18,TRENCH,1,0.8332255168017065,0.0676658956738889,441,0.2347826086956521,0,0,0,154,0.7339130434782608,0,0,0
LTP299,6,4,19,CREVICE,1,0.8739850800775274,-0.1352328050692314,113,0.8052173913043479,0,0,0,543,0.0573913043478261,0,0,0
LTP299,6,4,20,STAKE,1,0.8216154499374715,0.003792176459826,472,0.1808695652173912,0,0,0,261,0.5478260869565217,0,0,0
LTP299,6,4,21,MATCH,0,0.8445674736361106,-0.1542898131952062,363,0.3704347826086956,0,0,0,505,0.1234782608695652,0,0,0
LTP299,6,4,22,BUGGY,1,0.8751568137172222,-0.052609814083868,102,0.8243478260869566,0,0,0,379,0.3426086956521739,0,0,0
LTP299,6,4,23,SUNSET,1,0.8500519572070316,0.0253271605582504,317,0.4504347826086956,0,0,0,233,0.5965217391304347,0,0,0
LTP299,6,4,24,FRIEND,1,0.8325651032576361,-0.1231791876527791,438,0.24,0,0,0,501,0.1304347826086956,0,0,0
LTP299,6,5,1,SKETCH,1,0.8637002521713802,0.0184059383721123,218,0.6226086956521739,0,0,0,237,0.5895652173913044,0,0,0
LTP299,6,5,2,PORTRAIT,1,0.8790680550474897,-0.0363026093766408,92,0.8417391304347825,0,0,0,353,0.3878260869565217,0,0,0
LTP299,6,5,3,SCULPTURE,1,0.8511782937159318,-0.0832715614476165,315,0.4539130434782609,0,0,0,442,0.2330434782608695,0,0,0
LTP299,6,5,4,ORANGE,1,0.8461729785539602,-0.0027833098901567,355,0.3843478260869565,0,0,0,272,0.528695652173913,0,0,0
LTP299,6,5,5,DANCER,1,0.8849497754710414,-0.0095549873235275,49,0.9165217391304348,0,0,0,293,0.4921739130434782,0,0,0
LTP299,6,5,6,WASHER,1,0.8519652201998251,-0.007718228717882,308,0.4660869565217391,0,0,0,303,0.4747826086956521,0,0,0
LTP299,6,5,7,TILE,1,0.8399068938386376,0.0373302368423976,400,0.3060869565217391,0,0,0,193,0.6660869565217391,0,0,0
LTP299,6,5,8,COOK,1,0.8298556919041948,0.1597567484151666,449,0.2208695652173913,0,0,0,36,0.9391304347826088,0,0,0
LTP299,6,5,9,KITCHEN,1,0.8805746167042714,0.0509792634258351,74,0.8730434782608696,0,0,0,161,0.7217391304347827,0,0,0
LTP299,6,5,10,COTTAGE,1,0.8805728382935307,0.1789199462820383,82,0.8591304347826088,0,0,0,21,0.9652173913043478,0,0,0
LTP299,6,5,11,BLUEPRINT,1,0.9065063636720948,0.0672047545025389,1,1.0,1,1,1,141,0.7565217391304347,0,0,0
LTP299,6,5,12,HATCHET,1,0.857255200892933,-0.0005093112006854,266,0.5391304347826087,0,0,0,261,0.5478260869565217,0,0,0
LTP299,6,5,13,LAVA,0,0.7994393961238434,-0.0163592055070142,527,0.0852173913043478,0,0,0,308,0.4660869565217391,0,0,0
LTP299,6,5,14,COMET,0,0.8401877118118181,0.0446405333545709,398,0.3095652173913044,0,0,0,173,0.7008695652173913,0,0,0
LTP299,6,5,15,WIDOW,1,0.8432336008794016,-0.0617156842438271,371,0.3565217391304348,0,0,0,437,0.2417391304347825,0,0,0
LTP299,6,5,16,PUDDING,0,0.8751437188324966,-0.0319001804707181,117,0.7982608695652174,0,0,0,348,0.3965217391304347,0,0,0
LTP299,6,5,17,FLASK,1,0.8769394705412943,-0.0157816050572818,95,0.8365217391304348,0,0,0,303,0.4747826086956521,0,0,0
LTP299,6,5,18,PADDING,0,0.8699911656708761,-0.0051809943739971,165,0.7147826086956521,0,0,0,275,0.5234782608695652,0,0,0
LTP299,6,5,19,CUSTARD,0,0.8699594692022908,-0.0599933389503,164,0.7165217391304348,0,0,0,423,0.2660869565217391,0,0,0
LTP299,6,5,20,LONDON,0,0.8045345089334875,0.0057607137075963,515,0.1060869565217391,0,0,0,250,0.5669565217391304,0,0,0
LTP299,6,5,21,ROD,0,0.8456878846255091,0.0535691134623819,356,0.3826086956521739,0,0,0,169,0.7078260869565217,0,0,0
LTP299,6,5,22,ROBOT,0,0.8488757564375551,0.1174869079838795,330,0.4278260869565217,0,0,0,71,0.8782608695652174,0,0,0
LTP299,6,5,23,COUNTY,0,0.8446986525067199,0.1114750181500501,363,0.3704347826086956,0,0,0,79,0.8643478260869565,0,0,0
LTP299,6,5,24,GOBLIN,1,0.8575690680034248,0.0034946496051285,267,0.537391304347826,0,0,0,266,0.5391304347826087,0,0,0
LTP299,6,6,1,PIGMENT,1,0.8758671064220809,-0.0725516841273826,117,0.7982608695652174,0,0,0,431,0.2521739130434782,0,0,0
LTP299,6,6,2,BACON,1,0.801880569937767,0.065490745310815,520,0.097391304347826,0,0,0,143,0.7530434782608696,0,0,0
LTP299,6,6,3,FRUIT,1,0.8372331795628617,-0.0489679688840569,410,0.288695652173913,0,0,0,399,0.3078260869565217,0,0,0
LTP299,6,6,4,GRAPE,1,0.7808541015779231,0.0920010430651623,564,0.0208695652173912,0,0,0,106,0.817391304347826,0,0,0
LTP299,6,6,5,CANAL,0,0.869257316175258,0.0046048839061801,175,0.6973913043478261,0,0,0,259,0.551304347826087,0,0,0
LTP299,6,6,6,HIKER,0,0.8698569122668264,-0.0744200324264289,161,0.7217391304347827,0,0,0,425,0.2626086956521739,0,0,0
LTP299,6,6,7,PLAYGROUND,0,0.8624596370520207,-0.0369260540121876,226,0.6086956521739131,0,0,0,373,0.3530434782608695,0,0,0
LTP299,6,6,8,SERVER,1,0.8081256087848033,-0.2438012373281937,512,0.111304347826087,0,0,0,572,0.0069565217391304,0,0,0
LTP299,6,6,9,POISON,1,0.8288066303857644,0.0433264674158209,423,0.2660869565217391,0,0,0,189,0.6730434782608696,0,0,0
LTP299,6,6,10,SEAGULL,1,0.8806161335760601,0.033106106901496,37,0.937391304347826,0,0,0,194,0.6643478260869565,0,0,0
LTP299,6,6,11,BUCKET,1,0.8639841506349841,0.0110119614207465,169,0.7078260869565217,0,0,0,236,0.5913043478260869,0,0,0
LTP299,6,6,12,RACKET,0,0.8882258770634899,0.0537358859863895,37,0.937391304347826,0,0,0,148,0.7443478260869565,0,0,0
LTP299,6,6,13,APRON,0,0.8743443410524786,-0.1211398786642074,120,0.7930434782608695,0,0,0,522,0.0939130434782609,0,0,0
LTP299,6,6,14,PLATE,1,0.7955395967361172,0.058358490593439,538,0.0660869565217391,0,0,0,158,0.7269565217391305,0,0,0
LTP299,6,6,15,MASK,0,0.79801667154584,-0.0489323618532844,532,0.0765217391304348,0,0,0,390,0.3234782608695652,0,0,0
LTP299,6,6,16,BUBBLE,1,0.8703800164464324,0.0040301207509696,165,0.7147826086956521,0,0,0,272,0.528695652173913,0,0,0
LTP299,6,6,17,JURY,0,0.8363145064632719,-0.0233364907937034,416,0.2782608695652173,0,0,0,326,0.4347826086956522,0,0,0
LTP299,6,6,18,BANJO,0,0.880300542774819,0.0723403720084099,87,0.8504347826086956,0,0,0,109,0.8121739130434783,0,0,0
LTP299,6,6,19,WHISTLE,1,0.8757171837282655,-0.0871117705156088,123,0.7878260869565217,0,0,0,457,0.2069565217391304,0,0,0
LTP299,6,6,20,FINGER,1,0.8913096351480936,0.0060498171277007,37,0.937391304347826,0,0,0,272,0.528695652173913,0,0,0
LTP299,6,6,21,GLOVE,1,0.8907818558229941,0.0323879511789599,36,0.9391304347826088,0,0,0,199,0.6556521739130434,0,0,0
LTP299,6,6,22,JAPAN,1,0.7977638127316851,0.0340057831571911,531,0.0782608695652173,0,0,0,197,0.6591304347826087,0,0,0
LTP299,6,6,23,SKILLET,0,0.8937910756186166,0.0274288435326758,22,0.9634782608695652,0,0,0,219,0.6208695652173912,0,0,0
LTP299,6,6,24,RIVER,0,0.8765801453574642,0.0968332634653678,115,0.8017391304347826,0,0,0,103,0.8226086956521739,0,0,0
LTP299,6,7,1,FOX,0,0.7968044942177177,-0.0806436259282895,529,0.0817391304347826,0,0,0,429,0.2556521739130435,0,0,0
LTP299,6,7,2,BARLEY,0,0.8726368246911185,-0.055594463793341,151,0.7391304347826086,0,0,0,427,0.2591304347826086,0,0,0
LTP299,6,7,3,EGYPT,1,0.8555163711224633,0.1632614782857923,285,0.5060869565217392,0,0,0,60,0.8973913043478261,0,0,0
LTP299,6,7,4,MOTEL,1,0.8770680786063394,-0.060173100045217,116,0.8,0,0,0,421,0.2695652173913043,0,0,0
LTP299,6,7,5,CASKET,0,0.890757738360359,-0.0569020399825869,34,0.942608695652174,0,0,0,424,0.2643478260869565,0,0,0
LTP299,6,7,6,GRAVE,0,0.7876480732837615,-0.0363920530310589,550,0.0452173913043478,0,0,0,344,0.4034782608695652,0,0,0
LTP299,6,7,7,LOVER,1,0.7872889199971838,-0.1380061882187185,552,0.0417391304347826,0,0,0,510,0.1147826086956521,0,0,0
LTP299,6,7,8,WOMAN,1,0.8525501066259809,0.1436451382652569,297,0.4852173913043478,0,0,0,54,0.9078260869565218,0,0,0
LTP299,6,7,9,COFFEE,0,0.862329094540371,-0.207615498767168,231,0.6,0,0,0,561,0.026086956521739,0,0,0
LTP299,6,7,10,SEAL,1,0.7823436571440721,-0.0066231756744748,560,0.0278260869565217,0,0,0,314,0.4556521739130434,0,0,0
LTP299,6,7,11,SPHINX,1,0.8705650809555067,0.1331033569738953,167,0.711304347826087,0,0,0,89,0.8469565217391304,0,0,0
LTP299,6,7,12,MUMMY,1,0.8663333004927809,0.1528417122547671,203,0.6486956521739131,0,0,0,39,0.9339130434782608,0,0,0
LTP299,6,7,13,TERMITE,1,0.8863094166993432,0.0972831439270721,58,0.9008695652173913,0,0,0,108,0.8139130434782609,0,0,0
LTP299,6,7,14,STATUE,1,0.8048527846669601,-0.1322067242744275,508,0.1182608695652174,0,0,0,504,0.1252173913043478,0,0,0
LTP299,6,7,15,HELMET,0,0.8488540729009861,-0.1289400445062749,318,0.448695652173913,0,0,0,496,0.1391304347826086,0,0,0
LTP299,6,7,16,CYCLONE,0,0.8852254108617715,0.13946400488854,58,0.9008695652173913,0,0,0,47,0.92,0,0,0
LTP299,6,7,17,MAILMAN,1,0.8782468773746926,-0.1478973746617609,104,0.8208695652173913,0,0,0,523,0.0921739130434782,0,0,0
LTP299,6,7,18,UNCLE,1,0.7886392576954749,-0.1936267689690028,553,0.04,0,0,0,556,0.0347826086956521,0,0,0
LTP299,6,7,19,MARROW,0,0.880078260676343,-0.0011851921682908,91,0.8434782608695652,0,0,0,293,0.4921739130434782,0,0,0
LTP299,6,7,20,SWIMMER,0,0.8078393558894289,0.128486302984256,502,0.128695652173913,0,0,0,88,0.8486956521739131,0,0,0
LTP299,6,7,21,BROOK,1,0.8387423418691748,0.1068931822798113,235,0.5930434782608696,0,0,0,77,0.8678260869565217,0,0,0
LTP299,6,7,22,ISLAND,1,0.7565023995711877,-0.0222436568985745,575,0.0017391304347825,0,0,0,339,0.4121739130434783,0,0,0
LTP299,6,7,23,LEOPARD,0,0.8607327333418116,-0.0095482797785565,190,0.671304347826087,0,0,0,305,0.471304347826087,0,0,0
LTP299,6,7,24,CRAYON,1,0.8982175651907698,0.1241960656678894,6,0.991304347826087,0,0,1,62,0.8939130434782608,0,0,0
LTP299,6,8,1,PUDDLE,1,0.8935976265887209,0.1022237685379011,23,0.9617391304347828,0,0,0,119,0.7947826086956522,0,0,0
LTP299,6,8,2,SNAKE,1,0.8881691164505533,-0.0566657279743118,39,0.9339130434782608,0,0,0,412,0.2852173913043478,0,0,0
LTP299,6,8,3,HAWK,1,0.8113764314291249,0.0543427188020419,496,0.1391304347826086,0,0,0,161,0.7217391304347827,0,0,0
LTP299,6,8,4,DUST,1,0.8416237342324612,-0.0697703560744257,373,0.3530434782608695,0,0,0,445,0.2278260869565217,0,0,0
LTP299,6,8,5,RIFLE,1,0.8471662008370221,-0.177721331124063,326,0.4347826086956522,0,0,0,544,0.0556521739130434,0,0,0
LTP299,6,8,6,FLASHLIGHT,0,0.833686902521701,-0.1220121233437451,413,0.2834782608695652,0,0,0,489,0.1513043478260869,0,0,0
LTP299,6,8,7,GLASS,0,0.8450334837348105,-0.1799696018844278,340,0.4104347826086957,0,0,0,545,0.0539130434782608,0,0,0
LTP299,6,8,8,SWAMP,0,0.7731995859237234,0.0386782566859546,564,0.0208695652173912,0,0,0,236,0.5913043478260869,0,0,0
LTP299,6,8,9,HOOD,0,0.8715992823397943,0.0431284623258379,146,0.7478260869565218,0,0,0,188,0.6747826086956521,0,0,0
LTP299,6,8,10,STAPLE,0,0.8597039052150284,0.0234962673790956,230,0.6017391304347826,0,0,0,242,0.5808695652173913,0,0,0
LTP299,6,8,11,PENGUIN,1,0.8998543275022398,0.1491613989904107,4,0.9947826086956522,0,1,1,43,0.9269565217391303,0,0,0
LTP299,6,8,12,PLIERS,0,0.8664544067049049,-0.0145305746304524,181,0.6869565217391305,0,0,0,312,0.4591304347826087,0,0,0
LTP299,6,8,13,COCOON,0,0.8113247981697876,-0.1610369429376806,493,0.1443478260869565,0,0,0,539,0.0643478260869565,0,0,0
LTP299,6,8,14,PIANO,0,0.8537539900434261,0.0203482252839929,284,0.5078260869565218,0,0,0,242,0.5808695652173913,0,0,0
LTP299,6,8,15,TROMBONE,0,0.8825125520086053,0.0889078848305443,67,0.8852173913043478,0,0,0,106,0.817391304347826,0,0,0
LTP299,6,8,16,TRIBE,0,0.869208009907652,0.0744596633043433,173,0.7008695652173913,0,0,0,159,0.7252173913043478,0,0,0
LTP299,6,8,17,QUARTER,0,0.8467625457746089,0.0999680516574974,325,0.4365217391304348,0,0,0,107,0.8156521739130435,0,0,0
LTP299,6,8,18,SPARROW,0,0.8378630816415065,0.0570521378335036,395,0.3147826086956522,0,0,0,155,0.7321739130434783,0,0,0
LTP299,6,8,19,THRONE,1,0.8592901925547983,0.0928827213724175,242,0.5808695652173913,0,0,0,111,0.808695652173913,0,0,0
LTP299,6,8,20,PRINCESS,1,0.8824341283300589,0.0775061210078802,66,0.8869565217391304,0,0,0,143,0.7530434782608696,0,0,0
LTP299,6,8,21,PISTOL,1,0.872510129257796,0.0515207558458098,135,0.7669565217391304,0,0,0,182,0.6852173913043478,0,0,0
LTP299,6,8,22,HUMAN,0,0.8128112313940219,-0.1344181691438906,494,0.1426086956521739,0,0,0,514,0.1078260869565217,0,0,0
LTP299,6,8,23,PRIMATE,0,0.8401004160611252,0.0244608964123891,370,0.3582608695652174,0,0,0,261,0.5478260869565217,0,0,0
LTP299,6,8,24,DOLPHIN,0,0.8560716586524291,0.2074997783094059,262,0.5460869565217391,0,0,0,27,0.954782608695652,0,0,0
LTP299,6,9,1,DRAWING,1,0.8257875552520845,-0.2261329897971191,425,0.2626086956521739,0,0,0,570,0.0104347826086956,0,0,0
LTP299,6,9,2,RELISH,1,0.8361001227259968,0.0245142971028352,382,0.337391304347826,0,0,0,211,0.6347826086956522,0,0,0
LTP299,6,9,3,ZEBRA,1,0.8585153934855294,-0.0512670100680297,207,0.6417391304347826,0,0,0,396,0.3130434782608695,0,0,0
LTP299,6,9,4,FRAME,1,0.8628035257177961,-0.1111307152312062,141,0.7565217391304347,0,0,0,486,0.1565217391304347,0,0,0
LTP299,6,9,5,MUSTARD,0,0.7561035902826975,-0.1661601179951728,571,0.0086956521739129,0,0,0,562,0.0243478260869565,0,0,0
LTP299,6,9,6,POWDER,0,0.8260035771256293,-0.0673658099106924,429,0.2556521739130435,0,0,0,409,0.2904347826086957,0,0,0
LTP299,6,9,7,HERO,0,0.8559722383881624,-0.0782305786007333,239,0.5860869565217391,0,0,0,449,0.2208695652173913,0,0,0
LTP299,6,9,8,IDOL,0,0.781059764620613,-0.0951582782840471,557,0.0330434782608696,0,0,0,489,0.1513043478260869,0,0,0
LTP299,6,9,9,STOMACH,1,0.7982215820850853,-0.2456902210053095,518,0.1008695652173913,0,0,0,571,0.0086956521739129,0,0,0
LTP299,6,9,10,BELLY,1,0.8562539812330913,-0.1909754635522849,231,0.6,0,0,0,549,0.0469565217391304,0,0,0
LTP299,6,9,11,LION,1,0.8237716776744188,-0.1007576379642658,457,0.2069565217391304,0,0,0,485,0.1582608695652173,0,0,0
LTP299,6,9,12,REPORT,0,0.8064992952216795,0.0845946681437764,504,0.1252173913043478,0,0,0,120,0.7930434782608695,0,0,0
LTP299,6,9,13,TAXI,0,0.8560902021121781,0.024371916208513,239,0.5860869565217391,0,0,0,211,0.6347826086956522,0,0,0
LTP299,6,9,14,PROTON,1,0.8295684564879341,0.0892539380550917,414,0.2817391304347826,0,0,0,134,0.768695652173913,0,0,0
LTP299,6,9,15,FOOTBALL,1,0.8281154975865808,-0.1600005813416187,430,0.2539130434782608,0,0,0,520,0.097391304347826,0,0,0
LTP299,6,9,16,THIEF,1,0.8272779615955369,-0.1548952841944581,430,0.2539130434782608,0,0,0,521,0.0956521739130434,0,0,0
LTP299,6,9,17,ULCER,1,0.8424324180022751,-0.0012849670508286,354,0.3860869565217391,0,0,0,305,0.471304347826087,0,0,0
LTP299,6,9,18,PERMIT,0,0.8524804183672939,0.0671265304659173,282,0.511304347826087,0,0,0,146,0.7478260869565218,0,0,0
LTP299,6,9,19,CRIB,0,0.8347733520364861,-0.0691676182655223,401,0.3043478260869565,0,0,0,418,0.2747826086956522,0,0,0
LTP299,6,9,20,PLAZA,0,0.7882585778520262,-0.0312940671191748,553,0.04,0,0,0,345,0.4017391304347826,0,0,0
LTP299,6,9,21,BOX,0,0.7614680855627318,0.055885929680752,570,0.0104347826086956,0,0,0,182,0.6852173913043478,0,0,0
LTP299,6,9,22,RADISH,0,0.8639975410712677,0.0118398198648721,189,0.6730434782608696,0,0,0,269,0.5339130434782609,0,0,0
LTP299,6,9,23,GARBAGE,1,0.8882324302016996,0.1689619094635028,26,0.9565217391304348,0,0,0,55,0.9060869565217392,0,0,0
LTP299,6,9,24,KNAPSACK,1,0.8300443007853711,-0.2483466478132256,430,0.2539130434782608,0,0,0,570,0.0104347826086956,0,0,0
LTP299,6,10,1,JOURNAL,0,0.8423077811879865,0.1255087916261368,324,0.4382608695652173,0,0,0,72,0.8765217391304347,0,0,0
LTP299,6,10,2,SODA,0,0.7942738047011711,0.0176636133731354,539,0.0643478260869565,0,0,0,224,0.6121739130434782,0,0,0
LTP299,6,10,3,PAPER,0,0.808322942184128,0.1924599764844097,494,0.1426086956521739,0,0,0,40,0.9321739130434784,0,0,0
LTP299,6,10,4,PATIENT,0,0.8527983688162872,0.1037405537681836,256,0.5565217391304348,0,0,0,73,0.8747826086956522,0,0,0
LTP299,6,10,5,BOARD,0,0.7924988763585142,0.1459678159351067,528,0.0834782608695652,0,0,0,86,0.8521739130434782,0,0,0
LTP299,6,10,6,PERFUME,0,0.8694989682731566,-0.0536256853216381,128,0.7791304347826087,0,0,0,384,0.3339130434782609,0,0,0
LTP299,6,10,7,GARLIC,1,0.857480332975616,0.0178948045963601,236,0.5913043478260869,0,0,0,238,0.5878260869565217,0,0,0
LTP299,6,10,8,MONEY,0,0.821697241415234,0.0062267628820874,459,0.2034782608695652,0,0,0,245,0.5756521739130435,0,0,0
LTP299,6,10,9,OFFICE,0,0.8610303484491141,0.1511087354813143,199,0.6556521739130434,0,0,0,41,0.9304347826086956,0,0,0
LTP299,6,10,10,GAVEL,0,0.7623051555972271,-0.2704415900688172,565,0.0191304347826086,0,0,0,561,0.026086956521739,0,0,0
LTP299,6,10,11,LABEL,0,0.8674844531278697,0.2143108697223112,152,0.7373913043478261,0,0,0,18,0.9704347826086956,0,0,0
LTP299,6,10,12,LAKE,1,0.8314338009222255,-0.1609068060681855,400,0.3060869565217391,0,0,0,521,0.0956521739130434,0,0,0
LTP299,6,10,13,BALLOON,0,0.8917619440436165,0.1494318315872017,16,0.9739130434782608,0,0,0,76,0.8695652173913043,0,0,0
LTP299,6,10,14,GUITAR,1,0.7601236146677944,-0.0348994906435845,567,0.0156521739130435,0,0,0,318,0.448695652173913,0,0,0
LTP299,6,10,15,FLUTE,1,0.8159463550262327,-0.1256588882009622,469,0.1860869565217391,0,0,0,485,0.1582608695652173,0,0,0
LTP299,6,10,16,AUTHOR,0,0.8640989775974115,0.2121879524552893,198,0.6573913043478261,0,0,0,34,0.942608695652174,0,0,0
LTP299,6,10,17,BANK,0,0.872910658302897,0.1364481258658262,117,0.7982608695652174,0,0,0,57,0.902608695652174,0,0,0
LTP299,6,10,18,TYPIST,0,0.8859587473809144,0.0115364472386871,33,0.9443478260869566,0,0,0,230,0.6017391304347826,0,0,0
LTP299,6,10,19,PACKAGE,0,0.8691329200519587,0.3174031358952259,158,0.7269565217391305,0,0,0,11,0.982608695652174,0,0,0
LTP299,6,10,20,NIGHTGOWN,0,0.82101811760604,-0.2262407977269895,455,0.2104347826086956,0,0,0,559,0.0295652173913043,0,0,0
LTP299,6,10,21,COLONEL,0,0.8758234401240321,0.0705128838119347,113,0.8052173913043479,0,0,0,160,0.7234782608695652,0,0,0
LTP299,6,10,22,HORNET,0,0.8549270609128358,-0.2281029883930972,258,0.5530434782608695,0,0,0,550,0.0452173913043478,0,0,0
LTP299,6,10,23,FLOWER,0,0.8797480646745118,0.0062759654174897,79,0.8643478260869565,0,0,0,256,0.5565217391304348,0,0,0
LTP299,6,10,24,SHRUB,1,0.8362738212170804,-0.2625198674355795,368,0.3617391304347825,0,0,0,562,0.0243478260869565,0,0,0
LTP299,6,11,1,HANDBAG,1,0.876194420265515,0.1165931010582363,102,0.8243478260869566,0,0,0,87,0.8504347826086956,0,0,0
LTP299,6,11,2,BADGE,0,0.8506526880166982,0.1832443400094232,310,0.4626086956521739,0,0,0,35,0.9408695652173912,0,0,0
LTP299,6,11,3,BRICK,1,0.8901964147852226,-0.0349497643569302,19,0.9686956521739132,0,0,0,351,0.3913043478260869,0,0,0
LTP299,6,11,4,PLASTER,0,0.8036264431024248,0.0076986434858989,516,0.1043478260869564,0,0,0,268,0.5356521739130435,0,0,0
LTP299,6,11,5,POCKET,0,0.8629017976389703,0.1812162046436717,211,0.6347826086956522,0,0,0,38,0.9356521739130436,0,0,0
LTP299,6,11,6,RAFT,0,0.8581849117503262,-0.130753706764558,250,0.5669565217391304,0,0,0,505,0.1234782608695652,0,0,0
LTP299,6,11,7,DIVER,0,0.7794731767277393,-0.1503878198493882,561,0.026086956521739,0,0,0,526,0.0869565217391304,0,0,0
LTP299,6,11,8,CHEMIST,1,0.881483215452793,0.0202055401592797,71,0.8782608695652174,0,0,0,220,0.6191304347826088,0,0,0
LTP299,6,11,9,TRUCK,0,0.8439793160957558,-0.007053265062012,367,0.3634782608695652,0,0,0,299,0.4817391304347825,0,0,0
LTP299,6,11,10,PILOT,0,0.8849301920087524,-0.0281811397049296,55,0.9060869565217392,0,0,0,330,0.4278260869565217,0,0,0
LTP299,6,11,11,MACHINE,0,0.8473172852747656,0.2017337864164124,345,0.4017391304347826,0,0,0,24,0.96,0,0,0
LTP299,6,11,12,CANYON,0,0.8452954580090019,0.0408415644646676,347,0.3982608695652174,0,0,0,182,0.6852173913043478,0,0,0
LTP299,6,11,13,ROCKET,1,0.8921838345565022,-0.0647293048715414,16,0.9739130434782608,0,0,0,428,0.2573913043478261,0,0,0
LTP299,6,11,14,FOREHEAD,1,0.8150357569057615,-0.180208725321831,485,0.1582608695652173,0,0,0,550,0.0452173913043478,0,0,0
LTP299,6,11,15,JELLY,1,0.8580644504411918,-0.0464081172097804,245,0.5756521739130435,0,0,0,367,0.3634782608695652,0,0,0
LTP299,6,11,16,BLOCKADE,1,0.8662957126089273,0.0870975839676082,185,0.6799999999999999,0,0,0,111,0.808695652173913,0,0,0
LTP299,6,11,17,MAMMAL,1,0.8136775182640389,0.1818527501558497,496,0.1391304347826086,0,0,0,33,0.9443478260869566,0,0,0
LTP299,6,11,18,CHIPMUNK,1,0.8800263265027969,-0.0767541713617276,72,0.8765217391304347,0,0,0,433,0.2486956521739131,0,0,0
LTP299,6,11,19,BUG,1,0.8377322292526381,0.0312557342392837,405,0.2973913043478261,0,0,0,219,0.6208695652173912,0,0,0
LTP299,6,11,20,WASP,1,0.8172874451023926,-0.1645636547283581,487,0.1547826086956522,0,0,0,546,0.0521739130434782,0,0,0
LTP299,6,11,21,COUSIN,0,0.8643658549695532,-0.1246664296977591,207,0.6417391304347826,0,0,0,525,0.088695652173913,0,0,0
LTP299,6,11,22,FEMALE,1,0.8009401712930783,-0.024340774952105,525,0.088695652173913,0,0,0,313,0.457391304347826,0,0,0
LTP299,6,11,23,BEAST,1,0.8068285310565665,0.0269572554505025,513,0.1095652173913043,0,0,0,218,0.6226086956521739,0,0,0
LTP299,6,11,24,PREACHER,1,0.8491237693618234,-0.0306445304427999,322,0.4417391304347826,0,0,0,350,0.3930434782608696,0,0,0
LTP299,6,12,1,CELLAR,1,0.8690624348424879,0.0323836873476061,174,0.6991304347826087,0,0,0,217,0.6243478260869566,0,0,0
LTP299,6,12,2,SEAFOOD,1,0.8664076405455262,-0.0110574427049615,194,0.6643478260869565,0,0,0,300,0.48,0,0,0
LTP299,6,12,3,OYSTER,1,0.8662392362316161,0.1061381592144096,202,0.6504347826086956,0,0,0,113,0.8052173913043479,0,0,0
LTP299,6,12,4,PATROL,1,0.8567338027157335,-0.1161238763671897,269,0.5339130434782609,0,0,0,498,0.1356521739130435,0,0,0
LTP299,6,12,5,OZONE,1,0.8508361768568321,0.0927369242245635,313,0.457391304347826,0,0,0,126,0.782608695652174,0,0,0
LTP299,6,12,6,PECAN,1,0.8288986632653083,0.1612398319941773,446,0.2260869565217391,0,0,0,32,0.9460869565217392,0,0,0
LTP299,6,12,7,GUARD,1,0.8733750237127202,0.0250866576031438,140,0.7582608695652174,0,0,0,218,0.6226086956521739,0,0,0
LTP299,6,12,8,LILY,0,0.8046959626566288,-0.0844846488396031,513,0.1095652173913043,0,0,0,473,0.1791304347826087,0,0,0
LTP299,6,12,9,GARDEN,0,0.8465456233821996,-0.0208256557649761,341,0.408695652173913,0,0,0,337,0.4156521739130434,0,0,0
LTP299,6,12,10,COWBOY,1,0.8528207734265444,-0.0166589364276967,292,0.4939130434782608,0,0,0,304,0.4730434782608695,0,0,0
LTP299,6,12,11,CLAMP,0,0.7913862445299762,-0.1796485540751803,542,0.0591304347826087,0,0,0,555,0.0365217391304347,0,0,0
LTP299,6,12,12,CASHEW,1,0.8859811800007371,-0.0483638706416792,49,0.9165217391304348,0,0,0,397,0.3113043478260869,0,0,0
LTP299,6,12,13,RATTLE,0,0.8682829872052554,-0.1601661941933255,180,0.688695652173913,0,0,0,549,0.0469565217391304,0,0,0
LTP299,6,12,14,BANKER,0,0.8874620589214028,0.0231012625433699,40,0.9321739130434784,0,0,0,232,0.5982608695652174,0,0,0
LTP299,6,12,15,VALVE,0,0.8647205843592979,-0.1111440195187987,194,0.6643478260869565,0,0,0,485,0.1582608695652173,0,0,0
LTP299,6,12,16,SUBWAY,0,0.8805095488086085,-0.0459168369430216,78,0.8660869565217392,0,0,0,375,0.3495652173913043,0,0,0
LTP299,6,12,17,CRICKET,0,0.8704008299410353,-0.045088368242808,158,0.7269565217391305,0,0,0,386,0.3304347826086956,0,0,0
LTP299,6,12,18,PASSAGE,0,0.8510995604725656,-0.2738886412148307,309,0.4643478260869565,0,0,0,574,0.0034782608695652,0,0,0
LTP299,6,12,19,COBRA,0,0.817811976398911,0.1248403627729523,492,0.1460869565217391,0,0,0,60,0.8973913043478261,0,0,0
LTP299,6,12,20,NOVEL,0,0.8256291064639195,-0.0353780480211113,460,0.2017391304347826,0,0,0,354,0.3860869565217391,0,0,0
LTP299,6,12,21,STICKER,0,0.8550671086741579,-0.0899380663799308,273,0.5269565217391304,0,0,0,489,0.1513043478260869,0,0,0
LTP299,6,12,22,WRENCH,0,0.8420817086846495,-0.0126742998288746,371,0.3565217391304348,0,0,0,306,0.4695652173913043,0,0,0
LTP299,6,12,23,BRANCH,1,0.843245473818534,-0.1007500507253991,364,0.3686956521739131,0,0,0,491,0.1478260869565217,0,0,0
LTP299,6,12,24,SLIDE,1,0.8504223282051152,-0.3020578187534626,313,0.457391304347826,0,0,0,576,0.0,0,0,0
LTP299,6,13,1,VIRUS,1,0.8213475241117455,0.0894164257675392,475,0.1756521739130434,0,0,0,120,0.7930434782608695,0,0,0
LTP299,6,13,2,SALMON,1,0.8485714626101607,0.0527975555799116,330,0.4278260869565217,0,0,0,192,0.6678260869565218,0,0,0
LTP299,6,13,3,BEEF,1,0.8209773504438322,0.2767645566207188,481,0.1652173913043478,0,0,0,9,0.9860869565217392,0,0,1
LTP299,6,13,4,CONVICT,1,0.8170072803600342,-0.1078828400501835,488,0.1530434782608696,0,0,0,438,0.24,0,0,0
LTP299,6,13,5,LACE,0,0.8184904735234264,0.0291617063503861,490,0.1495652173913043,0,0,0,217,0.6243478260869566,0,0,0
LTP299,6,13,6,HEADBAND,1,0.8588221995148703,-0.1063011213482299,235,0.5930434782608696,0,0,0,440,0.2365217391304347,0,0,0
LTP299,6,13,7,DANDRUFF,1,0.893062367862792,0.0899102516343237,7,0.9895652173913044,0,0,1,118,0.7965217391304348,0,0,0
LTP299,6,13,8,COUNTRY,0,0.8350751895758719,-0.0401475952461782,417,0.2765217391304347,0,0,0,359,0.3773913043478261,0,0,0
LTP299,6,13,9,ASIA,1,0.789760394260147,-0.0400236438461357,550,0.0452173913043478,0,0,0,366,0.3652173913043478,0,0,0
LTP299,6,13,10,SCARF,1,0.864221088915954,0.1566009150759957,202,0.6504347826086956,0,0,0,73,0.8747826086956522,0,0,0
LTP299,6,13,11,OX,1,0.8001690166805049,0.0765191003308631,534,0.0730434782608695,0,0,0,155,0.7321739130434783,0,0,0
LTP299,6,13,12,WINDOW,1,0.8319140129403654,-0.0742947233087262,430,0.2539130434782608,0,0,0,399,0.3078260869565217,0,0,0
LTP299,6,13,13,BEAKER,1,0.8626240503198943,0.1670432101710489,223,0.6139130434782609,0,0,0,51,0.9130434782608696,0,0,0
LTP299,6,13,14,APPLE,1,0.8345884744851356,-0.1827527773939001,410,0.288695652173913,0,0,0,522,0.0939130434782609,0,0,0
LTP299,6,13,15,CHAMPAGNE,1,0.8434089640019994,-0.0153137033032665,360,0.3756521739130435,0,0,0,295,0.4886956521739131,0,0,0
LTP299,6,13,16,SWORD,1,0.8087240833903845,0.2194147387408407,512,0.111304347826087,0,0,0,35,0.9408695652173912,0,0,0
LTP299,6,13,17,FRIAR,1,0.8560465198062979,0.1482837380874203,258,0.5530434782608695,0,0,0,90,0.8452173913043478,0,0,0
LTP299,6,13,18,TUTU,1,0.7976427571932582,-0.0191440102520216,541,0.0608695652173912,0,0,0,298,0.4834782608695652,0,0,0
LTP299,6,13,19,DRESS,1,0.8595870905856496,-0.2553210904337262,239,0.5860869565217391,0,0,0,571,0.0086956521739129,0,0,0
LTP299,6,13,20,EMPIRE,1,0.8396521435473748,0.0833425361834533,385,0.3321739130434782,0,0,0,158,0.7269565217391305,0,0,0
LTP299,6,13,21,RUST,1,0.8661249181121454,0.1964041627275941,184,0.6817391304347826,0,0,0,34,0.942608695652174,0,0,0
LTP299,6,13,22,RECORD,0,0.8424879508510648,-0.1834884990228563,367,0.3634782608695652,0,0,0,510,0.1147826086956521,0,0,0
LTP299,6,13,23,POET,0,0.8123031014923165,-0.0485473822919484,504,0.1252173913043478,0,0,0,365,0.3669565217391304,0,0,0
LTP299,6,13,24,CURTAIN,0,0.8859953303684337,-0.1953020578060499,21,0.9652173913043478,0,0,0,529,0.0817391304347826,0,0,0
LTP299,6,14,1,BISON,0,0.8645471648549148,-0.0152470720442477,191,0.6695652173913044,0,0,0,297,0.4852173913043478,0,0,0
LTP299,6,14,2,MILK,0,0.8203138650663184,0.0118299973495689,483,0.1617391304347826,0,0,0,242,0.5808695652173913,0,0,0
LTP299,6,14,3,CRUTCH,0,0.8775299792628173,-0.2678620099153938,64,0.8904347826086957,0,0,0,569,0.0121739130434782,0,0,0
LTP299,6,14,4,LEG,0,0.840682880641982,0.0406468566528367,389,0.3252173913043478,0,0,0,192,0.6678260869565218,0,0,0
LTP299,6,14,5,HEDGE,1,0.8561458126901582,0.1781441854770469,271,0.5304347826086957,0,0,0,40,0.9321739130434784,0,0,0
LTP299,6,14,6,TWIG,1,0.8575224299592161,0.1591501823720253,249,0.568695652173913,0,0,0,70,0.88,0,0,0
LTP299,6,14,7,HONEY,0,0.8475144492550556,0.0061326541625544,340,0.4104347826086957,0,0,0,263,0.5443478260869565,0,0,0
LTP299,6,14,8,WAGON,0,0.8534255891632625,0.0355784584797354,290,0.4973913043478261,0,0,0,199,0.6556521739130434,0,0,0
LTP299,6,14,9,OMELET,0,0.8478072059239178,-0.0333701015022622,337,0.4156521739130434,0,0,0,338,0.4139130434782608,0,0,0
LTP299,6,14,10,FOREST,1,0.8208387406197533,0.1058917679975571,481,0.1652173913043478,0,0,0,142,0.7547826086956522,0,0,0
LTP299,6,14,11,DENTIST,0,0.8541699388823638,0.0241156865337172,287,0.5026086956521739,0,0,0,236,0.5913043478260869,0,0,0
LTP299,6,14,12,YARN,0,0.8725173319015631,0.0005347868222408,93,0.84,0,0,0,270,0.5321739130434783,0,0,0
LTP299,6,14,13,SHARK,0,0.7894803743735322,-0.0041062092863031,552,0.0417391304347826,0,0,0,290,0.4973913043478261,0,0,0
LTP299,6,14,14,SPOUSE,0,0.8732830689551951,-0.0512143108904722,92,0.8417391304347825,0,0,0,353,0.3878260869565217,0,0,0
LTP299,6,14,15,MAPLE,1,0.7888028457070629,0.0340627618617002,557,0.0330434782608696,0,0,0,224,0.6121739130434782,0,0,0
LTP299,6,14,16,WARDROBE,1,0.890875095893383,0.0884709572493186,5,0.9930434782608696,0,1,1,153,0.7356521739130435,0,0,0
LTP299,6,14,17,REBEL,0,0.8399756557454267,0.0862519599461054,366,0.3652173913043478,0,0,0,124,0.7860869565217391,0,0,0
LTP299,6,14,18,CORAL,1,0.848301471986481,0.130529569170146,311,0.4608695652173913,0,0,0,117,0.7982608695652174,0,0,0
LTP299,6,14,19,HUSBAND,1,0.8447811293357019,0.053383244032292,356,0.3826086956521739,0,0,0,187,0.6765217391304348,0,0,0
LTP299,6,14,20,ROOSTER,0,0.8715884070541963,0.0329408370669175,94,0.8382608695652174,0,0,0,232,0.5982608695652174,0,0,0
LTP299,6,14,21,WHISKERS,1,0.8721370100977827,0.0110712876499215,101,0.8260869565217391,0,0,0,246,0.5739130434782609,0,0,0
LTP299,6,14,22,JUDGE,1,0.8248200244739079,0.0231506729322139,465,0.1930434782608695,0,0,0,239,0.5860869565217391,0,0,0
LTP299,6,14,23,BACKBONE,1,0.87667574031669,-0.2014809832795647,59,0.8991304347826087,0,0,0,534,0.0730434782608695,0,0,0
LTP299,6,14,24,GANGSTER,0,0.861187627913138,0.0838903036160556,223,0.6139130434782609,0,0,0,122,0.7895652173913044,0,0,0
LTP299,6,15,1,SERVANT,1,0.8054760362615213,0.0900817197789434,515,0.1060869565217391,0,0,0,115,0.8017391304347826,0,0,0
LTP299,6,15,2,SIDEWALK,1,0.875180500531376,0.0214597022096596,93,0.84,0,0,0,232,0.5982608695652174,0,0,0
LTP299,6,15,3,HIGHWAY,1,0.799594694700982,0.136674845672627,535,0.0713043478260869,0,0,0,77,0.8678260869565217,0,0,0
LTP299,6,15,4,SNAIL,1,0.8743777822586732,-0.0638596072102259,104,0.8208695652173913,0,0,0,387,0.328695652173913,0,0,0
LTP299,6,15,5,PUPIL,0,0.8401924430423019,-0.0486260164142307,376,0.3478260869565217,0,0,0,385,0.3321739130434782,0,0,0
LTP299,6,15,6,FLIPPER,1,0.8314662796671053,-0.1633402654327143,427,0.2591304347826086,0,0,0,538,0.0660869565217391,0,0,0
LTP299,6,15,7,INFANT,0,0.865938147247547,0.039804747833058,186,0.6782608695652175,0,0,0,194,0.6643478260869565,0,0,0
LTP299,6,15,8,NOMAD,0,0.8089164396778714,-0.042638088856139,503,0.1269565217391304,0,0,0,363,0.3704347826086956,0,0,0
LTP299,6,15,9,ACTRESS,0,0.8804029172514904,0.0065801930855109,64,0.8904347826086957,0,0,0,251,0.5652173913043479,0,0,0
LTP299,6,15,10,MATTRESS,0,0.8660418461783095,-0.103358844343582,191,0.6695652173913044,0,0,0,478,0.1704347826086956,0,0,0
LTP299,6,15,11,KETCHUP,0,0.8735740837385337,-0.1990966861208041,113,0.8052173913043479,0,0,0,549,0.0469565217391304,0,0,0
LTP299,6,15,12,KLEENEX,0,0.8344176647836249,-0.0249437315928031,413,0.2834782608695652,0,0,0,348,0.3965217391304347,0,0,0
LTP299,6,15,13,SLUG,1,0.8649367300777292,0.0332894063599539,202,0.6504347826086956,0,0,0,227,0.6069565217391304,0,0,0
LTP299,6,15,14,COD,0,0.7901823112373466,-0.1612822147108237,545,0.0539130434782608,0,0,0,531,0.0782608695652173,0,0,0
LTP299,6,15,15,LIVER,0,0.8213405788577872,0.069240940336964,475,0.1756521739130434,0,0,0,133,0.7704347826086957,0,0,0
LTP299,6,15,16,BODY,0,0.7402744463316162,0.0017856585293027,576,0.0,0,0,0,288,0.5008695652173913,0,0,0
LTP299,6,15,17,TROUT,0,0.7978533466838392,0.0616536712894252,524,0.0904347826086956,0,0,0,135,0.7669565217391304,0,0,0
LTP299,6,15,18,HAND,0,0.8202610001698697,0.0724273945743746,471,0.1826086956521738,0,0,0,115,0.8017391304347826,0,0,0
LTP299,6,15,19,TOMBSTONE,1,0.8860016604028462,0.0952200640653329,23,0.9617391304347828,0,0,0,95,0.8365217391304348,0,0,0
LTP299,6,15,20,PIZZA,0,0.8242447658250379,-0.1599498554599871,465,0.1930434782608695,0,0,0,528,0.0834782608695652,0,0,0
LTP299,6,15,21,ARM,0,0.8224746741845657,-0.0262526667501538,473,0.1791304347826087,0,0,0,323,0.4399999999999999,0,0,0
LTP299,6,15,22,MILDEW,1,0.8839549555374275,-0.0202082465214281,44,0.9252173913043478,0,0,0,321,0.4434782608695652,0,0,0
LTP299,6,15,23,FRAGRANCE,0,0.863459853352259,-0.1751049263593196,196,0.6608695652173913,0,0,0,546,0.0521739130434782,0,0,0
LTP299,6,15,24,STALLION,0,0.8645643994538779,0.118962575308691,188,0.6747826086956521,0,0,0,82,0.8591304347826088,0,0,0
LTP299,6,16,1,PICTURE,1,0.8296989487513792,0.1201653936067386,412,0.2852173913043478,0,0,0,104,0.8208695652173913,0,0,0
LTP299,6,16,2,WITNESS,0,0.8255064701708585,0.1565451881276032,433,0.2486956521739131,0,0,0,72,0.8765217391304347,0,0,0
LTP299,6,16,3,GRAVEL,1,0.7497129450615639,-0.1414471226133036,575,0.0017391304347825,0,0,0,505,0.1234782608695652,0,0,0
LTP299,6,16,4,SIBLING,1,0.8546420201060687,0.0548228144255527,263,0.5443478260869565,0,0,0,162,0.72,0,0,0
LTP299,6,16,5,SISTER,1,0.795067958831363,0.0441195142147166,523,0.0921739130434782,0,0,0,192,0.6678260869565218,0,0,0
LTP299,6,16,6,AWARD,1,0.8447984012858651,0.1362213668942402,343,0.4052173913043478,0,0,0,57,0.902608695652174,0,0,0
LTP299,6,16,7,LIPSTICK,0,0.8639114744649937,-0.0148849649256965,156,0.7304347826086957,0,0,0,306,0.4695652173913043,0,0,0
LTP299,6,16,8,SLOPE,0,0.8567287823447122,0.0268151664608144,194,0.6643478260869565,0,0,0,222,0.6156521739130435,0,0,0
LTP299,6,16,9,STAMP,0,0.8051806939168701,0.074101256262591,511,0.1130434782608695,0,0,0,120,0.7930434782608695,0,0,0
LTP299,6,16,10,LIGHTNING,0,0.8830558614598543,0.1357809294324855,35,0.9408695652173912,0,0,0,73,0.8747826086956522,0,0,0
LTP299,6,16,11,EYELASH,0,0.848241872574771,-0.0243750386516948,311,0.4608695652173913,0,0,0,337,0.4156521739130434,0,0,0
LTP299,6,16,12,MEDAL,1,0.8581410337434621,0.1063166384055033,228,0.6052173913043478,0,0,0,102,0.8243478260869566,0,0,0
LTP299,6,16,13,BLACKBOARD,0,0.8212938969717826,-0.0543973549753384,459,0.2034782608695652,0,0,0,388,0.3269565217391305,0,0,0
LTP299,6,16,14,OUTFIT,0,0.8764615984129178,0.2354110989086103,94,0.8382608695652174,0,0,0,14,0.977391304347826,0,0,0
LTP299,6,16,15,COSTUME,0,0.8751528493474982,0.1350535306155613,104,0.8208695652173913,0,0,0,67,0.8852173913043478,0,0,0
LTP299,6,16,16,EXPERT,0,0.8355141146046317,0.1575823633389581,390,0.3234782608695652,0,0,0,58,0.9008695652173913,0,0,0
LTP299,6,16,17,TEACHER,0,0.8501229163721673,0.1687995458570311,298,0.4834782608695652,0,0,0,52,0.9113043478260868,0,0,0
LTP299,6,16,18,LODGE,0,0.8594570807150873,-0.0573157634627068,225,0.6104347826086957,0,0,0,400,0.3060869565217391,0,0,0
LTP299,6,16,19,COURSE,0,0.8361286744724278,0.1052902597169539,389,0.3252173913043478,0,0,0,108,0.8139130434782609,0,0,0
LTP299,6,16,20,TOURIST,0,0.8719471655360274,0.2045132883549473,128,0.7791304347826087,0,0,0,27,0.954782608695652,0,0,0
LTP299,6,16,21,TABLET,0,0.8744722146313513,0.1498790593818554,96,0.8347826086956522,0,0,0,66,0.8869565217391304,0,0,0
LTP299,6,16,22,OUTDOORS,1,0.8333785627224871,0.1879122040597332,401,0.3043478260869565,0,0,0,37,0.937391304347826,0,0,0
LTP299,6,16,23,RAZOR,1,0.8341736016476812,-0.1846063374584559,394,0.3165217391304348,0,0,0,538,0.0660869565217391,0,0,0
LTP299,6,16,24,BIKE,1,0.8605079881953986,-0.0896288816925846,208,0.64,0,0,0,448,0.2226086956521739,0,0,0
LTP299,6,17,1,FARMER,1,0.7914791247676097,-0.090308441802071,514,0.1078260869565217,0,0,0,510,0.1147826086956521,0,0,0
LTP299,6,17,2,PICNIC,1,0.8263343426750943,0.0680190443222689,376,0.3478260869565217,0,0,0,134,0.768695652173913,0,0,0
LTP299,6,17,3,MUFFIN,1,0.8533578405797003,0.0403513894894395,209,0.6382608695652174,0,0,0,144,0.751304347826087,0,0,0
LTP299,6,17,4,CHEST,0,0.7997665449148489,-0.0684149117396998,497,0.1373913043478261,0,0,0,436,0.2434782608695652,0,0,0
LTP299,6,17,5,FILM,0,0.8496431506208117,-0.0509930894538324,237,0.5895652173913044,0,0,0,404,0.2991304347826087,0,0,0
LTP299,6,17,6,LAGOON,0,0.8245370333248198,-0.0669248970532248,417,0.2765217391304347,0,0,0,434,0.2469565217391304,0,0,0
LTP299,6,17,7,POSSUM,0,0.8359272630205227,-0.0292464952746543,376,0.3478260869565217,0,0,0,343,0.4052173913043478,0,0,0
LTP299,6,17,8,LADDER,1,0.8105195190511096,-0.1496165805113864,476,0.1739130434782608,0,0,0,547,0.0504347826086956,0,0,0
LTP299,6,17,9,PEANUT,1,0.8697039830673555,0.0694553221937458,118,0.7965217391304348,0,0,0,113,0.8052173913043479,0,0,0
LTP299,6,17,10,PADDLE,1,0.8639481024500134,-0.0744777056372855,171,0.7043478260869565,0,0,0,448,0.2226086956521739,0,0,0
LTP299,6,17,11,MARINE,1,0.8496841481222571,-0.0837024633548535,276,0.5217391304347826,0,0,0,483,0.1617391304347826,0,0,0
LTP299,6,17,12,CHURCH,0,0.8072909440050688,0.1046360404394479,489,0.1513043478260869,0,0,0,69,0.8817391304347826,0,0,0
LTP299,6,17,13,MONSTER,1,0.8438365501662138,-0.0768736527548565,330,0.4278260869565217,0,0,0,436,0.2434782608695652,0,0,0
LTP299,6,17,14,WRIST,1,0.8619275871711819,-0.1140142672109466,202,0.6504347826086956,0,0,0,519,0.0991304347826087,0,0,0
LTP299,6,17,15,SANDWICH,1,0.8932073473259471,0.1159286025565637,18,0.9704347826086956,0,0,0,72,0.8765217391304347,0,0,0
LTP299,6,17,16,AIRPLANE,1,0.8568757195075184,0.0738477029857863,246,0.5739130434782609,0,0,0,135,0.7669565217391304,0,0,0
LTP299,6,17,17,PARROT,0,0.8492307801487593,0.0259911727536798,306,0.4695652173913043,0,0,0,213,0.6313043478260869,0,0,0
LTP299,6,17,18,BEAVER,1,0.8469894006814233,0.0261057300935904,315,0.4539130434782609,0,0,0,216,0.6260869565217391,0,0,0
LTP299,6,17,19,PUPPY,1,0.884342170913083,0.0628843253240867,39,0.9339130434782608,0,0,0,130,0.7756521739130435,0,0,0
LTP299,6,17,20,HOUND,1,0.8764878273707397,-0.1694301934375696,77,0.8678260869565217,0,0,0,565,0.0191304347826086,0,0,0
LTP299,6,17,21,ELBOW,0,0.8504706754409141,-0.0337962074001549,293,0.4921739130434782,0,0,0,360,0.3756521739130435,0,0,0
LTP299,6,17,22,SPONGE,1,0.8669938239822632,0.0389650686631375,154,0.7339130434782608,0,0,0,192,0.6678260869565218,0,0,0
LTP299,6,17,23,CAMEL,1,0.8825696503108086,0.0097882614241167,62,0.8939130434782608,0,0,0,257,0.5547826086956522,0,0,0
LTP299,6,17,24,AIRPORT,1,0.815421181596802,-0.1356204562480315,446,0.2260869565217391,0,0,0,517,0.1026086956521739,0,0,0
LTP299,6,18,1,FRECKLE,1,0.8594596550362287,-0.0738963451734839,230,0.6017391304347826,0,0,0,443,0.231304347826087,0,0,0
LTP299,6,18,2,YACHT,1,0.8777144948691019,-0.0323126962038623,86,0.8521739130434782,0,0,0,357,0.3808695652173913,0,0,0
LTP299,6,18,3,LEADER,1,0.8309074201583545,0.1214743822485001,421,0.2695652173913043,0,0,0,71,0.8782608695652174,0,0,0
LTP299,6,18,4,GIFT,1,0.8475399742020531,0.0826106493444872,319,0.4469565217391305,0,0,0,122,0.7895652173913044,0,0,0
LTP299,6,18,5,WAITRESS,1,0.852581011707559,0.2008187388662606,282,0.511304347826087,0,0,0,32,0.9460869565217392,0,0,0
LTP299,6,18,6,LUNCH,0,0.8212153851647158,0.1608447670587759,465,0.1930434782608695,0,0,0,55,0.9060869565217392,0,0,0
LTP299,6,18,7,SAUSAGE,1,0.8319091240306685,0.0983003436321878,426,0.2608695652173913,0,0,0,98,0.831304347826087,0,0,0
LTP299,6,18,8,CLAM,1,0.7732408101772369,-0.173051897495979,559,0.0295652173913043,0,0,0,535,0.0713043478260869,0,0,0
LTP299,6,18,9,SURVEY,0,0.8334606134718895,0.0849779371661445,417,0.2765217391304347,0,0,0,120,0.7930434782608695,0,0,0
LTP299,6,18,10,DRIVER,0,0.8286807630739215,-0.0477007899778021,433,0.2486956521739131,0,0,0,383,0.3356521739130435,0,0,0
LTP299,6,18,11,CATCHER,0,0.8692154446777891,-0.0411543854491232,145,0.7495652173913043,0,0,0,372,0.3547826086956521,0,0,0
LTP299,6,18,12,TURNIP,0,0.8968297088550088,0.1024264411768175,7,0.9895652173913044,0,0,1,92,0.8417391304347825,0,0,0
LTP299,6,18,13,TWEEZERS,0,0.8459140883690468,0.1388597362529337,342,0.4069565217391304,0,0,0,58,0.9008695652173913,0,0,0
LTP299,6,18,14,POSTAGE,0,0.8633766636638983,-0.0295241465745893,207,0.6417391304347826,0,0,0,362,0.3721739130434782,0,0,0
LTP299,6,18,15,PEPPER,1,0.8345508916444957,-0.1109515708604146,407,0.2939130434782608,0,0,0,495,0.1408695652173913,0,0,0
LTP299,6,18,16,BARREL,1,0.8317967918043552,-0.0007304616055083,417,0.2765217391304347,0,0,0,285,0.5060869565217392,0,0,0
LTP299,6,18,17,VAGRANT,0,0.8392035101350556,-0.0721786481077619,387,0.328695652173913,0,0,0,420,0.2713043478260869,0,0,0
LTP299,6,18,18,SHELF,0,0.8182219232552533,0.0609515237906081,474,0.1773913043478261,0,0,0,171,0.7043478260869565,0,0,0
LTP299,6,18,19,UMPIRE,1,0.8566219180373981,0.0324359411998138,256,0.5565217391304348,0,0,0,220,0.6191304347826088,0,0,0
LTP299,6,18,20,TORTOISE,0,0.8850031595433357,-0.0845136659073363,40,0.9321739130434784,0,0,0,446,0.2260869565217391,0,0,0
LTP299,6,18,21,CLIMBER,1,0.8236368587422583,-0.0755770757308618,457,0.2069565217391304,0,0,0,433,0.2486956521739131,0,0,0
LTP299,6,18,22,VALLEY,0,0.8808517007530956,0.0695359346673199,79,0.8643478260869565,0,0,0,174,0.6991304347826087,0,0,0
LTP299,6,18,23,SALAD,0,0.8646940906193322,0.0646630526531514,201,0.6521739130434783,0,0,0,182,0.6852173913043478,0,0,0
LTP299,6,18,24,IGLOO,0,0.8308010976387111,-0.1561336991461837,427,0.2591304347826086,0,0,0,517,0.1026086956521739,0,0,0
LTP299,6,19,1,TART,1,0.8242870105374022,-0.0795103185564745,459,0.2034782608695652,0,0,0,437,0.2417391304347825,0,0,0
LTP299,6,19,2,PASTRY,1,0.8602395732906429,-0.0412061468363982,239,0.5860869565217391,0,0,0,371,0.3565217391304348,0,0,0
LTP299,6,19,3,HOSTESS,1,0.8246584093879817,-0.1519145044150024,457,0.2069565217391304,0,0,0,529,0.0817391304347826,0,0,0
LTP299,6,19,4,SUSPECT,0,0.871844455371841,-0.0194983110504632,145,0.7495652173913043,0,0,0,326,0.4347826086956522,0,0,0
LTP299,6,19,5,WIFE,1,0.7817427547853214,-0.1024428176611239,556,0.0347826086956521,0,0,0,484,0.16,0,0,0
LTP299,6,19,6,BASEMENT,0,0.8586109404349201,-0.0623836189734441,251,0.5652173913043479,0,0,0,409,0.2904347826086957,0,0,0
LTP299,6,19,7,TWISTER,0,0.8486755584031614,-0.048405101890829,317,0.4504347826086956,0,0,0,388,0.3269565217391305,0,0,0
LTP299,6,19,8,SNACK,0,0.8736267346163804,0.1497385274035778,133,0.7704347826086957,0,0,0,54,0.9078260869565218,0,0,0
LTP299,6,19,9,COOKBOOK,1,0.8465091506045808,-0.1430895693671629,335,0.4191304347826087,0,0,0,525,0.088695652173913,0,0,0
LTP299,6,19,10,ITEM,1,0.8286998253503916,0.0484184641402722,441,0.2347826086956521,0,0,0,199,0.6556521739130434,0,0,0
LTP299,6,19,11,PLUTO,0,0.8597874069111245,-0.0929462669336132,247,0.5721739130434782,0,0,0,458,0.2052173913043478,0,0,0
LTP299,6,19,12,VENUS,0,0.8221962433353125,-0.0007259829019106,466,0.1913043478260869,0,0,0,287,0.5026086956521739,0,0,0
LTP299,6,19,13,QUAIL,0,0.8735437276249605,0.0948895446032426,121,0.7913043478260869,0,0,0,90,0.8452173913043478,0,0,0
LTP299,6,19,14,DINER,0,0.8026623278951601,0.1587753921957779,510,0.1147826086956521,0,0,0,64,0.8904347826086957,0,0,0
LTP299,6,19,15,CEILING,0,0.842169194966026,0.037286061469035,357,0.3808695652173913,0,0,0,219,0.6208695652173912,0,0,0
LTP299,6,19,16,HAMPER,0,0.8820024222253816,-5.401082417716776e-05,80,0.8626086956521739,0,0,0,293,0.4921739130434782,0,0,0
LTP299,6,19,17,PAIL,1,0.8476361773211278,-0.0701252020277382,335,0.4191304347826087,0,0,0,426,0.2608695652173913,0,0,0
LTP299,6,19,18,DRINK,0,0.8252975623969419,0.1652843842739936,461,0.1999999999999999,0,0,0,31,0.9478260869565216,0,0,0
LTP299,6,19,19,MARKET,0,0.8574887375372776,0.0006902866768552,264,0.5426086956521738,0,0,0,292,0.4939130434782608,0,0,0
LTP299,6,19,20,LUGGAGE,1,0.8841226724217541,0.0690016593185259,55,0.9060869565217392,0,0,0,131,0.7739130434782608,0,0,0
LTP299,6,19,21,GRIZZLY,1,0.8592180136796754,0.0952898926535909,251,0.5652173913043479,0,0,0,88,0.8486956521739131,0,0,0
LTP299,6,19,22,SUITCASE,1,0.8506850389335155,0.0436870551195051,315,0.4539130434782609,0,0,0,177,0.6939130434782609,0,0,0
LTP299,6,19,23,DRUG,0,0.8701726378319388,0.0926066304662941,160,0.7234782608695652,0,0,0,103,0.8226086956521739,0,0,0
LTP299,6,19,24,NURSE,0,0.8761670275326452,-0.0018371289493362,112,0.8069565217391305,0,0,0,295,0.4886956521739131,0,0,0
LTP299,6,20,1,XEROX,1,0.860801376575426,-0.0092449442690472,241,0.5826086956521739,0,0,0,312,0.4591304347826087,0,0,0
LTP299,6,20,2,VELVET,1,0.8642898274252259,-0.1115506793887878,210,0.6365217391304347,0,0,0,494,0.1426086956521739,0,0,0
LTP299,6,20,3,PIMPLE,1,0.8676606216304348,0.0153023616665703,199,0.6556521739130434,0,0,0,266,0.5391304347826087,0,0,0
LTP299,6,20,4,FLAG,1,0.7854675517198205,-0.1233295750696111,554,0.0382608695652173,0,0,0,495,0.1408695652173913,0,0,0
LTP299,6,20,5,EUROPE,1,0.7717351462493072,-0.1775711609771597,564,0.0208695652173912,0,0,0,555,0.0365217391304347,0,0,0
LTP299,6,20,6,ORCHID,1,0.8574956803981978,0.0071287472468408,270,0.5321739130434783,0,0,0,276,0.5217391304347826,0,0,0
LTP299,6,20,7,BOYFRIEND,1,0.8642560368175505,-0.2105532317484585,220,0.6191304347826088,0,0,0,565,0.0191304347826086,0,0,0
LTP299,6,20,8,FLESH,1,0.8377507850165979,-0.1268707174260768,410,0.288695652173913,0,0,0,511,0.1130434782608695,0,0,0
LTP299,6,20,9,CHAUFFEUR,1,0.8496960473676787,0.0511507520769091,319,0.4469565217391305,0,0,0,202,0.6504347826086956,0,0,0
LTP299,6,20,10,BRAKE,1,0.8886015441381742,-0.0200904796669248,37,0.937391304347826,0,0,0,345,0.4017391304347826,0,0,0
LTP299,6,20,11,CABBAGE,0,0.8413205168408261,-0.0319288642771936,375,0.3495652173913043,0,0,0,352,0.3895652173913043,0,0,0
LTP299,6,20,12,BREAST,1,0.86211214791422,-0.2087861721876997,226,0.6086956521739131,0,0,0,558,0.0313043478260869,0,0,0
LTP299,6,20,13,SILK,1,0.8746544040772003,-0.0932219559098534,115,0.8017391304347826,0,0,0,465,0.1930434782608695,0,0,0
LTP299,6,20,14,SUMMIT,0,0.8411019242631629,-0.1335071891629752,389,0.3252173913043478,0,0,0,520,0.097391304347826,0,0,0
LTP299,6,20,15,TREAT,0,0.731517069126526,-0.1746760663788645,576,0.0,0,0,0,542,0.0591304347826087,0,0,0
LTP299,6,20,16,POPCORN,0,0.8308763806263731,-0.1209887018772709,435,0.2452173913043478,0,0,0,484,0.16,0,0,0
LTP299,6,20,17,CRITIC,0,0.8246386848571514,0.0975586694733097,456,0.208695652173913,0,0,0,137,0.7634782608695652,0,0,0
LTP299,6,20,18,PARSLEY,1,0.8696108255193821,0.0327023306983165,137,0.7634782608695652,0,0,0,224,0.6121739130434782,0,0,0
LTP299,6,20,19,GALLON,0,0.838236711178062,-0.045933109284494,381,0.3391304347826087,0,0,0,384,0.3339130434782609,0,0,0
LTP299,6,20,20,COIN,0,0.8320049317179856,-0.1112950662322303,422,0.2678260869565217,0,0,0,487,0.1547826086956522,0,0,0
LTP299,6,20,21,DAISY,1,0.8565671945711258,0.022099501656264,261,0.5478260869565217,0,0,0,240,0.5843478260869566,0,0,0
LTP299,6,20,22,CHAPEL,0,0.8349265077271332,-0.0484456352512546,422,0.2678260869565217,0,0,0,388,0.3269565217391305,0,0,0
LTP299,6,20,23,CIGAR,0,0.8725760227182924,0.255391928395389,132,0.7721739130434783,0,0,0,9,0.9860869565217392,0,0,1
LTP299,6,20,24,RUG,0,0.8411704610657921,0.1189998628084689,378,0.3443478260869566,0,0,0,85,0.8539130434782609,0,0,0
LTP299,6,21,1,ARMY,1,0.8717412139724028,0.0827403073025779,161,0.7217391304347827,0,0,0,154,0.7339130434782608,0,0,0
LTP299,6,21,2,ANKLE,1,0.8623452902139669,-0.0294232580387091,228,0.6052173913043478,0,0,0,349,0.3947826086956522,0,0,0
LTP299,6,21,3,FUNGUS,1,0.8663759842983734,0.0030406100570082,212,0.6330434782608696,0,0,0,273,0.5269565217391304,0,0,0
LTP299,6,21,4,YOLK,1,0.8694999750349726,-0.086502085614374,165,0.7147826086956521,0,0,0,456,0.208695652173913,0,0,0
LTP299,6,21,5,CONCERT,0,0.8107874349048724,0.0046052599146465,498,0.1356521739130435,0,0,0,280,0.5147826086956522,0,0,0
LTP299,6,21,6,GRILL,0,0.8714267262152375,0.0584838568595985,149,0.7426086956521739,0,0,0,180,0.688695652173913,0,0,0
LTP299,6,21,7,BUTCHER,0,0.8431269175699996,0.0344212124146126,372,0.3547826086956521,0,0,0,240,0.5843478260869566,0,0,0
LTP299,6,21,8,DRAGON,0,0.8894472367968334,0.1295412729019537,51,0.9130434782608696,0,0,0,112,0.8069565217391305,0,0,0
LTP299,6,21,9,FIREMAN,0,0.8774731671108045,-0.1779162498079236,115,0.8017391304347826,0,0,0,541,0.0608695652173912,0,0,0
LTP299,6,21,10,TUNNEL,0,0.8813522579492157,-0.0574217376137465,80,0.8626086956521739,0,0,0,385,0.3321739130434782,0,0,0
LTP299,6,21,11,SADDLE,0,0.8603484257179864,-0.0916767178667717,243,0.5791304347826087,0,0,0,444,0.2295652173913043,0,0,0
LTP299,6,21,12,CRATER,1,0.8776708839332582,0.1514362710444466,111,0.808695652173913,0,0,0,63,0.8921739130434783,0,0,0
LTP299,6,21,13,MOP,0,0.7974810281590761,0.0162341339241275,525,0.088695652173913,0,0,0,257,0.5547826086956522,0,0,0
LTP299,6,21,14,BLENDER,0,0.8745647481760077,-0.2302881185261488,63,0.8921739130434783,0,0,0,567,0.0156521739130435,0,0,0
LTP299,6,21,15,PRINCE,0,0.8069378734129066,-0.0576225718330364,501,0.1304347826086956,0,0,0,403,0.3008695652173913,0,0,0
LTP299,6,21,16,ICING,0,0.8622049931860444,0.1510363082029219,224,0.6121739130434782,0,0,0,47,0.92,0,0,0
LTP299,6,21,17,GROUND,1,0.8177571074476374,-0.0975055413828501,488,0.1530434782608696,0,0,0,460,0.2017391304347826,0,0,0
LTP299,6,21,18,MESSAGE,0,0.841807663356853,-0.0654235347696781,378,0.3443478260869566,0,0,0,423,0.2660869565217391,0,0,0
LTP299,6,21,19,DOUGHNUT,1,0.8879687027904101,-0.0181957864809757,57,0.902608695652174,0,0,0,290,0.4973913043478261,0,0,0
LTP299,6,21,20,SKIRT,1,0.8523224749357075,-0.0555816665717711,301,0.4782608695652174,0,0,0,380,0.3408695652173913,0,0,0
LTP299,6,21,21,CANDY,0,0.891547629073007,0.0923359072335427,31,0.9478260869565216,0,0,0,141,0.7565217391304347,0,0,0
LTP299,6,21,22,HARP,0,0.874380025027923,0.1424028336274345,139,0.76,0,0,0,78,0.8660869565217392,0,0,0
LTP299,6,21,23,STAR,1,0.8421970815295315,0.1129469793023573,373,0.3530434782608695,0,0,0,116,0.8,0,0,0
LTP299,6,21,24,DONKEY,1,0.8906331792507725,0.003382467806087,34,0.942608695652174,0,0,0,275,0.5234782608695652,0,0,0
LTP299,6,22,1,ROBBER,1,0.8285791503932695,-0.0426562186643306,433,0.2486956521739131,0,0,0,390,0.3234782608695652,0,0,0
LTP299,6,22,2,BURGLAR,1,0.875399227700365,-0.0402143767748523,75,0.8713043478260869,0,0,0,364,0.3686956521739131,0,0,0
LTP299,6,22,3,SPOON,1,0.8602887923052899,-0.0649612048836785,218,0.6226086956521739,0,0,0,429,0.2556521739130435,0,0,0
LTP299,6,22,4,QUEEN,1,0.8527555665524975,-0.0766330287313847,270,0.5321739130434783,0,0,0,433,0.2486956521739131,0,0,0
LTP299,6,22,5,VIKING,1,0.8096061343269462,-0.027234730494213,504,0.1252173913043478,0,0,0,348,0.3965217391304347,0,0,0
LTP299,6,22,6,COMPASS,0,0.8814950097587385,0.1418606387974447,68,0.8834782608695653,0,0,0,28,0.9530434782608695,0,0,0
LTP299,6,22,7,NEUTRON,1,0.8946040613951599,0.0776721673102256,9,0.9860869565217392,0,0,1,98,0.831304347826087,0,0,0
LTP299,6,22,8,MEAT,1,0.8494285406366692,-0.1268559743216286,312,0.4591304347826087,0,0,0,511,0.1130434782608695,0,0,0
LTP299,6,22,9,ATLAS,0,0.7669257399611726,0.114657995608644,569,0.0121739130434782,0,0,0,88,0.8486956521739131,0,0,0
LTP299,6,22,10,ANTLER,0,0.860219416637374,0.0279387031900054,161,0.7217391304347827,0,0,0,209,0.6382608695652174,0,0,0
LTP299,6,22,11,SCALLOP,0,0.863051252367846,0.1472778400756818,207,0.6417391304347826,0,0,0,33,0.9443478260869566,0,0,0
LTP299,6,22,12,SCARECROW,0,0.8923959843283417,0.1008034970028526,17,0.9721739130434782,0,0,0,73,0.8747826086956522,0,0,0
LTP299,6,22,13,CROSS,0,0.8764217150886616,0.1243193576158109,108,0.8139130434782609,0,0,0,52,0.9113043478260868,0,0,0
LTP299,6,22,14,TEMPLE,1,0.8750936544343717,-0.0765680032155765,115,0.8017391304347826,0,0,0,460,0.2017391304347826,0,0,0
LTP299,6,22,15,POLICE,1,0.8264544841931635,-0.1142444587547753,457,0.2069565217391304,0,0,0,524,0.0904347826086956,0,0,0
LTP299,6,22,16,MARS,0,0.8399857628133589,0.1010678457766982,399,0.3078260869565217,0,0,0,79,0.8643478260869565,0,0,0
LTP299,6,22,17,RECEIPT,0,0.8422708735190041,-0.0675161645744155,375,0.3495652173913043,0,0,0,439,0.2382608695652174,0,0,0
LTP299,6,22,18,SALT,0,0.8486371093540266,0.0090575201885544,328,0.4313043478260869,0,0,0,254,0.56,0,0,0
LTP299,6,22,19,AGENT,0,0.8030664020147941,-0.0028283468873695,513,0.1095652173913043,0,0,0,280,0.5147826086956522,0,0,0
LTP299,6,22,20,MAILBOX,0,0.8645101656183255,-0.0031174086657727,214,0.6295652173913043,0,0,0,292,0.4939130434782608,0,0,0
LTP299,6,22,21,ATOM,0,0.7815882258518844,0.0122159852782571,561,0.026086956521739,0,0,0,270,0.5321739130434783,0,0,0
LTP299,6,22,22,BATHTUB,0,0.8485854066771779,-0.0292963110792895,332,0.4243478260869565,0,0,0,352,0.3895652173913043,0,0,0
LTP299,6,22,23,SCOTCH,0,0.8667632547273555,0.0840822873842619,191,0.6695652173913044,0,0,0,89,0.8469565217391304,0,0,0
LTP299,6,22,24,SHELTER,0,0.8334983358988404,-0.0927927027521678,428,0.2573913043478261,0,0,0,493,0.1443478260869565,0,0,0
LTP299,6,23,1,WORKER,0,0.8460046593266152,-0.1755351577898846,347,0.3982608695652174,0,0,0,543,0.0573913043478261,0,0,0
LTP299,6,23,2,THREAD,0,0.8535830419659707,0.1584994582399663,295,0.4886956521739131,0,0,0,51,0.9130434782608696,0,0,0
LTP299,6,23,3,NOTEBOOK,0,0.7864591136188833,-0.1149378539106909,552,0.0417391304347826,0,0,0,472,0.1808695652173912,0,0,0
LTP299,6,23,4,SCRIBBLE,0,0.8296768973536579,0.0086105231669999,444,0.2295652173913043,0,0,0,289,0.4991304347826086,0,0,0
LTP299,6,23,5,FLEET,0,0.8393847173405644,0.0192535053690148,402,0.3026086956521739,0,0,0,260,0.5495652173913044,0,0,0
LTP299,6,23,6,COLLEGE,0,0.8733961184106837,-0.009318788811153,131,0.7739130434782608,0,0,0,306,0.4695652173913043,0,0,0
LTP299,6,23,7,CONTRACT,0,0.8136536426127917,0.0806667322781676,487,0.1547826086956522,0,0,0,155,0.7321739130434783,0,0,0
LTP299,6,23,8,KIDNEY,0,0.8519085966016254,-0.0980128611937862,305,0.471304347826087,0,0,0,463,0.1965217391304348,0,0,0
LTP299,6,23,9,SHIRT,0,0.8610104114195242,0.049971811489639,242,0.5808695652173913,0,0,0,200,0.6539130434782608,0,0,0
LTP299,6,23,10,CASHIER,0,0.8707309140815632,0.0439013892980587,156,0.7304347826086957,0,0,0,213,0.6313043478260869,0,0,0
LTP299,6,23,11,SPOOL,0,0.867131559498955,-0.0629619858801827,189,0.6730434782608696,0,0,0,402,0.3026086956521739,0,0,0
LTP299,6,23,12,CARRIAGE,0,0.8585297918083311,0.0576658414279167,251,0.5652173913043479,0,0,0,194,0.6643478260869565,0,0,0
LTP299,6,23,13,HORSE,0,0.8557512353077978,-0.0082778328613221,271,0.5304347826086957,0,0,0,313,0.457391304347826,0,0,0
LTP299,6,23,14,SCALPEL,0,0.8823449315671635,-0.0066765506301392,81,0.8608695652173913,0,0,0,317,0.4504347826086956,0,0,0
LTP299,6,23,15,SHOULDER,0,0.8749347169254122,0.1072735614503285,125,0.7843478260869565,0,0,0,116,0.8,0,0,0
LTP299,6,23,16,CABIN,0,0.8354456439827861,-0.1039103146852756,412,0.2852173913043478,0,0,0,458,0.2052173913043478,0,0,0
LTP299,6,23,17,NECKLACE,0,0.9009663623412918,0.0958007886241863,4,0.9947826086956522,0,1,1,126,0.782608695652174,0,0,0
LTP299,6,23,18,BOUQUET,0,0.8749953416940638,0.0591263992277124,120,0.7930434782608695,0,0,0,191,0.6695652173913044,0,0,0
LTP299,6,23,19,TABLE,0,0.8534889077824636,0.2078258785061142,293,0.4921739130434782,0,0,0,19,0.9686956521739132,0,0,0
LTP299,6,23,20,COUCH,0,0.8387462658211325,-0.0097406833494771,396,0.3130434782608695,0,0,0,320,0.4452173913043478,0,0,0
LTP299,6,23,21,HEART,1,0.8671335421615397,-0.0886754321347103,181,0.6869565217391305,0,0,0,432,0.2504347826086956,0,0,0
LTP299,6,23,22,PANTHER,1,0.8545258571937983,-0.0240383179337985,281,0.5130434782608695,0,0,0,322,0.4417391304347826,0,0,0
LTP299,6,23,23,JUNGLE,1,0.8766035491543481,-0.0266080274915183,118,0.7965217391304348,0,0,0,326,0.4347826086956522,0,0,0
LTP299,6,23,24,CATTLE,0,0.9010135553274684,0.1761761572484451,6,0.991304347826087,0,0,1,57,0.902608695652174,0,0,0
LTP299,6,24,1,CLOCK,1,0.8408652068365498,-0.0366981841486618,374,0.351304347826087,0,0,0,358,0.3791304347826086,0,0,0
LTP299,6,24,2,SUPPER,1,0.8022384610793922,0.1071554110764765,522,0.0939130434782609,0,0,0,94,0.8382608695652174,0,0,0
LTP299,6,24,3,JUGGLER,1,0.8408304181466411,-0.1017319251857556,384,0.3339130434782609,0,0,0,479,0.168695652173913,0,0,0
LTP299,6,24,4,PASTA,1,0.8600484854977537,-0.0443591794846768,230,0.6017391304347826,0,0,0,371,0.3565217391304348,0,0,0
LTP299,6,24,5,ACTOR,1,0.7840698876821431,0.008663706140412,559,0.0295652173913043,0,0,0,254,0.56,0,0,0
LTP299,6,24,6,CRAB,1,0.8606754079937057,-0.1542211710567345,203,0.6486956521739131,0,0,0,534,0.0730434782608695,0,0,0
LTP299,6,24,7,FREEZER,1,0.8229351614528203,0.0608716119280292,455,0.2104347826086956,0,0,0,127,0.7808695652173914,0,0,0
LTP299,6,24,8,DASHBOARD,1,0.8762798033455302,0.043905213202962,80,0.8626086956521739,0,0,0,190,0.671304347826087,0,0,0
LTP299,6,24,9,GREASE,1,0.8531491262935101,-0.0780065770659715,270,0.5321739130434783,0,0,0,456,0.208695652173913,0,0,0
LTP299,6,24,10,ICEBERG,0,0.8816120983728444,-0.0896840410845808,44,0.9252173913043478,0,0,0,460,0.2017391304347826,0,0,0
LTP299,6,24,11,BROTHER,0,0.8857806411789252,0.1911638818347554,35,0.9408695652173912,0,0,0,18,0.9704347826086956,0,0,0
LTP299,6,24,12,LADY,0,0.800791019373893,0.0419633844304057,522,0.0939130434782609,0,0,0,171,0.7043478260869565,0,0,0
LTP299,6,24,13,PISTON,1,0.8716352748136901,-0.0043247692835451,117,0.7982608695652174,0,0,0,294,0.4904347826086956,0,0,0
LTP299,6,24,14,GYMNAST,1,0.8625395093026147,-0.0804450615953468,198,0.6573913043478261,0,0,0,451,0.217391304347826,0,0,0
LTP299,6,24,15,DAUGHTER,1,0.8312494887883187,0.1324033034094528,435,0.2452173913043478,0,0,0,44,0.9252173913043478,0,0,0
LTP299,6,24,16,FOOT,0,0.7842423675079254,-0.0045354538154096,558,0.0313043478260869,0,0,0,295,0.4886956521739131,0,0,0
LTP299,6,24,17,GHETTO,0,0.8771691759733466,-0.0137480678229028,90,0.8452173913043478,0,0,0,308,0.4660869565217391,0,0,0
LTP299,6,24,18,STOVE,0,0.8529863918859248,0.0934169599300873,273,0.5269565217391304,0,0,0,103,0.8226086956521739,0,0,0
LTP299,6,24,19,WORLD,0,0.805618282054217,-0.1508827586816543,513,0.1095652173913043,0,0,0,537,0.0678260869565217,0,0,0
LTP299,6,24,20,GLOBE,0,0.8338847694863427,-0.0165088322447767,406,0.2956521739130434,0,0,0,317,0.4504347826086956,0,0,0
LTP299,6,24,21,SUNRISE,0,0.8903981437488385,0.0046342031084335,15,0.9756521739130436,0,0,0,261,0.5478260869565217,0,0,0
LTP299,6,24,22,FIREPLACE,0,0.8764894539184561,0.0262874949988519,75,0.8713043478260869,0,0,0,232,0.5982608695652174,0,0,0
LTP299,6,24,23,PARENT,0,0.7972826105594151,0.0513497533520702,528,0.0834782608695652,0,0,0,181,0.6869565217391305,0,0,0
LTP299,6,24,24,OUTLAW,0,0.8672801155858638,-0.0933942595268696,151,0.7391304347826086,0,0,0,464,0.1947826086956522,0,0,0
LTP302,17,1,1,APRON,1,0.8752551678442723,0.0607362219023112,74,0.8730434782608696,0,0,0,152,0.7373913043478261,0,0,0
LTP302,17,1,2,FOOT,1,0.7883749934597442,0.0755964817036817,537,0.0678260869565217,0,0,0,130,0.7756521739130435,0,0,0
LTP302,17,1,3,OYSTER,1,0.8563371495481409,0.0008791620794766,221,0.6173913043478261,0,0,0,250,0.5669565217391304,0,0,0
LTP302,17,1,4,TORTOISE,0,0.8941745197289291,0.1537631135342554,14,0.977391304347826,0,0,0,50,0.9147826086956522,0,0,0
LTP302,17,1,5,PISTOL,1,0.8709762857158567,0.0574814486908469,113,0.8052173913043479,0,0,0,167,0.711304347826087,0,0,0
LTP302,17,1,6,STAPLE,1,0.8593457645032646,0.0448934768432717,219,0.6208695652173912,0,0,0,186,0.6782608695652175,0,0,0
LTP302,17,1,7,CYCLONE,1,0.8729724573542414,-0.050009869949501,112,0.8069565217391305,0,0,0,385,0.3321739130434782,0,0,0
LTP302,17,1,8,HEDGE,1,0.8421629093372656,-0.0124756328910748,334,0.4208695652173913,0,0,0,298,0.4834782608695652,0,0,0
LTP302,17,1,9,PUDDLE,1,0.8857289327513254,-0.0206338607248844,43,0.9269565217391303,0,0,0,321,0.4434782608695652,0,0,0
LTP302,17,1,10,NEUTRON,0,0.887526165760454,-0.0232863214327463,33,0.9443478260869566,0,0,0,313,0.457391304347826,0,0,0
LTP302,17,1,11,ATOM,0,0.7829037462172131,0.0689618054338283,552,0.0417391304347826,0,0,0,135,0.7669565217391304,0,0,0
LTP302,17,1,12,PANTHER,0,0.8533126875291426,0.0337705430966648,268,0.5356521739130435,0,0,0,189,0.6730434782608696,0,0,0
LTP302,17,1,13,BIKE,0,0.8704282463863033,0.074110687153347,135,0.7669565217391304,0,0,0,136,0.7652173913043478,0,0,0
LTP302,17,1,14,SWAMP,0,0.7585112301844904,-0.1308097391799438,573,0.0052173913043478,0,0,0,509,0.1165217391304347,0,0,0
LTP302,17,1,15,STAR,0,0.8444825870327156,0.1646382117458236,323,0.4399999999999999,0,0,0,49,0.9165217391304348,0,0,0
LTP302,17,1,16,SOFTBALL,0,0.8750071675575763,0.1744309010929279,99,0.8295652173913044,0,0,0,32,0.9460869565217392,0,0,0
LTP302,17,1,17,DOUGHNUT,0,0.8829612268593925,-0.0408563419691091,59,0.8991304347826087,0,0,0,367,0.3634782608695652,0,0,0
LTP302,17,1,18,LILY,0,0.8066874215281581,0.0067943905647816,508,0.1182608695652174,0,0,0,266,0.5391304347826087,0,0,0
LTP302,17,1,19,HEART,0,0.8766710140320673,0.1261794543887394,88,0.8486956521739131,0,0,0,56,0.9043478260869564,0,0,0
LTP302,17,1,20,TEMPLE,0,0.8803066927467001,0.0779866641101268,66,0.8869565217391304,0,0,0,122,0.7895652173913044,0,0,0
LTP302,17,1,21,FARMER,0,0.8067050903530972,-0.087244294687946,496,0.1391304347826086,0,0,0,450,0.2191304347826087,0,0,0
LTP302,17,1,22,GLASS,0,0.8438144950765788,-0.1398874822027928,331,0.4260869565217391,0,0,0,529,0.0817391304347826,0,0,0
LTP302,17,1,23,CATCHER,0,0.8689940013063151,-0.0345045326196714,147,0.7460869565217392,0,0,0,375,0.3495652173913043,0,0,0
LTP302,17,1,24,BODY,0,0.7528748709660409,0.0797265146060476,575,0.0017391304347825,0,0,0,140,0.7582608695652174,0,0,0
LTP302,17,2,1,IDOL,0,0.780001833149506,-0.1960300377205687,557,0.0330434782608696,0,0,0,565,0.0191304347826086,0,0,0
LTP302,17,2,2,POPCORN,0,0.832695271070042,-0.0781927356934971,419,0.2730434782608696,0,0,0,428,0.2573913043478261,0,0,0
LTP302,17,2,3,PARTNER,0,0.8456510210419916,-0.0299106229321866,350,0.3930434782608696,0,0,0,370,0.3582608695652174,0,0,0
LTP302,17,2,4,BLOUSE,0,0.8728622549469153,-0.0389303870486731,152,0.7373913043478261,0,0,0,387,0.328695652173913,0,0,0
LTP302,17,2,5,DRESS,0,0.8616484957541499,-0.1495065726535493,228,0.6052173913043478,0,0,0,545,0.0539130434782608,0,0,0
LTP302,17,2,6,GRILL,1,0.8654645934313849,-0.0941996724588597,198,0.6573913043478261,0,0,0,493,0.1443478260869565,0,0,0
LTP302,17,2,7,GREASE,1,0.8576158894496105,-0.0206696110774491,260,0.5495652173913044,0,0,0,337,0.4156521739130434,0,0,0
LTP302,17,2,8,JAPAN,1,0.7901337127626086,-0.035896877279771,529,0.0817391304347826,0,0,0,349,0.3947826086956522,0,0,0
LTP302,17,2,9,ASIA,1,0.7870635030066396,-0.0503102966514851,539,0.0643478260869565,0,0,0,390,0.3234782608695652,0,0,0
LTP302,17,2,10,POSTAGE,0,0.863047981059044,-0.0567669139929509,222,0.6156521739130435,0,0,0,387,0.328695652173913,0,0,0
LTP302,17,2,11,MARKER,0,0.8642682486462666,-0.0908651118794224,218,0.6226086956521739,0,0,0,470,0.1843478260869565,0,0,0
LTP302,17,2,12,PRINCESS,0,0.8821613820504927,0.0752997634767222,57,0.902608695652174,0,0,0,112,0.8069565217391305,0,0,0
LTP302,17,2,13,COURSE,0,0.8381052928611276,0.1339263794527747,407,0.2939130434782608,0,0,0,56,0.9043478260869564,0,0,0
LTP302,17,2,14,JELLO,0,0.8659996119374536,0.0907318164306134,199,0.6556521739130434,0,0,0,96,0.8347826086956522,0,0,0
LTP302,17,2,15,SPARROW,0,0.8335944247638537,-0.0347012944581699,427,0.2591304347826086,0,0,0,369,0.36,0,0,0
LTP302,17,2,16,CRITIC,0,0.818432927061829,0.0387670644682006,480,0.1669565217391304,0,0,0,210,0.6365217391304347,0,0,0
LTP302,17,2,17,COUNTRY,0,0.834243368684602,-0.0448896169803648,427,0.2591304347826086,0,0,0,383,0.3356521739130435,0,0,0
LTP302,17,2,18,FLESH,1,0.838677919392923,-0.0835363715721376,403,0.3008695652173913,0,0,0,439,0.2382608695652174,0,0,0
LTP302,17,2,19,LACE,1,0.8173779443081364,0.0207626855821124,481,0.1652173913043478,0,0,0,248,0.5704347826086957,0,0,0
LTP302,17,2,20,SEAGULL,1,0.8768624374645956,-0.1639335343208665,78,0.8660869565217392,0,0,0,528,0.0834782608695652,0,0,0
LTP302,17,2,21,ACTRESS,1,0.878841316073047,0.0104915552535551,57,0.902608695652174,0,0,0,256,0.5565217391304348,0,0,0
LTP302,17,2,22,BARREL,1,0.8362077669220543,0.0484708590632313,421,0.2695652173913043,0,0,0,181,0.6869565217391305,0,0,0
LTP302,17,2,23,PUDDING,1,0.871689236595913,-0.0775455497996824,139,0.76,0,0,0,436,0.2434782608695652,0,0,0
LTP302,17,2,24,TYPIST,1,0.8824358568544917,-0.1120246757756402,47,0.92,0,0,0,503,0.1269565217391304,0,0,0
LTP302,17,3,1,VICTIM,1,0.8226944382034328,0.1146749311815338,467,0.1895652173913043,0,0,0,78,0.8660869565217392,0,0,0
LTP302,17,3,2,JUDGE,1,0.8275170273969673,0.0511343732202379,448,0.2226086956521739,0,0,0,184,0.6817391304347826,0,0,0
LTP302,17,3,3,JUGGLER,1,0.8498895001967399,0.0271834670155562,315,0.4539130434782609,0,0,0,221,0.6173913043478261,0,0,0
LTP302,17,3,4,BULLET,1,0.8619144803388405,0.0262872114927672,222,0.6156521739130435,0,0,0,204,0.6469565217391304,0,0,0
LTP302,17,3,5,MONEY,1,0.8265212159133362,0.0480276550854653,456,0.208695652173913,0,0,0,169,0.7078260869565217,0,0,0
LTP302,17,3,6,FLOWER,0,0.8799472818816838,-0.0389629736240896,81,0.8608695652173913,0,0,0,371,0.3565217391304348,0,0,0
LTP302,17,3,7,BELLY,0,0.8823917291106019,0.2147354317586509,71,0.8782608695652174,0,0,0,18,0.9704347826086956,0,0,0
LTP302,17,3,8,TURTLE,0,0.8946752188880227,-0.0024260046139811,12,0.9808695652173912,0,0,0,291,0.4956521739130435,0,0,0
LTP302,17,3,9,CONVICT,0,0.8242216211588625,0.0040737388386465,454,0.2121739130434782,0,0,0,279,0.5165217391304349,0,0,0
LTP302,17,3,10,ULCER,0,0.8501757921054826,0.0706867335055924,308,0.4660869565217391,0,0,0,154,0.7339130434782608,0,0,0
LTP302,17,3,11,CELLAR,0,0.8748911801058833,0.1718427491208393,120,0.7930434782608695,0,0,0,35,0.9408695652173912,0,0,0
LTP302,17,3,12,DAISY,0,0.8575031235550364,0.036567610941059,265,0.5408695652173914,0,0,0,215,0.6278260869565218,0,0,0
LTP302,17,3,13,FOOTBALL,1,0.8383224995895968,-0.0246463901208468,398,0.3095652173913044,0,0,0,339,0.4121739130434783,0,0,0
LTP302,17,3,14,TUNNEL,1,0.8816483632487945,-0.0232931604993038,67,0.8852173913043478,0,0,0,325,0.4365217391304348,0,0,0
LTP302,17,3,15,BOYFRIEND,1,0.8719900506972683,0.0452067060797407,146,0.7478260869565218,0,0,0,194,0.6643478260869565,0,0,0
LTP302,17,3,16,YARN,0,0.8718040961158463,-0.0195206211422908,149,0.7426086956521739,0,0,0,325,0.4365217391304348,0,0,0
LTP302,17,3,17,PLIERS,0,0.8680166898450038,-0.0111271736665923,179,0.6904347826086956,0,0,0,317,0.4504347826086956,0,0,0
LTP302,17,3,18,WRENCH,0,0.8401975370727797,-0.0642369956903027,400,0.3060869565217391,0,0,0,423,0.2660869565217391,0,0,0
LTP302,17,3,19,COCKTAIL,0,0.8614998906452938,0.0697510121551785,229,0.6034782608695652,0,0,0,150,0.7408695652173913,0,0,0
LTP302,17,3,20,HARP,0,0.8609695345194783,-0.1953981491030365,234,0.5947826086956522,0,0,0,556,0.0347826086956521,0,0,0
LTP302,17,3,21,CORAL,0,0.8366879938501116,-0.0813565160652103,419,0.2730434782608696,0,0,0,439,0.2382608695652174,0,0,0
LTP302,17,3,22,OZONE,0,0.8367132994357012,-0.233938463344607,413,0.2834782608695652,0,0,0,570,0.0104347826086956,0,0,0
LTP302,17,3,23,PALACE,0,0.8591527803614862,-0.0439318600984827,252,0.5634782608695652,0,0,0,365,0.3669565217391304,0,0,0
LTP302,17,3,24,ROCKET,0,0.8936798510561598,-0.0074662883524382,11,0.982608695652174,0,0,0,290,0.4973913043478261,0,0,0
LTP302,17,4,1,ORCHID,1,0.8536323557855158,-0.0761201416380891,283,0.5095652173913043,0,0,0,441,0.2347826086956521,0,0,0
LTP302,17,4,2,PIZZA,1,0.8386849905847323,0.0694935238278669,399,0.3078260869565217,0,0,0,151,0.7391304347826086,0,0,0
LTP302,17,4,3,HOOK,1,0.8769683129035893,-0.2590399698197079,78,0.8660869565217392,0,0,0,569,0.0121739130434782,0,0,0
LTP302,17,4,4,COD,1,0.7854571479391915,-0.248114486328864,551,0.0434782608695651,0,0,0,572,0.0069565217391304,0,0,0
LTP302,17,4,5,REPORT,0,0.8023215280459054,-0.0526492393453164,513,0.1095652173913043,0,0,0,405,0.2973913043478261,0,0,0
LTP302,17,4,6,EUROPE,0,0.7847744268894203,0.0912270906763645,554,0.0382608695652173,0,0,0,110,0.8104347826086956,0,0,0
LTP302,17,4,7,FLAG,0,0.7878499180807766,-0.0474192872062546,547,0.0504347826086956,0,0,0,389,0.3252173913043478,0,0,0
LTP302,17,4,8,PRIMATE,0,0.8400965122438092,0.0374168864432741,384,0.3339130434782609,0,0,0,212,0.6330434782608696,0,0,0
LTP302,17,4,9,SAUSAGE,0,0.823640284417123,-0.0749641149525458,467,0.1895652173913043,0,0,0,427,0.2591304347826086,0,0,0
LTP302,17,4,10,GLOBE,0,0.8354219093078823,-0.0134812995745272,412,0.2852173913043478,0,0,0,319,0.4469565217391305,0,0,0
LTP302,17,4,11,ACTOR,0,0.7811742095562199,-0.0528419242368576,558,0.0313043478260869,0,0,0,407,0.2939130434782608,0,0,0
LTP302,17,4,12,PEDAL,0,0.8527381209798218,-0.0460662269799673,282,0.511304347826087,0,0,0,397,0.3113043478260869,0,0,0
LTP302,17,4,13,MISSILE,0,0.8376107528661036,-0.1032677758682534,391,0.3217391304347826,0,0,0,487,0.1547826086956522,0,0,0
LTP302,17,4,14,THREAD,0,0.8421478777826308,-0.0605051936823032,373,0.3530434782608695,0,0,0,390,0.3234782608695652,0,0,0
LTP302,17,4,15,HOSTESS,0,0.8265605084088851,-0.0705933802951075,441,0.2347826086956521,0,0,0,439,0.2382608695652174,0,0,0
LTP302,17,4,16,PLAZA,1,0.796882706165452,0.0842034756944696,533,0.0747826086956521,0,0,0,117,0.7982608695652174,0,0,0
LTP302,17,4,17,CREATURE,0,0.8528932661230367,0.0392796879650364,271,0.5304347826086957,0,0,0,205,0.6452173913043479,0,0,0
LTP302,17,4,18,LEOPARD,0,0.8710052952174716,0.149405088972052,110,0.8104347826086956,0,0,0,42,0.928695652173913,0,0,0
LTP302,17,4,19,FRIEND,0,0.835334617286171,-0.0095864355633863,394,0.3165217391304348,0,0,0,314,0.4556521739130434,0,0,0
LTP302,17,4,20,BEAKER,0,0.8481893465138363,-0.082331523664612,307,0.4678260869565217,0,0,0,445,0.2278260869565217,0,0,0
LTP302,17,4,21,DRUG,0,0.8494986263431865,-0.2181786322489372,299,0.4817391304347825,0,0,0,563,0.0226086956521739,0,0,0
LTP302,17,4,22,OFFICE,0,0.8528739847740845,-0.0101904045266451,276,0.5217391304347826,0,0,0,286,0.5043478260869565,0,0,0
LTP302,17,4,23,FIREPLACE,0,0.8891136104109971,0.2664579601179364,10,0.9843478260869564,0,0,1,6,0.991304347826087,0,0,1
LTP302,17,4,24,TURNIP,0,0.8875789250470495,-0.0851406411763104,13,0.9791304347826086,0,0,0,446,0.2260869565217391,0,0,0
LTP302,17,5,1,SALT,0,0.8540539037780549,0.151888349476219,283,0.5095652173913043,0,0,0,30,0.9495652173913044,0,0,0
LTP302,17,5,2,TROUT,0,0.805081040916271,0.0889612764789438,512,0.111304347826087,0,0,0,87,0.8504347826086956,0,0,0
LTP302,17,5,3,CLAM,0,0.7863447771360619,-0.0302527388659158,559,0.0295652173913043,0,0,0,337,0.4156521739130434,0,0,0
LTP302,17,5,4,TUBA,0,0.8465540389661899,-0.1002631162567134,340,0.4104347826086957,0,0,0,461,0.1999999999999999,0,0,0
LTP302,17,5,5,RECORD,0,0.8472733348672817,-0.0609423264088316,325,0.4365217391304348,0,0,0,413,0.2834782608695652,0,0,0
LTP302,17,5,6,LIVER,0,0.8169165480324829,-0.0185695667793623,492,0.1460869565217391,0,0,0,313,0.457391304347826,0,0,0
LTP302,17,5,7,ONION,0,0.8179229000658161,0.0538867558332491,490,0.1495652173913043,0,0,0,176,0.6956521739130435,0,0,0
LTP302,17,5,8,FLUTE,0,0.8323047291270554,0.0994666815417331,429,0.2556521739130435,0,0,0,69,0.8817391304347826,0,0,0
LTP302,17,5,9,LADDER,0,0.8195844381257447,-0.1888059693049705,479,0.168695652173913,0,0,0,573,0.0052173913043478,0,0,0
LTP302,17,5,10,SUITCASE,0,0.8463648543720853,-0.0285195341938464,335,0.4191304347826087,0,0,0,326,0.4347826086956522,0,0,0
LTP302,17,5,11,MARKET,0,0.849008430392176,-0.1461618430488057,312,0.4591304347826087,0,0,0,493,0.1443478260869565,0,0,0
LTP302,17,5,12,COOKBOOK,0,0.8502802793930424,-0.0556579879320365,300,0.48,0,0,0,380,0.3408695652173913,0,0,0
LTP302,17,5,13,CAFE,0,0.8173662633810401,0.0996351582261255,494,0.1426086956521739,0,0,0,95,0.8365217391304348,0,0,0
LTP302,17,5,14,GRAPE,0,0.7813905198759186,0.1154021383294899,564,0.0208695652173912,0,0,0,51,0.9130434782608696,0,0,0
LTP302,17,5,15,FRUIT,0,0.8405134739476768,0.0484744714369667,376,0.3478260869565217,0,0,0,142,0.7547826086956522,0,0,0
LTP302,17,5,16,PIANO,0,0.8490653510586401,-0.0603879838896651,309,0.4643478260869565,0,0,0,395,0.3147826086956522,0,0,0
LTP302,17,5,17,WHISTLE,0,0.8682931703105972,-0.1286207487625576,126,0.782608695652174,0,0,0,487,0.1547826086956522,0,0,0
LTP302,17,5,18,STONE,1,0.8454274612183393,0.0540859089583526,348,0.3965217391304347,0,0,0,191,0.6695652173913044,0,0,0
LTP302,17,5,19,THRONE,1,0.8565514217913647,0.0739332626688484,237,0.5895652173913044,0,0,0,159,0.7252173913043478,0,0,0
LTP302,17,5,20,KIDNEY,1,0.8428972141779593,-0.1873032176318282,355,0.3843478260869565,0,0,0,535,0.0713043478260869,0,0,0
LTP302,17,5,21,SIDEWALK,1,0.8789906099180606,0.1272987894021776,58,0.9008695652173913,0,0,0,69,0.8817391304347826,0,0,0
LTP302,17,5,22,HIGHWAY,0,0.800776430851018,0.1579994509533067,538,0.0660869565217391,0,0,0,48,0.9182608695652174,0,0,0
LTP302,17,5,23,TOURIST,0,0.867434163525598,0.1194093026335009,161,0.7217391304347827,0,0,0,47,0.92,0,0,0
LTP302,17,5,24,SPONGE,0,0.8621120533305129,-0.0760477015193827,196,0.6608695652173913,0,0,0,422,0.2678260869565217,0,0,0
LTP302,17,6,1,DUST,1,0.8389610559442037,-9.894283097672295e-05,341,0.408695652173913,0,0,0,273,0.5269565217391304,0,0,0
LTP302,17,6,2,CARRIAGE,1,0.8504098935453659,-0.0204121564353156,283,0.5095652173913043,0,0,0,327,0.4330434782608695,0,0,0
LTP302,17,6,3,FOREHEAD,1,0.8271432717814355,0.1012046809595221,429,0.2556521739130435,0,0,0,143,0.7530434782608696,0,0,0
LTP302,17,6,4,BRAKE,1,0.8956661773360107,0.196487527967133,12,0.9808695652173912,0,0,0,50,0.9147826086956522,0,0,0
LTP302,17,6,5,SALAD,1,0.8643633305029104,0.0921539101087967,189,0.6730434782608696,0,0,0,158,0.7269565217391305,0,0,0
LTP302,17,6,6,TERMITE,0,0.885694794110652,0.14058417445943,59,0.8991304347826087,0,0,0,120,0.7930434782608695,0,0,0
LTP302,17,6,7,INFANT,0,0.8614682144593754,0.0005829177163146,212,0.6330434782608696,0,0,0,286,0.5043478260869565,0,0,0
LTP302,17,6,8,DRINK,0,0.8077120169402288,-0.0627464883302372,490,0.1495652173913043,0,0,0,368,0.3617391304347825,0,0,0
LTP302,17,6,9,OUTLAW,0,0.8758920021620828,0.042246288535192,101,0.8260869565217391,0,0,0,197,0.6591304347826087,0,0,0
LTP302,17,6,10,HELMET,0,0.839377252560365,-0.163797495754737,357,0.3808695652173913,0,0,0,506,0.1217391304347825,0,0,0
LTP302,17,6,11,WOMAN,0,0.8497779833918775,0.105647972923313,295,0.4886956521739131,0,0,0,100,0.8278260869565217,0,0,0
LTP302,17,6,12,QUARTER,0,0.842501805757462,0.0476534773129405,343,0.4052173913043478,0,0,0,207,0.6417391304347826,0,0,0
LTP302,17,6,13,WRIST,0,0.8791885833494808,0.1622802252759568,87,0.8504347826086956,0,0,0,62,0.8939130434782608,0,0,0
LTP302,17,6,14,SUNSET,0,0.8532156754746754,0.1153751807368148,266,0.5391304347826087,0,0,0,136,0.7652173913043478,0,0,0
LTP302,17,6,15,BRACES,1,0.8587227677268732,-0.0305549587221654,228,0.6052173913043478,0,0,0,319,0.4469565217391305,0,0,0
LTP302,17,6,16,AWARD,1,0.8446061332949367,0.1136345249821798,333,0.4226086956521739,0,0,0,86,0.8521739130434782,0,0,0
LTP302,17,6,17,LEG,1,0.8348753958601363,0.0141428282462454,389,0.3252173913043478,0,0,0,248,0.5704347826086957,0,0,0
LTP302,17,6,18,SHERIFF,0,0.8794887087926423,0.0129869364586048,79,0.8643478260869565,0,0,0,249,0.568695652173913,0,0,0
LTP302,17,6,19,SADDLE,1,0.8587343304768521,-0.0566254223683482,233,0.5965217391304347,0,0,0,380,0.3408695652173913,0,0,0
LTP302,17,6,20,RADISH,0,0.8726253776078264,0.1504816403137367,133,0.7704347826086957,0,0,0,65,0.888695652173913,0,0,0
LTP302,17,6,21,PICTURE,1,0.8218191518123794,-0.0281104326805322,474,0.1773913043478261,0,0,0,336,0.4173913043478261,0,0,0
LTP302,17,6,22,DRAWING,1,0.8514159332403124,-0.0549487104291937,293,0.4921739130434782,0,0,0,399,0.3078260869565217,0,0,0
LTP302,17,6,23,BEAST,0,0.8064014314807951,0.0484457746262918,503,0.1269565217391304,0,0,0,203,0.6486956521739131,0,0,0
LTP302,17,6,24,FOX,0,0.7907289352855328,-0.1006077532333044,548,0.048695652173913,0,0,0,456,0.208695652173913,0,0,0
LTP302,17,7,1,RABBIT,0,0.8290560211823969,0.0886728960534965,435,0.2452173913043478,0,0,0,122,0.7895652173913044,0,0,0
LTP302,17,7,2,PIMPLE,0,0.8642107527731051,-0.0121986036896182,195,0.662608695652174,0,0,0,299,0.4817391304347825,0,0,0
LTP302,17,7,3,KITCHEN,0,0.8790961488543841,0.026852794774902,96,0.8347826086956522,0,0,0,229,0.6034782608695652,0,0,0
LTP302,17,7,4,CANDY,0,0.8945978970172425,0.1633196861434461,18,0.9704347826086956,0,0,0,35,0.9408695652173912,0,0,0
LTP302,17,7,5,FRANCE,0,0.8626626916275929,0.1870421522390549,206,0.6434782608695653,0,0,0,49,0.9165217391304348,0,0,0
LTP302,17,7,6,JEANS,0,0.8684759935988685,0.0603090177447772,173,0.7008695652173913,0,0,0,172,0.702608695652174,0,0,0
LTP302,17,7,7,TOASTER,0,0.836183246068469,-0.1241151874150584,403,0.3008695652173913,0,0,0,519,0.0991304347826087,0,0,0
LTP302,17,7,8,NOVEL,0,0.8183930289115379,-0.0968145353455466,473,0.1791304347826087,0,0,0,443,0.231304347826087,0,0,0
LTP302,17,7,9,PRINCE,0,0.816795148273418,0.063049160211513,483,0.1617391304347826,0,0,0,141,0.7565217391304347,0,0,0
LTP302,17,7,10,CLIMBER,0,0.8191846935130311,-0.1374240474245037,471,0.1826086956521738,0,0,0,497,0.1373913043478261,0,0,0
LTP302,17,7,11,CRICKET,0,0.8728932795449035,0.0147832681972012,144,0.751304347826087,0,0,0,251,0.5652173913043479,0,0,0
LTP302,17,7,12,COCOON,0,0.8161404963568684,-0.0275648076021016,477,0.1721739130434783,0,0,0,325,0.4365217391304348,0,0,0
LTP302,17,7,13,BANK,1,0.8676461899282542,0.0176075129079195,172,0.702608695652174,0,0,0,227,0.6069565217391304,0,0,0
LTP302,17,7,14,ROBBER,1,0.8388077227085617,0.0671542588067048,389,0.3252173913043478,0,0,0,122,0.7895652173913044,0,0,0
LTP302,17,7,15,MARINE,0,0.8608645239952772,-0.0252346877738788,231,0.6,0,0,0,351,0.3913043478260869,0,0,0
LTP302,17,7,16,TREAT,0,0.7330786856979816,-0.0872144772708124,576,0.0,0,0,0,443,0.231304347826087,0,0,0
LTP302,17,7,17,BUGGY,1,0.8740104669924954,-0.0199224595853349,117,0.7982608695652174,0,0,0,315,0.4539130434782609,0,0,0
LTP302,17,7,18,HORSE,1,0.8529387929360002,-0.0674505539916078,284,0.5078260869565218,0,0,0,460,0.2017391304347826,0,0,0
LTP302,17,7,19,CREVICE,1,0.8776392745820375,-0.0066738771844896,84,0.8556521739130435,0,0,0,274,0.5252173913043479,0,0,0
LTP302,17,7,20,DOLPHIN,0,0.8335325874657873,-0.1931921212223887,396,0.3130434782608695,0,0,0,555,0.0365217391304347,0,0,0
LTP302,17,7,21,APPLE,0,0.8490243908598573,0.1007277409495219,305,0.471304347826087,0,0,0,124,0.7860869565217391,0,0,0
LTP302,17,7,22,SUPPER,0,0.7878333082632081,-0.0952990427604669,537,0.0678260869565217,0,0,0,437,0.2417391304347825,0,0,0
LTP302,17,7,23,VELVET,1,0.8646977276249627,-0.0620978724716033,189,0.6730434782608696,0,0,0,435,0.2452173913043478,0,0,0
LTP302,17,7,24,SILK,1,0.8807417823004164,0.07270073382435,85,0.8539130434782609,0,0,0,158,0.7269565217391305,0,0,0
LTP302,17,8,1,BANJO,0,0.8826540965536825,0.130871808858244,58,0.9008695652173913,0,0,0,69,0.8817391304347826,0,0,0
LTP302,17,8,2,PIGMENT,0,0.8777580200800171,0.0455175250867065,93,0.84,0,0,0,199,0.6556521739130434,0,0,0
LTP302,17,8,3,MAILMAN,1,0.8842395048681307,0.056965277316386,50,0.9147826086956522,0,0,0,171,0.7043478260869565,0,0,0
LTP302,17,8,4,COOK,1,0.8243026536941458,0.0730928891352588,454,0.2121739130434782,0,0,0,144,0.751304347826087,0,0,0
LTP302,17,8,5,SANDWICH,1,0.8894158824817626,-0.0028262355137285,31,0.9478260869565216,0,0,0,286,0.5043478260869565,0,0,0
LTP302,17,8,6,MILK,1,0.8218033296958244,0.0395967098097924,463,0.1965217391304348,0,0,0,198,0.6573913043478261,0,0,0
LTP302,17,8,7,GALLON,1,0.8435214621258283,0.0794561249500777,347,0.3982608695652174,0,0,0,124,0.7860869565217391,0,0,0
LTP302,17,8,8,COSTUME,1,0.8650613894876482,-0.0837688232864147,188,0.6747826086956521,0,0,0,444,0.2295652173913043,0,0,0
LTP302,17,8,9,PILOT,0,0.8789483177873219,-0.1193435619237297,74,0.8730434782608696,0,0,0,494,0.1426086956521739,0,0,0
LTP302,17,8,10,PEPPER,0,0.8406839979325682,-0.0168805272936136,377,0.3460869565217391,0,0,0,319,0.4469565217391305,0,0,0
LTP302,17,8,11,GOBLIN,0,0.85705692478604,0.029832557128503,258,0.5530434782608695,0,0,0,227,0.6069565217391304,0,0,0
LTP302,17,8,12,FILM,0,0.8583711886868027,-0.0427703409710736,243,0.5791304347826087,0,0,0,372,0.3547826086956521,0,0,0
LTP302,17,8,13,LUNCH,1,0.8088136014960032,-0.0427977130972234,502,0.128695652173913,0,0,0,365,0.3669565217391304,0,0,0
LTP302,17,8,14,CUSTARD,0,0.8710221244808287,0.0301572318881233,128,0.7791304347826087,0,0,0,221,0.6173913043478261,0,0,0
LTP302,17,8,15,SHELF,0,0.8122853484521231,-0.0238471430502463,491,0.1478260869565217,0,0,0,335,0.4191304347826087,0,0,0
LTP302,17,8,16,TRACTOR,0,0.8465427655490871,0.0971632995515833,329,0.4295652173913044,0,0,0,89,0.8469565217391304,0,0,0
LTP302,17,8,17,CARROT,0,0.8562991062947559,0.0961521810846732,255,0.5582608695652174,0,0,0,97,0.8330434782608696,0,0,0
LTP302,17,8,18,HAMPER,0,0.8807107645732452,-0.0184565910738004,59,0.8991304347826087,0,0,0,324,0.4382608695652173,0,0,0
LTP302,17,8,19,BABY,0,0.8284388865194982,-0.0216761232452062,445,0.2278260869565217,0,0,0,323,0.4399999999999999,0,0,0
LTP302,17,8,20,RATTLE,0,0.8718660261472663,-0.0179996070139417,121,0.7913043478260869,0,0,0,311,0.4608695652173913,0,0,0
LTP302,17,8,21,WARDROBE,0,0.8864481144248862,-0.065681162770975,35,0.9408695652173912,0,0,0,429,0.2556521739130435,0,0,0
LTP302,17,8,22,GUITAR,0,0.7696182535795282,0.0694044492228229,571,0.0086956521739129,0,0,0,134,0.768695652173913,0,0,0
LTP302,17,8,23,BASEMENT,0,0.8568346697090273,-0.0892385047080706,251,0.5652173913043479,0,0,0,450,0.2191304347826087,0,0,0
LTP302,17,8,24,FREEZER,0,0.8148499196835083,-0.0786822351353448,483,0.1617391304347826,0,0,0,451,0.217391304347826,0,0,0
LTP302,17,9,1,ICING,0,0.8326604370705384,-0.200380716342326,381,0.3391304347826087,0,0,0,547,0.0504347826086956,0,0,0
LTP302,17,9,2,PEACH,0,0.8381339307603146,0.0229562177489381,361,0.3739130434782608,0,0,0,203,0.6486956521739131,0,0,0
LTP302,17,9,3,CRATER,0,0.8664614060008352,-0.0238104631376917,126,0.782608695652174,0,0,0,318,0.448695652173913,0,0,0
LTP302,17,9,4,KNIFE,0,0.8075851213169468,-0.1489224114761571,510,0.1147826086956521,0,0,0,511,0.1130434782608695,0,0,0
LTP302,17,9,5,MAPLE,0,0.7952206924652728,0.1355354942232418,538,0.0660869565217391,0,0,0,51,0.9130434782608696,0,0,0
LTP302,17,9,6,UNCLE,0,0.795580452839915,0.0186353825084468,543,0.0573913043478261,0,0,0,238,0.5878260869565217,0,0,0
LTP302,17,9,7,STALLION,0,0.8604090754825977,0.0595124730849481,188,0.6747826086956521,0,0,0,131,0.7739130434782608,0,0,0
LTP302,17,9,8,DIVER,0,0.7893720919918307,0.0455808168008488,554,0.0382608695652173,0,0,0,167,0.711304347826087,0,0,0
LTP302,17,9,9,PROTON,0,0.84248845559306,0.2746803675287849,351,0.3913043478260869,0,0,0,6,0.991304347826087,0,0,1
LTP302,17,9,10,VALLEY,0,0.8685942544839076,-0.1142062935662056,124,0.7860869565217391,0,0,0,498,0.1356521739130435,0,0,0
LTP302,17,9,11,SUMMIT,0,0.8437773627774188,0.0305767987967487,335,0.4191304347826087,0,0,0,189,0.6730434782608696,0,0,0
LTP302,17,9,12,TURKEY,0,0.8716992473704173,-0.0559553555831248,106,0.817391304347826,0,0,0,390,0.3234782608695652,0,0,0
LTP302,17,9,13,BRANDY,0,0.8737536270766181,0.098806046547091,73,0.8747826086956522,0,0,0,92,0.8417391304347825,0,0,0
LTP302,17,9,14,FLASK,0,0.8735682606534226,0.0520081368158858,74,0.8730434782608696,0,0,0,167,0.711304347826087,0,0,0
LTP302,17,9,15,FOREST,0,0.8129818341301965,-0.0084657986227112,491,0.1478260869565217,0,0,0,287,0.5026086956521739,0,0,0
LTP302,17,9,16,BACKBONE,0,0.8850764978521156,-0.0017068407587654,33,0.9443478260869566,0,0,0,284,0.5078260869565218,0,0,0
LTP302,17,9,17,SPOOL,0,0.8692707723001365,0.0067031177240491,136,0.7652173913043478,0,0,0,253,0.5617391304347826,0,0,0
LTP302,17,9,18,GROUND,0,0.8210747262213078,-0.0068849950932079,470,0.1843478260869565,0,0,0,289,0.4991304347826086,0,0,0
LTP302,17,9,19,BROOK,0,0.8463439398186291,0.0737332068087505,328,0.4313043478260869,0,0,0,118,0.7965217391304348,0,0,0
LTP302,17,9,20,SPOON,0,0.8624876211244437,-0.0128380260434457,198,0.6573913043478261,0,0,0,292,0.4939130434782608,0,0,0
LTP302,17,9,21,OMELET,1,0.8476994490410016,-0.0124070470582773,313,0.457391304347826,0,0,0,310,0.4626086956521739,0,0,0
LTP302,17,9,22,BACON,1,0.805480819669048,0.1050885747645066,513,0.1095652173913043,0,0,0,76,0.8695652173913043,0,0,0
LTP302,17,9,23,ISLAND,1,0.7675294366897353,0.0510907323845362,572,0.0069565217391304,0,0,0,164,0.7165217391304348,0,0,0
LTP302,17,9,24,MUFFIN,1,0.865570730457812,0.1315025375070188,171,0.7043478260869565,0,0,0,44,0.9252173913043478,0,0,0
LTP302,17,10,1,PASSAGE,0,0.8646730018040223,0.0439167014036525,211,0.6347826086956522,0,0,0,192,0.6678260869565218,0,0,0
LTP302,17,10,2,TILE,1,0.8236792277178167,-0.2526242922336494,462,0.1982608695652173,0,0,0,573,0.0052173913043478,0,0,0
LTP302,17,10,3,MONSTER,0,0.8592402029785778,0.1215725400772401,251,0.5652173913043479,0,0,0,106,0.817391304347826,0,0,0
LTP302,17,10,4,CLOTHES,0,0.8661594617013928,-0.0752896930481675,190,0.671304347826087,0,0,0,443,0.231304347826087,0,0,0
LTP302,17,10,5,BUREAU,0,0.8477788990839651,0.0999871641977892,327,0.4330434782608695,0,0,0,138,0.7617391304347826,0,0,0
LTP302,17,10,6,MUMMY,1,0.861198336524892,0.0731427597577625,235,0.5930434782608696,0,0,0,158,0.7269565217391305,0,0,0
LTP302,17,10,7,CHAUFFEUR,0,0.847160056484357,-0.0024654994880914,338,0.4139130434782608,0,0,0,297,0.4852173913043478,0,0,0
LTP302,17,10,8,VALVE,0,0.8643415419039046,-0.0830101069915269,210,0.6365217391304347,0,0,0,466,0.1913043478260869,0,0,0
LTP302,17,10,9,TUTU,0,0.8003660433773766,0.0298208212989478,514,0.1078260869565217,0,0,0,240,0.5843478260869566,0,0,0
LTP302,17,10,10,EAGLE,0,0.8290140855376988,-0.2407640533565992,432,0.2504347826086956,0,0,0,565,0.0191304347826086,0,0,0
LTP302,17,10,11,AUTHOR,0,0.8635065653064091,0.1864633256993516,217,0.6243478260869566,0,0,0,23,0.9617391304347828,0,0,0
LTP302,17,10,12,SCRIBBLE,0,0.8114689037744547,-0.2467676682857488,488,0.1530434782608696,0,0,0,563,0.0226086956521739,0,0,0
LTP302,17,10,13,DANCER,0,0.8828196501894865,-0.0446538740292984,88,0.8486956521739131,0,0,0,335,0.4191304347826087,0,0,0
LTP302,17,10,14,HORNET,0,0.8664633136438852,-0.0572736927017846,196,0.6608695652173913,0,0,0,400,0.3060869565217391,0,0,0
LTP302,17,10,15,FUNGUS,0,0.8665349428934788,0.057175672720901,196,0.6608695652173913,0,0,0,179,0.6904347826086956,0,0,0
LTP302,17,10,16,CHIPMUNK,1,0.8838987436665076,0.0378661914900586,76,0.8695652173913043,0,0,0,213,0.6313043478260869,0,0,0
LTP302,17,10,17,MAILBOX,1,0.8667590219426402,0.0509683017128246,180,0.688695652173913,0,0,0,195,0.662608695652174,0,0,0
LTP302,17,10,18,OUTFIT,1,0.8639579118077307,0.0134889707538178,208,0.64,0,0,0,290,0.4973913043478261,0,0,0
LTP302,17,10,19,TOMBSTONE,1,0.8855353907054142,0.0494103177503492,69,0.8817391304347826,0,0,0,210,0.6365217391304347,0,0,0
LTP302,17,10,20,RECEIPT,1,0.8395802108847115,-0.0410462477457817,374,0.351304347826087,0,0,0,336,0.4173913043478261,0,0,0
LTP302,17,10,21,PARSLEY,1,0.8675587183578194,-0.0575251299233202,194,0.6643478260869565,0,0,0,396,0.3130434782608695,0,0,0
LTP302,17,10,22,LONDON,1,0.7960557095022996,-0.100917196033772,521,0.0956521739130434,0,0,0,457,0.2069565217391304,0,0,0
LTP302,17,10,23,PREACHER,0,0.8382876552896971,-0.2001860168071408,381,0.3391304347826087,0,0,0,549,0.0469565217391304,0,0,0
LTP302,17,10,24,SLIDE,0,0.8626484066376441,-0.0269988286734036,226,0.6086956521739131,0,0,0,336,0.4173913043478261,0,0,0
LTP302,17,11,1,STAMP,1,0.8058296995267157,0.0399477267196593,509,0.1165217391304347,0,0,0,198,0.6573913043478261,0,0,0
LTP302,17,11,2,GIFT,1,0.8512375933910645,0.1253781197771848,302,0.4765217391304348,0,0,0,67,0.8852173913043478,0,0,0
LTP302,17,11,3,FRAME,1,0.8758346994459607,-0.0173320920857314,117,0.7982608695652174,0,0,0,330,0.4278260869565217,0,0,0
LTP302,17,11,4,HERO,1,0.8669989860080802,0.0832969856953884,196,0.6608695652173913,0,0,0,148,0.7443478260869565,0,0,0
LTP302,17,11,5,SUNRISE,1,0.8983931695448619,0.0884928651502481,12,0.9808695652173912,0,0,0,147,0.7460869565217392,0,0,0
LTP302,17,11,6,WASP,0,0.8222779451048935,-0.1063402330988135,470,0.1843478260869565,0,0,0,463,0.1965217391304348,0,0,0
LTP302,17,11,7,MISTER,0,0.8166321477054868,0.045927802785123,485,0.1582608695652173,0,0,0,194,0.6643478260869565,0,0,0
LTP302,17,11,8,NECKLACE,0,0.8983559692694829,0.0323038591176478,10,0.9843478260869564,0,0,1,226,0.6086956521739131,0,0,0
LTP302,17,11,9,MEDAL,0,0.8618582467446434,0.1563751563518317,227,0.6069565217391304,0,0,0,63,0.8921739130434783,0,0,0
LTP302,17,11,10,YOLK,1,0.8698995490670427,-0.0804748727660149,170,0.7060869565217391,0,0,0,423,0.2660869565217391,0,0,0
LTP302,17,11,11,BURGLAR,0,0.878584220921602,-0.1116428650276212,101,0.8260869565217391,0,0,0,470,0.1843478260869565,0,0,0
LTP302,17,11,12,TRANSPLANT,0,0.7949286937089387,0.0303941288127272,540,0.0626086956521738,0,0,0,229,0.6034782608695652,0,0,0
LTP302,17,11,13,SKILLET,1,0.896494050883639,0.1262005442123897,11,0.982608695652174,0,0,0,77,0.8678260869565217,0,0,0
LTP302,17,11,14,SCULPTURE,0,0.8506680973943586,-0.0357118559623763,301,0.4782608695652174,0,0,0,348,0.3965217391304347,0,0,0
LTP302,17,11,15,PERMIT,1,0.8553962543577988,0.0735541492968454,281,0.5130434782608695,0,0,0,136,0.7652173913043478,0,0,0
LTP302,17,11,16,STICKER,0,0.86821100623102,0.2174877382277577,180,0.688695652173913,0,0,0,22,0.9634782608695652,0,0,0
LTP302,17,11,17,RIVER,1,0.8741641170918759,0.036823750130381,126,0.782608695652174,0,0,0,204,0.6469565217391304,0,0,0
LTP302,17,11,18,SKIRT,1,0.8583704608599751,0.0763072897950513,255,0.5582608695652174,0,0,0,147,0.7460869565217392,0,0,0
LTP302,17,11,19,BOX,1,0.7512213008951164,-0.1684120740143806,574,0.0034782608695652,0,0,0,543,0.0573913043478261,0,0,0
LTP302,17,11,20,DORM,1,0.7851326862578437,0.0375182369444859,555,0.0365217391304347,0,0,0,213,0.6313043478260869,0,0,0
LTP302,17,11,21,WAITER,1,0.8568086477732696,0.1511726652213969,262,0.5460869565217391,0,0,0,45,0.9234782608695652,0,0,0
LTP302,17,11,22,SERVER,1,0.8253574366972254,0.1460431818619271,442,0.2330434782608695,0,0,0,72,0.8765217391304347,0,0,0
LTP302,17,11,23,WAITRESS,1,0.8476344136530178,0.1190634256961624,316,0.4521739130434783,0,0,0,87,0.8504347826086956,0,0,0
LTP302,17,11,24,MUSTARD,1,0.7746410343773874,0.0520446070653549,566,0.017391304347826,0,0,0,188,0.6747826086956521,0,0,0
LTP302,17,12,1,BALLOON,0,0.881923676918212,-0.1192154390034122,80,0.8626086956521739,0,0,0,517,0.1026086956521739,0,0,0
LTP302,17,12,2,PERFUME,0,0.8813257783079282,0.1181941342785708,90,0.8452173913043478,0,0,0,100,0.8278260869565217,0,0,0
LTP302,17,12,3,FRAGRANCE,0,0.876437548733279,0.0790564997589334,108,0.8139130434782609,0,0,0,115,0.8017391304347826,0,0,0
LTP302,17,12,4,STOMACH,1,0.8210052336743376,-0.0876396633225615,471,0.1826086956521738,0,0,0,453,0.2139130434782609,0,0,0
LTP302,17,12,5,HAWK,0,0.8037562473442049,-0.1127376399519591,509,0.1165217391304347,0,0,0,486,0.1565217391304347,0,0,0
LTP302,17,12,6,SNACK,1,0.8740916791809787,0.113884579752918,142,0.7547826086956522,0,0,0,96,0.8347826086956522,0,0,0
LTP302,17,12,7,GANGSTER,1,0.8586431068691948,0.0486744597626109,261,0.5478260869565217,0,0,0,195,0.662608695652174,0,0,0
LTP302,17,12,8,SHELTER,0,0.8336183860845511,-0.0582667615932371,418,0.2747826086956522,0,0,0,416,0.2782608695652173,0,0,0
LTP302,17,12,9,PICNIC,0,0.8344065434429512,0.061475329415281,408,0.2921739130434783,0,0,0,181,0.6869565217391305,0,0,0
LTP302,17,12,10,MOTEL,0,0.8814275286714466,0.0790456509831865,92,0.8417391304347825,0,0,0,143,0.7530434782608696,0,0,0
LTP302,17,12,11,CABBAGE,0,0.8382304427024552,-0.1126877020384892,393,0.3182608695652174,0,0,0,472,0.1808695652173912,0,0,0
LTP302,17,12,12,LOFT,0,0.8939828232883381,0.1358681176379913,22,0.9634782608695652,0,0,0,63,0.8921739130434783,0,0,0
LTP302,17,12,13,COTTAGE,0,0.874884819628899,-0.0007503624526142,138,0.7617391304347826,0,0,0,283,0.5095652173913043,0,0,0
LTP302,17,12,14,TEACHER,0,0.8322547118616219,-0.214339352181631,423,0.2660869565217391,0,0,0,571,0.0086956521739129,0,0,0
LTP302,17,12,15,VAGRANT,0,0.8498481138230118,0.0933232250409799,302,0.4765217391304348,0,0,0,130,0.7756521739130435,0,0,0
LTP302,17,12,16,VIKING,1,0.8120752294632132,0.009695882988147,493,0.1443478260869565,0,0,0,260,0.5495652173913044,0,0,0
LTP302,17,12,17,RAFT,1,0.8688815858084566,0.0854440234122159,183,0.6834782608695652,0,0,0,112,0.8069565217391305,0,0,0
LTP302,17,12,18,MILDEW,1,0.8836856090438324,-0.0567479561607856,73,0.8747826086956522,0,0,0,383,0.3356521739130435,0,0,0
LTP302,17,12,19,BRICK,1,0.8946717524550367,0.0798127254223827,18,0.9704347826086956,0,0,0,128,0.7791304347826087,0,0,0
LTP302,17,12,20,LIPSTICK,0,0.8794645254677596,0.2438777800207375,90,0.8452173913043478,0,0,0,6,0.991304347826087,0,0,1
LTP302,17,12,21,DUSTPAN,0,0.8707121940334654,-0.0644706902128553,160,0.7234782608695652,0,0,0,423,0.2660869565217391,0,0,0
LTP302,17,12,22,DRILL,0,0.8684741050990524,0.1072191446780841,185,0.6799999999999999,0,0,0,81,0.8608695652173913,0,0,0
LTP302,17,12,23,SPIDER,0,0.867870894697126,0.0158881812766259,187,0.6765217391304348,0,0,0,242,0.5808695652173913,0,0,0
LTP302,17,12,24,LAMP,0,0.8437746526463017,0.1330682406324605,361,0.3739130434782608,0,0,0,72,0.8765217391304347,0,0,0
LTP302,17,13,1,OINTMENT,1,0.8493749089942034,0.0120468222349195,328,0.4313043478260869,0,0,0,272,0.528695652173913,0,0,0
LTP302,17,13,2,GARLIC,0,0.8645586697224749,0.0635900414184696,212,0.6330434782608696,0,0,0,160,0.7234782608695652,0,0,0
LTP302,17,13,3,TABLE,0,0.8415099920511877,-0.0384689227452062,384,0.3339130434782609,0,0,0,354,0.3860869565217391,0,0,0
LTP302,17,13,4,SPHINX,0,0.861636897698288,-0.0679935418777234,236,0.5913043478260869,0,0,0,426,0.2608695652173913,0,0,0
LTP302,17,13,5,LUGGAGE,0,0.8820306878346519,0.0138641416504886,64,0.8904347826086957,0,0,0,245,0.5756521739130435,0,0,0
LTP302,17,13,6,BRIEFCASE,0,0.8482518620862175,-0.0983393714206459,341,0.408695652173913,0,0,0,470,0.1843478260869565,0,0,0
LTP302,17,13,7,RIFLE,0,0.8544214729117315,-0.0945866804841686,295,0.4886956521739131,0,0,0,487,0.1547826086956522,0,0,0
LTP302,17,13,8,MOTOR,1,0.8033363525634084,-0.0639145932112693,517,0.1026086956521739,0,0,0,412,0.2852173913043478,0,0,0
LTP302,17,13,9,CRAB,1,0.874186936549578,0.0084243838550999,121,0.7913043478260869,0,0,0,246,0.5739130434782609,0,0,0
LTP302,17,13,10,CITRUS,1,0.86806772583773,-0.0585416452458001,177,0.6939130434782609,0,0,0,404,0.2991304347826087,0,0,0
LTP302,17,13,11,ORANGE,1,0.8449068698566152,-0.0377125701074376,362,0.3721739130434782,0,0,0,373,0.3530434782608695,0,0,0
LTP302,17,13,12,DINER,1,0.7972587739284727,0.0182454440107993,540,0.0626086956521738,0,0,0,227,0.6069565217391304,0,0,0
LTP302,17,13,13,LAPEL,1,0.8523215298520469,0.0998710620330172,307,0.4678260869565217,0,0,0,99,0.8295652173913044,0,0,0
LTP302,17,13,14,GARDEN,0,0.847327340513698,-0.0428353926795784,347,0.3982608695652174,0,0,0,368,0.3617391304347825,0,0,0
LTP302,17,13,15,DONOR,1,0.8304430285144392,-0.0085142081915951,444,0.2295652173913043,0,0,0,291,0.4956521739130435,0,0,0
LTP302,17,13,16,LIZARD,0,0.8798628043633322,0.1422414446835294,75,0.8713043478260869,0,0,0,50,0.9147826086956522,0,0,0
LTP302,17,13,17,HOOD,0,0.8661339536385457,-0.1558333744636986,193,0.6660869565217391,0,0,0,531,0.0782608695652173,0,0,0
LTP302,17,13,18,MOP,0,0.8032897286242664,0.1287153407239285,520,0.097391304347826,0,0,0,58,0.9008695652173913,0,0,0
LTP302,17,13,19,TWIG,0,0.8519450907877438,0.0500155296692675,317,0.4504347826086956,0,0,0,160,0.7234782608695652,0,0,0
LTP302,17,13,20,COIN,0,0.8396972556085347,-0.0269865568139688,405,0.2973913043478261,0,0,0,342,0.4069565217391304,0,0,0
LTP302,17,13,21,CONTRACT,1,0.8062853006088313,-0.1025521565949694,506,0.1217391304347825,0,0,0,482,0.1634782608695651,0,0,0
LTP302,17,13,22,CHEST,0,0.8167905114333963,-0.0635353602898123,492,0.1460869565217391,0,0,0,441,0.2347826086956521,0,0,0
LTP302,17,13,23,EYELASH,1,0.852179887395375,-0.0467320575954952,309,0.4643478260869565,0,0,0,387,0.328695652173913,0,0,0
LTP302,17,13,24,EGYPT,0,0.8464813984595189,-0.1278777546816321,356,0.3826086956521739,0,0,0,497,0.1373913043478261,0,0,0
LTP302,17,14,1,GYMNAST,1,0.8655877117464799,-0.0551824010683313,183,0.6834782608695652,0,0,0,363,0.3704347826086956,0,0,0
LTP302,17,14,2,BOARD,1,0.7757140385615291,-0.1275140544760251,568,0.0139130434782608,0,0,0,492,0.1460869565217391,0,0,0
LTP302,17,14,3,LASER,1,0.7925337175406189,0.2510190462572187,556,0.0347826086956521,0,0,0,17,0.9721739130434782,0,0,0
LTP302,17,14,4,COUCH,1,0.8390440906843712,-0.0259529544774763,394,0.3165217391304348,0,0,0,310,0.4626086956521739,0,0,0
LTP302,17,14,5,PAIL,0,0.8520036411830897,0.0191192216959141,300,0.48,0,0,0,228,0.6052173913043478,0,0,0
LTP302,17,14,6,MARSH,1,0.8671638675014477,-0.1191459128725685,171,0.7043478260869565,0,0,0,483,0.1617391304347826,0,0,0
LTP302,17,14,7,CASKET,1,0.8896447815764336,-0.092939781193597,14,0.977391304347826,0,0,0,418,0.2747826086956522,0,0,0
LTP302,17,14,8,GRAVE,1,0.7997778632108077,0.2067206913051817,541,0.0608695652173912,0,0,0,26,0.9565217391304348,0,0,0
LTP302,17,14,9,LAKE,1,0.8534563360749926,0.1180877781751544,287,0.5026086956521739,0,0,0,87,0.8504347826086956,0,0,0
LTP302,17,14,10,PACKAGE,1,0.8493310468901534,-0.0948331421737043,325,0.4365217391304348,0,0,0,440,0.2365217391304347,0,0,0
LTP302,17,14,11,SWORD,1,0.7955066972618513,-0.0244749739958674,543,0.0573913043478261,0,0,0,294,0.4904347826086956,0,0,0
LTP302,17,14,12,SODA,1,0.7971614583517735,0.0237059678312605,539,0.0643478260869565,0,0,0,213,0.6313043478260869,0,0,0
LTP302,17,14,13,CANAL,0,0.8651167323388709,-0.073622238424363,188,0.6747826086956521,0,0,0,394,0.3165217391304348,0,0,0
LTP302,17,14,14,VIRUS,0,0.8137675860893168,-0.0625647244959417,498,0.1356521739130435,0,0,0,379,0.3426086956521739,0,0,0
LTP302,17,14,15,DRESSER,0,0.8506316927607044,0.0434396922170502,307,0.4678260869565217,0,0,0,193,0.6660869565217391,0,0,0
LTP302,17,14,16,SLIME,0,0.8835364392576456,0.109367366874709,44,0.9252173913043478,0,0,0,113,0.8052173913043479,0,0,0
LTP302,17,14,17,CATTLE,0,0.8937574993163276,-0.004346184652416,6,0.991304347826087,0,0,1,285,0.5060869565217392,0,0,0
LTP302,17,14,18,SEAL,0,0.7889554995153498,0.1419605452167543,558,0.0313043478260869,0,0,0,72,0.8765217391304347,0,0,0
LTP302,17,14,19,BUBBLE,0,0.8652254925123882,-0.0958741598783272,193,0.6660869565217391,0,0,0,444,0.2295652173913043,0,0,0
LTP302,17,14,20,NIGHTGOWN,0,0.8362921590866066,-0.0194059627206921,417,0.2765217391304347,0,0,0,290,0.4973913043478261,0,0,0
LTP302,17,14,21,MAMMAL,0,0.8112479839501483,0.1425671883461025,505,0.1234782608695652,0,0,0,77,0.8678260869565217,0,0,0
LTP302,17,14,22,BLUEPRINT,0,0.9033771031792396,-0.0237950147407695,1,1.0,1,1,1,296,0.4869565217391304,0,0,0
LTP302,17,14,23,PLASTER,0,0.8117077760471657,0.153040230873823,505,0.1234782608695652,0,0,0,64,0.8904347826086957,0,0,0
LTP302,17,14,24,XEROX,1,0.8587050402197274,-0.0849287116200552,252,0.5634782608695652,0,0,0,415,0.28,0,0,0
LTP302,17,15,1,NAPKIN,0,0.8328147122679266,0.0191579538393414,434,0.2469565217391304,0,0,0,256,0.5565217391304348,0,0,0
LTP302,17,15,2,WASHER,0,0.8536566784903957,0.0293236653944035,288,0.5008695652173913,0,0,0,205,0.6452173913043479,0,0,0
LTP302,17,15,3,ARMY,1,0.8617760859598168,-0.1880285416817851,215,0.6278260869565218,0,0,0,517,0.1026086956521739,0,0,0
LTP302,17,15,4,WIFE,1,0.782520329727903,-0.0882610863950249,564,0.0208695652173912,0,0,0,452,0.2156521739130434,0,0,0
LTP302,17,15,5,PASTRY,1,0.8587118253971715,-0.0670850656403294,242,0.5808695652173913,0,0,0,404,0.2991304347826087,0,0,0
LTP302,17,15,6,BINDER,1,0.852760416231769,0.0343705900478577,301,0.4782608695652174,0,0,0,242,0.5808695652173913,0,0,0
LTP302,17,15,7,CRIB,1,0.8397547969352533,-0.0295303087449981,411,0.2869565217391304,0,0,0,324,0.4382608695652173,0,0,0
LTP302,17,15,8,THIEF,0,0.8399208652589705,-0.024113807731612,401,0.3043478260869565,0,0,0,318,0.448695652173913,0,0,0
LTP302,17,15,9,COMET,0,0.8361831143920504,-0.0267302537380502,420,0.2713043478260869,0,0,0,320,0.4452173913043478,0,0,0
LTP302,17,15,10,MACHINE,0,0.8378068814310574,-0.0139207713174153,410,0.288695652173913,0,0,0,295,0.4886956521739131,0,0,0
LTP302,17,15,11,FLEET,1,0.8450418591195501,0.1632783750013234,366,0.3652173913043478,0,0,0,64,0.8904347826086957,0,0,0
LTP302,17,15,12,COLONEL,1,0.8747448185399677,3.264602204238148e-07,104,0.8208695652173913,0,0,0,263,0.5443478260869565,0,0,0
LTP302,17,15,13,TRENCH,1,0.8303909275643462,0.0434231068251486,442,0.2330434782608695,0,0,0,164,0.7165217391304348,0,0,0
LTP302,17,15,14,GARBAGE,0,0.8720748031128359,-0.2077360738229594,108,0.8139130434782609,0,0,0,532,0.0765217391304348,0,0,0
LTP302,17,15,15,NOTEBOOK,0,0.7905678153316958,-0.0482652325503339,551,0.0434782608695651,0,0,0,362,0.3721739130434782,0,0,0
LTP302,17,15,16,JUNGLE,0,0.8767532563024,-0.0505281872908727,98,0.831304347826087,0,0,0,369,0.36,0,0,0
LTP302,17,15,17,TABLET,0,0.8704129102593551,0.0978179838792933,128,0.7791304347826087,0,0,0,125,0.7843478260869565,0,0,0
LTP302,17,15,18,BLADE,0,0.8839733142525128,-0.0376640093823697,35,0.9408695652173912,0,0,0,358,0.3791304347826086,0,0,0
LTP302,17,15,19,SCALPEL,0,0.883161874498936,0.0875744321051716,53,0.9095652173913044,0,0,0,121,0.7913043478260869,0,0,0
LTP302,17,15,20,STATUE,0,0.8166125839038416,0.1520780065044521,488,0.1530434782608696,0,0,0,65,0.888695652173913,0,0,0
LTP302,17,15,21,KEEPER,0,0.8258333955033615,0.037415976477891,454,0.2121739130434782,0,0,0,240,0.5843478260869566,0,0,0
LTP302,17,15,22,SPACE,0,0.7748920589626254,-0.0110361137452032,568,0.0139130434782608,0,0,0,291,0.4956521739130435,0,0,0
LTP302,17,15,23,LAVA,0,0.8018590900801338,0.0362900102614711,524,0.0904347826086956,0,0,0,195,0.662608695652174,0,0,0
LTP302,17,15,24,PEBBLE,0,0.8297278785128847,0.0989222561308768,443,0.231304347826087,0,0,0,92,0.8417391304347825,0,0,0
LTP302,17,16,1,LIGHTNING,0,0.8705217172627231,-0.1282177887512801,139,0.76,0,0,0,462,0.1982608695652173,0,0,0
LTP302,17,16,2,SCALLOP,0,0.863481030748874,0.1522094148124119,191,0.6695652173913044,0,0,0,81,0.8608695652173913,0,0,0
LTP302,17,16,3,LABEL,1,0.8545994706007676,-0.045561135996728,278,0.5182608695652173,0,0,0,369,0.36,0,0,0
LTP302,17,16,4,CASHEW,1,0.8890474378476075,0.044509724097391,23,0.9617391304347828,0,0,0,237,0.5895652173913044,0,0,0
LTP302,17,16,5,STOVE,1,0.8488289998408796,0.0053972105601636,328,0.4313043478260869,0,0,0,269,0.5339130434782609,0,0,0
LTP302,17,16,6,LODGE,0,0.8704966597401248,0.106199835558748,133,0.7704347826086957,0,0,0,102,0.8243478260869566,0,0,0
LTP302,17,16,7,CHAPEL,1,0.8497257794330791,0.2356434315167402,317,0.4504347826086956,0,0,0,25,0.9582608695652174,0,0,0
LTP302,17,16,8,SEAFOOD,0,0.8569554751944678,-0.1531880461915024,257,0.5547826086956522,0,0,0,497,0.1373913043478261,0,0,0
LTP302,17,16,9,PARROT,0,0.8520428044966617,0.0751907386729602,301,0.4782608695652174,0,0,0,141,0.7565217391304347,0,0,0
LTP302,17,16,10,JOURNAL,0,0.8360888344967202,-0.0289204246875629,411,0.2869565217391304,0,0,0,334,0.4208695652173913,0,0,0
LTP302,17,16,11,SHORTS,0,0.8175221346286677,-0.004121601299305,479,0.168695652173913,0,0,0,287,0.5026086956521739,0,0,0
LTP302,17,16,12,RAZOR,0,0.846564229454589,-0.0459425463251171,344,0.4034782608695652,0,0,0,361,0.3739130434782608,0,0,0
LTP302,17,16,13,IGLOO,0,0.838608179403869,0.0177549516325533,393,0.3182608695652174,0,0,0,249,0.568695652173913,0,0,0
LTP302,17,16,14,LAGOON,0,0.8475801559837484,0.1545903754410791,333,0.4226086956521739,0,0,0,55,0.9060869565217392,0,0,0
LTP302,17,16,15,BATHTUB,0,0.8498106612397346,0.0687145925795199,312,0.4591304347826087,0,0,0,153,0.7356521739130435,0,0,0
LTP302,17,16,16,MEAT,0,0.8511481391053014,-0.0898111236765493,303,0.4747826086956521,0,0,0,452,0.2156521739130434,0,0,0
LTP302,17,16,17,BUTCHER,0,0.8439469552726689,0.0644482942411738,360,0.3756521739130435,0,0,0,166,0.7130434782608696,0,0,0
LTP302,17,16,18,PADDLE,0,0.8731745795399668,0.0660608170107623,114,0.8034782608695652,0,0,0,160,0.7234782608695652,0,0,0
LTP302,17,16,19,STREAM,1,0.870414547717949,-0.1766398078059525,139,0.76,0,0,0,532,0.0765217391304348,0,0,0
LTP302,17,16,20,TWISTER,1,0.840514879482836,-0.1147127098468852,375,0.3495652173913043,0,0,0,457,0.2069565217391304,0,0,0
LTP302,17,16,21,REBEL,1,0.8424591838429262,0.1391504028762916,370,0.3582608695652174,0,0,0,81,0.8608695652173913,0,0,0
LTP302,17,16,22,BISON,1,0.8508574460484284,-0.2554531516751656,295,0.4886956521739131,0,0,0,557,0.0330434782608696,0,0,0
LTP302,17,16,23,AIRPLANE,1,0.8609951502823593,0.1223687906186256,228,0.6052173913043478,0,0,0,90,0.8452173913043478,0,0,0
LTP302,17,16,24,CABIN,0,0.8477491281932801,0.1555643051845487,320,0.4452173913043478,0,0,0,76,0.8695652173913043,0,0,0
LTP302,17,17,1,GLOVE,0,0.8756127405096978,-0.0553728087211197,35,0.9408695652173912,0,0,0,378,0.3443478260869566,0,0,0
LTP302,17,17,2,PARENT,0,0.798519904187081,0.0663900702532611,525,0.088695652173913,0,0,0,130,0.7756521739130435,0,0,0
LTP302,17,17,3,CHILD,0,0.8414271645084986,0.0647947510343087,325,0.4365217391304348,0,0,0,146,0.7478260869565218,0,0,0
LTP302,17,17,4,ELBOW,0,0.8595963030823386,0.1316105150263483,193,0.6660869565217391,0,0,0,52,0.9113043478260868,0,0,0
LTP302,17,17,5,SUBWAY,0,0.8807564486079478,0.0757483350786249,25,0.9582608695652174,0,0,0,139,0.76,0,0,0
LTP302,17,17,6,CONCERT,0,0.8034409461003099,-0.0382740838529995,510,0.1147826086956521,0,0,0,352,0.3895652173913043,0,0,0
LTP302,17,17,7,ZIPPER,0,0.7855461584986836,0.0382187372615605,556,0.0347826086956521,0,0,0,199,0.6556521739130434,0,0,0
LTP302,17,17,8,JELLY,0,0.8570718394024776,-0.013389060499338,231,0.6,0,0,0,303,0.4747826086956521,0,0,0
LTP302,17,17,9,WIDOW,0,0.8469732252855295,0.0906686732987767,300,0.48,0,0,0,100,0.8278260869565217,0,0,0
LTP302,17,17,10,FRECKLE,0,0.8616030958522253,-0.0233044843011167,176,0.6956521739130435,0,0,0,312,0.4591304347826087,0,0,0
LTP302,17,17,11,ROOSTER,1,0.8675730876146386,-0.0067034312506481,128,0.7791304347826087,0,0,0,272,0.528695652173913,0,0,0
LTP302,17,17,12,CLOCK,1,0.8376832123820187,-0.0775307325842259,385,0.3321739130434782,0,0,0,432,0.2504347826086956,0,0,0
LTP302,17,17,13,PLAID,1,0.8063491376060129,0.0357341471199081,513,0.1095652173913043,0,0,0,187,0.6765217391304348,0,0,0
LTP302,17,17,14,SHOULDER,1,0.874340883609307,0.1074260626390574,76,0.8695652173913043,0,0,0,75,0.8713043478260869,0,0,0
LTP302,17,17,15,HUMAN,1,0.8099659102080362,-0.0985837890440886,502,0.128695652173913,0,0,0,446,0.2260869565217391,0,0,0
LTP302,17,17,16,YACHT,1,0.8658883625183126,-0.1869563902215318,150,0.7408695652173913,0,0,0,536,0.0695652173913043,0,0,0
LTP302,17,17,17,HUSBAND,1,0.850238517633599,0.1495233030599697,290,0.4973913043478261,0,0,0,48,0.9182608695652174,0,0,0
LTP302,17,17,18,SPOUSE,1,0.8866058537388278,0.2315683975267755,35,0.9408695652173912,0,0,0,11,0.982608695652174,0,0,0
LTP302,17,17,19,LADY,0,0.8049284322496179,0.1130732754667158,517,0.1026086956521739,0,0,0,86,0.8521739130434782,0,0,0
LTP302,17,17,20,RELISH,0,0.8439096114475487,0.074237534334087,344,0.4034782608695652,0,0,0,126,0.782608695652174,0,0,0
LTP302,17,17,21,HAND,0,0.8245535720258188,0.1208973831993526,463,0.1965217391304348,0,0,0,62,0.8939130434782608,0,0,0
LTP302,17,17,22,UMPIRE,0,0.8459646012009652,-0.2011731794798203,327,0.4330434782608695,0,0,0,562,0.0243478260869565,0,0,0
LTP302,17,17,23,STAKE,0,0.8158921746531596,-0.0488812364342474,484,0.16,0,0,0,402,0.3026086956521739,0,0,0
LTP302,17,17,24,PADDING,0,0.8665705804643993,-0.0524062870948503,171,0.7043478260869565,0,0,0,382,0.337391304347826,0,0,0
LTP302,17,18,1,KETCHUP,0,0.8829510807497384,0.0459435148711169,58,0.9008695652173913,0,0,0,185,0.6799999999999999,0,0,0
LTP302,17,18,2,BUNNY,1,0.8553957482335,0.0113800562970582,273,0.5269565217391304,0,0,0,261,0.5478260869565217,0,0,0
LTP302,17,18,3,LETTUCE,1,0.8783291785992091,-0.0426273203906382,91,0.8434782608695652,0,0,0,389,0.3252173913043478,0,0,0
LTP302,17,18,4,SHIRT,1,0.8560478547300566,-0.0305027884704827,263,0.5443478260869565,0,0,0,361,0.3739130434782608,0,0,0
LTP302,17,18,5,PLUTO,1,0.8619129782722967,-0.0489479436810478,210,0.6365217391304347,0,0,0,374,0.351304347826087,0,0,0
LTP302,17,18,6,SHARK,0,0.7911651270707997,0.0267124413451259,544,0.0556521739130434,0,0,0,210,0.6365217391304347,0,0,0
LTP302,17,18,7,DANDRUFF,0,0.8892491298829117,-0.004124185983183,29,0.951304347826087,0,0,0,274,0.5252173913043479,0,0,0
LTP302,17,18,8,AIRPORT,1,0.8306654977327741,-0.1726324490475279,442,0.2330434782608695,0,0,0,539,0.0643478260869565,0,0,0
LTP302,17,18,9,WINDOW,1,0.8424116189208,0.1202443105295295,377,0.3460869565217391,0,0,0,72,0.8765217391304347,0,0,0
LTP302,17,18,10,BARLEY,1,0.8650466576804673,-0.1734922086818567,196,0.6608695652173913,0,0,0,553,0.04,0,0,0
LTP302,17,18,11,WITNESS,1,0.8230209682397996,0.1067243741069102,469,0.1860869565217391,0,0,0,74,0.8730434782608696,0,0,0
LTP302,17,18,12,SWIMMER,1,0.8089273367579604,0.1099964204977574,505,0.1234782608695652,0,0,0,63,0.8921739130434783,0,0,0
LTP302,17,18,13,COBRA,0,0.8019426484894446,-0.1032404148444397,519,0.0991304347826087,0,0,0,480,0.1669565217391304,0,0,0
LTP302,17,18,14,TROMBONE,0,0.868326184193466,-0.2465069770731627,166,0.7130434782608696,0,0,0,574,0.0034782608695652,0,0,0
LTP302,17,18,15,NURSE,0,0.8756232266894143,0.039374217618163,109,0.8121739130434783,0,0,0,195,0.662608695652174,0,0,0
LTP302,17,18,16,AGENT,0,0.7929463968533602,-0.1625004720939546,538,0.0660869565217391,0,0,0,555,0.0365217391304347,0,0,0
LTP302,17,18,17,POLICE,1,0.8272593708688547,-0.052140037234677,458,0.2052173913043478,0,0,0,388,0.3269565217391305,0,0,0
LTP302,17,18,18,DONKEY,1,0.8912264525539773,0.0191359345463547,22,0.9634782608695652,0,0,0,223,0.6139130434782609,0,0,0
LTP302,17,18,19,PATIENT,0,0.8494952741327226,0.0044446425937201,311,0.4608695652173913,0,0,0,273,0.5269565217391304,0,0,0
LTP302,17,18,20,PUPPY,1,0.8856494590407213,0.0323454200761361,46,0.9217391304347826,0,0,0,202,0.6504347826086956,0,0,0
LTP302,17,18,21,POISON,1,0.8327594786395852,0.03832483893281,416,0.2782608695652173,0,0,0,189,0.6730434782608696,0,0,0
LTP302,17,18,22,SNAKE,1,0.8918895226034282,0.0705588867649449,16,0.9739130434782608,0,0,0,127,0.7808695652173914,0,0,0
LTP302,17,18,23,BREAST,0,0.8659699185060721,-0.0200558780558163,168,0.7095652173913043,0,0,0,316,0.4521739130434783,0,0,0
LTP302,17,18,24,SCARECROW,0,0.8897748775288201,0.049935284644755,25,0.9582608695652174,0,0,0,173,0.7008695652173913,0,0,0
LTP302,17,19,1,HATCHET,1,0.8525707741632852,-0.0597017758118535,295,0.4886956521739131,0,0,0,405,0.2973913043478261,0,0,0
LTP302,17,19,2,HOUND,1,0.8889250313024156,-0.011267935093506,40,0.9321739130434784,0,0,0,311,0.4608695652173913,0,0,0
LTP302,17,19,3,CRUTCH,1,0.8941905529755422,0.1341883261148434,23,0.9617391304347828,0,0,0,65,0.888695652173913,0,0,0
LTP302,17,19,4,DRAGON,1,0.8854300648433792,0.0248351653842432,59,0.8991304347826087,0,0,0,244,0.577391304347826,0,0,0
LTP302,17,19,5,PENGUIN,1,0.8934945541097515,-0.0394376565307576,25,0.9582608695652174,0,0,0,368,0.3617391304347825,0,0,0
LTP302,17,19,6,OUTDOORS,1,0.8186587490497691,-0.0983054601048549,476,0.1739130434782608,0,0,0,479,0.168695652173913,0,0,0
LTP302,17,19,7,HEADBAND,1,0.863903809297064,0.016971835753814,211,0.6347826086956522,0,0,0,257,0.5547826086956522,0,0,0
LTP302,17,19,8,WHISKERS,1,0.8728665287795835,-0.0088456025125732,144,0.751304347826087,0,0,0,311,0.4608695652173913,0,0,0
LTP302,17,19,9,FEMALE,1,0.8027505072615893,0.0502512921350232,513,0.1095652173913043,0,0,0,175,0.6973913043478261,0,0,0
LTP302,17,19,10,GRIZZLY,0,0.860199798433048,0.0881720787429479,241,0.5826086956521739,0,0,0,120,0.7930434782608695,0,0,0
LTP302,17,19,11,FLASHLIGHT,1,0.8411870312934903,-0.0132242941252724,384,0.3339130434782609,0,0,0,308,0.4660869565217391,0,0,0
LTP302,17,19,12,FIREMAN,1,0.8858190830340484,0.0276251998896011,45,0.9234782608695652,0,0,0,218,0.6226086956521739,0,0,0
LTP302,17,19,13,LION,0,0.8278670259004447,-0.1440255846934048,441,0.2347826086956521,0,0,0,525,0.088695652173913,0,0,0
LTP302,17,19,14,DIME,0,0.8416739344446706,-0.0139476130862359,383,0.3356521739130435,0,0,0,301,0.4782608695652174,0,0,0
LTP302,17,19,15,CLAMP,0,0.8026961275847618,0.0104932692308959,520,0.097391304347826,0,0,0,249,0.568695652173913,0,0,0
LTP302,17,19,16,TWEEZERS,1,0.8386480842656105,-0.0667618912732132,404,0.2991304347826087,0,0,0,436,0.2434782608695652,0,0,0
LTP302,17,19,17,CROSS,1,0.8722553292748136,0.0158858274797215,132,0.7721739130434783,0,0,0,233,0.5965217391304347,0,0,0
LTP302,17,19,18,CHURCH,1,0.800332352247872,-0.0503087228199075,521,0.0956521739130434,0,0,0,388,0.3269565217391305,0,0,0
LTP302,17,19,19,CEILING,1,0.8383154149931525,-0.0860984807412682,413,0.2834782608695652,0,0,0,464,0.1947826086956522,0,0,0
LTP302,17,19,20,BLOCKADE,0,0.8672112444945594,0.0954426672957851,195,0.662608695652174,0,0,0,99,0.8295652173913044,0,0,0
LTP302,17,19,21,BUCKET,0,0.8684602242476933,0.0080763453664909,180,0.688695652173913,0,0,0,249,0.568695652173913,0,0,0
LTP302,17,19,22,LOVER,0,0.7871030730947061,-0.1654591034178978,556,0.0347826086956521,0,0,0,559,0.0295652173913043,0,0,0
LTP302,17,19,23,TRIBE,0,0.8630294658546929,-0.1296270386085432,215,0.6278260869565218,0,0,0,527,0.0852173913043478,0,0,0
LTP302,17,19,24,GRAVEL,0,0.7661862076742898,0.0333778281917675,573,0.0052173913043478,0,0,0,199,0.6556521739130434,0,0,0
LTP302,17,20,1,TAXI,0,0.8652035658446565,0.1600523494679175,210,0.6365217391304347,0,0,0,27,0.954782608695652,0,0,0
LTP302,17,20,2,PATROL,0,0.8631324532233836,0.0579141772838872,228,0.6052173913043478,0,0,0,159,0.7252173913043478,0,0,0
LTP302,17,20,3,ZEBRA,0,0.8665498637265403,0.0074613027497171,194,0.6643478260869565,0,0,0,266,0.5391304347826087,0,0,0
LTP302,17,20,4,COWBOY,0,0.8649958230690878,0.2437813521576694,202,0.6504347826086956,0,0,0,10,0.9843478260869564,0,0,1
LTP302,17,20,5,SUSPECT,0,0.8739518791944535,0.0452705439994853,129,0.7773913043478261,0,0,0,178,0.6921739130434783,0,0,0
LTP302,17,20,6,TART,0,0.8231516086850964,-0.1619944485150188,469,0.1860869565217391,0,0,0,548,0.048695652173913,0,0,0
LTP302,17,20,7,ROBOT,0,0.8489856236688977,0.1304256718680006,321,0.4434782608695652,0,0,0,59,0.8991304347826087,0,0,0
LTP302,17,20,8,CHEMIST,0,0.8840809406037318,0.0664332355252163,67,0.8852173913043478,0,0,0,162,0.72,0,0,0
LTP302,17,20,9,WAGON,0,0.8571756934261567,0.1253940270943199,259,0.551304347826087,0,0,0,58,0.9008695652173913,0,0,0
LTP302,17,20,10,MESSAGE,0,0.8395714166813167,-0.1177320645982971,395,0.3147826086956522,0,0,0,515,0.1060869565217391,0,0,0
LTP302,17,20,11,SURVEY,0,0.8366389932674453,0.1315749473500027,406,0.2956521739130434,0,0,0,67,0.8852173913043478,0,0,0
LTP302,17,20,12,BEEF,1,0.8062851189583748,-0.0194508595606346,504,0.1252173913043478,0,0,0,332,0.4243478260869565,0,0,0
LTP302,17,20,13,JURY,0,0.8405852670434769,0.095788140113632,381,0.3391304347826087,0,0,0,106,0.817391304347826,0,0,0
LTP302,17,20,14,ROBIN,0,0.8292677497142243,0.0454297560037776,429,0.2556521739130435,0,0,0,178,0.6921739130434783,0,0,0
LTP302,17,20,15,COUNTY,0,0.837264253884679,-0.0348966007818556,401,0.3043478260869565,0,0,0,378,0.3443478260869566,0,0,0
LTP302,17,20,16,SCARF,0,0.8474733383632075,-0.1894673547412027,335,0.4191304347826087,0,0,0,555,0.0365217391304347,0,0,0
LTP302,17,20,17,BOUQUET,0,0.8749991444186092,0.0587600487408735,128,0.7791304347826087,0,0,0,167,0.711304347826087,0,0,0
LTP302,17,20,18,SNAIL,1,0.8763638880404395,0.0562329073158273,104,0.8208695652173913,0,0,0,177,0.6939130434782609,0,0,0
LTP302,17,20,19,SLUG,1,0.8543466841860389,-0.1631190716440088,279,0.5165217391304349,0,0,0,535,0.0713043478260869,0,0,0
LTP302,17,20,20,OX,1,0.7993647934977421,0.0542482701480814,519,0.0991304347826087,0,0,0,190,0.671304347826087,0,0,0
LTP302,17,20,21,CRAYON,1,0.905064923571516,0.2858412334141845,2,0.9982608695652174,0,1,1,5,0.9930434782608696,0,1,1
LTP302,17,20,22,MASK,1,0.799576881670518,0.001675152442996,521,0.0956521739130434,0,0,0,290,0.4973913043478261,0,0,0
LTP302,17,20,23,PIGEON,1,0.8991857376977924,0.131072218122535,8,0.9878260869565216,0,0,1,66,0.8869565217391304,0,0,0
LTP302,17,20,24,HONEY,1,0.8516041894197119,0.0990963172869738,298,0.4834782608695652,0,0,0,132,0.7721739130434783,0,0,0
LTP302,17,21,1,HANDBAG,0,0.8701275116710095,-0.0476264835600228,181,0.6869565217391305,0,0,0,403,0.3008695652173913,0,0,0
LTP302,17,21,2,KNAPSACK,0,0.8516227985139317,0.0628596571690845,309,0.4643478260869565,0,0,0,164,0.7165217391304348,0,0,0
LTP302,17,21,3,BADGE,0,0.8397300459167665,-0.0527966261060131,374,0.351304347826087,0,0,0,382,0.337391304347826,0,0,0
LTP302,17,21,4,COMPASS,0,0.8788403286993188,0.0483205733286619,101,0.8260869565217391,0,0,0,212,0.6330434782608696,0,0,0
LTP302,17,21,5,SLOPE,0,0.8562264950727065,-0.1059421071836926,277,0.52,0,0,0,483,0.1617391304347826,0,0,0
LTP302,17,21,6,PLATE,0,0.775354763928693,-0.2330076955664486,560,0.0278260869565217,0,0,0,569,0.0121739130434782,0,0,0
LTP302,17,21,7,SHOVEL,0,0.8960071894427956,0.0627562169753216,14,0.977391304347826,0,0,0,185,0.6799999999999999,0,0,0
LTP302,17,21,8,ROD,1,0.8433367247747688,0.0202317006760323,355,0.3843478260869565,0,0,0,253,0.5617391304347826,0,0,0
LTP302,17,21,9,HIKER,0,0.8771024857757653,0.1428281356742824,103,0.8226086956521739,0,0,0,66,0.8869565217391304,0,0,0
LTP302,17,21,10,EMPIRE,1,0.8293592447922541,-0.1503704688332977,434,0.2469565217391304,0,0,0,518,0.1008695652173913,0,0,0
LTP302,17,21,11,RUG,1,0.8402660598955425,0.1164454241171299,393,0.3182608695652174,0,0,0,79,0.8643478260869565,0,0,0
LTP302,17,21,12,GIRL,1,0.8766877549922136,0.1223479534205353,111,0.808695652173913,0,0,0,87,0.8504347826086956,0,0,0
LTP302,17,21,13,ANKLE,1,0.8698630607659936,0.1706181797285169,167,0.711304347826087,0,0,0,33,0.9443478260869566,0,0,0
LTP302,17,21,14,QUAIL,1,0.8751985761595438,0.1407208423278916,122,0.7895652173913044,0,0,0,61,0.8956521739130435,0,0,0
LTP302,17,21,15,SISTER,1,0.8000858577074537,0.0662972205114952,524,0.0904347826086956,0,0,0,140,0.7582608695652174,0,0,0
LTP302,17,21,16,BROTHER,1,0.8825307092111238,0.0563418238371507,81,0.8608695652173913,0,0,0,191,0.6695652173913044,0,0,0
LTP302,17,21,17,SWITCH,0,0.7739086407241464,-0.1502169663119081,564,0.0208695652173912,0,0,0,534,0.0730434782608695,0,0,0
LTP302,17,21,18,ITEM,0,0.8269118332850516,-0.0122460560171171,450,0.2191304347826087,0,0,0,309,0.4643478260869565,0,0,0
LTP302,17,21,19,COUSIN,1,0.8728674433450042,0.0807958607446841,146,0.7478260869565218,0,0,0,142,0.7547826086956522,0,0,0
LTP302,17,21,20,SIBLING,1,0.859399017277209,0.1394417604189416,250,0.5669565217391304,0,0,0,59,0.8991304347826087,0,0,0
LTP302,17,21,21,GUARD,0,0.8708266285412484,-0.0639877250664122,159,0.7252173913043478,0,0,0,452,0.2156521739130434,0,0,0
LTP302,17,21,22,ANTLER,1,0.8666932079119345,0.0754614217756485,199,0.6556521739130434,0,0,0,109,0.8121739130434783,0,0,0
LTP302,17,21,23,QUEEN,1,0.8603090717059971,-0.0394587423069259,238,0.5878260869565217,0,0,0,366,0.3652173913043478,0,0,0
LTP302,17,21,24,PERCH,1,0.88977115151572,0.1212305575485319,27,0.954782608695652,0,0,0,42,0.928695652173913,0,0,0
LTP302,17,22,1,POWDER,0,0.8347373485816436,-0.0469831746858041,414,0.2817391304347826,0,0,0,371,0.3565217391304348,0,0,0
LTP302,17,22,2,MARS,0,0.8391339720892188,0.0651745839063744,394,0.3165217391304348,0,0,0,176,0.6956521739130435,0,0,0
LTP302,17,22,3,CURTAIN,0,0.8964041043380351,-0.0141546697383185,8,0.9878260869565216,0,0,1,295,0.4886956521739131,0,0,0
LTP302,17,22,4,WORLD,0,0.8198140456360495,0.0647779757134123,477,0.1721739130434783,0,0,0,158,0.7269565217391305,0,0,0
LTP302,17,22,5,ICEBERG,0,0.8972523251068304,0.2528153150638757,12,0.9808695652173912,0,0,0,11,0.982608695652174,0,0,0
LTP302,17,22,6,KLEENEX,1,0.8386350185045622,0.0361550519223351,397,0.3113043478260869,0,0,0,245,0.5756521739130435,0,0,0
LTP302,17,22,7,FRIAR,0,0.850162235788031,0.006963691870183,318,0.448695652173913,0,0,0,287,0.5026086956521739,0,0,0
LTP302,17,22,8,CIGAR,1,0.8656283016502443,0.1249459175725325,213,0.6313043478260869,0,0,0,68,0.8834782608695653,0,0,0
LTP302,17,22,9,GHETTO,0,0.8843911126115702,0.1069529616705391,60,0.8973913043478261,0,0,0,87,0.8504347826086956,0,0,0
LTP302,17,22,10,GAZELLE,0,0.8662666312502056,0.0791000433441044,202,0.6504347826086956,0,0,0,158,0.7269565217391305,0,0,0
LTP302,17,22,11,CROWN,0,0.8705623939312461,0.0144180318394869,161,0.7217391304347827,0,0,0,239,0.5860869565217391,0,0,0
LTP302,17,22,12,PLAYGROUND,0,0.8549672794938912,-0.1159343193621706,281,0.5130434782608695,0,0,0,519,0.0991304347826087,0,0,0
LTP302,17,22,13,CASHIER,0,0.8724652784984219,0.0525871399983985,148,0.7443478260869565,0,0,0,188,0.6747826086956521,0,0,0
LTP302,17,22,14,DENIM,0,0.8648036276076266,0.0335493957373458,206,0.6434782608695653,0,0,0,201,0.6521739130434783,0,0,0
LTP302,17,22,15,POSSUM,0,0.8461782008752736,0.0604125906665448,354,0.3860869565217391,0,0,0,172,0.702608695652174,0,0,0
LTP302,17,22,16,PASTA,0,0.863485287135436,0.0432444529371491,216,0.6260869565217391,0,0,0,184,0.6817391304347826,0,0,0
LTP302,17,22,17,VENUS,0,0.828497890606048,0.1342165114566238,452,0.2156521739130434,0,0,0,46,0.9217391304347826,0,0,0
LTP302,17,22,18,POCKET,0,0.8630162828947877,0.1513185838606119,230,0.6017391304347826,0,0,0,31,0.9478260869565216,0,0,0
LTP302,17,22,19,INMATE,1,0.8522675302167443,0.0712081882922292,311,0.4608695652173913,0,0,0,117,0.7982608695652174,0,0,0
LTP302,17,22,20,CAPTIVE,1,0.8331002745021775,-0.0654930577569147,432,0.2504347826086956,0,0,0,434,0.2469565217391304,0,0,0
LTP302,17,22,21,PUPIL,1,0.8446473254498892,0.0286711254668645,365,0.3669565217391304,0,0,0,215,0.6278260869565218,0,0,0
LTP302,17,22,22,BLACKBOARD,1,0.8293432164552028,-0.0840257974242142,448,0.2226086956521739,0,0,0,478,0.1704347826086956,0,0,0
LTP302,17,22,23,PORK,1,0.8625341694706681,0.0596821158101709,230,0.6017391304347826,0,0,0,139,0.76,0,0,0
LTP302,17,22,24,SMOG,1,0.8601517539498457,0.0786626215544401,248,0.5704347826086957,0,0,0,128,0.7791304347826087,0,0,0
LTP302,17,23,1,CANYON,0,0.8466098295825157,0.0514252835410098,340,0.4104347826086957,0,0,0,175,0.6973913043478261,0,0,0
LTP302,17,23,2,DENTIST,0,0.8539208838270967,0.0144110242235147,292,0.4939130434782608,0,0,0,243,0.5791304347826087,0,0,0
LTP302,17,23,3,SHRUB,0,0.8521151893776339,-0.124630408383726,299,0.4817391304347825,0,0,0,533,0.0747826086956521,0,0,0
LTP302,17,23,4,LUMBER,0,0.8815264982001372,-0.0279913719346515,68,0.8834782608695653,0,0,0,324,0.4382608695652173,0,0,0
LTP302,17,23,5,CAMEL,0,0.884050956135831,0.0114271438895642,55,0.9060869565217392,0,0,0,225,0.6104347826086957,0,0,0
LTP302,17,23,6,LEADER,0,0.8308383046178605,0.1196936965969018,442,0.2330434782608695,0,0,0,76,0.8695652173913043,0,0,0
LTP302,17,23,7,DRIVER,0,0.8359053381584185,0.0423854099153663,416,0.2782608695652173,0,0,0,199,0.6556521739130434,0,0,0
LTP302,17,23,8,FINGER,1,0.8851050241873447,-0.1468296616371734,46,0.9217391304347826,0,0,0,528,0.0834782608695652,0,0,0
LTP302,17,23,9,FLIPPER,1,0.8357478452296065,-0.1560483051805594,421,0.2695652173913043,0,0,0,541,0.0608695652173912,0,0,0
LTP302,17,23,10,ATLAS,1,0.756108000274391,-0.0975471126181688,574,0.0034782608695652,0,0,0,485,0.1582608695652173,0,0,0
LTP302,17,23,11,BLENDER,1,0.8961622598989275,-0.0264035228630881,8,0.9878260869565216,0,0,1,338,0.4139130434782608,0,0,0
LTP302,17,23,12,BANQUET,1,0.8833380441813528,-0.0415561314686982,58,0.9008695652173913,0,0,0,381,0.3391304347826087,0,0,0
LTP302,17,23,13,PISTON,0,0.8804694419435634,0.1345093899915089,77,0.8678260869565217,0,0,0,66,0.8869565217391304,0,0,0
LTP302,17,23,14,NOMAD,0,0.8108925819784311,-0.0806031676360014,503,0.1269565217391304,0,0,0,450,0.2191304347826087,0,0,0
LTP302,17,23,15,SERVANT,0,0.8048871565661895,0.0895586291189619,514,0.1078260869565217,0,0,0,117,0.7982608695652174,0,0,0
LTP302,17,23,16,SHORTCAKE,1,0.8568931890099833,-0.0478947969459616,264,0.5426086956521738,0,0,0,396,0.3130434782608695,0,0,0
LTP302,17,23,17,SALMON,1,0.8434839543170901,-0.0910769363635329,367,0.3634782608695652,0,0,0,461,0.1999999999999999,0,0,0
LTP302,17,23,18,PECAN,1,0.8207204288818747,-0.0141006420443142,469,0.1860869565217391,0,0,0,329,0.4295652173913044,0,0,0
LTP302,17,23,19,PEANUT,1,0.8768937098881177,0.1457322635350808,83,0.8573913043478261,0,0,0,61,0.8956521739130435,0,0,0
LTP302,17,23,20,BEAVER,1,0.8538959046892943,0.1284210195711223,285,0.5060869565217392,0,0,0,73,0.8747826086956522,0,0,0
LTP302,17,23,21,BRANCH,1,0.8415364499998387,-0.0878419566701676,370,0.3582608695652174,0,0,0,469,0.1860869565217391,0,0,0
LTP302,17,23,22,WORKER,1,0.8540571683743433,-0.0140542784505596,284,0.5078260869565218,0,0,0,314,0.4556521739130434,0,0,0
LTP302,17,23,23,FIDDLE,0,0.8860897860480169,-0.2797777809632746,40,0.9321739130434784,0,0,0,574,0.0034782608695652,0,0,0
LTP302,17,23,24,EXPERT,0,0.8299139134725113,0.1005717522823861,398,0.3095652173913044,0,0,0,125,0.7843478260869565,0,0,0
LTP302,17,24,1,PAPER,0,0.7979365729528093,0.0512290105067339,525,0.088695652173913,0,0,0,199,0.6556521739130434,0,0,0
LTP302,17,24,2,SCOTCH,1,0.8628616228405848,0.0277995772508389,202,0.6504347826086956,0,0,0,229,0.6034782608695652,0,0,0
LTP302,17,24,3,CHAMPAGNE,0,0.8474010839619414,0.0475382903848388,335,0.4191304347826087,0,0,0,194,0.6643478260869565,0,0,0
LTP302,17,24,4,MATTRESS,0,0.8679868100397741,-0.042896569747028,163,0.7182608695652174,0,0,0,363,0.3704347826086956,0,0,0
LTP302,17,24,5,CUPBOARD,0,0.8912334882034427,0.237629811451481,31,0.9478260869565216,0,0,0,7,0.9895652173913044,0,0,1
LTP302,17,24,6,SCISSORS,0,0.8201538403091289,-0.0782827503873978,470,0.1843478260869565,0,0,0,449,0.2208695652173913,0,0,0
LTP302,17,24,7,MATCH,0,0.8422851226377079,-0.1251853955516872,363,0.3704347826086956,0,0,0,504,0.1252173913043478,0,0,0
LTP302,17,24,8,PORTRAIT,0,0.8857086642191221,0.1530339065711753,57,0.902608695652174,0,0,0,61,0.8956521739130435,0,0,0
LTP302,17,24,9,SKETCH,0,0.861710154841825,0.0140432383624391,214,0.6295652173913043,0,0,0,256,0.5565217391304348,0,0,0
LTP302,17,24,10,BANKER,0,0.89462969059179,0.2159427168134695,16,0.9739130434782608,0,0,0,18,0.9704347826086956,0,0,0
LTP302,17,24,11,MARROW,0,0.8739562586255326,-0.0490307962817603,113,0.8052173913043479,0,0,0,380,0.3408695652173913,0,0,0
LTP302,17,24,12,ARM,0,0.812967626880775,-0.1657640559544907,486,0.1565217391304347,0,0,0,539,0.0643478260869565,0,0,0
LTP302,17,24,13,POET,0,0.8063491646236147,-0.0713297064326081,502,0.128695652173913,0,0,0,426,0.2608695652173913,0,0,0
LTP302,17,24,14,COLLEGE,0,0.8699686058886154,-0.0407785354796643,140,0.7582608695652174,0,0,0,369,0.36,0,0,0
LTP302,17,24,15,COFFEE,0,0.8695306975269244,0.0078649588455275,163,0.7182608695652174,0,0,0,269,0.5339130434782609,0,0,0
LTP302,17,24,16,CLOUD,0,0.8521888072203325,0.0635034339247812,284,0.5078260869565218,0,0,0,153,0.7356521739130435,0,0,0
LTP302,17,24,17,DASHBOARD,0,0.8814496953136484,0.0959314277045439,67,0.8852173913043478,0,0,0,88,0.8486956521739131,0,0,0
LTP302,17,24,18,RACKET,0,0.8879091454529615,0.0725824932141546,32,0.9460869565217392,0,0,0,133,0.7704347826086957,0,0,0
LTP302,17,24,19,GAVEL,0,0.7802246318831081,-0.0711712679038862,550,0.0452173913043478,0,0,0,420,0.2713043478260869,0,0,0
LTP302,17,24,20,TRUCK,1,0.8405086391859965,0.0082849000521318,362,0.3721739130434782,0,0,0,255,0.5582608695652174,0,0,0
LTP302,17,24,21,STUDENT,1,0.8244401328977694,-0.0590960448834888,444,0.2295652173913043,0,0,0,423,0.2660869565217391,0,0,0
LTP302,17,24,22,RUST,1,0.8474865836681803,-0.1079204408127909,315,0.4539130434782609,0,0,0,480,0.1669565217391304,0,0,0
LTP302,17,24,23,DAUGHTER,1,0.8259422781230602,0.0230041977253813,446,0.2260869565217391,0,0,0,238,0.5878260869565217,0,0,0
LTP302,17,24,24,BUG,1,0.8306401610588188,-0.049148794322915,436,0.2434782608695652,0,0,0,398,0.3095652173913044,0,0,0
