subject,session,trial,serialpos,word,item_num,onset,sample,recalled,eeg_file,event_file
LTP269,20,1,1,SWIMMER,1420,292.512,146256,1,data/ds004395/sub-LTP269/ses-20/eeg/sub-LTP269_ses-20_task-ltpFR2_eeg.edf,data/ds004395/sub-LTP269/ses-20/eeg/sub-LTP269_ses-20_task-ltpFR2_events.tsv
LTP269,20,1,2,WHISTLE,1606,294.674,147337,1,data/ds004395/sub-LTP269/ses-20/eeg/sub-LTP269_ses-20_task-ltpFR2_eeg.edf,data/ds004395/sub-LTP269/ses-20/eeg/sub-LTP269_ses-20_task-ltpFR2_events.tsv
LTP269,20,1,3,SCULPTURE,1258,296.864,148432,1,data/ds004395/sub-LTP269/ses-20/eeg/sub-LTP269_ses-20_task-ltpFR2_eeg.edf,data/ds004395/sub-LTP269/ses-20/eeg/sub-LTP269_ses-20_task-ltpFR2_events.tsv
LTP269,20,1,4,EXPERT,543,298.984,149492,1,data/ds004395/sub-LTP269/ses-20/eeg/sub-LTP269_ses-20_task-ltpFR2_eeg.edf,data/ds004395/sub-LTP269/ses-20/eeg/sub-LTP269_ses-20_task-ltpFR2_events.tsv
LTP269,20,1,5,SCISSORS,1250,301.204,150602,1,data/ds004395/sub-LTP269/ses-20/eeg/sub-LTP269_ses-20_task-ltpFR2_eeg.edf,data/ds004395/sub-LTP269/ses-20/eeg/sub-LTP269_ses-20_task-ltpFR2_events.tsv
LTP269,20,1,6,CASHIER,254,303.48,151740,1,data/ds004395/sub-LTP269/ses-20/eeg/sub-LTP269_ses-20_task-ltpFR2_eeg.edf,data/ds004395/sub-LTP269/ses-20/eeg/sub-LTP269_ses-20_task-ltpFR2_events.tsv
LTP269,20,1,7,ACTRESS,6,305.844,152922,1,data/ds004395/sub-LTP269/ses-20/eeg/sub-LTP269_ses-20_task-ltpFR2_eeg.edf,data/ds004395/sub-LTP269/ses-20/eeg/sub-LTP269_ses-20_task-ltpFR2_events.tsv
LTP269,20,1,8,RECEIPT,1173,308.12,154060,1,data/ds004395/sub-LTP269/ses-20/eeg/sub-LTP269_ses-20_task-ltpFR2_eeg.edf,data/ds004395/sub-LTP269/ses-20/eeg/sub-LTP269_ses-20_task-ltpFR2_events.tsv
LTP269,20,1,9,ARMY,39,310.382,155191,0,data/ds004395/sub-LTP269/ses-20/eeg/sub-LTP269_ses-20_task-ltpFR2_eeg.edf,data/ds004395/sub-LTP269/ses-20/eeg/sub-LTP269_ses-20_task-ltpFR2_events.tsv
LTP269,20,1,10,MARINE,869,312.718,156359,0,data/ds004395/sub-LTP269/ses-20/eeg/sub-LTP269_ses-20_task-ltpFR2_eeg.edf,data/ds004395/sub-LTP269/ses-20/eeg/sub-LTP269_ses-20_task-ltpFR2_events.tsv
LTP269,20,1,11,RACKET,1155,314.994,157497,0,data/ds004395/sub-LTP269/ses-20/eeg/sub-LTP269_ses-20_task-ltpFR2_eeg.edf,data/ds004395/sub-LTP269/ses-20/eeg/sub-LTP269_ses-20_task-ltpFR2_events.tsv
LTP269,20,1,12,PECAN,1036,317.184,158592,0,data/ds004395/sub-LTP269/ses-20/eeg/sub-LTP269_ses-20_task-ltpFR2_eeg.edf,data/ds004395/sub-LTP269/ses-20/eeg/sub-LTP269_ses-20_task-ltpFR2_events.tsv
LTP269,20,1,13,CASHEW,253,319.36,159680,0,data/ds004395/sub-LTP269/ses-20/eeg/sub-LTP269_ses-20_task-ltpFR2_eeg.edf,data/ds004395/sub-LTP269/ses-20/eeg/sub-LTP269_ses-20_task-ltpFR2_events.tsv
LTP269,20,1,14,SKETCH,1315,321.782,160891,0,data/ds004395/sub-LTP269/ses-20/eeg/sub-LTP269_ses-20_task-ltpFR2_eeg.edf,data/ds004395/sub-LTP269/ses-20/eeg/sub-LTP269_ses-20_task-ltpFR2_events.tsv
LTP269,20,1,15,MATCH,878,324.016,162008,0,data/ds004395/sub-LTP269/ses-20/eeg/sub-LTP269_ses-20_task-ltpFR2_eeg.edf,data/ds004395/sub-LTP269/ses-20/eeg/sub-LTP269_ses-20_task-ltpFR2_events.tsv
LTP269,20,1,16,ZIPPER,1636,326.35,163175,0,data/ds004395/sub-LTP269/ses-20/eeg/sub-LTP269_ses-20_task-ltpFR2_eeg.edf,data/ds004395/sub-LTP269/ses-20/eeg/sub-LTP269_ses-20_task-ltpFR2_events.tsv
LTP269,20,1,17,AUTHOR,61,328.754,164377,0,data/ds004395/sub-LTP269/ses-20/eeg/sub-LTP269_ses-20_task-ltpFR2_eeg.edf,data/ds004395/sub-LTP269/ses-20/eeg/sub-LTP269_ses-20_task-ltpFR2_events.tsv
LTP269,20,1,18,POSTAGE,1113,331.132,165566,0,data/ds004395/sub-LTP269/ses-20/eeg/sub-LTP269_ses-20_task-ltpFR2_eeg.edf,data/ds004395/sub-LTP269/ses-20/eeg/sub-LTP269_ses-20_task-ltpFR2_events.tsv
LTP269,20,1,19,BLENDER,136,333.466,166733,0,data/ds004395/sub-LTP269/ses-20/eeg/sub-LTP269_ses-20_task-ltpFR2_eeg.edf,data/ds004395/sub-LTP269/ses-20/eeg/sub-LTP269_ses-20_task-ltpFR2_events.tsv
LTP269,20,1,20,BELLY,119,335.642,167821,0,data/ds004395/sub-LTP269/ses-20/eeg/sub-LTP269_ses-20_task-ltpFR2_eeg.edf,data/ds004395/sub-LTP269/ses-20/eeg/sub-LTP269_ses-20_task-ltpFR2_events.tsv
LTP269,20,1,21,PLAID,1080,337.848,168924,0,data/ds004395/sub-LTP269/ses-20/eeg/sub-LTP269_ses-20_task-ltpFR2_eeg.edf,data/ds004395/sub-LTP269/ses-20/eeg/sub-LTP269_ses-20_task-ltpFR2_events.tsv
LTP269,20,1,22,MONEY,908,339.952,169976,0,data/ds004395/sub-LTP269/ses-20/eeg/sub-LTP269_ses-20_task-ltpFR2_eeg.edf,data/ds004395/sub-LTP269/ses-20/eeg/sub-LTP269_ses-20_task-ltpFR2_events.tsv
LTP269,20,1,23,POISON,1096,342.144,171072,1,data/ds004395/sub-LTP269/ses-20/eeg/sub-LTP269_ses-20_task-ltpFR2_eeg.edf,data/ds004395/sub-LTP269/ses-20/eeg/sub-LTP269_ses-20_task-ltpFR2_events.tsv
LTP269,20,1,24,DRUG,501,344.478,172239,0,data/ds004395/sub-LTP269/ses-20/eeg/sub-LTP269_ses-20_task-ltpFR2_eeg.edf,data/ds004395/sub-LTP269/ses-20/eeg/sub-LTP269_ses-20_task-ltpFR2_events.tsv
LTP269,20,2,1,PUPIL,1143,445.69,222845,0,data/ds004395/sub-LTP269/ses-20/eeg/sub-LTP269_ses-20_task-ltpFR2_eeg.edf,data/ds004395/sub-LTP269/ses-20/eeg/sub-LTP269_ses-20_task-ltpFR2_events.tsv
LTP269,20,2,2,CREVICE,405,448.024,224012,0,data/ds004395/sub-LTP269/ses-20/eeg/sub-LTP269_ses-20_task-ltpFR2_eeg.edf,data/ds004395/sub-LTP269/ses-20/eeg/sub-LTP269_ses-20_task-ltpFR2_events.tsv
LTP269,20,2,3,TYPIST,1532,450.158,225079,0,data/ds004395/sub-LTP269/ses-20/eeg/sub-LTP269_ses-20_task-ltpFR2_eeg.edf,data/ds004395/sub-LTP269/ses-20/eeg/sub-LTP269_ses-20_task-ltpFR2_events.tsv
LTP269,20,2,4,PEACH,1031,452.562,226281,0,data/ds004395/sub-LTP269/ses-20/eeg/sub-LTP269_ses-20_task-ltpFR2_eeg.edf,data/ds004395/sub-LTP269/ses-20/eeg/sub-LTP269_ses-20_task-ltpFR2_events.tsv
LTP269,20,2,5,NOTEBOOK,959,454.94,227470,0,data/ds004395/sub-LTP269/ses-20/eeg/sub-LTP269_ses-20_task-ltpFR2_eeg.edf,data/ds004395/sub-LTP269/ses-20/eeg/sub-LTP269_ses-20_task-ltpFR2_events.tsv
LTP269,20,2,6,FEMALE,559,457.074,228537,0,data/ds004395/sub-LTP269/ses-20/eeg/sub-LTP269_ses-20_task-ltpFR2_eeg.edf,data/ds004395/sub-LTP269/ses-20/eeg/sub-LTP269_ses-20_task-ltpFR2_events.tsv
LTP269,20,2,7,FOOT,590,459.364,229682,0,data/ds004395/sub-LTP269/ses-20/eeg/sub-LTP269_ses-20_task-ltpFR2_eeg.edf,data/ds004395/sub-LTP269/ses-20/eeg/sub-LTP269_ses-20_task-ltpFR2_events.tsv
LTP269,20,2,8,STUDENT,1395,461.712,230856,0,data/ds004395/sub-LTP269/ses-20/eeg/sub-LTP269_ses-20_task-ltpFR2_eeg.edf,data/ds004395/sub-LTP269/ses-20/eeg/sub-LTP269_ses-20_task-ltpFR2_events.tsv
LTP269,20,2,9,PASTA,1021,464.062,232031,0,data/ds004395/sub-LTP269/ses-20/eeg/sub-LTP269_ses-20_task-ltpFR2_eeg.edf,data/ds004395/sub-LTP269/ses-20/eeg/sub-LTP269_ses-20_task-ltpFR2_events.tsv
LTP269,20,2,10,PICTURE,1061,466.224,233112,0,data/ds004395/sub-LTP269/ses-20/eeg/sub-LTP269_ses-20_task-ltpFR2_eeg.edf,data/ds004395/sub-LTP269/ses-20/eeg/sub-LTP269_ses-20_task-ltpFR2_events.tsv
LTP269,20,2,11,PLATE,1086,468.616,234308,0,data/ds004395/sub-LTP269/ses-20/eeg/sub-LTP269_ses-20_task-ltpFR2_eeg.edf,data/ds004395/sub-LTP269/ses-20/eeg/sub-LTP269_ses-20_task-ltpFR2_events.tsv
LTP269,20,2,12,ATOM,55,471.036,235518,0,data/ds004395/sub-LTP269/ses-20/eeg/sub-LTP269_ses-20_task-ltpFR2_eeg.edf,data/ds004395/sub-LTP269/ses-20/eeg/sub-LTP269_ses-20_task-ltpFR2_events.tsv
LTP269,20,2,13,PROTON,1132,473.426,236713,1,data/ds004395/sub-LTP269/ses-20/eeg/sub-LTP269_ses-20_task-ltpFR2_eeg.edf,data/ds004395/sub-LTP269/ses-20/eeg/sub-LTP269_ses-20_task-ltpFR2_events.tsv
LTP269,20,2,14,RUG,1215,475.66,237830,1,data/ds004395/sub-LTP269/ses-20/eeg/sub-LTP269_ses-20_task-ltpFR2_eeg.edf,data/ds004395/sub-LTP269/ses-20/eeg/sub-LTP269_ses-20_task-ltpFR2_events.tsv
LTP269,20,2,15,TEACHER,1440,477.852,238926,0,data/ds004395/sub-LTP269/ses-20/eeg/sub-LTP269_ses-20_task-ltpFR2_eeg.edf,data/ds004395/sub-LTP269/ses-20/eeg/sub-LTP269_ses-20_task-ltpFR2_events.tsv
LTP269,20,2,16,HAWK,692,480.258,240129,0,data/ds004395/sub-LTP269/ses-20/eeg/sub-LTP269_ses-20_task-ltpFR2_eeg.edf,data/ds004395/sub-LTP269/ses-20/eeg/sub-LTP269_ses-20_task-ltpFR2_events.tsv
LTP269,20,2,17,TRIBE,1505,482.504,241252,0,data/ds004395/sub-LTP269/ses-20/eeg/sub-LTP269_ses-20_task-ltpFR2_eeg.edf,data/ds004395/sub-LTP269/ses-20/eeg/sub-LTP269_ses-20_task-ltpFR2_events.tsv
LTP269,20,2,18,FOOTBALL,591,484.668,242334,0,data/ds004395/sub-LTP269/ses-20/eeg/sub-LTP269_ses-20_task-ltpFR2_eeg.edf,data/ds004395/sub-LTP269/ses-20/eeg/sub-LTP269_ses-20_task-ltpFR2_events.tsv
LTP269,20,2,19,WOMAN,1620,486.944,243472,0,data/ds004395/sub-LTP269/ses-20/eeg/sub-LTP269_ses-20_task-ltpFR2_eeg.edf,data/ds004395/sub-LTP269/ses-20/eeg/sub-LTP269_ses-20_task-ltpFR2_events.tsv
LTP269,20,2,20,CRATER,400,489.092,244546,0,data/ds004395/sub-LTP269/ses-20/eeg/sub-LTP269_ses-20_task-ltpFR2_eeg.edf,data/ds004395/sub-LTP269/ses-20/eeg/sub-LTP269_ses-20_task-ltpFR2_events.tsv
LTP269,20,2,21,TUTU,1524,491.182,245591,0,data/ds004395/sub-LTP269/ses-20/eeg/sub-LTP269_ses-20_task-ltpFR2_eeg.edf,data/ds004395/sub-LTP269/ses-20/eeg/sub-LTP269_ses-20_task-ltpFR2_events.tsv
LTP269,20,2,22,DRESS,495,493.502,246751,0,data/ds004395/sub-LTP269/ses-20/eeg/sub-LTP269_ses-20_task-ltpFR2_eeg.edf,data/ds004395/sub-LTP269/ses-20/eeg/sub-LTP269_ses-20_task-ltpFR2_events.tsv
LTP269,20,2,23,SHELTER,1282,495.866,247933,1,data/ds004395/sub-LTP269/ses-20/eeg/sub-LTP269_ses-20_task-ltpFR2_eeg.edf,data/ds004395/sub-LTP269/ses-20/eeg/sub-LTP269_ses-20_task-ltpFR2_events.tsv
LTP269,20,2,24,KEEPER,769,498.242,249121,0,data/ds004395/sub-LTP269/ses-20/eeg/sub-LTP269_ses-20_task-ltpFR2_eeg.edf,data/ds004395/sub-LTP269/ses-20/eeg/sub-LTP269_ses-20_task-ltpFR2_events.tsv
LTP269,20,3,1,ROCKET,1202,621.032,310516,1,data/ds004395/sub-LTP269/ses-20/eeg/sub-LTP269_ses-20_task-ltpFR2_eeg.edf,data/ds004395/sub-LTP269/ses-20/eeg/sub-LTP269_ses-20_task-ltpFR2_events.tsv
LTP269,20,3,2,DOLPHIN,483,623.238,311619,1,data/ds004395/sub-LTP269/ses-20/eeg/sub-LTP269_ses-20_task-ltpFR2_eeg.edf,data/ds004395/sub-LTP269/ses-20/eeg/sub-LTP269_ses-20_task-ltpFR2_events.tsv
LTP269,20,3,3,FLIPPER,580,625.386,312693,1,data/ds004395/sub-LTP269/ses-20/eeg/sub-LTP269_ses-20_task-ltpFR2_eeg.edf,data/ds004395/sub-LTP269/ses-20/eeg/sub-LTP269_ses-20_task-ltpFR2_events.tsv
LTP269,20,3,4,GYMNAST,675,627.564,313782,1,data/ds004395/sub-LTP269/ses-20/eeg/sub-LTP269_ses-20_task-ltpFR2_eeg.edf,data/ds004395/sub-LTP269/ses-20/eeg/sub-LTP269_ses-20_task-ltpFR2_events.tsv
LTP269,20,3,5,MEDAL,885,629.682,314841,1,data/ds004395/sub-LTP269/ses-20/eeg/sub-LTP269_ses-20_task-ltpFR2_eeg.edf,data/ds004395/sub-LTP269/ses-20/eeg/sub-LTP269_ses-20_task-ltpFR2_events.tsv
LTP269,20,3,6,LEADER,807,632.032,316016,1,data/ds004395/sub-LTP269/ses-20/eeg/sub-LTP269_ses-20_task-ltpFR2_eeg.edf,data/ds004395/sub-LTP269/ses-20/eeg/sub-LTP269_ses-20_task-ltpFR2_events.tsv
LTP269,20,3,7,SPACE,1345,634.38,317190,1,data/ds004395/sub-LTP269/ses-20/eeg/sub-LTP269_ses-20_task-ltpFR2_eeg.edf,data/ds004395/sub-LTP269/ses-20/eeg/sub-LTP269_ses-20_task-ltpFR2_events.tsv
LTP269,20,3,8,VENUS,1557,636.67,318335,1,data/ds004395/sub-LTP269/ses-20/eeg/sub-LTP269_ses-20_task-ltpFR2_eeg.edf,data/ds004395/sub-LTP269/ses-20/eeg/sub-LTP269_ses-20_task-ltpFR2_events.tsv
LTP269,20,3,9,HIGHWAY,707,638.862,319431,1,data/ds004395/sub-LTP269/ses-20/eeg/sub-LTP269_ses-20_task-ltpFR2_eeg.edf,data/ds004395/sub-LTP269/ses-20/eeg/sub-LTP269_ses-20_task-ltpFR2_events.tsv
LTP269,20,3,10,SWAMP,1416,641.052,320526,1,data/ds004395/sub-LTP269/ses-20/eeg/sub-LTP269_ses-20_task-ltpFR2_eeg.edf,data/ds004395/sub-LTP269/ses-20/eeg/sub-LTP269_ses-20_task-ltpFR2_events.tsv
LTP269,20,3,11,POCKET,1093,643.158,321579,1,data/ds004395/sub-LTP269/ses-20/eeg/sub-LTP269_ses-20_task-ltpFR2_eeg.edf,data/ds004395/sub-LTP269/ses-20/eeg/sub-LTP269_ses-20_task-ltpFR2_events.tsv
LTP269,20,3,12,SEAFOOD,1260,645.576,322788,0,data/ds004395/sub-LTP269/ses-20/eeg/sub-LTP269_ses-20_task-ltpFR2_eeg.edf,data/ds004395/sub-LTP269/ses-20/eeg/sub-LTP269_ses-20_task-ltpFR2_events.tsv
LTP269,20,3,13,FLASK,576,647.668,323834,1,data/ds004395/sub-LTP269/ses-20/eeg/sub-LTP269_ses-20_task-ltpFR2_eeg.edf,data/ds004395/sub-LTP269/ses-20/eeg/sub-LTP269_ses-20_task-ltpFR2_events.tsv
LTP269,20,3,14,PACKAGE,997,650.044,325022,0,data/ds004395/sub-LTP269/ses-20/eeg/sub-LTP269_ses-20_task-ltpFR2_eeg.edf,data/ds004395/sub-LTP269/ses-20/eeg/sub-LTP269_ses-20_task-ltpFR2_events.tsv
LTP269,20,3,15,SPOON,1357,652.322,326161,0,data/ds004395/sub-LTP269/ses-20/eeg/sub-LTP269_ses-20_task-ltpFR2_eeg.edf,data/ds004395/sub-LTP269/ses-20/eeg/sub-LTP269_ses-20_task-ltpFR2_events.tsv
LTP269,20,3,16,RIFLE,1192,654.47,327235,0,data/ds004395/sub-LTP269/ses-20/eeg/sub-LTP269_ses-20_task-ltpFR2_eeg.edf,data/ds004395/sub-LTP269/ses-20/eeg/sub-LTP269_ses-20_task-ltpFR2_events.tsv
LTP269,20,3,17,MAPLE,866,656.704,328352,1,data/ds004395/sub-LTP269/ses-20/eeg/sub-LTP269_ses-20_task-ltpFR2_eeg.edf,data/ds004395/sub-LTP269/ses-20/eeg/sub-LTP269_ses-20_task-ltpFR2_events.tsv
LTP269,20,3,18,SNACK,1331,658.822,329411,1,data/ds004395/sub-LTP269/ses-20/eeg/sub-LTP269_ses-20_task-ltpFR2_eeg.edf,data/ds004395/sub-LTP269/ses-20/eeg/sub-LTP269_ses-20_task-ltpFR2_events.tsv
LTP269,20,3,19,CLOCK,325,661.072,330536,0,data/ds004395/sub-LTP269/ses-20/eeg/sub-LTP269_ses-20_task-ltpFR2_eeg.edf,data/ds004395/sub-LTP269/ses-20/eeg/sub-LTP269_ses-20_task-ltpFR2_events.tsv
LTP269,20,3,20,GARLIC,624,663.434,331717,1,data/ds004395/sub-LTP269/ses-20/eeg/sub-LTP269_ses-20_task-ltpFR2_eeg.edf,data/ds004395/sub-LTP269/ses-20/eeg/sub-LTP269_ses-20_task-ltpFR2_events.tsv
LTP269,20,3,21,SALT,1229,665.754,332877,1,data/ds004395/sub-LTP269/ses-20/eeg/sub-LTP269_ses-20_task-ltpFR2_eeg.edf,data/ds004395/sub-LTP269/ses-20/eeg/sub-LTP269_ses-20_task-ltpFR2_events.tsv
LTP269,20,3,22,STONE,1385,668.016,334008,1,data/ds004395/sub-LTP269/ses-20/eeg/sub-LTP269_ses-20_task-ltpFR2_eeg.edf,data/ds004395/sub-LTP269/ses-20/eeg/sub-LTP269_ses-20_task-ltpFR2_events.tsv
LTP269,20,3,23,GANGSTER,620,670.12,335060,1,data/ds004395/sub-LTP269/ses-20/eeg/sub-LTP269_ses-20_task-ltpFR2_eeg.edf,data/ds004395/sub-LTP269/ses-20/eeg/sub-LTP269_ses-20_task-ltpFR2_events.tsv
LTP269,20,3,24,SPOOL,1356,672.27,336135,1,data/ds004395/sub-LTP269/ses-20/eeg/sub-LTP269_ses-20_task-ltpFR2_eeg.edf,data/ds004395/sub-LTP269/ses-20/eeg/sub-LTP269_ses-20_task-ltpFR2_events.tsv
LTP269,20,4,1,ROBIN,1199,795.074,397537,1,data/ds004395/sub-LTP269/ses-20/eeg/sub-LTP269_ses-20_task-ltpFR2_eeg.edf,data/ds004395/sub-LTP269/ses-20/eeg/sub-LTP269_ses-20_task-ltpFR2_events.tsv
LTP269,20,4,2,ROOSTER,1209,797.366,398683,1,data/ds004395/sub-LTP269/ses-20/eeg/sub-LTP269_ses-20_task-ltpFR2_eeg.edf,data/ds004395/sub-LTP269/ses-20/eeg/sub-LTP269_ses-20_task-ltpFR2_events.tsv
LTP269,20,4,3,HAMPER,682,799.456,399728,1,data/ds004395/sub-LTP269/ses-20/eeg/sub-LTP269_ses-20_task-ltpFR2_eeg.edf,data/ds004395/sub-LTP269/ses-20/eeg/sub-LTP269_ses-20_task-ltpFR2_events.tsv
LTP269,20,4,4,BUREAU,199,801.56,400780,1,data/ds004395/sub-LTP269/ses-20/eeg/sub-LTP269_ses-20_task-ltpFR2_eeg.edf,data/ds004395/sub-LTP269/ses-20/eeg/sub-LTP269_ses-20_task-ltpFR2_events.tsv
LTP269,20,4,5,EUROPE,541,803.81,401905,1,data/ds004395/sub-LTP269/ses-20/eeg/sub-LTP269_ses-20_task-ltpFR2_eeg.edf,data/ds004395/sub-LTP269/ses-20/eeg/sub-LTP269_ses-20_task-ltpFR2_events.tsv
LTP269,20,4,6,MAILMAN,858,806.172,403086,1,data/ds004395/sub-LTP269/ses-20/eeg/sub-LTP269_ses-20_task-ltpFR2_eeg.edf,data/ds004395/sub-LTP269/ses-20/eeg/sub-LTP269_ses-20_task-ltpFR2_events.tsv
LTP269,20,4,7,IGLOO,734,808.32,404160,1,data/ds004395/sub-LTP269/ses-20/eeg/sub-LTP269_ses-20_task-ltpFR2_eeg.edf,data/ds004395/sub-LTP269/ses-20/eeg/sub-LTP269_ses-20_task-ltpFR2_events.tsv
LTP269,20,4,8,ICEBERG,731,810.682,405341,1,data/ds004395/sub-LTP269/ses-20/eeg/sub-LTP269_ses-20_task-ltpFR2_eeg.edf,data/ds004395/sub-LTP269/ses-20/eeg/sub-LTP269_ses-20_task-ltpFR2_events.tsv
LTP269,20,4,9,BLACKBOARD,133,813.032,406516,0,data/ds004395/sub-LTP269/ses-20/eeg/sub-LTP269_ses-20_task-ltpFR2_eeg.edf,data/ds004395/sub-LTP269/ses-20/eeg/sub-LTP269_ses-20_task-ltpFR2_events.tsv
LTP269,20,4,10,NECKLACE,940,815.336,407668,0,data/ds004395/sub-LTP269/ses-20/eeg/sub-LTP269_ses-20_task-ltpFR2_eeg.edf,data/ds004395/sub-LTP269/ses-20/eeg/sub-LTP269_ses-20_task-ltpFR2_events.tsv
LTP269,20,4,11,TORTOISE,1486,817.484,408742,0,data/ds004395/sub-LTP269/ses-20/eeg/sub-LTP269_ses-20_task-ltpFR2_eeg.edf,data/ds004395/sub-LTP269/ses-20/eeg/sub-LTP269_ses-20_task-ltpFR2_events.tsv
LTP269,20,4,12,NAPKIN,937,819.762,409881,0,data/ds004395/sub-LTP269/ses-20/eeg/sub-LTP269_ses-20_task-ltpFR2_eeg.edf,data/ds004395/sub-LTP269/ses-20/eeg/sub-LTP269_ses-20_task-ltpFR2_events.tsv
LTP269,20,4,13,ORANGE,980,822.138,411069,0,data/ds004395/sub-LTP269/ses-20/eeg/sub-LTP269_ses-20_task-ltpFR2_eeg.edf,data/ds004395/sub-LTP269/ses-20/eeg/sub-LTP269_ses-20_task-ltpFR2_events.tsv
LTP269,20,4,14,PLIERS,1089,824.3,412150,0,data/ds004395/sub-LTP269/ses-20/eeg/sub-LTP269_ses-20_task-ltpFR2_eeg.edf,data/ds004395/sub-LTP269/ses-20/eeg/sub-LTP269_ses-20_task-ltpFR2_events.tsv
LTP269,20,4,15,EYELASH,546,826.448,413224,0,data/ds004395/sub-LTP269/ses-20/eeg/sub-LTP269_ses-20_task-ltpFR2_eeg.edf,data/ds004395/sub-LTP269/ses-20/eeg/sub-LTP269_ses-20_task-ltpFR2_events.tsv
LTP269,20,4,16,SUBWAY,1400,828.812,414406,0,data/ds004395/sub-LTP269/ses-20/eeg/sub-LTP269_ses-20_task-ltpFR2_eeg.edf,data/ds004395/sub-LTP269/ses-20/eeg/sub-LTP269_ses-20_task-ltpFR2_events.tsv
LTP269,20,4,17,SPARROW,1347,831.074,415537,0,data/ds004395/sub-LTP269/ses-20/eeg/sub-LTP269_ses-20_task-ltpFR2_eeg.edf,data/ds004395/sub-LTP269/ses-20/eeg/sub-LTP269_ses-20_task-ltpFR2_events.tsv
LTP269,20,4,18,DONOR,485,833.25,416625,0,data/ds004395/sub-LTP269/ses-20/eeg/sub-LTP269_ses-20_task-ltpFR2_eeg.edf,data/ds004395/sub-LTP269/ses-20/eeg/sub-LTP269_ses-20_task-ltpFR2_events.tsv
LTP269,20,4,19,FOREST,593,835.484,417742,0,data/ds004395/sub-LTP269/ses-20/eeg/sub-LTP269_ses-20_task-ltpFR2_eeg.edf,data/ds004395/sub-LTP269/ses-20/eeg/sub-LTP269_ses-20_task-ltpFR2_events.tsv
LTP269,20,4,20,BANQUET,86,837.818,418909,1,data/ds004395/sub-LTP269/ses-20/eeg/sub-LTP269_ses-20_task-ltpFR2_eeg.edf,data/ds004395/sub-LTP269/ses-20/eeg/sub-LTP269_ses-20_task-ltpFR2_events.tsv
LTP269,20,4,21,SLUG,1329,839.966,419983,1,data/ds004395/sub-LTP269/ses-20/eeg/sub-LTP269_ses-20_task-ltpFR2_eeg.edf,data/ds004395/sub-LTP269/ses-20/eeg/sub-LTP269_ses-20_task-ltpFR2_events.tsv
LTP269,20,4,22,FRUIT,610,842.386,421193,1,data/ds004395/sub-LTP269/ses-20/eeg/sub-LTP269_ses-20_task-ltpFR2_eeg.edf,data/ds004395/sub-LTP269/ses-20/eeg/sub-LTP269_ses-20_task-ltpFR2_events.tsv
LTP269,20,4,23,VALVE,1546,844.72,422360,1,data/ds004395/sub-LTP269/ses-20/eeg/sub-LTP269_ses-20_task-ltpFR2_eeg.edf,data/ds004395/sub-LTP269/ses-20/eeg/sub-LTP269_ses-20_task-ltpFR2_events.tsv
LTP269,20,4,24,ZEBRA,1635,846.812,423406,0,data/ds004395/sub-LTP269/ses-20/eeg/sub-LTP269_ses-20_task-ltpFR2_eeg.edf,data/ds004395/sub-LTP269/ses-20/eeg/sub-LTP269_ses-20_task-ltpFR2_events.tsv
LTP269,20,5,1,GRAVEL,659,969.516,484758,0,data/ds004395/sub-LTP269/ses-20/eeg/sub-LTP269_ses-20_task-ltpFR2_eeg.edf,data/ds004395/sub-LTP269/ses-20/eeg/sub-LTP269_ses-20_task-ltpFR2_events.tsv
LTP269,20,5,2,GOBLIN,645,971.808,485904,0,data/ds004395/sub-LTP269/ses-20/eeg/sub-LTP269_ses-20_task-ltpFR2_eeg.edf,data/ds004395/sub-LTP269/ses-20/eeg/sub-LTP269_ses-20_task-ltpFR2_events.tsv
LTP269,20,5,3,COSTUME,383,974.042,487021,0,data/ds004395/sub-LTP269/ses-20/eeg/sub-LTP269_ses-20_task-ltpFR2_eeg.edf,data/ds004395/sub-LTP269/ses-20/eeg/sub-LTP269_ses-20_task-ltpFR2_events.tsv
LTP269,20,5,4,BRAKE,166,976.204,488102,0,data/ds004395/sub-LTP269/ses-20/eeg/sub-LTP269_ses-20_task-ltpFR2_eeg.edf,data/ds004395/sub-LTP269/ses-20/eeg/sub-LTP269_ses-20_task-ltpFR2_events.tsv
LTP269,20,5,5,AGENT,10,978.622,489311,0,data/ds004395/sub-LTP269/ses-20/eeg/sub-LTP269_ses-20_task-ltpFR2_eeg.edf,data/ds004395/sub-LTP269/ses-20/eeg/sub-LTP269_ses-20_task-ltpFR2_events.tsv
LTP269,20,5,6,OMELET,976,981.044,490522,0,data/ds004395/sub-LTP269/ses-20/eeg/sub-LTP269_ses-20_task-ltpFR2_eeg.edf,data/ds004395/sub-LTP269/ses-20/eeg/sub-LTP269_ses-20_task-ltpFR2_events.tsv
LTP269,20,5,7,FLUTE,585,983.148,491574,0,data/ds004395/sub-LTP269/ses-20/eeg/sub-LTP269_ses-20_task-ltpFR2_eeg.edf,data/ds004395/sub-LTP269/ses-20/eeg/sub-LTP269_ses-20_task-ltpFR2_events.tsv
LTP269,20,5,8,PERMIT,1051,985.24,492620,0,data/ds004395/sub-LTP269/ses-20/eeg/sub-LTP269_ses-20_task-ltpFR2_eeg.edf,data/ds004395/sub-LTP269/ses-20/eeg/sub-LTP269_ses-20_task-ltpFR2_events.tsv
LTP269,20,5,9,SIDEWALK,1303,987.516,493758,0,data/ds004395/sub-LTP269/ses-20/eeg/sub-LTP269_ses-20_task-ltpFR2_eeg.edf,data/ds004395/sub-LTP269/ses-20/eeg/sub-LTP269_ses-20_task-ltpFR2_events.tsv
LTP269,20,5,10,COTTAGE,384,989.736,494868,0,data/ds004395/sub-LTP269/ses-20/eeg/sub-LTP269_ses-20_task-ltpFR2_eeg.edf,data/ds004395/sub-LTP269/ses-20/eeg/sub-LTP269_ses-20_task-ltpFR2_events.tsv
LTP269,20,5,11,MOP,916,991.97,495985,0,data/ds004395/sub-LTP269/ses-20/eeg/sub-LTP269_ses-20_task-ltpFR2_eeg.edf,data/ds004395/sub-LTP269/ses-20/eeg/sub-LTP269_ses-20_task-ltpFR2_events.tsv
LTP269,20,5,12,BOUQUET,157,994.29,497145,0,data/ds004395/sub-LTP269/ses-20/eeg/sub-LTP269_ses-20_task-ltpFR2_eeg.edf,data/ds004395/sub-LTP269/ses-20/eeg/sub-LTP269_ses-20_task-ltpFR2_events.tsv
LTP269,20,5,13,SHORTCAKE,1292,996.594,498297,0,data/ds004395/sub-LTP269/ses-20/eeg/sub-LTP269_ses-20_task-ltpFR2_eeg.edf,data/ds004395/sub-LTP269/ses-20/eeg/sub-LTP269_ses-20_task-ltpFR2_events.tsv
LTP269,20,5,14,LOFT,840,998.714,499357,0,data/ds004395/sub-LTP269/ses-20/eeg/sub-LTP269_ses-20_task-ltpFR2_eeg.edf,data/ds004395/sub-LTP269/ses-20/eeg/sub-LTP269_ses-20_task-ltpFR2_events.tsv
LTP269,20,5,15,PERFUME,1049,1000.976,500488,0,data/ds004395/sub-LTP269/ses-20/eeg/sub-LTP269_ses-20_task-ltpFR2_eeg.edf,data/ds004395/sub-LTP269/ses-20/eeg/sub-LTP269_ses-20_task-ltpFR2_events.tsv
LTP269,20,5,16,ONION,977,1003.096,501548,0,data/ds004395/sub-LTP269/ses-20/eeg/sub-LTP269_ses-20_task-ltpFR2_eeg.edf,data/ds004395/sub-LTP269/ses-20/eeg/sub-LTP269_ses-20_task-ltpFR2_events.tsv
LTP269,20,5,17,CAFE,216,1005.502,502751,0,data/ds004395/sub-LTP269/ses-20/eeg/sub-LTP269_ses-20_task-ltpFR2_eeg.edf,data/ds004395/sub-LTP269/ses-20/eeg/sub-LTP269_ses-20_task-ltpFR2_events.tsv
LTP269,20,5,18,ROBBER,1197,1007.692,503846,0,data/ds004395/sub-LTP269/ses-20/eeg/sub-LTP269_ses-20_task-ltpFR2_eeg.edf,data/ds004395/sub-LTP269/ses-20/eeg/sub-LTP269_ses-20_task-ltpFR2_events.tsv
LTP269,20,5,19,MAILBOX,857,1010.056,505028,1,data/ds004395/sub-LTP269/ses-20/eeg/sub-LTP269_ses-20_task-ltpFR2_eeg.edf,data/ds004395/sub-LTP269/ses-20/eeg/sub-LTP269_ses-20_task-ltpFR2_events.tsv
LTP269,20,5,20,DAISY,435,1012.36,506180,1,data/ds004395/sub-LTP269/ses-20/eeg/sub-LTP269_ses-20_task-ltpFR2_eeg.edf,data/ds004395/sub-LTP269/ses-20/eeg/sub-LTP269_ses-20_task-ltpFR2_events.tsv
LTP269,20,5,21,TURNIP,1521,1014.752,507376,1,data/ds004395/sub-LTP269/ses-20/eeg/sub-LTP269_ses-20_task-ltpFR2_eeg.edf,data/ds004395/sub-LTP269/ses-20/eeg/sub-LTP269_ses-20_task-ltpFR2_events.tsv
LTP269,20,5,22,LUMBER,848,1017.086,508543,1,data/ds004395/sub-LTP269/ses-20/eeg/sub-LTP269_ses-20_task-ltpFR2_eeg.edf,data/ds004395/sub-LTP269/ses-20/eeg/sub-LTP269_ses-20_task-ltpFR2_events.tsv
LTP269,20,5,23,COOKBOOK,373,1019.348,509674,0,data/ds004395/sub-LTP269/ses-20/eeg/sub-LTP269_ses-20_task-ltpFR2_eeg.edf,data/ds004395/sub-LTP269/ses-20/eeg/sub-LTP269_ses-20_task-ltpFR2_events.tsv
LTP269,20,5,24,ACTOR,5,1021.698,510849,1,data/ds004395/sub-LTP269/ses-20/eeg/sub-LTP269_ses-20_task-ltpFR2_eeg.edf,data/ds004395/sub-LTP269/ses-20/eeg/sub-LTP269_ses-20_task-ltpFR2_events.tsv
LTP269,20,6,1,QUARTER,1148,1123.024,561512,0,data/ds004395/sub-LTP269/ses-20/eeg/sub-LTP269_ses-20_task-ltpFR2_eeg.edf,data/ds004395/sub-LTP269/ses-20/eeg/sub-LTP269_ses-20_task-ltpFR2_events.tsv
LTP269,20,6,2,DRAGON,492,1125.342,562671,0,data/ds004395/sub-LTP269/ses-20/eeg/sub-LTP269_ses-20_task-ltpFR2_eeg.edf,data/ds004395/sub-LTP269/ses-20/eeg/sub-LTP269_ses-20_task-ltpFR2_events.tsv
LTP269,20,6,3,BARREL,91,1127.448,563724,0,data/ds004395/sub-LTP269/ses-20/eeg/sub-LTP269_ses-20_task-ltpFR2_eeg.edf,data/ds004395/sub-LTP269/ses-20/eeg/sub-LTP269_ses-20_task-ltpFR2_events.tsv
LTP269,20,6,4,PEBBLE,1035,1129.668,564834,0,data/ds004395/sub-LTP269/ses-20/eeg/sub-LTP269_ses-20_task-ltpFR2_eeg.edf,data/ds004395/sub-LTP269/ses-20/eeg/sub-LTP269_ses-20_task-ltpFR2_events.tsv
LTP269,20,6,5,LAKE,796,1131.93,565965,0,data/ds004395/sub-LTP269/ses-20/eeg/sub-LTP269_ses-20_task-ltpFR2_eeg.edf,data/ds004395/sub-LTP269/ses-20/eeg/sub-LTP269_ses-20_task-ltpFR2_events.tsv
LTP269,20,6,6,GIRL,637,1134.078,567039,0,data/ds004395/sub-LTP269/ses-20/eeg/sub-LTP269_ses-20_task-ltpFR2_eeg.edf,data/ds004395/sub-LTP269/ses-20/eeg/sub-LTP269_ses-20_task-ltpFR2_events.tsv
LTP269,20,6,7,KETCHUP,771,1136.412,568206,0,data/ds004395/sub-LTP269/ses-20/eeg/sub-LTP269_ses-20_task-ltpFR2_eeg.edf,data/ds004395/sub-LTP269/ses-20/eeg/sub-LTP269_ses-20_task-ltpFR2_events.tsv
LTP269,20,6,8,TREAT,1501,1138.588,569294,0,data/ds004395/sub-LTP269/ses-20/eeg/sub-LTP269_ses-20_task-ltpFR2_eeg.edf,data/ds004395/sub-LTP269/ses-20/eeg/sub-LTP269_ses-20_task-ltpFR2_events.tsv
LTP269,20,6,9,PATIENT,1024,1141.022,570511,1,data/ds004395/sub-LTP269/ses-20/eeg/sub-LTP269_ses-20_task-ltpFR2_eeg.edf,data/ds004395/sub-LTP269/ses-20/eeg/sub-LTP269_ses-20_task-ltpFR2_events.tsv
LTP269,20,6,10,OINTMENT,974,1143.272,571636,1,data/ds004395/sub-LTP269/ses-20/eeg/sub-LTP269_ses-20_task-ltpFR2_eeg.edf,data/ds004395/sub-LTP269/ses-20/eeg/sub-LTP269_ses-20_task-ltpFR2_events.tsv
LTP269,20,6,11,BARLEY,88,1145.39,572695,1,data/ds004395/sub-LTP269/ses-20/eeg/sub-LTP269_ses-20_task-ltpFR2_eeg.edf,data/ds004395/sub-LTP269/ses-20/eeg/sub-LTP269_ses-20_task-ltpFR2_events.tsv
LTP269,20,6,12,CANDY,230,1147.824,573912,1,data/ds004395/sub-LTP269/ses-20/eeg/sub-LTP269_ses-20_task-ltpFR2_eeg.edf,data/ds004395/sub-LTP269/ses-20/eeg/sub-LTP269_ses-20_task-ltpFR2_events.tsv
LTP269,20,6,13,BANJO,82,1150.102,575051,1,data/ds004395/sub-LTP269/ses-20/eeg/sub-LTP269_ses-20_task-ltpFR2_eeg.edf,data/ds004395/sub-LTP269/ses-20/eeg/sub-LTP269_ses-20_task-ltpFR2_events.tsv
LTP269,20,6,14,POPCORN,1104,1152.234,576117,0,data/ds004395/sub-LTP269/ses-20/eeg/sub-LTP269_ses-20_task-ltpFR2_eeg.edf,data/ds004395/sub-LTP269/ses-20/eeg/sub-LTP269_ses-20_task-ltpFR2_events.tsv
LTP269,20,6,15,RELISH,1183,1154.556,577278,0,data/ds004395/sub-LTP269/ses-20/eeg/sub-LTP269_ses-20_task-ltpFR2_eeg.edf,data/ds004395/sub-LTP269/ses-20/eeg/sub-LTP269_ses-20_task-ltpFR2_events.tsv
LTP269,20,6,16,SALAD,1224,1156.746,578373,0,data/ds004395/sub-LTP269/ses-20/eeg/sub-LTP269_ses-20_task-ltpFR2_eeg.edf,data/ds004395/sub-LTP269/ses-20/eeg/sub-LTP269_ses-20_task-ltpFR2_events.tsv
LTP269,20,6,17,SCALLOP,1242,1158.866,579433,1,data/ds004395/sub-LTP269/ses-20/eeg/sub-LTP269_ses-20_task-ltpFR2_eeg.edf,data/ds004395/sub-LTP269/ses-20/eeg/sub-LTP269_ses-20_task-ltpFR2_events.tsv
LTP269,20,6,18,SALMON,1227,1161.056,580528,1,data/ds004395/sub-LTP269/ses-20/eeg/sub-LTP269_ses-20_task-ltpFR2_eeg.edf,data/ds004395/sub-LTP269/ses-20/eeg/sub-LTP269_ses-20_task-ltpFR2_events.tsv
LTP269,20,6,19,PEPPER,1047,1163.404,581702,1,data/ds004395/sub-LTP269/ses-20/eeg/sub-LTP269_ses-20_task-ltpFR2_eeg.edf,data/ds004395/sub-LTP269/ses-20/eeg/sub-LTP269_ses-20_task-ltpFR2_events.tsv
LTP269,20,6,20,VIKING,1565,1165.51,582755,0,data/ds004395/sub-LTP269/ses-20/eeg/sub-LTP269_ses-20_task-ltpFR2_eeg.edf,data/ds004395/sub-LTP269/ses-20/eeg/sub-LTP269_ses-20_task-ltpFR2_events.tsv
LTP269,20,6,21,MARS,873,1167.858,583929,1,data/ds004395/sub-LTP269/ses-20/eeg/sub-LTP269_ses-20_task-ltpFR2_eeg.edf,data/ds004395/sub-LTP269/ses-20/eeg/sub-LTP269_ses-20_task-ltpFR2_events.tsv
LTP269,20,6,22,PLUTO,1092,1170.006,585003,1,data/ds004395/sub-LTP269/ses-20/eeg/sub-LTP269_ses-20_task-ltpFR2_eeg.edf,data/ds004395/sub-LTP269/ses-20/eeg/sub-LTP269_ses-20_task-ltpFR2_events.tsv
LTP269,20,6,23,TUBA,1515,1172.268,586134,0,data/ds004395/sub-LTP269/ses-20/eeg/sub-LTP269_ses-20_task-ltpFR2_eeg.edf,data/ds004395/sub-LTP269/ses-20/eeg/sub-LTP269_ses-20_task-ltpFR2_events.tsv
LTP269,20,6,24,KNAPSACK,783,1174.574,587287,0,data/ds004395/sub-LTP269/ses-20/eeg/sub-LTP269_ses-20_task-ltpFR2_eeg.edf,data/ds004395/sub-LTP269/ses-20/eeg/sub-LTP269_ses-20_task-ltpFR2_events.tsv
LTP269,20,7,1,DRAWING,494,1275.9,637950,1,data/ds004395/sub-LTP269/ses-20/eeg/sub-LTP269_ses-20_task-ltpFR2_eeg.edf,data/ds004395/sub-LTP269/ses-20/eeg/sub-LTP269_ses-20_task-ltpFR2_events.tsv
LTP269,20,7,2,FRAME,600,1278.334,639167,1,data/ds004395/sub-LTP269/ses-20/eeg/sub-LTP269_ses-20_task-ltpFR2_eeg.edf,data/ds004395/sub-LTP269/ses-20/eeg/sub-LTP269_ses-20_task-ltpFR2_events.tsv
LTP269,20,7,3,SWORD,1423,1280.51,640255,1,data/ds004395/sub-LTP269/ses-20/eeg/sub-LTP269_ses-20_task-ltpFR2_eeg.edf,data/ds004395/sub-LTP269/ses-20/eeg/sub-LTP269_ses-20_task-ltpFR2_events.tsv
LTP269,20,7,4,RADISH,1158,1282.616,641308,1,data/ds004395/sub-LTP269/ses-20/eeg/sub-LTP269_ses-20_task-ltpFR2_eeg.edf,data/ds004395/sub-LTP269/ses-20/eeg/sub-LTP269_ses-20_task-ltpFR2_events.tsv
LTP269,20,7,5,CANYON,235,1284.85,642425,1,data/ds004395/sub-LTP269/ses-20/eeg/sub-LTP269_ses-20_task-ltpFR2_eeg.edf,data/ds004395/sub-LTP269/ses-20/eeg/sub-LTP269_ses-20_task-ltpFR2_events.tsv
LTP269,20,7,6,TUNNEL,1519,1287.156,643578,1,data/ds004395/sub-LTP269/ses-20/eeg/sub-LTP269_ses-20_task-ltpFR2_eeg.edf,data/ds004395/sub-LTP269/ses-20/eeg/sub-LTP269_ses-20_task-ltpFR2_events.tsv
LTP269,20,7,7,BUBBLE,183,1289.318,644659,1,data/ds004395/sub-LTP269/ses-20/eeg/sub-LTP269_ses-20_task-ltpFR2_eeg.edf,data/ds004395/sub-LTP269/ses-20/eeg/sub-LTP269_ses-20_task-ltpFR2_events.tsv
LTP269,20,7,8,BABY,64,1291.636,645818,1,data/ds004395/sub-LTP269/ses-20/eeg/sub-LTP269_ses-20_task-ltpFR2_eeg.edf,data/ds004395/sub-LTP269/ses-20/eeg/sub-LTP269_ses-20_task-ltpFR2_events.tsv
LTP269,20,7,9,MOTOR,922,1293.856,646928,0,data/ds004395/sub-LTP269/ses-20/eeg/sub-LTP269_ses-20_task-ltpFR2_eeg.edf,data/ds004395/sub-LTP269/ses-20/eeg/sub-LTP269_ses-20_task-ltpFR2_events.tsv
LTP269,20,7,10,BALLOON,75,1296.018,648009,1,data/ds004395/sub-LTP269/ses-20/eeg/sub-LTP269_ses-20_task-ltpFR2_eeg.edf,data/ds004395/sub-LTP269/ses-20/eeg/sub-LTP269_ses-20_task-ltpFR2_events.tsv
LTP269,20,7,11,HARP,689,1298.152,649076,1,data/ds004395/sub-LTP269/ses-20/eeg/sub-LTP269_ses-20_task-ltpFR2_eeg.edf,data/ds004395/sub-LTP269/ses-20/eeg/sub-LTP269_ses-20_task-ltpFR2_events.tsv
LTP269,20,7,12,MILK,895,1300.472,650236,0,data/ds004395/sub-LTP269/ses-20/eeg/sub-LTP269_ses-20_task-ltpFR2_eeg.edf,data/ds004395/sub-LTP269/ses-20/eeg/sub-LTP269_ses-20_task-ltpFR2_events.tsv
LTP269,20,7,13,ARM,38,1302.648,651324,0,data/ds004395/sub-LTP269/ses-20/eeg/sub-LTP269_ses-20_task-ltpFR2_eeg.edf,data/ds004395/sub-LTP269/ses-20/eeg/sub-LTP269_ses-20_task-ltpFR2_events.tsv
LTP269,20,7,14,SUNRISE,1407,1304.91,652455,0,data/ds004395/sub-LTP269/ses-20/eeg/sub-LTP269_ses-20_task-ltpFR2_eeg.edf,data/ds004395/sub-LTP269/ses-20/eeg/sub-LTP269_ses-20_task-ltpFR2_events.tsv
LTP269,20,7,15,DAUGHTER,442,1307.174,653587,0,data/ds004395/sub-LTP269/ses-20/eeg/sub-LTP269_ses-20_task-ltpFR2_eeg.edf,data/ds004395/sub-LTP269/ses-20/eeg/sub-LTP269_ses-20_task-ltpFR2_events.tsv
LTP269,20,7,16,RATTLE,1170,1309.494,654747,0,data/ds004395/sub-LTP269/ses-20/eeg/sub-LTP269_ses-20_task-ltpFR2_eeg.edf,data/ds004395/sub-LTP269/ses-20/eeg/sub-LTP269_ses-20_task-ltpFR2_events.tsv
LTP269,20,7,17,SUNSET,1408,1311.684,655842,0,data/ds004395/sub-LTP269/ses-20/eeg/sub-LTP269_ses-20_task-ltpFR2_eeg.edf,data/ds004395/sub-LTP269/ses-20/eeg/sub-LTP269_ses-20_task-ltpFR2_events.tsv
LTP269,20,7,18,LIGHTNING,820,1313.86,656930,0,data/ds004395/sub-LTP269/ses-20/eeg/sub-LTP269_ses-20_task-ltpFR2_eeg.edf,data/ds004395/sub-LTP269/ses-20/eeg/sub-LTP269_ses-20_task-ltpFR2_events.tsv
LTP269,20,7,19,QUAIL,1147,1315.966,657983,0,data/ds004395/sub-LTP269/ses-20/eeg/sub-LTP269_ses-20_task-ltpFR2_eeg.edf,data/ds004395/sub-LTP269/ses-20/eeg/sub-LTP269_ses-20_task-ltpFR2_events.tsv
LTP269,20,7,20,SPOUSE,1358,1318.342,659171,0,data/ds004395/sub-LTP269/ses-20/eeg/sub-LTP269_ses-20_task-ltpFR2_eeg.edf,data/ds004395/sub-LTP269/ses-20/eeg/sub-LTP269_ses-20_task-ltpFR2_events.tsv
LTP269,20,7,21,WIDOW,1608,1320.606,660303,0,data/ds004395/sub-LTP269/ses-20/eeg/sub-LTP269_ses-20_task-ltpFR2_eeg.edf,data/ds004395/sub-LTP269/ses-20/eeg/sub-LTP269_ses-20_task-ltpFR2_events.tsv
LTP269,20,7,22,HAND,683,1322.74,661370,0,data/ds004395/sub-LTP269/ses-20/eeg/sub-LTP269_ses-20_task-ltpFR2_eeg.edf,data/ds004395/sub-LTP269/ses-20/eeg/sub-LTP269_ses-20_task-ltpFR2_events.tsv
LTP269,20,7,23,CHEMIST,292,1324.958,662479,0,data/ds004395/sub-LTP269/ses-20/eeg/sub-LTP269_ses-20_task-ltpFR2_eeg.edf,data/ds004395/sub-LTP269/ses-20/eeg/sub-LTP269_ses-20_task-ltpFR2_events.tsv
LTP269,20,7,24,BEAKER,104,1327.278,663639,0,data/ds004395/sub-LTP269/ses-20/eeg/sub-LTP269_ses-20_task-ltpFR2_eeg.edf,data/ds004395/sub-LTP269/ses-20/eeg/sub-LTP269_ses-20_task-ltpFR2_events.tsv
LTP269,20,8,1,HELMET,702,1449.954,724977,0,data/ds004395/sub-LTP269/ses-20/eeg/sub-LTP269_ses-20_task-ltpFR2_eeg.edf,data/ds004395/sub-LTP269/ses-20/eeg/sub-LTP269_ses-20_task-ltpFR2_events.tsv
LTP269,20,8,2,SUITCASE,1403,1452.146,726073,0,data/ds004395/sub-LTP269/ses-20/eeg/sub-LTP269_ses-20_task-ltpFR2_eeg.edf,data/ds004395/sub-LTP269/ses-20/eeg/sub-LTP269_ses-20_task-ltpFR2_events.tsv
LTP269,20,8,3,FOREHEAD,592,1454.566,727283,0,data/ds004395/sub-LTP269/ses-20/eeg/sub-LTP269_ses-20_task-ltpFR2_eeg.edf,data/ds004395/sub-LTP269/ses-20/eeg/sub-LTP269_ses-20_task-ltpFR2_events.tsv
LTP269,20,8,4,FREEZER,604,1456.842,728421,0,data/ds004395/sub-LTP269/ses-20/eeg/sub-LTP269_ses-20_task-ltpFR2_eeg.edf,data/ds004395/sub-LTP269/ses-20/eeg/sub-LTP269_ses-20_task-ltpFR2_events.tsv
LTP269,20,8,5,DINER,467,1459.134,729567,0,data/ds004395/sub-LTP269/ses-20/eeg/sub-LTP269_ses-20_task-ltpFR2_eeg.edf,data/ds004395/sub-LTP269/ses-20/eeg/sub-LTP269_ses-20_task-ltpFR2_events.tsv
LTP269,20,8,6,RAZOR,1171,1461.424,730712,0,data/ds004395/sub-LTP269/ses-20/eeg/sub-LTP269_ses-20_task-ltpFR2_eeg.edf,data/ds004395/sub-LTP269/ses-20/eeg/sub-LTP269_ses-20_task-ltpFR2_events.tsv
LTP269,20,8,7,XEROX,1628,1463.588,731794,0,data/ds004395/sub-LTP269/ses-20/eeg/sub-LTP269_ses-20_task-ltpFR2_eeg.edf,data/ds004395/sub-LTP269/ses-20/eeg/sub-LTP269_ses-20_task-ltpFR2_events.tsv
LTP269,20,8,8,COD,340,1465.706,732853,0,data/ds004395/sub-LTP269/ses-20/eeg/sub-LTP269_ses-20_task-ltpFR2_eeg.edf,data/ds004395/sub-LTP269/ses-20/eeg/sub-LTP269_ses-20_task-ltpFR2_events.tsv
LTP269,20,8,9,JELLY,755,1468.07,734035,0,data/ds004395/sub-LTP269/ses-20/eeg/sub-LTP269_ses-20_task-ltpFR2_eeg.edf,data/ds004395/sub-LTP269/ses-20/eeg/sub-LTP269_ses-20_task-ltpFR2_events.tsv
LTP269,20,8,10,SILK,1307,1470.232,735116,0,data/ds004395/sub-LTP269/ses-20/eeg/sub-LTP269_ses-20_task-ltpFR2_eeg.edf,data/ds004395/sub-LTP269/ses-20/eeg/sub-LTP269_ses-20_task-ltpFR2_events.tsv
LTP269,20,8,11,PADDING,999,1472.408,736204,0,data/ds004395/sub-LTP269/ses-20/eeg/sub-LTP269_ses-20_task-ltpFR2_eeg.edf,data/ds004395/sub-LTP269/ses-20/eeg/sub-LTP269_ses-20_task-ltpFR2_events.tsv
LTP269,20,8,12,RAFT,1159,1474.786,737393,0,data/ds004395/sub-LTP269/ses-20/eeg/sub-LTP269_ses-20_task-ltpFR2_eeg.edf,data/ds004395/sub-LTP269/ses-20/eeg/sub-LTP269_ses-20_task-ltpFR2_events.tsv
LTP269,20,8,13,CARROT,249,1477.176,738588,0,data/ds004395/sub-LTP269/ses-20/eeg/sub-LTP269_ses-20_task-ltpFR2_eeg.edf,data/ds004395/sub-LTP269/ses-20/eeg/sub-LTP269_ses-20_task-ltpFR2_events.tsv
LTP269,20,8,14,BUNNY,198,1479.468,739734,0,data/ds004395/sub-LTP269/ses-20/eeg/sub-LTP269_ses-20_task-ltpFR2_eeg.edf,data/ds004395/sub-LTP269/ses-20/eeg/sub-LTP269_ses-20_task-ltpFR2_events.tsv
LTP269,20,8,15,SEAL,1262,1481.888,740944,0,data/ds004395/sub-LTP269/ses-20/eeg/sub-LTP269_ses-20_task-ltpFR2_eeg.edf,data/ds004395/sub-LTP269/ses-20/eeg/sub-LTP269_ses-20_task-ltpFR2_events.tsv
LTP269,20,8,16,BUTCHER,203,1484.308,742154,0,data/ds004395/sub-LTP269/ses-20/eeg/sub-LTP269_ses-20_task-ltpFR2_eeg.edf,data/ds004395/sub-LTP269/ses-20/eeg/sub-LTP269_ses-20_task-ltpFR2_events.tsv
LTP269,20,8,17,COCKTAIL,338,1486.656,743328,0,data/ds004395/sub-LTP269/ses-20/eeg/sub-LTP269_ses-20_task-ltpFR2_eeg.edf,data/ds004395/sub-LTP269/ses-20/eeg/sub-LTP269_ses-20_task-ltpFR2_events.tsv
LTP269,20,8,18,PILOT,1070,1488.848,744424,0,data/ds004395/sub-LTP269/ses-20/eeg/sub-LTP269_ses-20_task-ltpFR2_eeg.edf,data/ds004395/sub-LTP269/ses-20/eeg/sub-LTP269_ses-20_task-ltpFR2_events.tsv
LTP269,20,8,19,FRECKLE,602,1490.952,745476,0,data/ds004395/sub-LTP269/ses-20/eeg/sub-LTP269_ses-20_task-ltpFR2_eeg.edf,data/ds004395/sub-LTP269/ses-20/eeg/sub-LTP269_ses-20_task-ltpFR2_events.tsv
LTP269,20,8,20,HUMAN,726,1493.372,746686,0,data/ds004395/sub-LTP269/ses-20/eeg/sub-LTP269_ses-20_task-ltpFR2_eeg.edf,data/ds004395/sub-LTP269/ses-20/eeg/sub-LTP269_ses-20_task-ltpFR2_events.tsv
LTP269,20,8,21,OX,994,1495.634,747817,0,data/ds004395/sub-LTP269/ses-20/eeg/sub-LTP269_ses-20_task-ltpFR2_eeg.edf,data/ds004395/sub-LTP269/ses-20/eeg/sub-LTP269_ses-20_task-ltpFR2_events.tsv
LTP269,20,8,22,SCARF,1246,1498.04,749020,0,data/ds004395/sub-LTP269/ses-20/eeg/sub-LTP269_ses-20_task-ltpFR2_eeg.edf,data/ds004395/sub-LTP269/ses-20/eeg/sub-LTP269_ses-20_task-ltpFR2_events.tsv
LTP269,20,8,23,TART,1436,1500.346,750173,0,data/ds004395/sub-LTP269/ses-20/eeg/sub-LTP269_ses-20_task-ltpFR2_eeg.edf,data/ds004395/sub-LTP269/ses-20/eeg/sub-LTP269_ses-20_task-ltpFR2_events.tsv
LTP269,20,8,24,MEAT,883,1502.452,751226,0,data/ds004395/sub-LTP269/ses-20/eeg/sub-LTP269_ses-20_task-ltpFR2_eeg.edf,data/ds004395/sub-LTP269/ses-20/eeg/sub-LTP269_ses-20_task-ltpFR2_events.tsv
LTP269,20,9,1,INMATE,738,1841.426,920713,1,data/ds004395/sub-LTP269/ses-20/eeg/sub-LTP269_ses-20_task-ltpFR2_eeg.edf,data/ds004395/sub-LTP269/ses-20/eeg/sub-LTP269_ses-20_task-ltpFR2_events.tsv
LTP269,20,9,2,BRIEFCASE,175,1843.788,921894,1,data/ds004395/sub-LTP269/ses-20/eeg/sub-LTP269_ses-20_task-ltpFR2_eeg.edf,data/ds004395/sub-LTP269/ses-20/eeg/sub-LTP269_ses-20_task-ltpFR2_events.tsv
LTP269,20,9,3,ROBOT,1200,1846.136,923068,1,data/ds004395/sub-LTP269/ses-20/eeg/sub-LTP269_ses-20_task-ltpFR2_eeg.edf,data/ds004395/sub-LTP269/ses-20/eeg/sub-LTP269_ses-20_task-ltpFR2_events.tsv
LTP269,20,9,4,TWISTER,1530,1848.442,924221,1,data/ds004395/sub-LTP269/ses-20/eeg/sub-LTP269_ses-20_task-ltpFR2_eeg.edf,data/ds004395/sub-LTP269/ses-20/eeg/sub-LTP269_ses-20_task-ltpFR2_events.tsv
LTP269,20,9,5,PIZZA,1079,1850.748,925374,0,data/ds004395/sub-LTP269/ses-20/eeg/sub-LTP269_ses-20_task-ltpFR2_eeg.edf,data/ds004395/sub-LTP269/ses-20/eeg/sub-LTP269_ses-20_task-ltpFR2_events.tsv
LTP269,20,9,6,PIGEON,1065,1852.996,926498,0,data/ds004395/sub-LTP269/ses-20/eeg/sub-LTP269_ses-20_task-ltpFR2_eeg.edf,data/ds004395/sub-LTP269/ses-20/eeg/sub-LTP269_ses-20_task-ltpFR2_events.tsv
LTP269,20,9,7,CROWN,415,1855.23,927615,0,data/ds004395/sub-LTP269/ses-20/eeg/sub-LTP269_ses-20_task-ltpFR2_eeg.edf,data/ds004395/sub-LTP269/ses-20/eeg/sub-LTP269_ses-20_task-ltpFR2_events.tsv
LTP269,20,9,8,BASEMENT,94,1857.406,928703,0,data/ds004395/sub-LTP269/ses-20/eeg/sub-LTP269_ses-20_task-ltpFR2_eeg.edf,data/ds004395/sub-LTP269/ses-20/eeg/sub-LTP269_ses-20_task-ltpFR2_events.tsv
LTP269,20,9,9,GARDEN,623,1859.74,929870,0,data/ds004395/sub-LTP269/ses-20/eeg/sub-LTP269_ses-20_task-ltpFR2_eeg.edf,data/ds004395/sub-LTP269/ses-20/eeg/sub-LTP269_ses-20_task-ltpFR2_events.tsv
LTP269,20,9,10,BLUEPRINT,142,1861.96,930980,0,data/ds004395/sub-LTP269/ses-20/eeg/sub-LTP269_ses-20_task-ltpFR2_eeg.edf,data/ds004395/sub-LTP269/ses-20/eeg/sub-LTP269_ses-20_task-ltpFR2_events.tsv
LTP269,20,9,11,CELLAR,267,1864.094,932047,0,data/ds004395/sub-LTP269/ses-20/eeg/sub-LTP269_ses-20_task-ltpFR2_eeg.edf,data/ds004395/sub-LTP269/ses-20/eeg/sub-LTP269_ses-20_task-ltpFR2_events.tsv
LTP269,20,9,12,OUTFIT,988,1866.484,933242,0,data/ds004395/sub-LTP269/ses-20/eeg/sub-LTP269_ses-20_task-ltpFR2_eeg.edf,data/ds004395/sub-LTP269/ses-20/eeg/sub-LTP269_ses-20_task-ltpFR2_events.tsv
LTP269,20,9,13,REBEL,1172,1868.848,934424,1,data/ds004395/sub-LTP269/ses-20/eeg/sub-LTP269_ses-20_task-ltpFR2_eeg.edf,data/ds004395/sub-LTP269/ses-20/eeg/sub-LTP269_ses-20_task-ltpFR2_events.tsv
LTP269,20,9,14,PLAYGROUND,1087,1870.938,935469,1,data/ds004395/sub-LTP269/ses-20/eeg/sub-LTP269_ses-20_task-ltpFR2_eeg.edf,data/ds004395/sub-LTP269/ses-20/eeg/sub-LTP269_ses-20_task-ltpFR2_events.tsv
LTP269,20,9,15,BANKER,84,1873.33,936665,0,data/ds004395/sub-LTP269/ses-20/eeg/sub-LTP269_ses-20_task-ltpFR2_eeg.edf,data/ds004395/sub-LTP269/ses-20/eeg/sub-LTP269_ses-20_task-ltpFR2_events.tsv
LTP269,20,9,16,LIZARD,834,1875.678,937839,0,data/ds004395/sub-LTP269/ses-20/eeg/sub-LTP269_ses-20_task-ltpFR2_eeg.edf,data/ds004395/sub-LTP269/ses-20/eeg/sub-LTP269_ses-20_task-ltpFR2_events.tsv
LTP269,20,9,17,PUDDING,1139,1878.098,939049,0,data/ds004395/sub-LTP269/ses-20/eeg/sub-LTP269_ses-20_task-ltpFR2_eeg.edf,data/ds004395/sub-LTP269/ses-20/eeg/sub-LTP269_ses-20_task-ltpFR2_events.tsv
LTP269,20,9,18,JELLO,754,1880.26,940130,0,data/ds004395/sub-LTP269/ses-20/eeg/sub-LTP269_ses-20_task-ltpFR2_eeg.edf,data/ds004395/sub-LTP269/ses-20/eeg/sub-LTP269_ses-20_task-ltpFR2_events.tsv
LTP269,20,9,19,MARKET,871,1882.522,941261,0,data/ds004395/sub-LTP269/ses-20/eeg/sub-LTP269_ses-20_task-ltpFR2_eeg.edf,data/ds004395/sub-LTP269/ses-20/eeg/sub-LTP269_ses-20_task-ltpFR2_events.tsv
LTP269,20,9,20,SUPPER,1411,1884.742,942371,0,data/ds004395/sub-LTP269/ses-20/eeg/sub-LTP269_ses-20_task-ltpFR2_eeg.edf,data/ds004395/sub-LTP269/ses-20/eeg/sub-LTP269_ses-20_task-ltpFR2_events.tsv
LTP269,20,9,21,DRILL,497,1887.162,943581,0,data/ds004395/sub-LTP269/ses-20/eeg/sub-LTP269_ses-20_task-ltpFR2_eeg.edf,data/ds004395/sub-LTP269/ses-20/eeg/sub-LTP269_ses-20_task-ltpFR2_events.tsv
LTP269,20,9,22,COIN,343,1889.496,944748,0,data/ds004395/sub-LTP269/ses-20/eeg/sub-LTP269_ses-20_task-ltpFR2_eeg.edf,data/ds004395/sub-LTP269/ses-20/eeg/sub-LTP269_ses-20_task-ltpFR2_events.tsv
LTP269,20,9,23,PERCH,1048,1891.688,945844,0,data/ds004395/sub-LTP269/ses-20/eeg/sub-LTP269_ses-20_task-ltpFR2_eeg.edf,data/ds004395/sub-LTP269/ses-20/eeg/sub-LTP269_ses-20_task-ltpFR2_events.tsv
LTP269,20,9,24,TROUT,1511,1893.908,946954,0,data/ds004395/sub-LTP269/ses-20/eeg/sub-LTP269_ses-20_task-ltpFR2_eeg.edf,data/ds004395/sub-LTP269/ses-20/eeg/sub-LTP269_ses-20_task-ltpFR2_events.tsv
LTP269,20,10,1,SPONGE,1355,1995.318,997659,0,data/ds004395/sub-LTP269/ses-20/eeg/sub-LTP269_ses-20_task-ltpFR2_eeg.edf,data/ds004395/sub-LTP269/ses-20/eeg/sub-LTP269_ses-20_task-ltpFR2_events.tsv
LTP269,20,10,2,PAIL,1002,1997.696,998848,0,data/ds004395/sub-LTP269/ses-20/eeg/sub-LTP269_ses-20_task-ltpFR2_eeg.edf,data/ds004395/sub-LTP269/ses-20/eeg/sub-LTP269_ses-20_task-ltpFR2_events.tsv
LTP269,20,10,3,BUGGY,188,1999.944,999972,0,data/ds004395/sub-LTP269/ses-20/eeg/sub-LTP269_ses-20_task-ltpFR2_eeg.edf,data/ds004395/sub-LTP269/ses-20/eeg/sub-LTP269_ses-20_task-ltpFR2_events.tsv
LTP269,20,10,4,CARRIAGE,248,2002.378,1001189,0,data/ds004395/sub-LTP269/ses-20/eeg/sub-LTP269_ses-20_task-ltpFR2_eeg.edf,data/ds004395/sub-LTP269/ses-20/eeg/sub-LTP269_ses-20_task-ltpFR2_events.tsv
LTP269,20,10,5,SLIME,1327,2004.67,1002335,0,data/ds004395/sub-LTP269/ses-20/eeg/sub-LTP269_ses-20_task-ltpFR2_eeg.edf,data/ds004395/sub-LTP269/ses-20/eeg/sub-LTP269_ses-20_task-ltpFR2_events.tsv
LTP269,20,10,6,PASSAGE,1019,2006.96,1003480,0,data/ds004395/sub-LTP269/ses-20/eeg/sub-LTP269_ses-20_task-ltpFR2_eeg.edf,data/ds004395/sub-LTP269/ses-20/eeg/sub-LTP269_ses-20_task-ltpFR2_events.tsv
LTP269,20,10,7,JURY,766,2009.38,1004690,0,data/ds004395/sub-LTP269/ses-20/eeg/sub-LTP269_ses-20_task-ltpFR2_eeg.edf,data/ds004395/sub-LTP269/ses-20/eeg/sub-LTP269_ses-20_task-ltpFR2_events.tsv
LTP269,20,10,8,STAPLE,1371,2011.514,1005757,0,data/ds004395/sub-LTP269/ses-20/eeg/sub-LTP269_ses-20_task-ltpFR2_eeg.edf,data/ds004395/sub-LTP269/ses-20/eeg/sub-LTP269_ses-20_task-ltpFR2_events.tsv
LTP269,20,10,9,REPORT,1184,2013.92,1006960,0,data/ds004395/sub-LTP269/ses-20/eeg/sub-LTP269_ses-20_task-ltpFR2_eeg.edf,data/ds004395/sub-LTP269/ses-20/eeg/sub-LTP269_ses-20_task-ltpFR2_events.tsv
LTP269,20,10,10,COMPASS,358,2016.312,1008156,0,data/ds004395/sub-LTP269/ses-20/eeg/sub-LTP269_ses-20_task-ltpFR2_eeg.edf,data/ds004395/sub-LTP269/ses-20/eeg/sub-LTP269_ses-20_task-ltpFR2_events.tsv
LTP269,20,10,11,ATLAS,53,2018.674,1009337,0,data/ds004395/sub-LTP269/ses-20/eeg/sub-LTP269_ses-20_task-ltpFR2_eeg.edf,data/ds004395/sub-LTP269/ses-20/eeg/sub-LTP269_ses-20_task-ltpFR2_events.tsv
LTP269,20,10,12,ORCHID,982,2021.008,1010504,0,data/ds004395/sub-LTP269/ses-20/eeg/sub-LTP269_ses-20_task-ltpFR2_eeg.edf,data/ds004395/sub-LTP269/ses-20/eeg/sub-LTP269_ses-20_task-ltpFR2_events.tsv
LTP269,20,10,13,MATTRESS,879,2023.128,1011564,1,data/ds004395/sub-LTP269/ses-20/eeg/sub-LTP269_ses-20_task-ltpFR2_eeg.edf,data/ds004395/sub-LTP269/ses-20/eeg/sub-LTP269_ses-20_task-ltpFR2_events.tsv
LTP269,20,10,14,HERO,706,2025.218,1012609,1,data/ds004395/sub-LTP269/ses-20/eeg/sub-LTP269_ses-20_task-ltpFR2_eeg.edf,data/ds004395/sub-LTP269/ses-20/eeg/sub-LTP269_ses-20_task-ltpFR2_events.tsv
LTP269,20,10,15,SHELF,1280,2027.596,1013798,0,data/ds004395/sub-LTP269/ses-20/eeg/sub-LTP269_ses-20_task-ltpFR2_eeg.edf,data/ds004395/sub-LTP269/ses-20/eeg/sub-LTP269_ses-20_task-ltpFR2_events.tsv
LTP269,20,10,16,BATHTUB,100,2030.016,1015008,0,data/ds004395/sub-LTP269/ses-20/eeg/sub-LTP269_ses-20_task-ltpFR2_eeg.edf,data/ds004395/sub-LTP269/ses-20/eeg/sub-LTP269_ses-20_task-ltpFR2_events.tsv
LTP269,20,10,17,LASER,801,2032.278,1016139,0,data/ds004395/sub-LTP269/ses-20/eeg/sub-LTP269_ses-20_task-ltpFR2_eeg.edf,data/ds004395/sub-LTP269/ses-20/eeg/sub-LTP269_ses-20_task-ltpFR2_events.tsv
LTP269,20,10,18,SOFTBALL,1343,2034.684,1017342,0,data/ds004395/sub-LTP269/ses-20/eeg/sub-LTP269_ses-20_task-ltpFR2_eeg.edf,data/ds004395/sub-LTP269/ses-20/eeg/sub-LTP269_ses-20_task-ltpFR2_events.tsv
LTP269,20,10,19,BOX,159,2036.846,1018423,0,data/ds004395/sub-LTP269/ses-20/eeg/sub-LTP269_ses-20_task-ltpFR2_eeg.edf,data/ds004395/sub-LTP269/ses-20/eeg/sub-LTP269_ses-20_task-ltpFR2_events.tsv
LTP269,20,10,20,BULLET,194,2039.18,1019590,0,data/ds004395/sub-LTP269/ses-20/eeg/sub-LTP269_ses-20_task-ltpFR2_eeg.edf,data/ds004395/sub-LTP269/ses-20/eeg/sub-LTP269_ses-20_task-ltpFR2_events.tsv
LTP269,20,10,21,UNCLE,1536,2041.5,1020750,0,data/ds004395/sub-LTP269/ses-20/eeg/sub-LTP269_ses-20_task-ltpFR2_eeg.edf,data/ds004395/sub-LTP269/ses-20/eeg/sub-LTP269_ses-20_task-ltpFR2_events.tsv
LTP269,20,10,22,MOTEL,919,2043.876,1021938,0,data/ds004395/sub-LTP269/ses-20/eeg/sub-LTP269_ses-20_task-ltpFR2_eeg.edf,data/ds004395/sub-LTP269/ses-20/eeg/sub-LTP269_ses-20_task-ltpFR2_events.tsv
LTP269,20,10,23,CRUTCH,417,2046.182,1023091,0,data/ds004395/sub-LTP269/ses-20/eeg/sub-LTP269_ses-20_task-ltpFR2_eeg.edf,data/ds004395/sub-LTP269/ses-20/eeg/sub-LTP269_ses-20_task-ltpFR2_events.tsv
LTP269,20,10,24,TILE,1468,2048.56,1024280,0,data/ds004395/sub-LTP269/ses-20/eeg/sub-LTP269_ses-20_task-ltpFR2_eeg.edf,data/ds004395/sub-LTP269/ses-20/eeg/sub-LTP269_ses-20_task-ltpFR2_events.tsv
LTP269,20,11,1,MUSTARD,935,2171.622,1085811,1,data/ds004395/sub-LTP269/ses-20/eeg/sub-LTP269_ses-20_task-ltpFR2_eeg.edf,data/ds004395/sub-LTP269/ses-20/eeg/sub-LTP269_ses-20_task-ltpFR2_events.tsv
LTP269,20,11,2,APPLE,33,2173.97,1086985,1,data/ds004395/sub-LTP269/ses-20/eeg/sub-LTP269_ses-20_task-ltpFR2_eeg.edf,data/ds004395/sub-LTP269/ses-20/eeg/sub-LTP269_ses-20_task-ltpFR2_events.tsv
LTP269,20,11,3,OZONE,996,2176.39,1088195,1,data/ds004395/sub-LTP269/ses-20/eeg/sub-LTP269_ses-20_task-ltpFR2_eeg.edf,data/ds004395/sub-LTP269/ses-20/eeg/sub-LTP269_ses-20_task-ltpFR2_events.tsv
LTP269,20,11,4,DRIVER,499,2178.654,1089327,1,data/ds004395/sub-LTP269/ses-20/eeg/sub-LTP269_ses-20_task-ltpFR2_eeg.edf,data/ds004395/sub-LTP269/ses-20/eeg/sub-LTP269_ses-20_task-ltpFR2_events.tsv
LTP269,20,11,5,OYSTER,995,2181.088,1090544,0,data/ds004395/sub-LTP269/ses-20/eeg/sub-LTP269_ses-20_task-ltpFR2_eeg.edf,data/ds004395/sub-LTP269/ses-20/eeg/sub-LTP269_ses-20_task-ltpFR2_events.tsv
LTP269,20,11,6,STICKER,1382,2183.336,1091668,1,data/ds004395/sub-LTP269/ses-20/eeg/sub-LTP269_ses-20_task-ltpFR2_eeg.edf,data/ds004395/sub-LTP269/ses-20/eeg/sub-LTP269_ses-20_task-ltpFR2_events.tsv
LTP269,20,11,7,DASHBOARD,441,2185.598,1092799,0,data/ds004395/sub-LTP269/ses-20/eeg/sub-LTP269_ses-20_task-ltpFR2_eeg.edf,data/ds004395/sub-LTP269/ses-20/eeg/sub-LTP269_ses-20_task-ltpFR2_events.tsv
LTP269,20,11,8,CORAL,378,2188.032,1094016,1,data/ds004395/sub-LTP269/ses-20/eeg/sub-LTP269_ses-20_task-ltpFR2_eeg.edf,data/ds004395/sub-LTP269/ses-20/eeg/sub-LTP269_ses-20_task-ltpFR2_events.tsv
LTP269,20,11,9,CRAB,397,2190.196,1095098,1,data/ds004395/sub-LTP269/ses-20/eeg/sub-LTP269_ses-20_task-ltpFR2_eeg.edf,data/ds004395/sub-LTP269/ses-20/eeg/sub-LTP269_ses-20_task-ltpFR2_events.tsv
LTP269,20,11,10,MARKER,870,2192.386,1096193,0,data/ds004395/sub-LTP269/ses-20/eeg/sub-LTP269_ses-20_task-ltpFR2_eeg.edf,data/ds004395/sub-LTP269/ses-20/eeg/sub-LTP269_ses-20_task-ltpFR2_events.tsv
LTP269,20,11,11,GUITAR,670,2194.592,1097296,0,data/ds004395/sub-LTP269/ses-20/eeg/sub-LTP269_ses-20_task-ltpFR2_eeg.edf,data/ds004395/sub-LTP269/ses-20/eeg/sub-LTP269_ses-20_task-ltpFR2_events.tsv
LTP269,20,11,12,PREACHER,1119,2196.752,1098376,0,data/ds004395/sub-LTP269/ses-20/eeg/sub-LTP269_ses-20_task-ltpFR2_eeg.edf,data/ds004395/sub-LTP269/ses-20/eeg/sub-LTP269_ses-20_task-ltpFR2_events.tsv
LTP269,20,11,13,CUPBOARD,425,2198.958,1099479,0,data/ds004395/sub-LTP269/ses-20/eeg/sub-LTP269_ses-20_task-ltpFR2_eeg.edf,data/ds004395/sub-LTP269/ses-20/eeg/sub-LTP269_ses-20_task-ltpFR2_events.tsv
LTP269,20,11,14,CITRUS,313,2201.078,1100539,0,data/ds004395/sub-LTP269/ses-20/eeg/sub-LTP269_ses-20_task-ltpFR2_eeg.edf,data/ds004395/sub-LTP269/ses-20/eeg/sub-LTP269_ses-20_task-ltpFR2_events.tsv
LTP269,20,11,15,LION,827,2203.198,1101599,0,data/ds004395/sub-LTP269/ses-20/eeg/sub-LTP269_ses-20_task-ltpFR2_eeg.edf,data/ds004395/sub-LTP269/ses-20/eeg/sub-LTP269_ses-20_task-ltpFR2_events.tsv
LTP269,20,11,16,SKILLET,1317,2205.302,1102651,0,data/ds004395/sub-LTP269/ses-20/eeg/sub-LTP269_ses-20_task-ltpFR2_eeg.edf,data/ds004395/sub-LTP269/ses-20/eeg/sub-LTP269_ses-20_task-ltpFR2_events.tsv
LTP269,20,11,17,CLAM,315,2207.636,1103818,0,data/ds004395/sub-LTP269/ses-20/eeg/sub-LTP269_ses-20_task-ltpFR2_eeg.edf,data/ds004395/sub-LTP269/ses-20/eeg/sub-LTP269_ses-20_task-ltpFR2_events.tsv
LTP269,20,11,18,PEDAL,1037,2210.07,1105035,0,data/ds004395/sub-LTP269/ses-20/eeg/sub-LTP269_ses-20_task-ltpFR2_eeg.edf,data/ds004395/sub-LTP269/ses-20/eeg/sub-LTP269_ses-20_task-ltpFR2_events.tsv
LTP269,20,11,19,BIKE,125,2212.262,1106131,0,data/ds004395/sub-LTP269/ses-20/eeg/sub-LTP269_ses-20_task-ltpFR2_eeg.edf,data/ds004395/sub-LTP269/ses-20/eeg/sub-LTP269_ses-20_task-ltpFR2_events.tsv
LTP269,20,11,20,EAGLE,512,2214.552,1107276,1,data/ds004395/sub-LTP269/ses-20/eeg/sub-LTP269_ses-20_task-ltpFR2_eeg.edf,data/ds004395/sub-LTP269/ses-20/eeg/sub-LTP269_ses-20_task-ltpFR2_events.tsv
LTP269,20,11,21,LUNCH,849,2216.758,1108379,1,data/ds004395/sub-LTP269/ses-20/eeg/sub-LTP269_ses-20_task-ltpFR2_eeg.edf,data/ds004395/sub-LTP269/ses-20/eeg/sub-LTP269_ses-20_task-ltpFR2_events.tsv
LTP269,20,11,22,TWIG,1527,2219.134,1109567,0,data/ds004395/sub-LTP269/ses-20/eeg/sub-LTP269_ses-20_task-ltpFR2_eeg.edf,data/ds004395/sub-LTP269/ses-20/eeg/sub-LTP269_ses-20_task-ltpFR2_events.tsv
LTP269,20,11,23,PASTRY,1022,2221.354,1110677,0,data/ds004395/sub-LTP269/ses-20/eeg/sub-LTP269_ses-20_task-ltpFR2_eeg.edf,data/ds004395/sub-LTP269/ses-20/eeg/sub-LTP269_ses-20_task-ltpFR2_events.tsv
LTP269,20,11,24,HEART,697,2223.502,1111751,0,data/ds004395/sub-LTP269/ses-20/eeg/sub-LTP269_ses-20_task-ltpFR2_eeg.edf,data/ds004395/sub-LTP269/ses-20/eeg/sub-LTP269_ses-20_task-ltpFR2_events.tsv
LTP269,20,12,1,MISSILE,900,2324.756,1162378,0,data/ds004395/sub-LTP269/ses-20/eeg/sub-LTP269_ses-20_task-ltpFR2_eeg.edf,data/ds004395/sub-LTP269/ses-20/eeg/sub-LTP269_ses-20_task-ltpFR2_events.tsv
LTP269,20,12,2,TAXI,1438,2326.862,1163431,0,data/ds004395/sub-LTP269/ses-20/eeg/sub-LTP269_ses-20_task-ltpFR2_eeg.edf,data/ds004395/sub-LTP269/ses-20/eeg/sub-LTP269_ses-20_task-ltpFR2_events.tsv
LTP269,20,12,3,HIKER,708,2329.254,1164627,0,data/ds004395/sub-LTP269/ses-20/eeg/sub-LTP269_ses-20_task-ltpFR2_eeg.edf,data/ds004395/sub-LTP269/ses-20/eeg/sub-LTP269_ses-20_task-ltpFR2_events.tsv
LTP269,20,12,4,MARROW,872,2331.588,1165794,0,data/ds004395/sub-LTP269/ses-20/eeg/sub-LTP269_ses-20_task-ltpFR2_eeg.edf,data/ds004395/sub-LTP269/ses-20/eeg/sub-LTP269_ses-20_task-ltpFR2_events.tsv
LTP269,20,12,5,BODY,145,2333.906,1166953,0,data/ds004395/sub-LTP269/ses-20/eeg/sub-LTP269_ses-20_task-ltpFR2_eeg.edf,data/ds004395/sub-LTP269/ses-20/eeg/sub-LTP269_ses-20_task-ltpFR2_events.tsv
LTP269,20,12,6,PIMPLE,1071,2336.07,1168035,0,data/ds004395/sub-LTP269/ses-20/eeg/sub-LTP269_ses-20_task-ltpFR2_eeg.edf,data/ds004395/sub-LTP269/ses-20/eeg/sub-LTP269_ses-20_task-ltpFR2_events.tsv
LTP269,20,12,7,ISLAND,745,2338.29,1169145,0,data/ds004395/sub-LTP269/ses-20/eeg/sub-LTP269_ses-20_task-ltpFR2_eeg.edf,data/ds004395/sub-LTP269/ses-20/eeg/sub-LTP269_ses-20_task-ltpFR2_events.tsv
LTP269,20,12,8,PORK,1108,2340.508,1170254,1,data/ds004395/sub-LTP269/ses-20/eeg/sub-LTP269_ses-20_task-ltpFR2_eeg.edf,data/ds004395/sub-LTP269/ses-20/eeg/sub-LTP269_ses-20_task-ltpFR2_events.tsv
LTP269,20,12,9,PIANO,1057,2342.614,1171307,0,data/ds004395/sub-LTP269/ses-20/eeg/sub-LTP269_ses-20_task-ltpFR2_eeg.edf,data/ds004395/sub-LTP269/ses-20/eeg/sub-LTP269_ses-20_task-ltpFR2_events.tsv
LTP269,20,12,10,NIGHTGOWN,953,2344.976,1172488,0,data/ds004395/sub-LTP269/ses-20/eeg/sub-LTP269_ses-20_task-ltpFR2_eeg.edf,data/ds004395/sub-LTP269/ses-20/eeg/sub-LTP269_ses-20_task-ltpFR2_events.tsv
LTP269,20,12,11,CLOTHES,327,2347.354,1173677,0,data/ds004395/sub-LTP269/ses-20/eeg/sub-LTP269_ses-20_task-ltpFR2_eeg.edf,data/ds004395/sub-LTP269/ses-20/eeg/sub-LTP269_ses-20_task-ltpFR2_events.tsv
LTP269,20,12,12,PATROL,1027,2349.558,1174779,1,data/ds004395/sub-LTP269/ses-20/eeg/sub-LTP269_ses-20_task-ltpFR2_eeg.edf,data/ds004395/sub-LTP269/ses-20/eeg/sub-LTP269_ses-20_task-ltpFR2_events.tsv
LTP269,20,12,13,JOURNAL,760,2351.936,1175968,1,data/ds004395/sub-LTP269/ses-20/eeg/sub-LTP269_ses-20_task-ltpFR2_eeg.edf,data/ds004395/sub-LTP269/ses-20/eeg/sub-LTP269_ses-20_task-ltpFR2_events.tsv
LTP269,20,12,14,FOX,598,2354.084,1177042,0,data/ds004395/sub-LTP269/ses-20/eeg/sub-LTP269_ses-20_task-ltpFR2_eeg.edf,data/ds004395/sub-LTP269/ses-20/eeg/sub-LTP269_ses-20_task-ltpFR2_events.tsv
LTP269,20,12,15,CLAMP,316,2356.218,1178109,1,data/ds004395/sub-LTP269/ses-20/eeg/sub-LTP269_ses-20_task-ltpFR2_eeg.edf,data/ds004395/sub-LTP269/ses-20/eeg/sub-LTP269_ses-20_task-ltpFR2_events.tsv
LTP269,20,12,16,SUMMIT,1405,2358.638,1179319,0,data/ds004395/sub-LTP269/ses-20/eeg/sub-LTP269_ses-20_task-ltpFR2_eeg.edf,data/ds004395/sub-LTP269/ses-20/eeg/sub-LTP269_ses-20_task-ltpFR2_events.tsv
LTP269,20,12,17,SEAGULL,1261,2360.842,1180421,0,data/ds004395/sub-LTP269/ses-20/eeg/sub-LTP269_ses-20_task-ltpFR2_eeg.edf,data/ds004395/sub-LTP269/ses-20/eeg/sub-LTP269_ses-20_task-ltpFR2_events.tsv
LTP269,20,12,18,CABIN,211,2363.22,1181610,0,data/ds004395/sub-LTP269/ses-20/eeg/sub-LTP269_ses-20_task-ltpFR2_eeg.edf,data/ds004395/sub-LTP269/ses-20/eeg/sub-LTP269_ses-20_task-ltpFR2_events.tsv
LTP269,20,12,19,LONDON,843,2365.554,1182777,0,data/ds004395/sub-LTP269/ses-20/eeg/sub-LTP269_ses-20_task-ltpFR2_eeg.edf,data/ds004395/sub-LTP269/ses-20/eeg/sub-LTP269_ses-20_task-ltpFR2_events.tsv
LTP269,20,12,20,FRANCE,601,2367.73,1183865,0,data/ds004395/sub-LTP269/ses-20/eeg/sub-LTP269_ses-20_task-ltpFR2_eeg.edf,data/ds004395/sub-LTP269/ses-20/eeg/sub-LTP269_ses-20_task-ltpFR2_events.tsv
LTP269,20,12,21,ITEM,746,2369.85,1184925,0,data/ds004395/sub-LTP269/ses-20/eeg/sub-LTP269_ses-20_task-ltpFR2_eeg.edf,data/ds004395/sub-LTP269/ses-20/eeg/sub-LTP269_ses-20_task-ltpFR2_events.tsv
LTP269,20,12,22,GREASE,660,2371.998,1185999,1,data/ds004395/sub-LTP269/ses-20/eeg/sub-LTP269_ses-20_task-ltpFR2_eeg.edf,data/ds004395/sub-LTP269/ses-20/eeg/sub-LTP269_ses-20_task-ltpFR2_events.tsv
LTP269,20,12,23,LIPSTICK,829,2374.346,1187173,1,data/ds004395/sub-LTP269/ses-20/eeg/sub-LTP269_ses-20_task-ltpFR2_eeg.edf,data/ds004395/sub-LTP269/ses-20/eeg/sub-LTP269_ses-20_task-ltpFR2_events.tsv
LTP269,20,12,24,TROMBONE,1508,2376.45,1188225,1,data/ds004395/sub-LTP269/ses-20/eeg/sub-LTP269_ses-20_task-ltpFR2_eeg.edf,data/ds004395/sub-LTP269/ses-20/eeg/sub-LTP269_ses-20_task-ltpFR2_events.tsv
LTP269,20,13,1,CREATURE,403,2477.734,1238867,0,data/ds004395/sub-LTP269/ses-20/eeg/sub-LTP269_ses-20_task-ltpFR2_eeg.edf,data/ds004395/sub-LTP269/ses-20/eeg/sub-LTP269_ses-20_task-ltpFR2_events.tsv
LTP269,20,13,2,JEANS,752,2480.112,1240056,1,data/ds004395/sub-LTP269/ses-20/eeg/sub-LTP269_ses-20_task-ltpFR2_eeg.edf,data/ds004395/sub-LTP269/ses-20/eeg/sub-LTP269_ses-20_task-ltpFR2_events.tsv
LTP269,20,13,3,SHORTS,1293,2482.374,1241187,1,data/ds004395/sub-LTP269/ses-20/eeg/sub-LTP269_ses-20_task-ltpFR2_eeg.edf,data/ds004395/sub-LTP269/ses-20/eeg/sub-LTP269_ses-20_task-ltpFR2_events.tsv
LTP269,20,13,4,SERVER,1272,2484.564,1242282,1,data/ds004395/sub-LTP269/ses-20/eeg/sub-LTP269_ses-20_task-ltpFR2_eeg.edf,data/ds004395/sub-LTP269/ses-20/eeg/sub-LTP269_ses-20_task-ltpFR2_events.tsv
LTP269,20,13,5,GRAPE,654,2486.698,1243349,0,data/ds004395/sub-LTP269/ses-20/eeg/sub-LTP269_ses-20_task-ltpFR2_eeg.edf,data/ds004395/sub-LTP269/ses-20/eeg/sub-LTP269_ses-20_task-ltpFR2_events.tsv
LTP269,20,13,6,LADDER,793,2488.974,1244487,1,data/ds004395/sub-LTP269/ses-20/eeg/sub-LTP269_ses-20_task-ltpFR2_eeg.edf,data/ds004395/sub-LTP269/ses-20/eeg/sub-LTP269_ses-20_task-ltpFR2_events.tsv
LTP269,20,13,7,COBRA,336,2491.408,1245704,1,data/ds004395/sub-LTP269/ses-20/eeg/sub-LTP269_ses-20_task-ltpFR2_eeg.edf,data/ds004395/sub-LTP269/ses-20/eeg/sub-LTP269_ses-20_task-ltpFR2_events.tsv
LTP269,20,13,8,COUNTY,389,2493.714,1246857,0,data/ds004395/sub-LTP269/ses-20/eeg/sub-LTP269_ses-20_task-ltpFR2_eeg.edf,data/ds004395/sub-LTP269/ses-20/eeg/sub-LTP269_ses-20_task-ltpFR2_events.tsv
LTP269,20,13,9,DOUGHNUT,490,2495.862,1247931,1,data/ds004395/sub-LTP269/ses-20/eeg/sub-LTP269_ses-20_task-ltpFR2_eeg.edf,data/ds004395/sub-LTP269/ses-20/eeg/sub-LTP269_ses-20_task-ltpFR2_events.tsv
LTP269,20,13,10,CYCLONE,431,2497.968,1248984,0,data/ds004395/sub-LTP269/ses-20/eeg/sub-LTP269_ses-20_task-ltpFR2_eeg.edf,data/ds004395/sub-LTP269/ses-20/eeg/sub-LTP269_ses-20_task-ltpFR2_events.tsv
LTP269,20,13,11,SKIRT,1319,2500.372,1250186,1,data/ds004395/sub-LTP269/ses-20/eeg/sub-LTP269_ses-20_task-ltpFR2_eeg.edf,data/ds004395/sub-LTP269/ses-20/eeg/sub-LTP269_ses-20_task-ltpFR2_events.tsv
LTP269,20,13,12,WAGON,1578,2502.522,1251261,0,data/ds004395/sub-LTP269/ses-20/eeg/sub-LTP269_ses-20_task-ltpFR2_eeg.edf,data/ds004395/sub-LTP269/ses-20/eeg/sub-LTP269_ses-20_task-ltpFR2_events.tsv
LTP269,20,13,13,COURSE,390,2504.87,1252435,0,data/ds004395/sub-LTP269/ses-20/eeg/sub-LTP269_ses-20_task-ltpFR2_eeg.edf,data/ds004395/sub-LTP269/ses-20/eeg/sub-LTP269_ses-20_task-ltpFR2_events.tsv
LTP269,20,13,14,BLOUSE,139,2507.104,1253552,1,data/ds004395/sub-LTP269/ses-20/eeg/sub-LTP269_ses-20_task-ltpFR2_eeg.edf,data/ds004395/sub-LTP269/ses-20/eeg/sub-LTP269_ses-20_task-ltpFR2_events.tsv
LTP269,20,13,15,COUNTRY,388,2509.194,1254597,0,data/ds004395/sub-LTP269/ses-20/eeg/sub-LTP269_ses-20_task-ltpFR2_eeg.edf,data/ds004395/sub-LTP269/ses-20/eeg/sub-LTP269_ses-20_task-ltpFR2_events.tsv
LTP269,20,13,16,STOMACH,1384,2511.586,1255793,1,data/ds004395/sub-LTP269/ses-20/eeg/sub-LTP269_ses-20_task-ltpFR2_eeg.edf,data/ds004395/sub-LTP269/ses-20/eeg/sub-LTP269_ses-20_task-ltpFR2_events.tsv
LTP269,20,13,17,GAZELLE,628,2513.934,1256967,0,data/ds004395/sub-LTP269/ses-20/eeg/sub-LTP269_ses-20_task-ltpFR2_eeg.edf,data/ds004395/sub-LTP269/ses-20/eeg/sub-LTP269_ses-20_task-ltpFR2_events.tsv
LTP269,20,13,18,MONSTER,912,2516.04,1258020,0,data/ds004395/sub-LTP269/ses-20/eeg/sub-LTP269_ses-20_task-ltpFR2_eeg.edf,data/ds004395/sub-LTP269/ses-20/eeg/sub-LTP269_ses-20_task-ltpFR2_events.tsv
LTP269,20,13,19,CHIPMUNK,304,2518.358,1259179,0,data/ds004395/sub-LTP269/ses-20/eeg/sub-LTP269_ses-20_task-ltpFR2_eeg.edf,data/ds004395/sub-LTP269/ses-20/eeg/sub-LTP269_ses-20_task-ltpFR2_events.tsv
LTP269,20,13,20,GIFT,635,2520.636,1260318,0,data/ds004395/sub-LTP269/ses-20/eeg/sub-LTP269_ses-20_task-ltpFR2_eeg.edf,data/ds004395/sub-LTP269/ses-20/eeg/sub-LTP269_ses-20_task-ltpFR2_events.tsv
LTP269,20,13,21,FLEET,578,2522.812,1261406,1,data/ds004395/sub-LTP269/ses-20/eeg/sub-LTP269_ses-20_task-ltpFR2_eeg.edf,data/ds004395/sub-LTP269/ses-20/eeg/sub-LTP269_ses-20_task-ltpFR2_events.tsv
LTP269,20,13,22,COLONEL,348,2525.132,1262566,1,data/ds004395/sub-LTP269/ses-20/eeg/sub-LTP269_ses-20_task-ltpFR2_eeg.edf,data/ds004395/sub-LTP269/ses-20/eeg/sub-LTP269_ses-20_task-ltpFR2_events.tsv
LTP269,20,13,23,CONTRACT,368,2527.408,1263704,1,data/ds004395/sub-LTP269/ses-20/eeg/sub-LTP269_ses-20_task-ltpFR2_eeg.edf,data/ds004395/sub-LTP269/ses-20/eeg/sub-LTP269_ses-20_task-ltpFR2_events.tsv
LTP269,20,13,24,ICING,732,2529.6,1264800,1,data/ds004395/sub-LTP269/ses-20/eeg/sub-LTP269_ses-20_task-ltpFR2_eeg.edf,data/ds004395/sub-LTP269/ses-20/eeg/sub-LTP269_ses-20_task-ltpFR2_events.tsv
LTP269,20,14,1,FRAGRANCE,599,2631.054,1315527,1,data/ds004395/sub-LTP269/ses-20/eeg/sub-LTP269_ses-20_task-ltpFR2_eeg.edf,data/ds004395/sub-LTP269/ses-20/eeg/sub-LTP269_ses-20_task-ltpFR2_events.tsv
LTP269,20,14,2,CAPTIVE,240,2633.36,1316680,1,data/ds004395/sub-LTP269/ses-20/eeg/sub-LTP269_ses-20_task-ltpFR2_eeg.edf,data/ds004395/sub-LTP269/ses-20/eeg/sub-LTP269_ses-20_task-ltpFR2_events.tsv
LTP269,20,14,3,CONVICT,371,2635.464,1317732,1,data/ds004395/sub-LTP269/ses-20/eeg/sub-LTP269_ses-20_task-ltpFR2_eeg.edf,data/ds004395/sub-LTP269/ses-20/eeg/sub-LTP269_ses-20_task-ltpFR2_events.tsv
LTP269,20,14,4,TRANSPLANT,1496,2637.856,1318928,0,data/ds004395/sub-LTP269/ses-20/eeg/sub-LTP269_ses-20_task-ltpFR2_eeg.edf,data/ds004395/sub-LTP269/ses-20/eeg/sub-LTP269_ses-20_task-ltpFR2_events.tsv
LTP269,20,14,5,SWITCH,1422,2640.104,1320052,0,data/ds004395/sub-LTP269/ses-20/eeg/sub-LTP269_ses-20_task-ltpFR2_eeg.edf,data/ds004395/sub-LTP269/ses-20/eeg/sub-LTP269_ses-20_task-ltpFR2_events.tsv
LTP269,20,14,6,NEUTRON,947,2642.28,1321140,0,data/ds004395/sub-LTP269/ses-20/eeg/sub-LTP269_ses-20_task-ltpFR2_eeg.edf,data/ds004395/sub-LTP269/ses-20/eeg/sub-LTP269_ses-20_task-ltpFR2_events.tsv
LTP269,20,14,7,IDOL,733,2644.672,1322336,0,data/ds004395/sub-LTP269/ses-20/eeg/sub-LTP269_ses-20_task-ltpFR2_eeg.edf,data/ds004395/sub-LTP269/ses-20/eeg/sub-LTP269_ses-20_task-ltpFR2_events.tsv
LTP269,20,14,8,PARTNER,1017,2647.034,1323517,0,data/ds004395/sub-LTP269/ses-20/eeg/sub-LTP269_ses-20_task-ltpFR2_eeg.edf,data/ds004395/sub-LTP269/ses-20/eeg/sub-LTP269_ses-20_task-ltpFR2_events.tsv
LTP269,20,14,9,GALLON,618,2649.354,1324677,0,data/ds004395/sub-LTP269/ses-20/eeg/sub-LTP269_ses-20_task-ltpFR2_eeg.edf,data/ds004395/sub-LTP269/ses-20/eeg/sub-LTP269_ses-20_task-ltpFR2_events.tsv
LTP269,20,14,10,ANTLER,29,2651.76,1325880,0,data/ds004395/sub-LTP269/ses-20/eeg/sub-LTP269_ses-20_task-ltpFR2_eeg.edf,data/ds004395/sub-LTP269/ses-20/eeg/sub-LTP269_ses-20_task-ltpFR2_events.tsv
LTP269,20,14,11,LOVER,846,2653.88,1326940,0,data/ds004395/sub-LTP269/ses-20/eeg/sub-LTP269_ses-20_task-ltpFR2_eeg.edf,data/ds004395/sub-LTP269/ses-20/eeg/sub-LTP269_ses-20_task-ltpFR2_events.tsv
LTP269,20,14,12,MILDEW,893,2656.028,1328014,0,data/ds004395/sub-LTP269/ses-20/eeg/sub-LTP269_ses-20_task-ltpFR2_eeg.edf,data/ds004395/sub-LTP269/ses-20/eeg/sub-LTP269_ses-20_task-ltpFR2_events.tsv
LTP269,20,14,13,POLICE,1098,2658.39,1329195,1,data/ds004395/sub-LTP269/ses-20/eeg/sub-LTP269_ses-20_task-ltpFR2_eeg.edf,data/ds004395/sub-LTP269/ses-20/eeg/sub-LTP269_ses-20_task-ltpFR2_events.tsv
LTP269,20,14,14,COMET,353,2660.81,1330405,0,data/ds004395/sub-LTP269/ses-20/eeg/sub-LTP269_ses-20_task-ltpFR2_eeg.edf,data/ds004395/sub-LTP269/ses-20/eeg/sub-LTP269_ses-20_task-ltpFR2_events.tsv
LTP269,20,14,15,THREAD,1460,2663.102,1331551,1,data/ds004395/sub-LTP269/ses-20/eeg/sub-LTP269_ses-20_task-ltpFR2_eeg.edf,data/ds004395/sub-LTP269/ses-20/eeg/sub-LTP269_ses-20_task-ltpFR2_events.tsv
LTP269,20,14,16,JUNGLE,764,2665.436,1332718,1,data/ds004395/sub-LTP269/ses-20/eeg/sub-LTP269_ses-20_task-ltpFR2_eeg.edf,data/ds004395/sub-LTP269/ses-20/eeg/sub-LTP269_ses-20_task-ltpFR2_events.tsv
LTP269,20,14,17,AWARD,63,2667.612,1333806,1,data/ds004395/sub-LTP269/ses-20/eeg/sub-LTP269_ses-20_task-ltpFR2_eeg.edf,data/ds004395/sub-LTP269/ses-20/eeg/sub-LTP269_ses-20_task-ltpFR2_events.tsv
LTP269,20,14,18,SHERIFF,1284,2669.746,1334873,1,data/ds004395/sub-LTP269/ses-20/eeg/sub-LTP269_ses-20_task-ltpFR2_eeg.edf,data/ds004395/sub-LTP269/ses-20/eeg/sub-LTP269_ses-20_task-ltpFR2_events.tsv
LTP269,20,14,19,CURTAIN,427,2671.98,1335990,0,data/ds004395/sub-LTP269/ses-20/eeg/sub-LTP269_ses-20_task-ltpFR2_eeg.edf,data/ds004395/sub-LTP269/ses-20/eeg/sub-LTP269_ses-20_task-ltpFR2_events.tsv
LTP269,20,14,20,BADGE,68,2674.4,1337200,1,data/ds004395/sub-LTP269/ses-20/eeg/sub-LTP269_ses-20_task-ltpFR2_eeg.edf,data/ds004395/sub-LTP269/ses-20/eeg/sub-LTP269_ses-20_task-ltpFR2_events.tsv
LTP269,20,14,21,VIRUS,1572,2676.776,1338388,0,data/ds004395/sub-LTP269/ses-20/eeg/sub-LTP269_ses-20_task-ltpFR2_eeg.edf,data/ds004395/sub-LTP269/ses-20/eeg/sub-LTP269_ses-20_task-ltpFR2_events.tsv
LTP269,20,14,22,CASKET,255,2679.082,1339541,0,data/ds004395/sub-LTP269/ses-20/eeg/sub-LTP269_ses-20_task-ltpFR2_eeg.edf,data/ds004395/sub-LTP269/ses-20/eeg/sub-LTP269_ses-20_task-ltpFR2_events.tsv
LTP269,20,14,23,BOYFRIEND,162,2681.172,1340586,0,data/ds004395/sub-LTP269/ses-20/eeg/sub-LTP269_ses-20_task-ltpFR2_eeg.edf,data/ds004395/sub-LTP269/ses-20/eeg/sub-LTP269_ses-20_task-ltpFR2_events.tsv
LTP269,20,14,24,FRIEND,606,2683.45,1341725,0,data/ds004395/sub-LTP269/ses-20/eeg/sub-LTP269_ses-20_task-ltpFR2_eeg.edf,data/ds004395/sub-LTP269/ses-20/eeg/sub-LTP269_ses-20_task-ltpFR2_events.tsv
LTP269,20,15,1,NOVEL,960,2806.428,1403214,1,data/ds004395/sub-LTP269/ses-20/eeg/sub-LTP269_ses-20_task-ltpFR2_eeg.edf,data/ds004395/sub-LTP269/ses-20/eeg/sub-LTP269_ses-20_task-ltpFR2_events.tsv
LTP269,20,15,2,MARSH,874,2808.818,1404409,1,data/ds004395/sub-LTP269/ses-20/eeg/sub-LTP269_ses-20_task-ltpFR2_eeg.edf,data/ds004395/sub-LTP269/ses-20/eeg/sub-LTP269_ses-20_task-ltpFR2_events.tsv
LTP269,20,15,3,SHOVEL,1295,2810.938,1405469,1,data/ds004395/sub-LTP269/ses-20/eeg/sub-LTP269_ses-20_task-ltpFR2_eeg.edf,data/ds004395/sub-LTP269/ses-20/eeg/sub-LTP269_ses-20_task-ltpFR2_events.tsv
LTP269,20,15,4,GLOVE,642,2813.056,1406528,1,data/ds004395/sub-LTP269/ses-20/eeg/sub-LTP269_ses-20_task-ltpFR2_eeg.edf,data/ds004395/sub-LTP269/ses-20/eeg/sub-LTP269_ses-20_task-ltpFR2_events.tsv
LTP269,20,15,5,ELBOW,520,2815.204,1407602,0,data/ds004395/sub-LTP269/ses-20/eeg/sub-LTP269_ses-20_task-ltpFR2_eeg.edf,data/ds004395/sub-LTP269/ses-20/eeg/sub-LTP269_ses-20_task-ltpFR2_events.tsv
LTP269,20,15,6,TOMBSTONE,1478,2817.496,1408748,1,data/ds004395/sub-LTP269/ses-20/eeg/sub-LTP269_ses-20_task-ltpFR2_eeg.edf,data/ds004395/sub-LTP269/ses-20/eeg/sub-LTP269_ses-20_task-ltpFR2_events.tsv
LTP269,20,15,7,BUCKET,184,2819.858,1409929,0,data/ds004395/sub-LTP269/ses-20/eeg/sub-LTP269_ses-20_task-ltpFR2_eeg.edf,data/ds004395/sub-LTP269/ses-20/eeg/sub-LTP269_ses-20_task-ltpFR2_events.tsv
LTP269,20,15,8,BOARD,143,2821.964,1410982,0,data/ds004395/sub-LTP269/ses-20/eeg/sub-LTP269_ses-20_task-ltpFR2_eeg.edf,data/ds004395/sub-LTP269/ses-20/eeg/sub-LTP269_ses-20_task-ltpFR2_events.tsv
LTP269,20,15,9,STREAM,1392,2824.312,1412156,0,data/ds004395/sub-LTP269/ses-20/eeg/sub-LTP269_ses-20_task-ltpFR2_eeg.edf,data/ds004395/sub-LTP269/ses-20/eeg/sub-LTP269_ses-20_task-ltpFR2_events.tsv
LTP269,20,15,10,WORLD,1622,2826.746,1413373,0,data/ds004395/sub-LTP269/ses-20/eeg/sub-LTP269_ses-20_task-ltpFR2_eeg.edf,data/ds004395/sub-LTP269/ses-20/eeg/sub-LTP269_ses-20_task-ltpFR2_events.tsv
LTP269,20,15,11,CATCHER,258,2829.138,1414569,1,data/ds004395/sub-LTP269/ses-20/eeg/sub-LTP269_ses-20_task-ltpFR2_eeg.edf,data/ds004395/sub-LTP269/ses-20/eeg/sub-LTP269_ses-20_task-ltpFR2_events.tsv
LTP269,20,15,12,JUDGE,761,2831.3,1415650,1,data/ds004395/sub-LTP269/ses-20/eeg/sub-LTP269_ses-20_task-ltpFR2_eeg.edf,data/ds004395/sub-LTP269/ses-20/eeg/sub-LTP269_ses-20_task-ltpFR2_events.tsv
LTP269,20,15,13,SUSPECT,1415,2833.548,1416774,1,data/ds004395/sub-LTP269/ses-20/eeg/sub-LTP269_ses-20_task-ltpFR2_eeg.edf,data/ds004395/sub-LTP269/ses-20/eeg/sub-LTP269_ses-20_task-ltpFR2_events.tsv
LTP269,20,15,14,ANKLE,24,2835.726,1417863,0,data/ds004395/sub-LTP269/ses-20/eeg/sub-LTP269_ses-20_task-ltpFR2_eeg.edf,data/ds004395/sub-LTP269/ses-20/eeg/sub-LTP269_ses-20_task-ltpFR2_events.tsv
LTP269,20,15,15,PLAZA,1088,2838.03,1419015,0,data/ds004395/sub-LTP269/ses-20/eeg/sub-LTP269_ses-20_task-ltpFR2_eeg.edf,data/ds004395/sub-LTP269/ses-20/eeg/sub-LTP269_ses-20_task-ltpFR2_events.tsv
LTP269,20,15,16,CATTLE,261,2840.35,1420175,0,data/ds004395/sub-LTP269/ses-20/eeg/sub-LTP269_ses-20_task-ltpFR2_eeg.edf,data/ds004395/sub-LTP269/ses-20/eeg/sub-LTP269_ses-20_task-ltpFR2_events.tsv
LTP269,20,15,17,WRENCH,1625,2842.512,1421256,0,data/ds004395/sub-LTP269/ses-20/eeg/sub-LTP269_ses-20_task-ltpFR2_eeg.edf,data/ds004395/sub-LTP269/ses-20/eeg/sub-LTP269_ses-20_task-ltpFR2_events.tsv
LTP269,20,15,18,BRANDY,169,2844.69,1422345,0,data/ds004395/sub-LTP269/ses-20/eeg/sub-LTP269_ses-20_task-ltpFR2_eeg.edf,data/ds004395/sub-LTP269/ses-20/eeg/sub-LTP269_ses-20_task-ltpFR2_events.tsv
LTP269,20,15,19,EMPIRE,530,2846.852,1423426,0,data/ds004395/sub-LTP269/ses-20/eeg/sub-LTP269_ses-20_task-ltpFR2_eeg.edf,data/ds004395/sub-LTP269/ses-20/eeg/sub-LTP269_ses-20_task-ltpFR2_events.tsv
LTP269,20,15,20,FRIAR,605,2849.086,1424543,1,data/ds004395/sub-LTP269/ses-20/eeg/sub-LTP269_ses-20_task-ltpFR2_eeg.edf,data/ds004395/sub-LTP269/ses-20/eeg/sub-LTP269_ses-20_task-ltpFR2_events.tsv
LTP269,20,15,21,SHOULDER,1294,2851.404,1425702,0,data/ds004395/sub-LTP269/ses-20/eeg/sub-LTP269_ses-20_task-ltpFR2_eeg.edf,data/ds004395/sub-LTP269/ses-20/eeg/sub-LTP269_ses-20_task-ltpFR2_events.tsv
LTP269,20,15,22,CHURCH,307,2853.724,1426862,0,data/ds004395/sub-LTP269/ses-20/eeg/sub-LTP269_ses-20_task-ltpFR2_eeg.edf,data/ds004395/sub-LTP269/ses-20/eeg/sub-LTP269_ses-20_task-ltpFR2_events.tsv
LTP269,20,15,23,TEMPLE,1448,2855.974,1427987,0,data/ds004395/sub-LTP269/ses-20/eeg/sub-LTP269_ses-20_task-ltpFR2_eeg.edf,data/ds004395/sub-LTP269/ses-20/eeg/sub-LTP269_ses-20_task-ltpFR2_events.tsv
LTP269,20,15,24,GRAVE,658,2858.392,1429196,0,data/ds004395/sub-LTP269/ses-20/eeg/sub-LTP269_ses-20_task-ltpFR2_eeg.edf,data/ds004395/sub-LTP269/ses-20/eeg/sub-LTP269_ses-20_task-ltpFR2_events.tsv
LTP269,20,16,1,WASP,1593,2981.398,1490699,1,data/ds004395/sub-LTP269/ses-20/eeg/sub-LTP269_ses-20_task-ltpFR2_eeg.edf,data/ds004395/sub-LTP269/ses-20/eeg/sub-LTP269_ses-20_task-ltpFR2_events.tsv
LTP269,20,16,2,DRINK,498,2983.632,1491816,1,data/ds004395/sub-LTP269/ses-20/eeg/sub-LTP269_ses-20_task-ltpFR2_eeg.edf,data/ds004395/sub-LTP269/ses-20/eeg/sub-LTP269_ses-20_task-ltpFR2_events.tsv
LTP269,20,16,3,CHAMPAGNE,278,2986.01,1493005,1,data/ds004395/sub-LTP269/ses-20/eeg/sub-LTP269_ses-20_task-ltpFR2_eeg.edf,data/ds004395/sub-LTP269/ses-20/eeg/sub-LTP269_ses-20_task-ltpFR2_events.tsv
LTP269,20,16,4,LEOPARD,812,2988.372,1494186,1,data/ds004395/sub-LTP269/ses-20/eeg/sub-LTP269_ses-20_task-ltpFR2_eeg.edf,data/ds004395/sub-LTP269/ses-20/eeg/sub-LTP269_ses-20_task-ltpFR2_events.tsv
LTP269,20,16,5,DIVER,476,2990.706,1495353,1,data/ds004395/sub-LTP269/ses-20/eeg/sub-LTP269_ses-20_task-ltpFR2_eeg.edf,data/ds004395/sub-LTP269/ses-20/eeg/sub-LTP269_ses-20_task-ltpFR2_events.tsv
LTP269,20,16,6,CRICKET,408,2992.896,1496448,1,data/ds004395/sub-LTP269/ses-20/eeg/sub-LTP269_ses-20_task-ltpFR2_eeg.edf,data/ds004395/sub-LTP269/ses-20/eeg/sub-LTP269_ses-20_task-ltpFR2_events.tsv
LTP269,20,16,7,TERMITE,1451,2995.246,1497623,1,data/ds004395/sub-LTP269/ses-20/eeg/sub-LTP269_ses-20_task-ltpFR2_eeg.edf,data/ds004395/sub-LTP269/ses-20/eeg/sub-LTP269_ses-20_task-ltpFR2_events.tsv
LTP269,20,16,8,HONEY,713,2997.536,1498768,1,data/ds004395/sub-LTP269/ses-20/eeg/sub-LTP269_ses-20_task-ltpFR2_eeg.edf,data/ds004395/sub-LTP269/ses-20/eeg/sub-LTP269_ses-20_task-ltpFR2_events.tsv
LTP269,20,16,9,CHEST,295,2999.684,1499842,1,data/ds004395/sub-LTP269/ses-20/eeg/sub-LTP269_ses-20_task-ltpFR2_eeg.edf,data/ds004395/sub-LTP269/ses-20/eeg/sub-LTP269_ses-20_task-ltpFR2_events.tsv
LTP269,20,16,10,TURKEY,1520,3002.048,1501024,0,data/ds004395/sub-LTP269/ses-20/eeg/sub-LTP269_ses-20_task-ltpFR2_eeg.edf,data/ds004395/sub-LTP269/ses-20/eeg/sub-LTP269_ses-20_task-ltpFR2_events.tsv
LTP269,20,16,11,COOK,372,3004.468,1502234,0,data/ds004395/sub-LTP269/ses-20/eeg/sub-LTP269_ses-20_task-ltpFR2_eeg.edf,data/ds004395/sub-LTP269/ses-20/eeg/sub-LTP269_ses-20_task-ltpFR2_events.tsv
LTP269,20,16,12,GLASS,639,3006.888,1503444,0,data/ds004395/sub-LTP269/ses-20/eeg/sub-LTP269_ses-20_task-ltpFR2_eeg.edf,data/ds004395/sub-LTP269/ses-20/eeg/sub-LTP269_ses-20_task-ltpFR2_events.tsv
LTP269,20,16,13,BANK,83,3009.022,1504511,0,data/ds004395/sub-LTP269/ses-20/eeg/sub-LTP269_ses-20_task-ltpFR2_eeg.edf,data/ds004395/sub-LTP269/ses-20/eeg/sub-LTP269_ses-20_task-ltpFR2_events.tsv
LTP269,20,16,14,DIME,466,3011.284,1505642,0,data/ds004395/sub-LTP269/ses-20/eeg/sub-LTP269_ses-20_task-ltpFR2_eeg.edf,data/ds004395/sub-LTP269/ses-20/eeg/sub-LTP269_ses-20_task-ltpFR2_events.tsv
LTP269,20,16,15,COFFEE,341,3013.532,1506766,0,data/ds004395/sub-LTP269/ses-20/eeg/sub-LTP269_ses-20_task-ltpFR2_eeg.edf,data/ds004395/sub-LTP269/ses-20/eeg/sub-LTP269_ses-20_task-ltpFR2_events.tsv
LTP269,20,16,16,MESSAGE,888,3015.966,1507983,0,data/ds004395/sub-LTP269/ses-20/eeg/sub-LTP269_ses-20_task-ltpFR2_eeg.edf,data/ds004395/sub-LTP269/ses-20/eeg/sub-LTP269_ses-20_task-ltpFR2_events.tsv
LTP269,20,16,17,STAMP,1370,3018.372,1509186,1,data/ds004395/sub-LTP269/ses-20/eeg/sub-LTP269_ses-20_task-ltpFR2_eeg.edf,data/ds004395/sub-LTP269/ses-20/eeg/sub-LTP269_ses-20_task-ltpFR2_events.tsv
LTP269,20,16,18,TOASTER,1472,3020.476,1510238,0,data/ds004395/sub-LTP269/ses-20/eeg/sub-LTP269_ses-20_task-ltpFR2_eeg.edf,data/ds004395/sub-LTP269/ses-20/eeg/sub-LTP269_ses-20_task-ltpFR2_events.tsv
LTP269,20,16,19,HORSE,719,3022.582,1511291,0,data/ds004395/sub-LTP269/ses-20/eeg/sub-LTP269_ses-20_task-ltpFR2_eeg.edf,data/ds004395/sub-LTP269/ses-20/eeg/sub-LTP269_ses-20_task-ltpFR2_events.tsv
LTP269,20,16,20,PAPER,1011,3024.96,1512480,0,data/ds004395/sub-LTP269/ses-20/eeg/sub-LTP269_ses-20_task-ltpFR2_eeg.edf,data/ds004395/sub-LTP269/ses-20/eeg/sub-LTP269_ses-20_task-ltpFR2_events.tsv
LTP269,20,16,21,QUEEN,1149,3027.336,1513668,0,data/ds004395/sub-LTP269/ses-20/eeg/sub-LTP269_ses-20_task-ltpFR2_eeg.edf,data/ds004395/sub-LTP269/ses-20/eeg/sub-LTP269_ses-20_task-ltpFR2_events.tsv
LTP269,20,16,22,KLEENEX,782,3029.77,1514885,0,data/ds004395/sub-LTP269/ses-20/eeg/sub-LTP269_ses-20_task-ltpFR2_eeg.edf,data/ds004395/sub-LTP269/ses-20/eeg/sub-LTP269_ses-20_task-ltpFR2_events.tsv
LTP269,20,16,23,BROTHER,179,3031.904,1515952,0,data/ds004395/sub-LTP269/ses-20/eeg/sub-LTP269_ses-20_task-ltpFR2_eeg.edf,data/ds004395/sub-LTP269/ses-20/eeg/sub-LTP269_ses-20_task-ltpFR2_events.tsv
LTP269,20,16,24,BINDER,127,3034.138,1517069,1,data/ds004395/sub-LTP269/ses-20/eeg/sub-LTP269_ses-20_task-ltpFR2_eeg.edf,data/ds004395/sub-LTP269/ses-20/eeg/sub-LTP269_ses-20_task-ltpFR2_events.tsv
LTP269,20,17,1,SHARK,1275,3389.938,1694969,1,data/ds004395/sub-LTP269/ses-20/eeg/sub-LTP269_ses-20_task-ltpFR2_eeg.edf,data/ds004395/sub-LTP269/ses-20/eeg/sub-LTP269_ses-20_task-ltpFR2_events.tsv
LTP269,20,17,2,POSSUM,1112,3392.172,1696086,1,data/ds004395/sub-LTP269/ses-20/eeg/sub-LTP269_ses-20_task-ltpFR2_eeg.edf,data/ds004395/sub-LTP269/ses-20/eeg/sub-LTP269_ses-20_task-ltpFR2_events.tsv
LTP269,20,17,3,BEAVER,109,3394.492,1697246,1,data/ds004395/sub-LTP269/ses-20/eeg/sub-LTP269_ses-20_task-ltpFR2_eeg.edf,data/ds004395/sub-LTP269/ses-20/eeg/sub-LTP269_ses-20_task-ltpFR2_events.tsv
LTP269,20,17,4,SCALPEL,1243,3396.668,1698334,1,data/ds004395/sub-LTP269/ses-20/eeg/sub-LTP269_ses-20_task-ltpFR2_eeg.edf,data/ds004395/sub-LTP269/ses-20/eeg/sub-LTP269_ses-20_task-ltpFR2_events.tsv
LTP269,20,17,5,DENTIST,447,3399.102,1699551,1,data/ds004395/sub-LTP269/ses-20/eeg/sub-LTP269_ses-20_task-ltpFR2_eeg.edf,data/ds004395/sub-LTP269/ses-20/eeg/sub-LTP269_ses-20_task-ltpFR2_events.tsv
LTP269,20,17,6,BACKBONE,66,3401.266,1700633,1,data/ds004395/sub-LTP269/ses-20/eeg/sub-LTP269_ses-20_task-ltpFR2_eeg.edf,data/ds004395/sub-LTP269/ses-20/eeg/sub-LTP269_ses-20_task-ltpFR2_events.tsv
LTP269,20,17,7,SCOTCH,1251,3403.6,1701800,1,data/ds004395/sub-LTP269/ses-20/eeg/sub-LTP269_ses-20_task-ltpFR2_eeg.edf,data/ds004395/sub-LTP269/ses-20/eeg/sub-LTP269_ses-20_task-ltpFR2_events.tsv
LTP269,20,17,8,WASHER,1592,3406.034,1703017,0,data/ds004395/sub-LTP269/ses-20/eeg/sub-LTP269_ses-20_task-ltpFR2_eeg.edf,data/ds004395/sub-LTP269/ses-20/eeg/sub-LTP269_ses-20_task-ltpFR2_events.tsv
LTP269,20,17,9,SLOPE,1328,3408.41,1704205,0,data/ds004395/sub-LTP269/ses-20/eeg/sub-LTP269_ses-20_task-ltpFR2_eeg.edf,data/ds004395/sub-LTP269/ses-20/eeg/sub-LTP269_ses-20_task-ltpFR2_events.tsv
LTP269,20,17,10,UMPIRE,1535,3410.586,1705293,0,data/ds004395/sub-LTP269/ses-20/eeg/sub-LTP269_ses-20_task-ltpFR2_eeg.edf,data/ds004395/sub-LTP269/ses-20/eeg/sub-LTP269_ses-20_task-ltpFR2_events.tsv
LTP269,20,17,11,LAGOON,795,3412.92,1706460,1,data/ds004395/sub-LTP269/ses-20/eeg/sub-LTP269_ses-20_task-ltpFR2_eeg.edf,data/ds004395/sub-LTP269/ses-20/eeg/sub-LTP269_ses-20_task-ltpFR2_events.tsv
LTP269,20,17,12,VALLEY,1545,3415.284,1707642,1,data/ds004395/sub-LTP269/ses-20/eeg/sub-LTP269_ses-20_task-ltpFR2_eeg.edf,data/ds004395/sub-LTP269/ses-20/eeg/sub-LTP269_ses-20_task-ltpFR2_events.tsv
LTP269,20,17,13,WHISKERS,1605,3417.432,1708716,1,data/ds004395/sub-LTP269/ses-20/eeg/sub-LTP269_ses-20_task-ltpFR2_eeg.edf,data/ds004395/sub-LTP269/ses-20/eeg/sub-LTP269_ses-20_task-ltpFR2_events.tsv
LTP269,20,17,14,FILM,565,3419.68,1709840,0,data/ds004395/sub-LTP269/ses-20/eeg/sub-LTP269_ses-20_task-ltpFR2_eeg.edf,data/ds004395/sub-LTP269/ses-20/eeg/sub-LTP269_ses-20_task-ltpFR2_events.tsv
LTP269,20,17,15,OFFICE,972,3422.014,1711007,0,data/ds004395/sub-LTP269/ses-20/eeg/sub-LTP269_ses-20_task-ltpFR2_eeg.edf,data/ds004395/sub-LTP269/ses-20/eeg/sub-LTP269_ses-20_task-ltpFR2_events.tsv
LTP269,20,17,16,CLIMBER,323,3424.204,1712102,0,data/ds004395/sub-LTP269/ses-20/eeg/sub-LTP269_ses-20_task-ltpFR2_eeg.edf,data/ds004395/sub-LTP269/ses-20/eeg/sub-LTP269_ses-20_task-ltpFR2_events.tsv
LTP269,20,17,17,APRON,35,3426.338,1713169,0,data/ds004395/sub-LTP269/ses-20/eeg/sub-LTP269_ses-20_task-ltpFR2_eeg.edf,data/ds004395/sub-LTP269/ses-20/eeg/sub-LTP269_ses-20_task-ltpFR2_events.tsv
LTP269,20,17,18,WORKER,1621,3428.774,1714387,0,data/ds004395/sub-LTP269/ses-20/eeg/sub-LTP269_ses-20_task-ltpFR2_eeg.edf,data/ds004395/sub-LTP269/ses-20/eeg/sub-LTP269_ses-20_task-ltpFR2_events.tsv
LTP269,20,17,19,PADDLE,1000,3431.108,1715554,1,data/ds004395/sub-LTP269/ses-20/eeg/sub-LTP269_ses-20_task-ltpFR2_eeg.edf,data/ds004395/sub-LTP269/ses-20/eeg/sub-LTP269_ses-20_task-ltpFR2_events.tsv
LTP269,20,17,20,PRINCE,1124,3433.456,1716728,1,data/ds004395/sub-LTP269/ses-20/eeg/sub-LTP269_ses-20_task-ltpFR2_eeg.edf,data/ds004395/sub-LTP269/ses-20/eeg/sub-LTP269_ses-20_task-ltpFR2_events.tsv
LTP269,20,17,21,PARSLEY,1016,3435.718,1717859,1,data/ds004395/sub-LTP269/ses-20/eeg/sub-LTP269_ses-20_task-ltpFR2_eeg.edf,data/ds004395/sub-LTP269/ses-20/eeg/sub-LTP269_ses-20_task-ltpFR2_events.tsv
LTP269,20,17,22,FUNGUS,614,3438.024,1719012,1,data/ds004395/sub-LTP269/ses-20/eeg/sub-LTP269_ses-20_task-ltpFR2_eeg.edf,data/ds004395/sub-LTP269/ses-20/eeg/sub-LTP269_ses-20_task-ltpFR2_events.tsv
LTP269,20,17,23,DORM,488,3440.186,1720093,0,data/ds004395/sub-LTP269/ses-20/eeg/sub-LTP269_ses-20_task-ltpFR2_eeg.edf,data/ds004395/sub-LTP269/ses-20/eeg/sub-LTP269_ses-20_task-ltpFR2_events.tsv
LTP269,20,17,24,BACON,67,3442.304,1721152,0,data/ds004395/sub-LTP269/ses-20/eeg/sub-LTP269_ses-20_task-ltpFR2_eeg.edf,data/ds004395/sub-LTP269/ses-20/eeg/sub-LTP269_ses-20_task-ltpFR2_events.tsv
LTP269,20,18,1,LILY,821,3564.896,1782448,0,data/ds004395/sub-LTP269/ses-20/eeg/sub-LTP269_ses-20_task-ltpFR2_eeg.edf,data/ds004395/sub-LTP269/ses-20/eeg/sub-LTP269_ses-20_task-ltpFR2_events.tsv
LTP269,20,18,2,INFANT,737,3567.03,1783515,0,data/ds004395/sub-LTP269/ses-20/eeg/sub-LTP269_ses-20_task-ltpFR2_eeg.edf,data/ds004395/sub-LTP269/ses-20/eeg/sub-LTP269_ses-20_task-ltpFR2_events.tsv
LTP269,20,18,3,NURSE,963,3569.192,1784596,0,data/ds004395/sub-LTP269/ses-20/eeg/sub-LTP269_ses-20_task-ltpFR2_eeg.edf,data/ds004395/sub-LTP269/ses-20/eeg/sub-LTP269_ses-20_task-ltpFR2_events.tsv
LTP269,20,18,4,CHAPEL,280,3571.484,1785742,0,data/ds004395/sub-LTP269/ses-20/eeg/sub-LTP269_ses-20_task-ltpFR2_eeg.edf,data/ds004395/sub-LTP269/ses-20/eeg/sub-LTP269_ses-20_task-ltpFR2_events.tsv
LTP269,20,18,5,CROSS,413,3573.746,1786873,0,data/ds004395/sub-LTP269/ses-20/eeg/sub-LTP269_ses-20_task-ltpFR2_eeg.edf,data/ds004395/sub-LTP269/ses-20/eeg/sub-LTP269_ses-20_task-ltpFR2_events.tsv
LTP269,20,18,6,CUSTARD,429,3575.836,1787918,0,data/ds004395/sub-LTP269/ses-20/eeg/sub-LTP269_ses-20_task-ltpFR2_eeg.edf,data/ds004395/sub-LTP269/ses-20/eeg/sub-LTP269_ses-20_task-ltpFR2_events.tsv
LTP269,20,18,7,WITNESS,1618,3578.17,1789085,0,data/ds004395/sub-LTP269/ses-20/eeg/sub-LTP269_ses-20_task-ltpFR2_eeg.edf,data/ds004395/sub-LTP269/ses-20/eeg/sub-LTP269_ses-20_task-ltpFR2_events.tsv
LTP269,20,18,8,AIRPORT,13,3580.476,1790238,0,data/ds004395/sub-LTP269/ses-20/eeg/sub-LTP269_ses-20_task-ltpFR2_eeg.edf,data/ds004395/sub-LTP269/ses-20/eeg/sub-LTP269_ses-20_task-ltpFR2_events.tsv
LTP269,20,18,9,BISON,131,3582.68,1791340,0,data/ds004395/sub-LTP269/ses-20/eeg/sub-LTP269_ses-20_task-ltpFR2_eeg.edf,data/ds004395/sub-LTP269/ses-20/eeg/sub-LTP269_ses-20_task-ltpFR2_events.tsv
LTP269,20,18,10,YARN,1631,3585.116,1792558,0,data/ds004395/sub-LTP269/ses-20/eeg/sub-LTP269_ses-20_task-ltpFR2_eeg.edf,data/ds004395/sub-LTP269/ses-20/eeg/sub-LTP269_ses-20_task-ltpFR2_events.tsv
LTP269,20,18,11,SNAKE,1333,3587.334,1793667,0,data/ds004395/sub-LTP269/ses-20/eeg/sub-LTP269_ses-20_task-ltpFR2_eeg.edf,data/ds004395/sub-LTP269/ses-20/eeg/sub-LTP269_ses-20_task-ltpFR2_events.tsv
LTP269,20,18,12,BLOCKADE,137,3589.64,1794820,0,data/ds004395/sub-LTP269/ses-20/eeg/sub-LTP269_ses-20_task-ltpFR2_eeg.edf,data/ds004395/sub-LTP269/ses-20/eeg/sub-LTP269_ses-20_task-ltpFR2_events.tsv
LTP269,20,18,13,BRICK,172,3591.774,1795887,0,data/ds004395/sub-LTP269/ses-20/eeg/sub-LTP269_ses-20_task-ltpFR2_eeg.edf,data/ds004395/sub-LTP269/ses-20/eeg/sub-LTP269_ses-20_task-ltpFR2_events.tsv
LTP269,20,18,14,PUDDLE,1140,3593.964,1796982,0,data/ds004395/sub-LTP269/ses-20/eeg/sub-LTP269_ses-20_task-ltpFR2_eeg.edf,data/ds004395/sub-LTP269/ses-20/eeg/sub-LTP269_ses-20_task-ltpFR2_events.tsv
LTP269,20,18,15,MUFFIN,929,3596.27,1798135,0,data/ds004395/sub-LTP269/ses-20/eeg/sub-LTP269_ses-20_task-ltpFR2_eeg.edf,data/ds004395/sub-LTP269/ses-20/eeg/sub-LTP269_ses-20_task-ltpFR2_events.tsv
LTP269,20,18,16,PRIMATE,1123,3598.56,1799280,0,data/ds004395/sub-LTP269/ses-20/eeg/sub-LTP269_ses-20_task-ltpFR2_eeg.edf,data/ds004395/sub-LTP269/ses-20/eeg/sub-LTP269_ses-20_task-ltpFR2_events.tsv
LTP269,20,18,17,COUSIN,392,3600.652,1800326,0,data/ds004395/sub-LTP269/ses-20/eeg/sub-LTP269_ses-20_task-ltpFR2_eeg.edf,data/ds004395/sub-LTP269/ses-20/eeg/sub-LTP269_ses-20_task-ltpFR2_events.tsv
LTP269,20,18,18,BURGLAR,200,3603.072,1801536,1,data/ds004395/sub-LTP269/ses-20/eeg/sub-LTP269_ses-20_task-ltpFR2_eeg.edf,data/ds004395/sub-LTP269/ses-20/eeg/sub-LTP269_ses-20_task-ltpFR2_events.tsv
LTP269,20,18,19,FIREMAN,569,3605.478,1802739,0,data/ds004395/sub-LTP269/ses-20/eeg/sub-LTP269_ses-20_task-ltpFR2_eeg.edf,data/ds004395/sub-LTP269/ses-20/eeg/sub-LTP269_ses-20_task-ltpFR2_events.tsv
LTP269,20,18,20,PALACE,1006,3607.84,1803920,0,data/ds004395/sub-LTP269/ses-20/eeg/sub-LTP269_ses-20_task-ltpFR2_eeg.edf,data/ds004395/sub-LTP269/ses-20/eeg/sub-LTP269_ses-20_task-ltpFR2_events.tsv
LTP269,20,18,21,PRINCESS,1125,3610.218,1805109,0,data/ds004395/sub-LTP269/ses-20/eeg/sub-LTP269_ses-20_task-ltpFR2_eeg.edf,data/ds004395/sub-LTP269/ses-20/eeg/sub-LTP269_ses-20_task-ltpFR2_events.tsv
LTP269,20,18,22,MASK,876,3612.594,1806297,0,data/ds004395/sub-LTP269/ses-20/eeg/sub-LTP269_ses-20_task-ltpFR2_eeg.edf,data/ds004395/sub-LTP269/ses-20/eeg/sub-LTP269_ses-20_task-ltpFR2_events.tsv
LTP269,20,18,23,POWDER,1117,3614.972,1807486,0,data/ds004395/sub-LTP269/ses-20/eeg/sub-LTP269_ses-20_task-ltpFR2_eeg.edf,data/ds004395/sub-LTP269/ses-20/eeg/sub-LTP269_ses-20_task-ltpFR2_events.tsv
LTP269,20,18,24,FLOWER,584,3617.334,1808667,1,data/ds004395/sub-LTP269/ses-20/eeg/sub-LTP269_ses-20_task-ltpFR2_eeg.edf,data/ds004395/sub-LTP269/ses-20/eeg/sub-LTP269_ses-20_task-ltpFR2_events.tsv
LTP269,20,19,1,CEILING,265,3739.982,1869991,1,data/ds004395/sub-LTP269/ses-20/eeg/sub-LTP269_ses-20_task-ltpFR2_eeg.edf,data/ds004395/sub-LTP269/ses-20/eeg/sub-LTP269_ses-20_task-ltpFR2_events.tsv
LTP269,20,19,2,GARBAGE,622,3742.144,1871072,0,data/ds004395/sub-LTP269/ses-20/eeg/sub-LTP269_ses-20_task-ltpFR2_eeg.edf,data/ds004395/sub-LTP269/ses-20/eeg/sub-LTP269_ses-20_task-ltpFR2_events.tsv
LTP269,20,19,3,CAMEL,223,3744.492,1872246,1,data/ds004395/sub-LTP269/ses-20/eeg/sub-LTP269_ses-20_task-ltpFR2_eeg.edf,data/ds004395/sub-LTP269/ses-20/eeg/sub-LTP269_ses-20_task-ltpFR2_events.tsv
LTP269,20,19,4,STOVE,1388,3746.87,1873435,1,data/ds004395/sub-LTP269/ses-20/eeg/sub-LTP269_ses-20_task-ltpFR2_eeg.edf,data/ds004395/sub-LTP269/ses-20/eeg/sub-LTP269_ses-20_task-ltpFR2_events.tsv
LTP269,20,19,5,PISTOL,1075,3749.204,1874602,1,data/ds004395/sub-LTP269/ses-20/eeg/sub-LTP269_ses-20_task-ltpFR2_eeg.edf,data/ds004395/sub-LTP269/ses-20/eeg/sub-LTP269_ses-20_task-ltpFR2_events.tsv
LTP269,20,19,6,EGYPT,519,3751.452,1875726,1,data/ds004395/sub-LTP269/ses-20/eeg/sub-LTP269_ses-20_task-ltpFR2_eeg.edf,data/ds004395/sub-LTP269/ses-20/eeg/sub-LTP269_ses-20_task-ltpFR2_events.tsv
LTP269,20,19,7,SPIDER,1351,3753.6,1876800,0,data/ds004395/sub-LTP269/ses-20/eeg/sub-LTP269_ses-20_task-ltpFR2_eeg.edf,data/ds004395/sub-LTP269/ses-20/eeg/sub-LTP269_ses-20_task-ltpFR2_events.tsv
LTP269,20,19,8,COCOON,339,3755.806,1877903,0,data/ds004395/sub-LTP269/ses-20/eeg/sub-LTP269_ses-20_task-ltpFR2_eeg.edf,data/ds004395/sub-LTP269/ses-20/eeg/sub-LTP269_ses-20_task-ltpFR2_events.tsv
LTP269,20,19,9,TRENCH,1503,3757.996,1878998,0,data/ds004395/sub-LTP269/ses-20/eeg/sub-LTP269_ses-20_task-ltpFR2_eeg.edf,data/ds004395/sub-LTP269/ses-20/eeg/sub-LTP269_ses-20_task-ltpFR2_events.tsv
LTP269,20,19,10,LAVA,804,3760.116,1880058,0,data/ds004395/sub-LTP269/ses-20/eeg/sub-LTP269_ses-20_task-ltpFR2_eeg.edf,data/ds004395/sub-LTP269/ses-20/eeg/sub-LTP269_ses-20_task-ltpFR2_events.tsv
LTP269,20,19,11,LADY,794,3762.378,1881189,0,data/ds004395/sub-LTP269/ses-20/eeg/sub-LTP269_ses-20_task-ltpFR2_eeg.edf,data/ds004395/sub-LTP269/ses-20/eeg/sub-LTP269_ses-20_task-ltpFR2_events.tsv
LTP269,20,19,12,PLASTER,1085,3764.612,1882306,0,data/ds004395/sub-LTP269/ses-20/eeg/sub-LTP269_ses-20_task-ltpFR2_eeg.edf,data/ds004395/sub-LTP269/ses-20/eeg/sub-LTP269_ses-20_task-ltpFR2_events.tsv
LTP269,20,19,13,MACHINE,852,3766.788,1883394,0,data/ds004395/sub-LTP269/ses-20/eeg/sub-LTP269_ses-20_task-ltpFR2_eeg.edf,data/ds004395/sub-LTP269/ses-20/eeg/sub-LTP269_ses-20_task-ltpFR2_events.tsv
LTP269,20,19,14,HOSTESS,723,3768.908,1884454,0,data/ds004395/sub-LTP269/ses-20/eeg/sub-LTP269_ses-20_task-ltpFR2_eeg.edf,data/ds004395/sub-LTP269/ses-20/eeg/sub-LTP269_ses-20_task-ltpFR2_events.tsv
LTP269,20,19,15,WAITER,1580,3771.028,1885514,0,data/ds004395/sub-LTP269/ses-20/eeg/sub-LTP269_ses-20_task-ltpFR2_eeg.edf,data/ds004395/sub-LTP269/ses-20/eeg/sub-LTP269_ses-20_task-ltpFR2_events.tsv
LTP269,20,19,16,ULCER,1533,3773.19,1886595,0,data/ds004395/sub-LTP269/ses-20/eeg/sub-LTP269_ses-20_task-ltpFR2_eeg.edf,data/ds004395/sub-LTP269/ses-20/eeg/sub-LTP269_ses-20_task-ltpFR2_events.tsv
LTP269,20,19,17,YOLK,1633,3775.424,1887712,0,data/ds004395/sub-LTP269/ses-20/eeg/sub-LTP269_ses-20_task-ltpFR2_eeg.edf,data/ds004395/sub-LTP269/ses-20/eeg/sub-LTP269_ses-20_task-ltpFR2_events.tsv
LTP269,20,19,18,BREAST,171,3777.672,1888836,1,data/ds004395/sub-LTP269/ses-20/eeg/sub-LTP269_ses-20_task-ltpFR2_eeg.edf,data/ds004395/sub-LTP269/ses-20/eeg/sub-LTP269_ses-20_task-ltpFR2_events.tsv
LTP269,20,19,19,CIGAR,308,3779.948,1889974,1,data/ds004395/sub-LTP269/ses-20/eeg/sub-LTP269_ses-20_task-ltpFR2_eeg.edf,data/ds004395/sub-LTP269/ses-20/eeg/sub-LTP269_ses-20_task-ltpFR2_events.tsv
LTP269,20,19,20,MISTER,901,3782.054,1891027,1,data/ds004395/sub-LTP269/ses-20/eeg/sub-LTP269_ses-20_task-ltpFR2_eeg.edf,data/ds004395/sub-LTP269/ses-20/eeg/sub-LTP269_ses-20_task-ltpFR2_events.tsv
LTP269,20,19,21,FINGER,567,3784.358,1892179,0,data/ds004395/sub-LTP269/ses-20/eeg/sub-LTP269_ses-20_task-ltpFR2_eeg.edf,data/ds004395/sub-LTP269/ses-20/eeg/sub-LTP269_ses-20_task-ltpFR2_events.tsv
LTP269,20,19,22,PARROT,1015,3786.736,1893368,1,data/ds004395/sub-LTP269/ses-20/eeg/sub-LTP269_ses-20_task-ltpFR2_eeg.edf,data/ds004395/sub-LTP269/ses-20/eeg/sub-LTP269_ses-20_task-ltpFR2_events.tsv
LTP269,20,19,23,STATUE,1374,3788.97,1894485,1,data/ds004395/sub-LTP269/ses-20/eeg/sub-LTP269_ses-20_task-ltpFR2_eeg.edf,data/ds004395/sub-LTP269/ses-20/eeg/sub-LTP269_ses-20_task-ltpFR2_events.tsv
LTP269,20,19,24,CONCERT,360,3791.104,1895552,0,data/ds004395/sub-LTP269/ses-20/eeg/sub-LTP269_ses-20_task-ltpFR2_eeg.edf,data/ds004395/sub-LTP269/ses-20/eeg/sub-LTP269_ses-20_task-ltpFR2_events.tsv
LTP269,20,20,1,MUMMY,932,3892.416,1946208,0,data/ds004395/sub-LTP269/ses-20/eeg/sub-LTP269_ses-20_task-ltpFR2_eeg.edf,data/ds004395/sub-LTP269/ses-20/eeg/sub-LTP269_ses-20_task-ltpFR2_events.tsv
LTP269,20,20,2,LUGGAGE,847,3894.664,1947332,0,data/ds004395/sub-LTP269/ses-20/eeg/sub-LTP269_ses-20_task-ltpFR2_eeg.edf,data/ds004395/sub-LTP269/ses-20/eeg/sub-LTP269_ses-20_task-ltpFR2_events.tsv
LTP269,20,20,3,CANAL,226,3897.054,1948527,0,data/ds004395/sub-LTP269/ses-20/eeg/sub-LTP269_ses-20_task-ltpFR2_eeg.edf,data/ds004395/sub-LTP269/ses-20/eeg/sub-LTP269_ses-20_task-ltpFR2_events.tsv
LTP269,20,20,4,RIVER,1194,3899.23,1949615,0,data/ds004395/sub-LTP269/ses-20/eeg/sub-LTP269_ses-20_task-ltpFR2_eeg.edf,data/ds004395/sub-LTP269/ses-20/eeg/sub-LTP269_ses-20_task-ltpFR2_events.tsv
LTP269,20,20,5,JUGGLER,763,3901.65,1950825,0,data/ds004395/sub-LTP269/ses-20/eeg/sub-LTP269_ses-20_task-ltpFR2_eeg.edf,data/ds004395/sub-LTP269/ses-20/eeg/sub-LTP269_ses-20_task-ltpFR2_events.tsv
LTP269,20,20,6,CLOUD,328,3903.828,1951914,0,data/ds004395/sub-LTP269/ses-20/eeg/sub-LTP269_ses-20_task-ltpFR2_eeg.edf,data/ds004395/sub-LTP269/ses-20/eeg/sub-LTP269_ses-20_task-ltpFR2_events.tsv
LTP269,20,20,7,DRESSER,496,3906.004,1953002,0,data/ds004395/sub-LTP269/ses-20/eeg/sub-LTP269_ses-20_task-ltpFR2_eeg.edf,data/ds004395/sub-LTP269/ses-20/eeg/sub-LTP269_ses-20_task-ltpFR2_events.tsv
LTP269,20,20,8,TOURIST,1488,3908.324,1954162,0,data/ds004395/sub-LTP269/ses-20/eeg/sub-LTP269_ses-20_task-ltpFR2_eeg.edf,data/ds004395/sub-LTP269/ses-20/eeg/sub-LTP269_ses-20_task-ltpFR2_events.tsv
LTP269,20,20,9,VICTIM,1562,3910.644,1955322,0,data/ds004395/sub-LTP269/ses-20/eeg/sub-LTP269_ses-20_task-ltpFR2_eeg.edf,data/ds004395/sub-LTP269/ses-20/eeg/sub-LTP269_ses-20_task-ltpFR2_events.tsv
LTP269,20,20,10,SPHINX,1349,3912.878,1956439,0,data/ds004395/sub-LTP269/ses-20/eeg/sub-LTP269_ses-20_task-ltpFR2_eeg.edf,data/ds004395/sub-LTP269/ses-20/eeg/sub-LTP269_ses-20_task-ltpFR2_events.tsv
LTP269,20,20,11,LODGE,839,3915.298,1957649,0,data/ds004395/sub-LTP269/ses-20/eeg/sub-LTP269_ses-20_task-ltpFR2_eeg.edf,data/ds004395/sub-LTP269/ses-20/eeg/sub-LTP269_ses-20_task-ltpFR2_events.tsv
LTP269,20,20,12,WINDOW,1611,3917.388,1958694,0,data/ds004395/sub-LTP269/ses-20/eeg/sub-LTP269_ses-20_task-ltpFR2_eeg.edf,data/ds004395/sub-LTP269/ses-20/eeg/sub-LTP269_ses-20_task-ltpFR2_events.tsv
LTP269,20,20,13,DANCER,437,3919.636,1959818,0,data/ds004395/sub-LTP269/ses-20/eeg/sub-LTP269_ses-20_task-ltpFR2_eeg.edf,data/ds004395/sub-LTP269/ses-20/eeg/sub-LTP269_ses-20_task-ltpFR2_events.tsv
LTP269,20,20,14,LEG,809,3921.756,1960878,0,data/ds004395/sub-LTP269/ses-20/eeg/sub-LTP269_ses-20_task-ltpFR2_eeg.edf,data/ds004395/sub-LTP269/ses-20/eeg/sub-LTP269_ses-20_task-ltpFR2_events.tsv
LTP269,20,20,15,HORNET,718,3924.162,1962081,0,data/ds004395/sub-LTP269/ses-20/eeg/sub-LTP269_ses-20_task-ltpFR2_eeg.edf,data/ds004395/sub-LTP269/ses-20/eeg/sub-LTP269_ses-20_task-ltpFR2_events.tsv
LTP269,20,20,16,GRIZZLY,662,3926.452,1963226,1,data/ds004395/sub-LTP269/ses-20/eeg/sub-LTP269_ses-20_task-ltpFR2_eeg.edf,data/ds004395/sub-LTP269/ses-20/eeg/sub-LTP269_ses-20_task-ltpFR2_events.tsv
LTP269,20,20,17,BEAST,108,3928.616,1964308,1,data/ds004395/sub-LTP269/ses-20/eeg/sub-LTP269_ses-20_task-ltpFR2_eeg.edf,data/ds004395/sub-LTP269/ses-20/eeg/sub-LTP269_ses-20_task-ltpFR2_events.tsv
LTP269,20,20,18,BROOK,177,3930.706,1965353,1,data/ds004395/sub-LTP269/ses-20/eeg/sub-LTP269_ses-20_task-ltpFR2_eeg.edf,data/ds004395/sub-LTP269/ses-20/eeg/sub-LTP269_ses-20_task-ltpFR2_events.tsv
LTP269,20,20,19,FIREPLACE,570,3933.054,1966527,1,data/ds004395/sub-LTP269/ses-20/eeg/sub-LTP269_ses-20_task-ltpFR2_eeg.edf,data/ds004395/sub-LTP269/ses-20/eeg/sub-LTP269_ses-20_task-ltpFR2_events.tsv
LTP269,20,20,20,STAKE,1368,3935.158,1967579,1,data/ds004395/sub-LTP269/ses-20/eeg/sub-LTP269_ses-20_task-ltpFR2_eeg.edf,data/ds004395/sub-LTP269/ses-20/eeg/sub-LTP269_ses-20_task-ltpFR2_events.tsv
LTP269,20,20,21,FIDDLE,561,3937.35,1968675,1,data/ds004395/sub-LTP269/ses-20/eeg/sub-LTP269_ses-20_task-ltpFR2_eeg.edf,data/ds004395/sub-LTP269/ses-20/eeg/sub-LTP269_ses-20_task-ltpFR2_events.tsv
LTP269,20,20,22,SLIDE,1326,3939.454,1969727,0,data/ds004395/sub-LTP269/ses-20/eeg/sub-LTP269_ses-20_task-ltpFR2_eeg.edf,data/ds004395/sub-LTP269/ses-20/eeg/sub-LTP269_ses-20_task-ltpFR2_events.tsv
LTP269,20,20,23,SMOG,1330,3941.588,1970794,0,data/ds004395/sub-LTP269/ses-20/eeg/sub-LTP269_ses-20_task-ltpFR2_eeg.edf,data/ds004395/sub-LTP269/ses-20/eeg/sub-LTP269_ses-20_task-ltpFR2_events.tsv
LTP269,20,20,24,LABEL,790,3943.708,1971854,0,data/ds004395/sub-LTP269/ses-20/eeg/sub-LTP269_ses-20_task-ltpFR2_eeg.edf,data/ds004395/sub-LTP269/ses-20/eeg/sub-LTP269_ses-20_task-ltpFR2_events.tsv
LTP269,20,21,1,HEDGE,699,4045.176,2022588,0,data/ds004395/sub-LTP269/ses-20/eeg/sub-LTP269_ses-20_task-ltpFR2_eeg.edf,data/ds004395/sub-LTP269/ses-20/eeg/sub-LTP269_ses-20_task-ltpFR2_events.tsv
LTP269,20,21,2,DENIM,446,4047.354,2023677,1,data/ds004395/sub-LTP269/ses-20/eeg/sub-LTP269_ses-20_task-ltpFR2_eeg.edf,data/ds004395/sub-LTP269/ses-20/eeg/sub-LTP269_ses-20_task-ltpFR2_events.tsv
LTP269,20,21,3,TURTLE,1522,4049.76,2024880,0,data/ds004395/sub-LTP269/ses-20/eeg/sub-LTP269_ses-20_task-ltpFR2_eeg.edf,data/ds004395/sub-LTP269/ses-20/eeg/sub-LTP269_ses-20_task-ltpFR2_events.tsv
LTP269,20,21,4,SHRUB,1299,4052.022,2026011,0,data/ds004395/sub-LTP269/ses-20/eeg/sub-LTP269_ses-20_task-ltpFR2_eeg.edf,data/ds004395/sub-LTP269/ses-20/eeg/sub-LTP269_ses-20_task-ltpFR2_events.tsv
LTP269,20,21,5,BRANCH,168,4054.256,2027128,0,data/ds004395/sub-LTP269/ses-20/eeg/sub-LTP269_ses-20_task-ltpFR2_eeg.edf,data/ds004395/sub-LTP269/ses-20/eeg/sub-LTP269_ses-20_task-ltpFR2_events.tsv
LTP269,20,21,6,HOOK,715,4056.374,2028187,0,data/ds004395/sub-LTP269/ses-20/eeg/sub-LTP269_ses-20_task-ltpFR2_eeg.edf,data/ds004395/sub-LTP269/ses-20/eeg/sub-LTP269_ses-20_task-ltpFR2_events.tsv
LTP269,20,21,7,TWEEZERS,1526,4058.494,2029247,0,data/ds004395/sub-LTP269/ses-20/eeg/sub-LTP269_ses-20_task-ltpFR2_eeg.edf,data/ds004395/sub-LTP269/ses-20/eeg/sub-LTP269_ses-20_task-ltpFR2_events.tsv
LTP269,20,21,8,LAMP,798,4060.714,2030357,0,data/ds004395/sub-LTP269/ses-20/eeg/sub-LTP269_ses-20_task-ltpFR2_eeg.edf,data/ds004395/sub-LTP269/ses-20/eeg/sub-LTP269_ses-20_task-ltpFR2_events.tsv
LTP269,20,21,9,FLASHLIGHT,575,4063.048,2031524,0,data/ds004395/sub-LTP269/ses-20/eeg/sub-LTP269_ses-20_task-ltpFR2_eeg.edf,data/ds004395/sub-LTP269/ses-20/eeg/sub-LTP269_ses-20_task-ltpFR2_events.tsv
LTP269,20,21,10,TABLET,1427,4065.196,2032598,0,data/ds004395/sub-LTP269/ses-20/eeg/sub-LTP269_ses-20_task-ltpFR2_eeg.edf,data/ds004395/sub-LTP269/ses-20/eeg/sub-LTP269_ses-20_task-ltpFR2_events.tsv
LTP269,20,21,11,WIFE,1609,4067.572,2033786,0,data/ds004395/sub-LTP269/ses-20/eeg/sub-LTP269_ses-20_task-ltpFR2_eeg.edf,data/ds004395/sub-LTP269/ses-20/eeg/sub-LTP269_ses-20_task-ltpFR2_events.tsv
LTP269,20,21,12,LACE,792,4069.892,2034946,0,data/ds004395/sub-LTP269/ses-20/eeg/sub-LTP269_ses-20_task-ltpFR2_eeg.edf,data/ds004395/sub-LTP269/ses-20/eeg/sub-LTP269_ses-20_task-ltpFR2_events.tsv
LTP269,20,21,13,PARENT,1013,4072.084,2036042,0,data/ds004395/sub-LTP269/ses-20/eeg/sub-LTP269_ses-20_task-ltpFR2_eeg.edf,data/ds004395/sub-LTP269/ses-20/eeg/sub-LTP269_ses-20_task-ltpFR2_events.tsv
LTP269,20,21,14,SISTER,1312,4074.288,2037144,0,data/ds004395/sub-LTP269/ses-20/eeg/sub-LTP269_ses-20_task-ltpFR2_eeg.edf,data/ds004395/sub-LTP269/ses-20/eeg/sub-LTP269_ses-20_task-ltpFR2_events.tsv
LTP269,20,21,15,GHETTO,633,4076.58,2038290,0,data/ds004395/sub-LTP269/ses-20/eeg/sub-LTP269_ses-20_task-ltpFR2_eeg.edf,data/ds004395/sub-LTP269/ses-20/eeg/sub-LTP269_ses-20_task-ltpFR2_events.tsv
LTP269,20,21,16,HEADBAND,696,4078.814,2039407,0,data/ds004395/sub-LTP269/ses-20/eeg/sub-LTP269_ses-20_task-ltpFR2_eeg.edf,data/ds004395/sub-LTP269/ses-20/eeg/sub-LTP269_ses-20_task-ltpFR2_events.tsv
LTP269,20,21,17,PISTON,1076,4081.206,2040603,0,data/ds004395/sub-LTP269/ses-20/eeg/sub-LTP269_ses-20_task-ltpFR2_eeg.edf,data/ds004395/sub-LTP269/ses-20/eeg/sub-LTP269_ses-20_task-ltpFR2_events.tsv
LTP269,20,21,18,HOOD,714,4083.496,2041748,0,data/ds004395/sub-LTP269/ses-20/eeg/sub-LTP269_ses-20_task-ltpFR2_eeg.edf,data/ds004395/sub-LTP269/ses-20/eeg/sub-LTP269_ses-20_task-ltpFR2_events.tsv
LTP269,20,21,19,PIGMENT,1066,4085.83,2042915,0,data/ds004395/sub-LTP269/ses-20/eeg/sub-LTP269_ses-20_task-ltpFR2_eeg.edf,data/ds004395/sub-LTP269/ses-20/eeg/sub-LTP269_ses-20_task-ltpFR2_events.tsv
LTP269,20,21,20,KIDNEY,776,4087.978,2043989,1,data/ds004395/sub-LTP269/ses-20/eeg/sub-LTP269_ses-20_task-ltpFR2_eeg.edf,data/ds004395/sub-LTP269/ses-20/eeg/sub-LTP269_ses-20_task-ltpFR2_events.tsv
LTP269,20,21,21,RABBIT,1152,4090.24,2045120,1,data/ds004395/sub-LTP269/ses-20/eeg/sub-LTP269_ses-20_task-ltpFR2_eeg.edf,data/ds004395/sub-LTP269/ses-20/eeg/sub-LTP269_ses-20_task-ltpFR2_events.tsv
LTP269,20,21,22,VAGRANT,1544,4092.646,2046323,1,data/ds004395/sub-LTP269/ses-20/eeg/sub-LTP269_ses-20_task-ltpFR2_eeg.edf,data/ds004395/sub-LTP269/ses-20/eeg/sub-LTP269_ses-20_task-ltpFR2_events.tsv
LTP269,20,21,23,PICNIC,1060,4094.794,2047397,1,data/ds004395/sub-LTP269/ses-20/eeg/sub-LTP269_ses-20_task-ltpFR2_eeg.edf,data/ds004395/sub-LTP269/ses-20/eeg/sub-LTP269_ses-20_task-ltpFR2_events.tsv
LTP269,20,21,24,KITCHEN,778,4096.956,2048478,1,data/ds004395/sub-LTP269/ses-20/eeg/sub-LTP269_ses-20_task-ltpFR2_eeg.edf,data/ds004395/sub-LTP269/ses-20/eeg/sub-LTP269_ses-20_task-ltpFR2_events.tsv
LTP269,20,22,1,SCARECROW,1245,4220.048,2110024,0,data/ds004395/sub-LTP269/ses-20/eeg/sub-LTP269_ses-20_task-ltpFR2_eeg.edf,data/ds004395/sub-LTP269/ses-20/eeg/sub-LTP269_ses-20_task-ltpFR2_events.tsv
LTP269,20,22,2,PEANUT,1032,4222.296,2111148,0,data/ds004395/sub-LTP269/ses-20/eeg/sub-LTP269_ses-20_task-ltpFR2_eeg.edf,data/ds004395/sub-LTP269/ses-20/eeg/sub-LTP269_ses-20_task-ltpFR2_events.tsv
LTP269,20,22,3,STALLION,1369,4224.716,2112358,1,data/ds004395/sub-LTP269/ses-20/eeg/sub-LTP269_ses-20_task-ltpFR2_eeg.edf,data/ds004395/sub-LTP269/ses-20/eeg/sub-LTP269_ses-20_task-ltpFR2_events.tsv
LTP269,20,22,4,SNAIL,1332,4227.136,2113568,0,data/ds004395/sub-LTP269/ses-20/eeg/sub-LTP269_ses-20_task-ltpFR2_eeg.edf,data/ds004395/sub-LTP269/ses-20/eeg/sub-LTP269_ses-20_task-ltpFR2_events.tsv
LTP269,20,22,5,VELVET,1555,4229.414,2114707,0,data/ds004395/sub-LTP269/ses-20/eeg/sub-LTP269_ses-20_task-ltpFR2_eeg.edf,data/ds004395/sub-LTP269/ses-20/eeg/sub-LTP269_ses-20_task-ltpFR2_events.tsv
LTP269,20,22,6,NOMAD,955,4231.532,2115766,0,data/ds004395/sub-LTP269/ses-20/eeg/sub-LTP269_ses-20_task-ltpFR2_eeg.edf,data/ds004395/sub-LTP269/ses-20/eeg/sub-LTP269_ses-20_task-ltpFR2_events.tsv
LTP269,20,22,7,COWBOY,395,4233.71,2116855,1,data/ds004395/sub-LTP269/ses-20/eeg/sub-LTP269_ses-20_task-ltpFR2_eeg.edf,data/ds004395/sub-LTP269/ses-20/eeg/sub-LTP269_ses-20_task-ltpFR2_events.tsv
LTP269,20,22,8,GLOBE,641,4235.958,2117979,0,data/ds004395/sub-LTP269/ses-20/eeg/sub-LTP269_ses-20_task-ltpFR2_eeg.edf,data/ds004395/sub-LTP269/ses-20/eeg/sub-LTP269_ses-20_task-ltpFR2_events.tsv
LTP269,20,22,9,CRAYON,401,4238.348,2119174,0,data/ds004395/sub-LTP269/ses-20/eeg/sub-LTP269_ses-20_task-ltpFR2_eeg.edf,data/ds004395/sub-LTP269/ses-20/eeg/sub-LTP269_ses-20_task-ltpFR2_events.tsv
LTP269,20,22,10,CHAUFFEUR,283,4240.698,2120349,0,data/ds004395/sub-LTP269/ses-20/eeg/sub-LTP269_ses-20_task-ltpFR2_eeg.edf,data/ds004395/sub-LTP269/ses-20/eeg/sub-LTP269_ses-20_task-ltpFR2_events.tsv
LTP269,20,22,11,HATCHET,691,4242.802,2121401,1,data/ds004395/sub-LTP269/ses-20/eeg/sub-LTP269_ses-20_task-ltpFR2_eeg.edf,data/ds004395/sub-LTP269/ses-20/eeg/sub-LTP269_ses-20_task-ltpFR2_events.tsv
LTP269,20,22,12,KNIFE,785,4245.022,2122511,0,data/ds004395/sub-LTP269/ses-20/eeg/sub-LTP269_ses-20_task-ltpFR2_eeg.edf,data/ds004395/sub-LTP269/ses-20/eeg/sub-LTP269_ses-20_task-ltpFR2_events.tsv
LTP269,20,22,13,DANDRUFF,439,4247.212,2123606,0,data/ds004395/sub-LTP269/ses-20/eeg/sub-LTP269_ses-20_task-ltpFR2_eeg.edf,data/ds004395/sub-LTP269/ses-20/eeg/sub-LTP269_ses-20_task-ltpFR2_events.tsv
LTP269,20,22,14,HOUND,724,4249.604,2124802,0,data/ds004395/sub-LTP269/ses-20/eeg/sub-LTP269_ses-20_task-ltpFR2_eeg.edf,data/ds004395/sub-LTP269/ses-20/eeg/sub-LTP269_ses-20_task-ltpFR2_events.tsv
LTP269,20,22,15,PUPPY,1144,4251.924,2125962,0,data/ds004395/sub-LTP269/ses-20/eeg/sub-LTP269_ses-20_task-ltpFR2_eeg.edf,data/ds004395/sub-LTP269/ses-20/eeg/sub-LTP269_ses-20_task-ltpFR2_events.tsv
LTP269,20,22,16,SIBLING,1301,4254.114,2127057,0,data/ds004395/sub-LTP269/ses-20/eeg/sub-LTP269_ses-20_task-ltpFR2_eeg.edf,data/ds004395/sub-LTP269/ses-20/eeg/sub-LTP269_ses-20_task-ltpFR2_events.tsv
LTP269,20,22,17,SADDLE,1221,4256.306,2128153,0,data/ds004395/sub-LTP269/ses-20/eeg/sub-LTP269_ses-20_task-ltpFR2_eeg.edf,data/ds004395/sub-LTP269/ses-20/eeg/sub-LTP269_ses-20_task-ltpFR2_events.tsv
LTP269,20,22,18,SURVEY,1414,4258.526,2129263,0,data/ds004395/sub-LTP269/ses-20/eeg/sub-LTP269_ses-20_task-ltpFR2_eeg.edf,data/ds004395/sub-LTP269/ses-20/eeg/sub-LTP269_ses-20_task-ltpFR2_events.tsv
LTP269,20,22,19,FARMER,553,4260.916,2130458,0,data/ds004395/sub-LTP269/ses-20/eeg/sub-LTP269_ses-20_task-ltpFR2_eeg.edf,data/ds004395/sub-LTP269/ses-20/eeg/sub-LTP269_ses-20_task-ltpFR2_events.tsv
LTP269,20,22,20,FLESH,579,4263.194,2131597,0,data/ds004395/sub-LTP269/ses-20/eeg/sub-LTP269_ses-20_task-ltpFR2_eeg.edf,data/ds004395/sub-LTP269/ses-20/eeg/sub-LTP269_ses-20_task-ltpFR2_events.tsv
LTP269,20,22,21,RECORD,1176,4265.414,2132707,0,data/ds004395/sub-LTP269/ses-20/eeg/sub-LTP269_ses-20_task-ltpFR2_eeg.edf,data/ds004395/sub-LTP269/ses-20/eeg/sub-LTP269_ses-20_task-ltpFR2_events.tsv
LTP269,20,22,22,YACHT,1629,4267.762,2133881,0,data/ds004395/sub-LTP269/ses-20/eeg/sub-LTP269_ses-20_task-ltpFR2_eeg.edf,data/ds004395/sub-LTP269/ses-20/eeg/sub-LTP269_ses-20_task-ltpFR2_events.tsv
LTP269,20,22,23,SAUSAGE,1238,4270.138,2135069,0,data/ds004395/sub-LTP269/ses-20/eeg/sub-LTP269_ses-20_task-ltpFR2_eeg.edf,data/ds004395/sub-LTP269/ses-20/eeg/sub-LTP269_ses-20_task-ltpFR2_events.tsv
LTP269,20,22,24,LIVER,833,4272.372,2136186,0,data/ds004395/sub-LTP269/ses-20/eeg/sub-LTP269_ses-20_task-ltpFR2_eeg.edf,data/ds004395/sub-LTP269/ses-20/eeg/sub-LTP269_ses-20_task-ltpFR2_events.tsv
LTP269,20,23,1,BUG,187,4373.612,2186806,0,data/ds004395/sub-LTP269/ses-20/eeg/sub-LTP269_ses-20_task-ltpFR2_eeg.edf,data/ds004395/sub-LTP269/ses-20/eeg/sub-LTP269_ses-20_task-ltpFR2_events.tsv
LTP269,20,23,2,HANDBAG,684,4375.918,2187959,0,data/ds004395/sub-LTP269/ses-20/eeg/sub-LTP269_ses-20_task-ltpFR2_eeg.edf,data/ds004395/sub-LTP269/ses-20/eeg/sub-LTP269_ses-20_task-ltpFR2_events.tsv
LTP269,20,23,3,PENGUIN,1044,4378.108,2189054,0,data/ds004395/sub-LTP269/ses-20/eeg/sub-LTP269_ses-20_task-ltpFR2_eeg.edf,data/ds004395/sub-LTP269/ses-20/eeg/sub-LTP269_ses-20_task-ltpFR2_events.tsv
LTP269,20,23,4,HUSBAND,728,4380.328,2190164,0,data/ds004395/sub-LTP269/ses-20/eeg/sub-LTP269_ses-20_task-ltpFR2_eeg.edf,data/ds004395/sub-LTP269/ses-20/eeg/sub-LTP269_ses-20_task-ltpFR2_events.tsv
LTP269,20,23,5,LETTUCE,814,4382.534,2191267,0,data/ds004395/sub-LTP269/ses-20/eeg/sub-LTP269_ses-20_task-ltpFR2_eeg.edf,data/ds004395/sub-LTP269/ses-20/eeg/sub-LTP269_ses-20_task-ltpFR2_events.tsv
LTP269,20,23,6,RUST,1219,4384.638,2192319,0,data/ds004395/sub-LTP269/ses-20/eeg/sub-LTP269_ses-20_task-ltpFR2_eeg.edf,data/ds004395/sub-LTP269/ses-20/eeg/sub-LTP269_ses-20_task-ltpFR2_events.tsv
LTP269,20,23,7,THRONE,1461,4386.816,2193408,0,data/ds004395/sub-LTP269/ses-20/eeg/sub-LTP269_ses-20_task-ltpFR2_eeg.edf,data/ds004395/sub-LTP269/ses-20/eeg/sub-LTP269_ses-20_task-ltpFR2_events.tsv
LTP269,20,23,8,COUCH,386,4389.006,2194503,0,data/ds004395/sub-LTP269/ses-20/eeg/sub-LTP269_ses-20_task-ltpFR2_eeg.edf,data/ds004395/sub-LTP269/ses-20/eeg/sub-LTP269_ses-20_task-ltpFR2_events.tsv
LTP269,20,23,9,TABLE,1426,4391.096,2195548,0,data/ds004395/sub-LTP269/ses-20/eeg/sub-LTP269_ses-20_task-ltpFR2_eeg.edf,data/ds004395/sub-LTP269/ses-20/eeg/sub-LTP269_ses-20_task-ltpFR2_events.tsv
LTP269,20,23,10,ROD,1203,4393.458,2196729,0,data/ds004395/sub-LTP269/ses-20/eeg/sub-LTP269_ses-20_task-ltpFR2_eeg.edf,data/ds004395/sub-LTP269/ses-20/eeg/sub-LTP269_ses-20_task-ltpFR2_events.tsv
LTP269,20,23,11,SANDWICH,1232,4395.808,2197904,0,data/ds004395/sub-LTP269/ses-20/eeg/sub-LTP269_ses-20_task-ltpFR2_eeg.edf,data/ds004395/sub-LTP269/ses-20/eeg/sub-LTP269_ses-20_task-ltpFR2_events.tsv
LTP269,20,23,12,TRUCK,1512,4398.084,2199042,0,data/ds004395/sub-LTP269/ses-20/eeg/sub-LTP269_ses-20_task-ltpFR2_eeg.edf,data/ds004395/sub-LTP269/ses-20/eeg/sub-LTP269_ses-20_task-ltpFR2_events.tsv
LTP269,20,23,13,GUARD,667,4400.304,2200152,0,data/ds004395/sub-LTP269/ses-20/eeg/sub-LTP269_ses-20_task-ltpFR2_eeg.edf,data/ds004395/sub-LTP269/ses-20/eeg/sub-LTP269_ses-20_task-ltpFR2_events.tsv
LTP269,20,23,14,POET,1095,4402.566,2201283,0,data/ds004395/sub-LTP269/ses-20/eeg/sub-LTP269_ses-20_task-ltpFR2_eeg.edf,data/ds004395/sub-LTP269/ses-20/eeg/sub-LTP269_ses-20_task-ltpFR2_events.tsv
LTP269,20,23,15,BEEF,113,4404.716,2202358,0,data/ds004395/sub-LTP269/ses-20/eeg/sub-LTP269_ses-20_task-ltpFR2_eeg.edf,data/ds004395/sub-LTP269/ses-20/eeg/sub-LTP269_ses-20_task-ltpFR2_events.tsv
LTP269,20,23,16,TRACTOR,1493,4407.106,2203553,0,data/ds004395/sub-LTP269/ses-20/eeg/sub-LTP269_ses-20_task-ltpFR2_eeg.edf,data/ds004395/sub-LTP269/ses-20/eeg/sub-LTP269_ses-20_task-ltpFR2_events.tsv
LTP269,20,23,17,PORTRAIT,1111,4409.482,2204741,1,data/ds004395/sub-LTP269/ses-20/eeg/sub-LTP269_ses-20_task-ltpFR2_eeg.edf,data/ds004395/sub-LTP269/ses-20/eeg/sub-LTP269_ses-20_task-ltpFR2_events.tsv
LTP269,20,23,18,GRILL,661,4411.73,2205865,1,data/ds004395/sub-LTP269/ses-20/eeg/sub-LTP269_ses-20_task-ltpFR2_eeg.edf,data/ds004395/sub-LTP269/ses-20/eeg/sub-LTP269_ses-20_task-ltpFR2_events.tsv
LTP269,20,23,19,CABBAGE,210,4414.166,2207083,1,data/ds004395/sub-LTP269/ses-20/eeg/sub-LTP269_ses-20_task-ltpFR2_eeg.edf,data/ds004395/sub-LTP269/ses-20/eeg/sub-LTP269_ses-20_task-ltpFR2_events.tsv
LTP269,20,23,20,DUSTPAN,509,4416.314,2208157,1,data/ds004395/sub-LTP269/ses-20/eeg/sub-LTP269_ses-20_task-ltpFR2_eeg.edf,data/ds004395/sub-LTP269/ses-20/eeg/sub-LTP269_ses-20_task-ltpFR2_events.tsv
LTP269,20,23,21,DUST,508,4418.662,2209331,1,data/ds004395/sub-LTP269/ses-20/eeg/sub-LTP269_ses-20_task-ltpFR2_eeg.edf,data/ds004395/sub-LTP269/ses-20/eeg/sub-LTP269_ses-20_task-ltpFR2_events.tsv
LTP269,20,23,22,WARDROBE,1587,4420.91,2210455,0,data/ds004395/sub-LTP269/ses-20/eeg/sub-LTP269_ses-20_task-ltpFR2_eeg.edf,data/ds004395/sub-LTP269/ses-20/eeg/sub-LTP269_ses-20_task-ltpFR2_events.tsv
LTP269,20,23,23,SCRIBBLE,1256,4423.216,2211608,0,data/ds004395/sub-LTP269/ses-20/eeg/sub-LTP269_ses-20_task-ltpFR2_eeg.edf,data/ds004395/sub-LTP269/ses-20/eeg/sub-LTP269_ses-20_task-ltpFR2_events.tsv
LTP269,20,23,24,SODA,1341,4425.636,2212818,1,data/ds004395/sub-LTP269/ses-20/eeg/sub-LTP269_ses-20_task-ltpFR2_eeg.edf,data/ds004395/sub-LTP269/ses-20/eeg/sub-LTP269_ses-20_task-ltpFR2_events.tsv
LTP269,20,24,1,ASIA,46,4548.356,2274178,0,data/ds004395/sub-LTP269/ses-20/eeg/sub-LTP269_ses-20_task-ltpFR2_eeg.edf,data/ds004395/sub-LTP269/ses-20/eeg/sub-LTP269_ses-20_task-ltpFR2_events.tsv
LTP269,20,24,2,STAR,1373,4550.532,2275266,0,data/ds004395/sub-LTP269/ses-20/eeg/sub-LTP269_ses-20_task-ltpFR2_eeg.edf,data/ds004395/sub-LTP269/ses-20/eeg/sub-LTP269_ses-20_task-ltpFR2_events.tsv
LTP269,20,24,3,SHIRT,1287,4552.65,2276325,0,data/ds004395/sub-LTP269/ses-20/eeg/sub-LTP269_ses-20_task-ltpFR2_eeg.edf,data/ds004395/sub-LTP269/ses-20/eeg/sub-LTP269_ses-20_task-ltpFR2_events.tsv
LTP269,20,24,4,LAPEL,800,4554.814,2277407,0,data/ds004395/sub-LTP269/ses-20/eeg/sub-LTP269_ses-20_task-ltpFR2_eeg.edf,data/ds004395/sub-LTP269/ses-20/eeg/sub-LTP269_ses-20_task-ltpFR2_events.tsv
LTP269,20,24,5,SERVANT,1271,4557.148,2278574,0,data/ds004395/sub-LTP269/ses-20/eeg/sub-LTP269_ses-20_task-ltpFR2_eeg.edf,data/ds004395/sub-LTP269/ses-20/eeg/sub-LTP269_ses-20_task-ltpFR2_events.tsv
LTP269,20,24,6,WAITRESS,1581,4559.252,2279626,0,data/ds004395/sub-LTP269/ses-20/eeg/sub-LTP269_ses-20_task-ltpFR2_eeg.edf,data/ds004395/sub-LTP269/ses-20/eeg/sub-LTP269_ses-20_task-ltpFR2_events.tsv
LTP269,20,24,7,WRIST,1626,4561.4,2280700,0,data/ds004395/sub-LTP269/ses-20/eeg/sub-LTP269_ses-20_task-ltpFR2_eeg.edf,data/ds004395/sub-LTP269/ses-20/eeg/sub-LTP269_ses-20_task-ltpFR2_events.tsv
LTP269,20,24,8,FLAG,573,4563.576,2281788,0,data/ds004395/sub-LTP269/ses-20/eeg/sub-LTP269_ses-20_task-ltpFR2_eeg.edf,data/ds004395/sub-LTP269/ses-20/eeg/sub-LTP269_ses-20_task-ltpFR2_events.tsv
LTP269,20,24,9,JAPAN,749,4565.696,2282848,0,data/ds004395/sub-LTP269/ses-20/eeg/sub-LTP269_ses-20_task-ltpFR2_eeg.edf,data/ds004395/sub-LTP269/ses-20/eeg/sub-LTP269_ses-20_task-ltpFR2_events.tsv
LTP269,20,24,10,COLLEGE,346,4567.858,2283929,0,data/ds004395/sub-LTP269/ses-20/eeg/sub-LTP269_ses-20_task-ltpFR2_eeg.edf,data/ds004395/sub-LTP269/ses-20/eeg/sub-LTP269_ses-20_task-ltpFR2_events.tsv
LTP269,20,24,11,GAVEL,627,4570.206,2285103,0,data/ds004395/sub-LTP269/ses-20/eeg/sub-LTP269_ses-20_task-ltpFR2_eeg.edf,data/ds004395/sub-LTP269/ses-20/eeg/sub-LTP269_ses-20_task-ltpFR2_events.tsv
LTP269,20,24,12,DONKEY,484,4572.44,2286220,0,data/ds004395/sub-LTP269/ses-20/eeg/sub-LTP269_ses-20_task-ltpFR2_eeg.edf,data/ds004395/sub-LTP269/ses-20/eeg/sub-LTP269_ses-20_task-ltpFR2_events.tsv
LTP269,20,24,13,BRACES,164,4574.618,2287309,0,data/ds004395/sub-LTP269/ses-20/eeg/sub-LTP269_ses-20_task-ltpFR2_eeg.edf,data/ds004395/sub-LTP269/ses-20/eeg/sub-LTP269_ses-20_task-ltpFR2_events.tsv
LTP269,20,24,14,CRITIC,410,4576.894,2288447,0,data/ds004395/sub-LTP269/ses-20/eeg/sub-LTP269_ses-20_task-ltpFR2_eeg.edf,data/ds004395/sub-LTP269/ses-20/eeg/sub-LTP269_ses-20_task-ltpFR2_events.tsv
LTP269,20,24,15,THIEF,1456,4579.056,2289528,0,data/ds004395/sub-LTP269/ses-20/eeg/sub-LTP269_ses-20_task-ltpFR2_eeg.edf,data/ds004395/sub-LTP269/ses-20/eeg/sub-LTP269_ses-20_task-ltpFR2_events.tsv
LTP269,20,24,16,CHILD,299,4581.318,2290659,0,data/ds004395/sub-LTP269/ses-20/eeg/sub-LTP269_ses-20_task-ltpFR2_eeg.edf,data/ds004395/sub-LTP269/ses-20/eeg/sub-LTP269_ses-20_task-ltpFR2_events.tsv
LTP269,20,24,17,GROUND,666,4583.71,2291855,0,data/ds004395/sub-LTP269/ses-20/eeg/sub-LTP269_ses-20_task-ltpFR2_eeg.edf,data/ds004395/sub-LTP269/ses-20/eeg/sub-LTP269_ses-20_task-ltpFR2_events.tsv
LTP269,20,24,18,MAMMAL,861,4585.872,2292936,1,data/ds004395/sub-LTP269/ses-20/eeg/sub-LTP269_ses-20_task-ltpFR2_eeg.edf,data/ds004395/sub-LTP269/ses-20/eeg/sub-LTP269_ses-20_task-ltpFR2_events.tsv
LTP269,20,24,19,BLADE,134,4588.034,2294017,0,data/ds004395/sub-LTP269/ses-20/eeg/sub-LTP269_ses-20_task-ltpFR2_eeg.edf,data/ds004395/sub-LTP269/ses-20/eeg/sub-LTP269_ses-20_task-ltpFR2_events.tsv
LTP269,20,24,20,OUTLAW,989,4590.226,2295113,1,data/ds004395/sub-LTP269/ses-20/eeg/sub-LTP269_ses-20_task-ltpFR2_eeg.edf,data/ds004395/sub-LTP269/ses-20/eeg/sub-LTP269_ses-20_task-ltpFR2_events.tsv
LTP269,20,24,21,OUTDOORS,987,4592.344,2296172,1,data/ds004395/sub-LTP269/ses-20/eeg/sub-LTP269_ses-20_task-ltpFR2_eeg.edf,data/ds004395/sub-LTP269/ses-20/eeg/sub-LTP269_ses-20_task-ltpFR2_events.tsv
LTP269,20,24,22,PANTHER,1009,4594.664,2297332,1,data/ds004395/sub-LTP269/ses-20/eeg/sub-LTP269_ses-20_task-ltpFR2_eeg.edf,data/ds004395/sub-LTP269/ses-20/eeg/sub-LTP269_ses-20_task-ltpFR2_events.tsv
LTP269,20,24,23,CRIB,407,4596.812,2298406,1,data/ds004395/sub-LTP269/ses-20/eeg/sub-LTP269_ses-20_task-ltpFR2_eeg.edf,data/ds004395/sub-LTP269/ses-20/eeg/sub-LTP269_ses-20_task-ltpFR2_events.tsv
LTP269,20,24,24,AIRPLANE,12,4598.988,2299494,0,data/ds004395/sub-LTP269/ses-20/eeg/sub-LTP269_ses-20_task-ltpFR2_eeg.edf,data/ds004395/sub-LTP269/ses-20/eeg/sub-LTP269_ses-20_task-ltpFR2_events.tsv
