subject,session,trial,serialpos,word,item_num,onset,sample,recalled,eeg_file,event_file
LTP269,12,1,1,JELLY,755,288.232,144116,1,data/ds004395/sub-LTP269/ses-12/eeg/sub-LTP269_ses-12_task-ltpFR2_eeg.edf,data/ds004395/sub-LTP269/ses-12/eeg/sub-LTP269_ses-12_task-ltpFR2_events.tsv
LTP269,12,1,2,SHORTCAKE,1292,290.8,145400,1,data/ds004395/sub-LTP269/ses-12/eeg/sub-LTP269_ses-12_task-ltpFR2_eeg.edf,data/ds004395/sub-LTP269/ses-12/eeg/sub-LTP269_ses-12_task-ltpFR2_events.tsv
LTP269,12,1,3,TROMBONE,1508,293.23,146615,0,data/ds004395/sub-LTP269/ses-12/eeg/sub-LTP269_ses-12_task-ltpFR2_eeg.edf,data/ds004395/sub-LTP269/ses-12/eeg/sub-LTP269_ses-12_task-ltpFR2_events.tsv
LTP269,12,1,4,GUITAR,670,295.782,147891,0,data/ds004395/sub-LTP269/ses-12/eeg/sub-LTP269_ses-12_task-ltpFR2_eeg.edf,data/ds004395/sub-LTP269/ses-12/eeg/sub-LTP269_ses-12_task-ltpFR2_events.tsv
LTP269,12,1,5,FARMER,553,298.2,149100,1,data/ds004395/sub-LTP269/ses-12/eeg/sub-LTP269_ses-12_task-ltpFR2_eeg.edf,data/ds004395/sub-LTP269/ses-12/eeg/sub-LTP269_ses-12_task-ltpFR2_events.tsv
LTP269,12,1,6,PICNIC,1060,300.834,150417,1,data/ds004395/sub-LTP269/ses-12/eeg/sub-LTP269_ses-12_task-ltpFR2_eeg.edf,data/ds004395/sub-LTP269/ses-12/eeg/sub-LTP269_ses-12_task-ltpFR2_events.tsv
LTP269,12,1,7,MAILMAN,858,303.442,151721,1,data/ds004395/sub-LTP269/ses-12/eeg/sub-LTP269_ses-12_task-ltpFR2_eeg.edf,data/ds004395/sub-LTP269/ses-12/eeg/sub-LTP269_ses-12_task-ltpFR2_events.tsv
LTP269,12,1,8,PLUTO,1092,306.09,153045,1,data/ds004395/sub-LTP269/ses-12/eeg/sub-LTP269_ses-12_task-ltpFR2_eeg.edf,data/ds004395/sub-LTP269/ses-12/eeg/sub-LTP269_ses-12_task-ltpFR2_events.tsv
LTP269,12,1,9,SOFTBALL,1343,308.858,154429,1,data/ds004395/sub-LTP269/ses-12/eeg/sub-LTP269_ses-12_task-ltpFR2_eeg.edf,data/ds004395/sub-LTP269/ses-12/eeg/sub-LTP269_ses-12_task-ltpFR2_events.tsv
LTP269,12,1,10,UMPIRE,1535,311.366,155683,1,data/ds004395/sub-LTP269/ses-12/eeg/sub-LTP269_ses-12_task-ltpFR2_eeg.edf,data/ds004395/sub-LTP269/ses-12/eeg/sub-LTP269_ses-12_task-ltpFR2_events.tsv
LTP269,12,1,11,SUMMIT,1405,314.146,157073,0,data/ds004395/sub-LTP269/ses-12/eeg/sub-LTP269_ses-12_task-ltpFR2_eeg.edf,data/ds004395/sub-LTP269/ses-12/eeg/sub-LTP269_ses-12_task-ltpFR2_events.tsv
LTP269,12,1,12,SURVEY,1414,316.602,158301,0,data/ds004395/sub-LTP269/ses-12/eeg/sub-LTP269_ses-12_task-ltpFR2_eeg.edf,data/ds004395/sub-LTP269/ses-12/eeg/sub-LTP269_ses-12_task-ltpFR2_events.tsv
LTP269,12,1,13,LADDER,793,319.268,159634,1,data/ds004395/sub-LTP269/ses-12/eeg/sub-LTP269_ses-12_task-ltpFR2_eeg.edf,data/ds004395/sub-LTP269/ses-12/eeg/sub-LTP269_ses-12_task-ltpFR2_events.tsv
LTP269,12,1,14,PORTRAIT,1111,321.802,160901,1,data/ds004395/sub-LTP269/ses-12/eeg/sub-LTP269_ses-12_task-ltpFR2_eeg.edf,data/ds004395/sub-LTP269/ses-12/eeg/sub-LTP269_ses-12_task-ltpFR2_events.tsv
LTP269,12,1,15,SKETCH,1315,324.572,162286,1,data/ds004395/sub-LTP269/ses-12/eeg/sub-LTP269_ses-12_task-ltpFR2_eeg.edf,data/ds004395/sub-LTP269/ses-12/eeg/sub-LTP269_ses-12_task-ltpFR2_events.tsv
LTP269,12,1,16,GIFT,635,327.226,163613,0,data/ds004395/sub-LTP269/ses-12/eeg/sub-LTP269_ses-12_task-ltpFR2_eeg.edf,data/ds004395/sub-LTP269/ses-12/eeg/sub-LTP269_ses-12_task-ltpFR2_events.tsv
LTP269,12,1,17,RATTLE,1170,329.976,164988,0,data/ds004395/sub-LTP269/ses-12/eeg/sub-LTP269_ses-12_task-ltpFR2_eeg.edf,data/ds004395/sub-LTP269/ses-12/eeg/sub-LTP269_ses-12_task-ltpFR2_events.tsv
LTP269,12,1,18,TUTU,1524,332.546,166273,1,data/ds004395/sub-LTP269/ses-12/eeg/sub-LTP269_ses-12_task-ltpFR2_eeg.edf,data/ds004395/sub-LTP269/ses-12/eeg/sub-LTP269_ses-12_task-ltpFR2_events.tsv
LTP269,12,1,19,KEEPER,769,335.082,167541,1,data/ds004395/sub-LTP269/ses-12/eeg/sub-LTP269_ses-12_task-ltpFR2_eeg.edf,data/ds004395/sub-LTP269/ses-12/eeg/sub-LTP269_ses-12_task-ltpFR2_events.tsv
LTP269,12,1,20,SHRUB,1299,337.732,168866,0,data/ds004395/sub-LTP269/ses-12/eeg/sub-LTP269_ses-12_task-ltpFR2_eeg.edf,data/ds004395/sub-LTP269/ses-12/eeg/sub-LTP269_ses-12_task-ltpFR2_events.tsv
LTP269,12,1,21,COFFEE,341,340.252,170126,0,data/ds004395/sub-LTP269/ses-12/eeg/sub-LTP269_ses-12_task-ltpFR2_eeg.edf,data/ds004395/sub-LTP269/ses-12/eeg/sub-LTP269_ses-12_task-ltpFR2_events.tsv
LTP269,12,1,22,POISON,1096,343.004,171502,0,data/ds004395/sub-LTP269/ses-12/eeg/sub-LTP269_ses-12_task-ltpFR2_eeg.edf,data/ds004395/sub-LTP269/ses-12/eeg/sub-LTP269_ses-12_task-ltpFR2_events.tsv
LTP269,12,1,23,ZIPPER,1636,345.822,172911,0,data/ds004395/sub-LTP269/ses-12/eeg/sub-LTP269_ses-12_task-ltpFR2_eeg.edf,data/ds004395/sub-LTP269/ses-12/eeg/sub-LTP269_ses-12_task-ltpFR2_events.tsv
LTP269,12,1,24,BANQUET,86,348.374,174187,0,data/ds004395/sub-LTP269/ses-12/eeg/sub-LTP269_ses-12_task-ltpFR2_eeg.edf,data/ds004395/sub-LTP269/ses-12/eeg/sub-LTP269_ses-12_task-ltpFR2_events.tsv
LTP269,12,2,1,CABIN,211,466.27,233135,0,data/ds004395/sub-LTP269/ses-12/eeg/sub-LTP269_ses-12_task-ltpFR2_eeg.edf,data/ds004395/sub-LTP269/ses-12/eeg/sub-LTP269_ses-12_task-ltpFR2_events.tsv
LTP269,12,2,2,QUAIL,1147,468.744,234372,0,data/ds004395/sub-LTP269/ses-12/eeg/sub-LTP269_ses-12_task-ltpFR2_eeg.edf,data/ds004395/sub-LTP269/ses-12/eeg/sub-LTP269_ses-12_task-ltpFR2_events.tsv
LTP269,12,2,3,ARM,38,471.192,235596,1,data/ds004395/sub-LTP269/ses-12/eeg/sub-LTP269_ses-12_task-ltpFR2_eeg.edf,data/ds004395/sub-LTP269/ses-12/eeg/sub-LTP269_ses-12_task-ltpFR2_events.tsv
LTP269,12,2,4,HOOD,714,473.982,236991,1,data/ds004395/sub-LTP269/ses-12/eeg/sub-LTP269_ses-12_task-ltpFR2_eeg.edf,data/ds004395/sub-LTP269/ses-12/eeg/sub-LTP269_ses-12_task-ltpFR2_events.tsv
LTP269,12,2,5,SHIRT,1287,476.56,238280,0,data/ds004395/sub-LTP269/ses-12/eeg/sub-LTP269_ses-12_task-ltpFR2_eeg.edf,data/ds004395/sub-LTP269/ses-12/eeg/sub-LTP269_ses-12_task-ltpFR2_events.tsv
LTP269,12,2,6,FLESH,579,479.288,239644,1,data/ds004395/sub-LTP269/ses-12/eeg/sub-LTP269_ses-12_task-ltpFR2_eeg.edf,data/ds004395/sub-LTP269/ses-12/eeg/sub-LTP269_ses-12_task-ltpFR2_events.tsv
LTP269,12,2,7,ANKLE,24,481.854,240927,1,data/ds004395/sub-LTP269/ses-12/eeg/sub-LTP269_ses-12_task-ltpFR2_eeg.edf,data/ds004395/sub-LTP269/ses-12/eeg/sub-LTP269_ses-12_task-ltpFR2_events.tsv
LTP269,12,2,8,CHEST,295,484.34,242170,1,data/ds004395/sub-LTP269/ses-12/eeg/sub-LTP269_ses-12_task-ltpFR2_eeg.edf,data/ds004395/sub-LTP269/ses-12/eeg/sub-LTP269_ses-12_task-ltpFR2_events.tsv
LTP269,12,2,9,FOREHEAD,592,487.104,243552,0,data/ds004395/sub-LTP269/ses-12/eeg/sub-LTP269_ses-12_task-ltpFR2_eeg.edf,data/ds004395/sub-LTP269/ses-12/eeg/sub-LTP269_ses-12_task-ltpFR2_events.tsv
LTP269,12,2,10,TYPIST,1532,489.654,244827,0,data/ds004395/sub-LTP269/ses-12/eeg/sub-LTP269_ses-12_task-ltpFR2_eeg.edf,data/ds004395/sub-LTP269/ses-12/eeg/sub-LTP269_ses-12_task-ltpFR2_events.tsv
LTP269,12,2,11,REBEL,1172,492.266,246133,1,data/ds004395/sub-LTP269/ses-12/eeg/sub-LTP269_ses-12_task-ltpFR2_eeg.edf,data/ds004395/sub-LTP269/ses-12/eeg/sub-LTP269_ses-12_task-ltpFR2_events.tsv
LTP269,12,2,12,COWBOY,395,494.776,247388,1,data/ds004395/sub-LTP269/ses-12/eeg/sub-LTP269_ses-12_task-ltpFR2_eeg.edf,data/ds004395/sub-LTP269/ses-12/eeg/sub-LTP269_ses-12_task-ltpFR2_events.tsv
LTP269,12,2,13,PIGEON,1065,497.378,248689,1,data/ds004395/sub-LTP269/ses-12/eeg/sub-LTP269_ses-12_task-ltpFR2_eeg.edf,data/ds004395/sub-LTP269/ses-12/eeg/sub-LTP269_ses-12_task-ltpFR2_events.tsv
LTP269,12,2,14,PLIERS,1089,499.92,249960,1,data/ds004395/sub-LTP269/ses-12/eeg/sub-LTP269_ses-12_task-ltpFR2_eeg.edf,data/ds004395/sub-LTP269/ses-12/eeg/sub-LTP269_ses-12_task-ltpFR2_events.tsv
LTP269,12,2,15,TEMPLE,1448,502.506,251253,0,data/ds004395/sub-LTP269/ses-12/eeg/sub-LTP269_ses-12_task-ltpFR2_eeg.edf,data/ds004395/sub-LTP269/ses-12/eeg/sub-LTP269_ses-12_task-ltpFR2_events.tsv
LTP269,12,2,16,MOP,916,505.202,252601,0,data/ds004395/sub-LTP269/ses-12/eeg/sub-LTP269_ses-12_task-ltpFR2_eeg.edf,data/ds004395/sub-LTP269/ses-12/eeg/sub-LTP269_ses-12_task-ltpFR2_events.tsv
LTP269,12,2,17,MARKET,871,507.662,253831,0,data/ds004395/sub-LTP269/ses-12/eeg/sub-LTP269_ses-12_task-ltpFR2_eeg.edf,data/ds004395/sub-LTP269/ses-12/eeg/sub-LTP269_ses-12_task-ltpFR2_events.tsv
LTP269,12,2,18,BEAKER,104,510.296,255148,0,data/ds004395/sub-LTP269/ses-12/eeg/sub-LTP269_ses-12_task-ltpFR2_eeg.edf,data/ds004395/sub-LTP269/ses-12/eeg/sub-LTP269_ses-12_task-ltpFR2_events.tsv
LTP269,12,2,19,NIGHTGOWN,953,512.914,256457,0,data/ds004395/sub-LTP269/ses-12/eeg/sub-LTP269_ses-12_task-ltpFR2_eeg.edf,data/ds004395/sub-LTP269/ses-12/eeg/sub-LTP269_ses-12_task-ltpFR2_events.tsv
LTP269,12,2,20,SCRIBBLE,1256,515.676,257838,0,data/ds004395/sub-LTP269/ses-12/eeg/sub-LTP269_ses-12_task-ltpFR2_eeg.edf,data/ds004395/sub-LTP269/ses-12/eeg/sub-LTP269_ses-12_task-ltpFR2_events.tsv
LTP269,12,2,21,VALVE,1546,518.128,259064,0,data/ds004395/sub-LTP269/ses-12/eeg/sub-LTP269_ses-12_task-ltpFR2_eeg.edf,data/ds004395/sub-LTP269/ses-12/eeg/sub-LTP269_ses-12_task-ltpFR2_events.tsv
LTP269,12,2,22,DASHBOARD,441,520.896,260448,0,data/ds004395/sub-LTP269/ses-12/eeg/sub-LTP269_ses-12_task-ltpFR2_eeg.edf,data/ds004395/sub-LTP269/ses-12/eeg/sub-LTP269_ses-12_task-ltpFR2_events.tsv
LTP269,12,2,23,SCALPEL,1243,523.49,261745,1,data/ds004395/sub-LTP269/ses-12/eeg/sub-LTP269_ses-12_task-ltpFR2_eeg.edf,data/ds004395/sub-LTP269/ses-12/eeg/sub-LTP269_ses-12_task-ltpFR2_events.tsv
LTP269,12,2,24,CRICKET,408,526.144,263072,0,data/ds004395/sub-LTP269/ses-12/eeg/sub-LTP269_ses-12_task-ltpFR2_eeg.edf,data/ds004395/sub-LTP269/ses-12/eeg/sub-LTP269_ses-12_task-ltpFR2_events.tsv
LTP269,12,3,1,GYMNAST,675,669.08,334540,1,data/ds004395/sub-LTP269/ses-12/eeg/sub-LTP269_ses-12_task-ltpFR2_eeg.edf,data/ds004395/sub-LTP269/ses-12/eeg/sub-LTP269_ses-12_task-ltpFR2_events.tsv
LTP269,12,3,2,FOOTBALL,591,671.88,335940,1,data/ds004395/sub-LTP269/ses-12/eeg/sub-LTP269_ses-12_task-ltpFR2_eeg.edf,data/ds004395/sub-LTP269/ses-12/eeg/sub-LTP269_ses-12_task-ltpFR2_events.tsv
LTP269,12,3,3,RIFLE,1192,674.682,337341,1,data/ds004395/sub-LTP269/ses-12/eeg/sub-LTP269_ses-12_task-ltpFR2_eeg.edf,data/ds004395/sub-LTP269/ses-12/eeg/sub-LTP269_ses-12_task-ltpFR2_events.tsv
LTP269,12,3,4,PEBBLE,1035,677.352,338676,1,data/ds004395/sub-LTP269/ses-12/eeg/sub-LTP269_ses-12_task-ltpFR2_eeg.edf,data/ds004395/sub-LTP269/ses-12/eeg/sub-LTP269_ses-12_task-ltpFR2_events.tsv
LTP269,12,3,5,VIKING,1565,679.77,339885,1,data/ds004395/sub-LTP269/ses-12/eeg/sub-LTP269_ses-12_task-ltpFR2_eeg.edf,data/ds004395/sub-LTP269/ses-12/eeg/sub-LTP269_ses-12_task-ltpFR2_events.tsv
LTP269,12,3,6,BUBBLE,183,682.426,341213,1,data/ds004395/sub-LTP269/ses-12/eeg/sub-LTP269_ses-12_task-ltpFR2_eeg.edf,data/ds004395/sub-LTP269/ses-12/eeg/sub-LTP269_ses-12_task-ltpFR2_events.tsv
LTP269,12,3,7,BATHTUB,100,685.092,342546,1,data/ds004395/sub-LTP269/ses-12/eeg/sub-LTP269_ses-12_task-ltpFR2_eeg.edf,data/ds004395/sub-LTP269/ses-12/eeg/sub-LTP269_ses-12_task-ltpFR2_events.tsv
LTP269,12,3,8,GROUND,666,687.892,343946,0,data/ds004395/sub-LTP269/ses-12/eeg/sub-LTP269_ses-12_task-ltpFR2_eeg.edf,data/ds004395/sub-LTP269/ses-12/eeg/sub-LTP269_ses-12_task-ltpFR2_events.tsv
LTP269,12,3,9,CONTRACT,368,690.528,345264,0,data/ds004395/sub-LTP269/ses-12/eeg/sub-LTP269_ses-12_task-ltpFR2_eeg.edf,data/ds004395/sub-LTP269/ses-12/eeg/sub-LTP269_ses-12_task-ltpFR2_events.tsv
LTP269,12,3,10,DRINK,498,693.282,346641,0,data/ds004395/sub-LTP269/ses-12/eeg/sub-LTP269_ses-12_task-ltpFR2_eeg.edf,data/ds004395/sub-LTP269/ses-12/eeg/sub-LTP269_ses-12_task-ltpFR2_events.tsv
LTP269,12,3,11,BRANDY,169,696.0,348000,0,data/ds004395/sub-LTP269/ses-12/eeg/sub-LTP269_ses-12_task-ltpFR2_eeg.edf,data/ds004395/sub-LTP269/ses-12/eeg/sub-LTP269_ses-12_task-ltpFR2_events.tsv
LTP269,12,3,12,STONE,1385,698.734,349367,0,data/ds004395/sub-LTP269/ses-12/eeg/sub-LTP269_ses-12_task-ltpFR2_eeg.edf,data/ds004395/sub-LTP269/ses-12/eeg/sub-LTP269_ses-12_task-ltpFR2_events.tsv
LTP269,12,3,13,FLUTE,585,701.27,350635,0,data/ds004395/sub-LTP269/ses-12/eeg/sub-LTP269_ses-12_task-ltpFR2_eeg.edf,data/ds004395/sub-LTP269/ses-12/eeg/sub-LTP269_ses-12_task-ltpFR2_events.tsv
LTP269,12,3,14,LEADER,807,703.772,351886,0,data/ds004395/sub-LTP269/ses-12/eeg/sub-LTP269_ses-12_task-ltpFR2_eeg.edf,data/ds004395/sub-LTP269/ses-12/eeg/sub-LTP269_ses-12_task-ltpFR2_events.tsv
LTP269,12,3,15,CASHIER,254,706.292,353146,0,data/ds004395/sub-LTP269/ses-12/eeg/sub-LTP269_ses-12_task-ltpFR2_eeg.edf,data/ds004395/sub-LTP269/ses-12/eeg/sub-LTP269_ses-12_task-ltpFR2_events.tsv
LTP269,12,3,16,COIN,343,709.032,354516,0,data/ds004395/sub-LTP269/ses-12/eeg/sub-LTP269_ses-12_task-ltpFR2_eeg.edf,data/ds004395/sub-LTP269/ses-12/eeg/sub-LTP269_ses-12_task-ltpFR2_events.tsv
LTP269,12,3,17,CABBAGE,210,711.5,355750,0,data/ds004395/sub-LTP269/ses-12/eeg/sub-LTP269_ses-12_task-ltpFR2_eeg.edf,data/ds004395/sub-LTP269/ses-12/eeg/sub-LTP269_ses-12_task-ltpFR2_events.tsv
LTP269,12,3,18,PALACE,1006,713.97,356985,0,data/ds004395/sub-LTP269/ses-12/eeg/sub-LTP269_ses-12_task-ltpFR2_eeg.edf,data/ds004395/sub-LTP269/ses-12/eeg/sub-LTP269_ses-12_task-ltpFR2_events.tsv
LTP269,12,3,19,SKIRT,1319,716.682,358341,0,data/ds004395/sub-LTP269/ses-12/eeg/sub-LTP269_ses-12_task-ltpFR2_eeg.edf,data/ds004395/sub-LTP269/ses-12/eeg/sub-LTP269_ses-12_task-ltpFR2_events.tsv
LTP269,12,3,20,PEACH,1031,719.152,359576,1,data/ds004395/sub-LTP269/ses-12/eeg/sub-LTP269_ses-12_task-ltpFR2_eeg.edf,data/ds004395/sub-LTP269/ses-12/eeg/sub-LTP269_ses-12_task-ltpFR2_events.tsv
LTP269,12,3,21,SUITCASE,1403,721.586,360793,0,data/ds004395/sub-LTP269/ses-12/eeg/sub-LTP269_ses-12_task-ltpFR2_eeg.edf,data/ds004395/sub-LTP269/ses-12/eeg/sub-LTP269_ses-12_task-ltpFR2_events.tsv
LTP269,12,3,22,SCISSORS,1250,724.222,362111,1,data/ds004395/sub-LTP269/ses-12/eeg/sub-LTP269_ses-12_task-ltpFR2_eeg.edf,data/ds004395/sub-LTP269/ses-12/eeg/sub-LTP269_ses-12_task-ltpFR2_events.tsv
LTP269,12,3,23,GRAVEL,659,726.758,363379,0,data/ds004395/sub-LTP269/ses-12/eeg/sub-LTP269_ses-12_task-ltpFR2_eeg.edf,data/ds004395/sub-LTP269/ses-12/eeg/sub-LTP269_ses-12_task-ltpFR2_events.tsv
LTP269,12,3,24,EMPIRE,530,729.226,364613,0,data/ds004395/sub-LTP269/ses-12/eeg/sub-LTP269_ses-12_task-ltpFR2_eeg.edf,data/ds004395/sub-LTP269/ses-12/eeg/sub-LTP269_ses-12_task-ltpFR2_events.tsv
LTP269,12,4,1,ROBBER,1197,847.068,423534,1,data/ds004395/sub-LTP269/ses-12/eeg/sub-LTP269_ses-12_task-ltpFR2_eeg.edf,data/ds004395/sub-LTP269/ses-12/eeg/sub-LTP269_ses-12_task-ltpFR2_events.tsv
LTP269,12,4,2,FRIAR,605,849.502,424751,1,data/ds004395/sub-LTP269/ses-12/eeg/sub-LTP269_ses-12_task-ltpFR2_eeg.edf,data/ds004395/sub-LTP269/ses-12/eeg/sub-LTP269_ses-12_task-ltpFR2_events.tsv
LTP269,12,4,3,CROSS,413,852.088,426044,0,data/ds004395/sub-LTP269/ses-12/eeg/sub-LTP269_ses-12_task-ltpFR2_eeg.edf,data/ds004395/sub-LTP269/ses-12/eeg/sub-LTP269_ses-12_task-ltpFR2_events.tsv
LTP269,12,4,4,OX,994,854.772,427386,1,data/ds004395/sub-LTP269/ses-12/eeg/sub-LTP269_ses-12_task-ltpFR2_eeg.edf,data/ds004395/sub-LTP269/ses-12/eeg/sub-LTP269_ses-12_task-ltpFR2_events.tsv
LTP269,12,4,5,BELLY,119,857.44,428720,0,data/ds004395/sub-LTP269/ses-12/eeg/sub-LTP269_ses-12_task-ltpFR2_eeg.edf,data/ds004395/sub-LTP269/ses-12/eeg/sub-LTP269_ses-12_task-ltpFR2_events.tsv
LTP269,12,4,6,EAGLE,512,859.96,429980,0,data/ds004395/sub-LTP269/ses-12/eeg/sub-LTP269_ses-12_task-ltpFR2_eeg.edf,data/ds004395/sub-LTP269/ses-12/eeg/sub-LTP269_ses-12_task-ltpFR2_events.tsv
LTP269,12,4,7,STATUE,1374,862.546,431273,1,data/ds004395/sub-LTP269/ses-12/eeg/sub-LTP269_ses-12_task-ltpFR2_eeg.edf,data/ds004395/sub-LTP269/ses-12/eeg/sub-LTP269_ses-12_task-ltpFR2_events.tsv
LTP269,12,4,8,SCULPTURE,1258,865.098,432549,1,data/ds004395/sub-LTP269/ses-12/eeg/sub-LTP269_ses-12_task-ltpFR2_eeg.edf,data/ds004395/sub-LTP269/ses-12/eeg/sub-LTP269_ses-12_task-ltpFR2_events.tsv
LTP269,12,4,9,WORKER,1621,867.916,433958,1,data/ds004395/sub-LTP269/ses-12/eeg/sub-LTP269_ses-12_task-ltpFR2_eeg.edf,data/ds004395/sub-LTP269/ses-12/eeg/sub-LTP269_ses-12_task-ltpFR2_events.tsv
LTP269,12,4,10,BLUEPRINT,142,870.534,435267,1,data/ds004395/sub-LTP269/ses-12/eeg/sub-LTP269_ses-12_task-ltpFR2_eeg.edf,data/ds004395/sub-LTP269/ses-12/eeg/sub-LTP269_ses-12_task-ltpFR2_events.tsv
LTP269,12,4,11,MAPLE,866,872.972,436486,0,data/ds004395/sub-LTP269/ses-12/eeg/sub-LTP269_ses-12_task-ltpFR2_eeg.edf,data/ds004395/sub-LTP269/ses-12/eeg/sub-LTP269_ses-12_task-ltpFR2_events.tsv
LTP269,12,4,12,SPIDER,1351,875.724,437862,0,data/ds004395/sub-LTP269/ses-12/eeg/sub-LTP269_ses-12_task-ltpFR2_eeg.edf,data/ds004395/sub-LTP269/ses-12/eeg/sub-LTP269_ses-12_task-ltpFR2_events.tsv
LTP269,12,4,13,YARN,1631,878.476,439238,0,data/ds004395/sub-LTP269/ses-12/eeg/sub-LTP269_ses-12_task-ltpFR2_eeg.edf,data/ds004395/sub-LTP269/ses-12/eeg/sub-LTP269_ses-12_task-ltpFR2_events.tsv
LTP269,12,4,14,MARS,873,880.978,440489,0,data/ds004395/sub-LTP269/ses-12/eeg/sub-LTP269_ses-12_task-ltpFR2_eeg.edf,data/ds004395/sub-LTP269/ses-12/eeg/sub-LTP269_ses-12_task-ltpFR2_events.tsv
LTP269,12,4,15,DAISY,435,883.446,441723,0,data/ds004395/sub-LTP269/ses-12/eeg/sub-LTP269_ses-12_task-ltpFR2_eeg.edf,data/ds004395/sub-LTP269/ses-12/eeg/sub-LTP269_ses-12_task-ltpFR2_events.tsv
LTP269,12,4,16,PREACHER,1119,885.998,442999,0,data/ds004395/sub-LTP269/ses-12/eeg/sub-LTP269_ses-12_task-ltpFR2_eeg.edf,data/ds004395/sub-LTP269/ses-12/eeg/sub-LTP269_ses-12_task-ltpFR2_events.tsv
LTP269,12,4,17,NECKLACE,940,888.632,444316,0,data/ds004395/sub-LTP269/ses-12/eeg/sub-LTP269_ses-12_task-ltpFR2_eeg.edf,data/ds004395/sub-LTP269/ses-12/eeg/sub-LTP269_ses-12_task-ltpFR2_events.tsv
LTP269,12,4,18,CARRIAGE,248,891.254,445627,0,data/ds004395/sub-LTP269/ses-12/eeg/sub-LTP269_ses-12_task-ltpFR2_eeg.edf,data/ds004395/sub-LTP269/ses-12/eeg/sub-LTP269_ses-12_task-ltpFR2_events.tsv
LTP269,12,4,19,LOFT,840,894.072,447036,1,data/ds004395/sub-LTP269/ses-12/eeg/sub-LTP269_ses-12_task-ltpFR2_eeg.edf,data/ds004395/sub-LTP269/ses-12/eeg/sub-LTP269_ses-12_task-ltpFR2_events.tsv
LTP269,12,4,20,WARDROBE,1587,896.658,448329,0,data/ds004395/sub-LTP269/ses-12/eeg/sub-LTP269_ses-12_task-ltpFR2_eeg.edf,data/ds004395/sub-LTP269/ses-12/eeg/sub-LTP269_ses-12_task-ltpFR2_events.tsv
LTP269,12,4,21,DENIM,446,899.326,449663,0,data/ds004395/sub-LTP269/ses-12/eeg/sub-LTP269_ses-12_task-ltpFR2_eeg.edf,data/ds004395/sub-LTP269/ses-12/eeg/sub-LTP269_ses-12_task-ltpFR2_events.tsv
LTP269,12,4,22,JEANS,752,902.144,451072,0,data/ds004395/sub-LTP269/ses-12/eeg/sub-LTP269_ses-12_task-ltpFR2_eeg.edf,data/ds004395/sub-LTP269/ses-12/eeg/sub-LTP269_ses-12_task-ltpFR2_events.tsv
LTP269,12,4,23,STOMACH,1384,904.662,452331,0,data/ds004395/sub-LTP269/ses-12/eeg/sub-LTP269_ses-12_task-ltpFR2_eeg.edf,data/ds004395/sub-LTP269/ses-12/eeg/sub-LTP269_ses-12_task-ltpFR2_events.tsv
LTP269,12,4,24,CREVICE,405,907.348,453674,0,data/ds004395/sub-LTP269/ses-12/eeg/sub-LTP269_ses-12_task-ltpFR2_eeg.edf,data/ds004395/sub-LTP269/ses-12/eeg/sub-LTP269_ses-12_task-ltpFR2_events.tsv
LTP269,12,5,1,EGYPT,519,1050.156,525078,1,data/ds004395/sub-LTP269/ses-12/eeg/sub-LTP269_ses-12_task-ltpFR2_eeg.edf,data/ds004395/sub-LTP269/ses-12/eeg/sub-LTP269_ses-12_task-ltpFR2_events.tsv
LTP269,12,5,2,GOBLIN,645,1052.774,526387,1,data/ds004395/sub-LTP269/ses-12/eeg/sub-LTP269_ses-12_task-ltpFR2_eeg.edf,data/ds004395/sub-LTP269/ses-12/eeg/sub-LTP269_ses-12_task-ltpFR2_events.tsv
LTP269,12,5,3,ATLAS,53,1055.31,527655,1,data/ds004395/sub-LTP269/ses-12/eeg/sub-LTP269_ses-12_task-ltpFR2_eeg.edf,data/ds004395/sub-LTP269/ses-12/eeg/sub-LTP269_ses-12_task-ltpFR2_events.tsv
LTP269,12,5,4,WAITRESS,1581,1057.814,528907,1,data/ds004395/sub-LTP269/ses-12/eeg/sub-LTP269_ses-12_task-ltpFR2_eeg.edf,data/ds004395/sub-LTP269/ses-12/eeg/sub-LTP269_ses-12_task-ltpFR2_events.tsv
LTP269,12,5,5,SUPPER,1411,1060.264,530132,1,data/ds004395/sub-LTP269/ses-12/eeg/sub-LTP269_ses-12_task-ltpFR2_eeg.edf,data/ds004395/sub-LTP269/ses-12/eeg/sub-LTP269_ses-12_task-ltpFR2_events.tsv
LTP269,12,5,6,CHAPEL,280,1062.966,531483,0,data/ds004395/sub-LTP269/ses-12/eeg/sub-LTP269_ses-12_task-ltpFR2_eeg.edf,data/ds004395/sub-LTP269/ses-12/eeg/sub-LTP269_ses-12_task-ltpFR2_events.tsv
LTP269,12,5,7,JUDGE,761,1065.386,532693,0,data/ds004395/sub-LTP269/ses-12/eeg/sub-LTP269_ses-12_task-ltpFR2_eeg.edf,data/ds004395/sub-LTP269/ses-12/eeg/sub-LTP269_ses-12_task-ltpFR2_events.tsv
LTP269,12,5,8,SPOOL,1356,1068.122,534061,0,data/ds004395/sub-LTP269/ses-12/eeg/sub-LTP269_ses-12_task-ltpFR2_eeg.edf,data/ds004395/sub-LTP269/ses-12/eeg/sub-LTP269_ses-12_task-ltpFR2_events.tsv
LTP269,12,5,9,DRESS,495,1070.706,535353,0,data/ds004395/sub-LTP269/ses-12/eeg/sub-LTP269_ses-12_task-ltpFR2_eeg.edf,data/ds004395/sub-LTP269/ses-12/eeg/sub-LTP269_ses-12_task-ltpFR2_events.tsv
LTP269,12,5,10,WAITER,1580,1073.208,536604,1,data/ds004395/sub-LTP269/ses-12/eeg/sub-LTP269_ses-12_task-ltpFR2_eeg.edf,data/ds004395/sub-LTP269/ses-12/eeg/sub-LTP269_ses-12_task-ltpFR2_events.tsv
LTP269,12,5,11,HOOK,715,1075.994,537997,1,data/ds004395/sub-LTP269/ses-12/eeg/sub-LTP269_ses-12_task-ltpFR2_eeg.edf,data/ds004395/sub-LTP269/ses-12/eeg/sub-LTP269_ses-12_task-ltpFR2_events.tsv
LTP269,12,5,12,VICTIM,1562,1078.546,539273,0,data/ds004395/sub-LTP269/ses-12/eeg/sub-LTP269_ses-12_task-ltpFR2_eeg.edf,data/ds004395/sub-LTP269/ses-12/eeg/sub-LTP269_ses-12_task-ltpFR2_events.tsv
LTP269,12,5,13,CHEMIST,292,1081.248,540624,1,data/ds004395/sub-LTP269/ses-12/eeg/sub-LTP269_ses-12_task-ltpFR2_eeg.edf,data/ds004395/sub-LTP269/ses-12/eeg/sub-LTP269_ses-12_task-ltpFR2_events.tsv
LTP269,12,5,14,MARKER,870,1083.7,541850,1,data/ds004395/sub-LTP269/ses-12/eeg/sub-LTP269_ses-12_task-ltpFR2_eeg.edf,data/ds004395/sub-LTP269/ses-12/eeg/sub-LTP269_ses-12_task-ltpFR2_events.tsv
LTP269,12,5,15,THRONE,1461,1086.254,543127,0,data/ds004395/sub-LTP269/ses-12/eeg/sub-LTP269_ses-12_task-ltpFR2_eeg.edf,data/ds004395/sub-LTP269/ses-12/eeg/sub-LTP269_ses-12_task-ltpFR2_events.tsv
LTP269,12,5,16,WITNESS,1618,1088.786,544393,1,data/ds004395/sub-LTP269/ses-12/eeg/sub-LTP269_ses-12_task-ltpFR2_eeg.edf,data/ds004395/sub-LTP269/ses-12/eeg/sub-LTP269_ses-12_task-ltpFR2_events.tsv
LTP269,12,5,17,AWARD,63,1091.29,545645,1,data/ds004395/sub-LTP269/ses-12/eeg/sub-LTP269_ses-12_task-ltpFR2_eeg.edf,data/ds004395/sub-LTP269/ses-12/eeg/sub-LTP269_ses-12_task-ltpFR2_events.tsv
LTP269,12,5,18,LAGOON,795,1093.792,546896,1,data/ds004395/sub-LTP269/ses-12/eeg/sub-LTP269_ses-12_task-ltpFR2_eeg.edf,data/ds004395/sub-LTP269/ses-12/eeg/sub-LTP269_ses-12_task-ltpFR2_events.tsv
LTP269,12,5,19,BLACKBOARD,133,1096.296,548148,0,data/ds004395/sub-LTP269/ses-12/eeg/sub-LTP269_ses-12_task-ltpFR2_eeg.edf,data/ds004395/sub-LTP269/ses-12/eeg/sub-LTP269_ses-12_task-ltpFR2_events.tsv
LTP269,12,5,20,SERVANT,1271,1099.03,549515,1,data/ds004395/sub-LTP269/ses-12/eeg/sub-LTP269_ses-12_task-ltpFR2_eeg.edf,data/ds004395/sub-LTP269/ses-12/eeg/sub-LTP269_ses-12_task-ltpFR2_events.tsv
LTP269,12,5,21,CHAMPAGNE,278,1101.516,550758,0,data/ds004395/sub-LTP269/ses-12/eeg/sub-LTP269_ses-12_task-ltpFR2_eeg.edf,data/ds004395/sub-LTP269/ses-12/eeg/sub-LTP269_ses-12_task-ltpFR2_events.tsv
LTP269,12,5,22,COCKTAIL,338,1104.152,552076,0,data/ds004395/sub-LTP269/ses-12/eeg/sub-LTP269_ses-12_task-ltpFR2_eeg.edf,data/ds004395/sub-LTP269/ses-12/eeg/sub-LTP269_ses-12_task-ltpFR2_events.tsv
LTP269,12,5,23,LUMBER,848,1106.836,553418,1,data/ds004395/sub-LTP269/ses-12/eeg/sub-LTP269_ses-12_task-ltpFR2_eeg.edf,data/ds004395/sub-LTP269/ses-12/eeg/sub-LTP269_ses-12_task-ltpFR2_events.tsv
LTP269,12,5,24,LEG,809,1109.438,554719,0,data/ds004395/sub-LTP269/ses-12/eeg/sub-LTP269_ses-12_task-ltpFR2_eeg.edf,data/ds004395/sub-LTP269/ses-12/eeg/sub-LTP269_ses-12_task-ltpFR2_events.tsv
LTP269,12,6,1,SCARF,1246,1227.396,613698,1,data/ds004395/sub-LTP269/ses-12/eeg/sub-LTP269_ses-12_task-ltpFR2_eeg.edf,data/ds004395/sub-LTP269/ses-12/eeg/sub-LTP269_ses-12_task-ltpFR2_events.tsv
LTP269,12,6,2,TOMBSTONE,1478,1229.992,614996,1,data/ds004395/sub-LTP269/ses-12/eeg/sub-LTP269_ses-12_task-ltpFR2_eeg.edf,data/ds004395/sub-LTP269/ses-12/eeg/sub-LTP269_ses-12_task-ltpFR2_events.tsv
LTP269,12,6,3,MARROW,872,1232.634,616317,1,data/ds004395/sub-LTP269/ses-12/eeg/sub-LTP269_ses-12_task-ltpFR2_eeg.edf,data/ds004395/sub-LTP269/ses-12/eeg/sub-LTP269_ses-12_task-ltpFR2_events.tsv
LTP269,12,6,4,DIVER,476,1235.114,617557,0,data/ds004395/sub-LTP269/ses-12/eeg/sub-LTP269_ses-12_task-ltpFR2_eeg.edf,data/ds004395/sub-LTP269/ses-12/eeg/sub-LTP269_ses-12_task-ltpFR2_events.tsv
LTP269,12,6,5,ITEM,746,1237.798,618899,0,data/ds004395/sub-LTP269/ses-12/eeg/sub-LTP269_ses-12_task-ltpFR2_eeg.edf,data/ds004395/sub-LTP269/ses-12/eeg/sub-LTP269_ses-12_task-ltpFR2_events.tsv
LTP269,12,6,6,BUTCHER,203,1240.268,620134,1,data/ds004395/sub-LTP269/ses-12/eeg/sub-LTP269_ses-12_task-ltpFR2_eeg.edf,data/ds004395/sub-LTP269/ses-12/eeg/sub-LTP269_ses-12_task-ltpFR2_events.tsv
LTP269,12,6,7,PAIL,1002,1243.078,621539,1,data/ds004395/sub-LTP269/ses-12/eeg/sub-LTP269_ses-12_task-ltpFR2_eeg.edf,data/ds004395/sub-LTP269/ses-12/eeg/sub-LTP269_ses-12_task-ltpFR2_events.tsv
LTP269,12,6,8,LIZARD,834,1245.754,622877,0,data/ds004395/sub-LTP269/ses-12/eeg/sub-LTP269_ses-12_task-ltpFR2_eeg.edf,data/ds004395/sub-LTP269/ses-12/eeg/sub-LTP269_ses-12_task-ltpFR2_events.tsv
LTP269,12,6,9,DENTIST,447,1248.314,624157,1,data/ds004395/sub-LTP269/ses-12/eeg/sub-LTP269_ses-12_task-ltpFR2_eeg.edf,data/ds004395/sub-LTP269/ses-12/eeg/sub-LTP269_ses-12_task-ltpFR2_events.tsv
LTP269,12,6,10,CRATER,400,1250.866,625433,0,data/ds004395/sub-LTP269/ses-12/eeg/sub-LTP269_ses-12_task-ltpFR2_eeg.edf,data/ds004395/sub-LTP269/ses-12/eeg/sub-LTP269_ses-12_task-ltpFR2_events.tsv
LTP269,12,6,11,DOUGHNUT,490,1253.678,626839,0,data/ds004395/sub-LTP269/ses-12/eeg/sub-LTP269_ses-12_task-ltpFR2_eeg.edf,data/ds004395/sub-LTP269/ses-12/eeg/sub-LTP269_ses-12_task-ltpFR2_events.tsv
LTP269,12,6,12,KNIFE,785,1256.12,628060,1,data/ds004395/sub-LTP269/ses-12/eeg/sub-LTP269_ses-12_task-ltpFR2_eeg.edf,data/ds004395/sub-LTP269/ses-12/eeg/sub-LTP269_ses-12_task-ltpFR2_events.tsv
LTP269,12,6,13,BODY,145,1258.782,629391,0,data/ds004395/sub-LTP269/ses-12/eeg/sub-LTP269_ses-12_task-ltpFR2_eeg.edf,data/ds004395/sub-LTP269/ses-12/eeg/sub-LTP269_ses-12_task-ltpFR2_events.tsv
LTP269,12,6,14,CASHEW,253,1261.34,630670,0,data/ds004395/sub-LTP269/ses-12/eeg/sub-LTP269_ses-12_task-ltpFR2_eeg.edf,data/ds004395/sub-LTP269/ses-12/eeg/sub-LTP269_ses-12_task-ltpFR2_events.tsv
LTP269,12,6,15,BOYFRIEND,162,1263.768,631884,0,data/ds004395/sub-LTP269/ses-12/eeg/sub-LTP269_ses-12_task-ltpFR2_eeg.edf,data/ds004395/sub-LTP269/ses-12/eeg/sub-LTP269_ses-12_task-ltpFR2_events.tsv
LTP269,12,6,16,REPORT,1184,1266.506,633253,0,data/ds004395/sub-LTP269/ses-12/eeg/sub-LTP269_ses-12_task-ltpFR2_eeg.edf,data/ds004395/sub-LTP269/ses-12/eeg/sub-LTP269_ses-12_task-ltpFR2_events.tsv
LTP269,12,6,17,CRIB,407,1269.16,634580,0,data/ds004395/sub-LTP269/ses-12/eeg/sub-LTP269_ses-12_task-ltpFR2_eeg.edf,data/ds004395/sub-LTP269/ses-12/eeg/sub-LTP269_ses-12_task-ltpFR2_events.tsv
LTP269,12,6,18,RABBIT,1152,1271.978,635989,1,data/ds004395/sub-LTP269/ses-12/eeg/sub-LTP269_ses-12_task-ltpFR2_eeg.edf,data/ds004395/sub-LTP269/ses-12/eeg/sub-LTP269_ses-12_task-ltpFR2_events.tsv
LTP269,12,6,19,FOX,598,1274.634,637317,1,data/ds004395/sub-LTP269/ses-12/eeg/sub-LTP269_ses-12_task-ltpFR2_eeg.edf,data/ds004395/sub-LTP269/ses-12/eeg/sub-LTP269_ses-12_task-ltpFR2_events.tsv
LTP269,12,6,20,APRON,35,1277.32,638660,0,data/ds004395/sub-LTP269/ses-12/eeg/sub-LTP269_ses-12_task-ltpFR2_eeg.edf,data/ds004395/sub-LTP269/ses-12/eeg/sub-LTP269_ses-12_task-ltpFR2_events.tsv
LTP269,12,6,21,MUMMY,932,1279.984,639992,0,data/ds004395/sub-LTP269/ses-12/eeg/sub-LTP269_ses-12_task-ltpFR2_eeg.edf,data/ds004395/sub-LTP269/ses-12/eeg/sub-LTP269_ses-12_task-ltpFR2_events.tsv
LTP269,12,6,22,SPHINX,1349,1282.774,641387,0,data/ds004395/sub-LTP269/ses-12/eeg/sub-LTP269_ses-12_task-ltpFR2_eeg.edf,data/ds004395/sub-LTP269/ses-12/eeg/sub-LTP269_ses-12_task-ltpFR2_events.tsv
LTP269,12,6,23,SAUSAGE,1238,1285.322,642661,0,data/ds004395/sub-LTP269/ses-12/eeg/sub-LTP269_ses-12_task-ltpFR2_eeg.edf,data/ds004395/sub-LTP269/ses-12/eeg/sub-LTP269_ses-12_task-ltpFR2_events.tsv
LTP269,12,6,24,VAGRANT,1544,1287.756,643878,0,data/ds004395/sub-LTP269/ses-12/eeg/sub-LTP269_ses-12_task-ltpFR2_eeg.edf,data/ds004395/sub-LTP269/ses-12/eeg/sub-LTP269_ses-12_task-ltpFR2_events.tsv
LTP269,12,7,1,LACE,792,1430.612,715306,0,data/ds004395/sub-LTP269/ses-12/eeg/sub-LTP269_ses-12_task-ltpFR2_eeg.edf,data/ds004395/sub-LTP269/ses-12/eeg/sub-LTP269_ses-12_task-ltpFR2_events.tsv
LTP269,12,7,2,MACHINE,852,1433.164,716582,0,data/ds004395/sub-LTP269/ses-12/eeg/sub-LTP269_ses-12_task-ltpFR2_eeg.edf,data/ds004395/sub-LTP269/ses-12/eeg/sub-LTP269_ses-12_task-ltpFR2_events.tsv
LTP269,12,7,3,RUST,1219,1435.692,717846,0,data/ds004395/sub-LTP269/ses-12/eeg/sub-LTP269_ses-12_task-ltpFR2_eeg.edf,data/ds004395/sub-LTP269/ses-12/eeg/sub-LTP269_ses-12_task-ltpFR2_events.tsv
LTP269,12,7,4,CHAUFFEUR,283,1438.212,719106,0,data/ds004395/sub-LTP269/ses-12/eeg/sub-LTP269_ses-12_task-ltpFR2_eeg.edf,data/ds004395/sub-LTP269/ses-12/eeg/sub-LTP269_ses-12_task-ltpFR2_events.tsv
LTP269,12,7,5,GUARD,667,1440.67,720335,0,data/ds004395/sub-LTP269/ses-12/eeg/sub-LTP269_ses-12_task-ltpFR2_eeg.edf,data/ds004395/sub-LTP269/ses-12/eeg/sub-LTP269_ses-12_task-ltpFR2_events.tsv
LTP269,12,7,6,NEUTRON,947,1443.184,721592,0,data/ds004395/sub-LTP269/ses-12/eeg/sub-LTP269_ses-12_task-ltpFR2_eeg.edf,data/ds004395/sub-LTP269/ses-12/eeg/sub-LTP269_ses-12_task-ltpFR2_events.tsv
LTP269,12,7,7,XEROX,1628,1445.89,722945,0,data/ds004395/sub-LTP269/ses-12/eeg/sub-LTP269_ses-12_task-ltpFR2_eeg.edf,data/ds004395/sub-LTP269/ses-12/eeg/sub-LTP269_ses-12_task-ltpFR2_events.tsv
LTP269,12,7,8,STAR,1373,1448.544,724272,0,data/ds004395/sub-LTP269/ses-12/eeg/sub-LTP269_ses-12_task-ltpFR2_eeg.edf,data/ds004395/sub-LTP269/ses-12/eeg/sub-LTP269_ses-12_task-ltpFR2_events.tsv
LTP269,12,7,9,PADDING,999,1451.03,725515,0,data/ds004395/sub-LTP269/ses-12/eeg/sub-LTP269_ses-12_task-ltpFR2_eeg.edf,data/ds004395/sub-LTP269/ses-12/eeg/sub-LTP269_ses-12_task-ltpFR2_events.tsv
LTP269,12,7,10,CANYON,235,1453.816,726908,0,data/ds004395/sub-LTP269/ses-12/eeg/sub-LTP269_ses-12_task-ltpFR2_eeg.edf,data/ds004395/sub-LTP269/ses-12/eeg/sub-LTP269_ses-12_task-ltpFR2_events.tsv
LTP269,12,7,11,ISLAND,745,1456.244,728122,1,data/ds004395/sub-LTP269/ses-12/eeg/sub-LTP269_ses-12_task-ltpFR2_eeg.edf,data/ds004395/sub-LTP269/ses-12/eeg/sub-LTP269_ses-12_task-ltpFR2_events.tsv
LTP269,12,7,12,CYCLONE,431,1458.912,729456,1,data/ds004395/sub-LTP269/ses-12/eeg/sub-LTP269_ses-12_task-ltpFR2_eeg.edf,data/ds004395/sub-LTP269/ses-12/eeg/sub-LTP269_ses-12_task-ltpFR2_events.tsv
LTP269,12,7,13,COUNTRY,388,1461.43,730715,1,data/ds004395/sub-LTP269/ses-12/eeg/sub-LTP269_ses-12_task-ltpFR2_eeg.edf,data/ds004395/sub-LTP269/ses-12/eeg/sub-LTP269_ses-12_task-ltpFR2_events.tsv
LTP269,12,7,14,LASER,801,1464.184,732092,1,data/ds004395/sub-LTP269/ses-12/eeg/sub-LTP269_ses-12_task-ltpFR2_eeg.edf,data/ds004395/sub-LTP269/ses-12/eeg/sub-LTP269_ses-12_task-ltpFR2_events.tsv
LTP269,12,7,15,PISTOL,1075,1466.792,733396,1,data/ds004395/sub-LTP269/ses-12/eeg/sub-LTP269_ses-12_task-ltpFR2_eeg.edf,data/ds004395/sub-LTP269/ses-12/eeg/sub-LTP269_ses-12_task-ltpFR2_events.tsv
LTP269,12,7,16,BLENDER,136,1469.294,734647,1,data/ds004395/sub-LTP269/ses-12/eeg/sub-LTP269_ses-12_task-ltpFR2_eeg.edf,data/ds004395/sub-LTP269/ses-12/eeg/sub-LTP269_ses-12_task-ltpFR2_events.tsv
LTP269,12,7,17,RIVER,1194,1471.788,735894,1,data/ds004395/sub-LTP269/ses-12/eeg/sub-LTP269_ses-12_task-ltpFR2_eeg.edf,data/ds004395/sub-LTP269/ses-12/eeg/sub-LTP269_ses-12_task-ltpFR2_events.tsv
LTP269,12,7,18,DRILL,497,1474.332,737166,1,data/ds004395/sub-LTP269/ses-12/eeg/sub-LTP269_ses-12_task-ltpFR2_eeg.edf,data/ds004395/sub-LTP269/ses-12/eeg/sub-LTP269_ses-12_task-ltpFR2_events.tsv
LTP269,12,7,19,PARROT,1015,1477.136,738568,1,data/ds004395/sub-LTP269/ses-12/eeg/sub-LTP269_ses-12_task-ltpFR2_eeg.edf,data/ds004395/sub-LTP269/ses-12/eeg/sub-LTP269_ses-12_task-ltpFR2_events.tsv
LTP269,12,7,20,SEAGULL,1261,1479.636,739818,1,data/ds004395/sub-LTP269/ses-12/eeg/sub-LTP269_ses-12_task-ltpFR2_eeg.edf,data/ds004395/sub-LTP269/ses-12/eeg/sub-LTP269_ses-12_task-ltpFR2_events.tsv
LTP269,12,7,21,OFFICE,972,1482.388,741194,1,data/ds004395/sub-LTP269/ses-12/eeg/sub-LTP269_ses-12_task-ltpFR2_eeg.edf,data/ds004395/sub-LTP269/ses-12/eeg/sub-LTP269_ses-12_task-ltpFR2_events.tsv
LTP269,12,7,22,OZONE,996,1485.066,742533,0,data/ds004395/sub-LTP269/ses-12/eeg/sub-LTP269_ses-12_task-ltpFR2_eeg.edf,data/ds004395/sub-LTP269/ses-12/eeg/sub-LTP269_ses-12_task-ltpFR2_events.tsv
LTP269,12,7,23,PROTON,1132,1487.61,743805,0,data/ds004395/sub-LTP269/ses-12/eeg/sub-LTP269_ses-12_task-ltpFR2_eeg.edf,data/ds004395/sub-LTP269/ses-12/eeg/sub-LTP269_ses-12_task-ltpFR2_events.tsv
LTP269,12,7,24,QUARTER,1148,1490.164,745082,0,data/ds004395/sub-LTP269/ses-12/eeg/sub-LTP269_ses-12_task-ltpFR2_eeg.edf,data/ds004395/sub-LTP269/ses-12/eeg/sub-LTP269_ses-12_task-ltpFR2_events.tsv
LTP269,12,8,1,SCOTCH,1251,1608.16,804080,0,data/ds004395/sub-LTP269/ses-12/eeg/sub-LTP269_ses-12_task-ltpFR2_eeg.edf,data/ds004395/sub-LTP269/ses-12/eeg/sub-LTP269_ses-12_task-ltpFR2_events.tsv
LTP269,12,8,2,SWIMMER,1420,1610.68,805340,0,data/ds004395/sub-LTP269/ses-12/eeg/sub-LTP269_ses-12_task-ltpFR2_eeg.edf,data/ds004395/sub-LTP269/ses-12/eeg/sub-LTP269_ses-12_task-ltpFR2_events.tsv
LTP269,12,8,3,NOVEL,960,1613.232,806616,0,data/ds004395/sub-LTP269/ses-12/eeg/sub-LTP269_ses-12_task-ltpFR2_eeg.edf,data/ds004395/sub-LTP269/ses-12/eeg/sub-LTP269_ses-12_task-ltpFR2_events.tsv
LTP269,12,8,4,MILK,895,1615.736,807868,0,data/ds004395/sub-LTP269/ses-12/eeg/sub-LTP269_ses-12_task-ltpFR2_eeg.edf,data/ds004395/sub-LTP269/ses-12/eeg/sub-LTP269_ses-12_task-ltpFR2_events.tsv
LTP269,12,8,5,INMATE,738,1618.352,809176,0,data/ds004395/sub-LTP269/ses-12/eeg/sub-LTP269_ses-12_task-ltpFR2_eeg.edf,data/ds004395/sub-LTP269/ses-12/eeg/sub-LTP269_ses-12_task-ltpFR2_events.tsv
LTP269,12,8,6,PRINCESS,1125,1620.99,810495,0,data/ds004395/sub-LTP269/ses-12/eeg/sub-LTP269_ses-12_task-ltpFR2_eeg.edf,data/ds004395/sub-LTP269/ses-12/eeg/sub-LTP269_ses-12_task-ltpFR2_events.tsv
LTP269,12,8,7,PLAZA,1088,1623.458,811729,0,data/ds004395/sub-LTP269/ses-12/eeg/sub-LTP269_ses-12_task-ltpFR2_eeg.edf,data/ds004395/sub-LTP269/ses-12/eeg/sub-LTP269_ses-12_task-ltpFR2_events.tsv
LTP269,12,8,8,SISTER,1312,1626.01,813005,0,data/ds004395/sub-LTP269/ses-12/eeg/sub-LTP269_ses-12_task-ltpFR2_eeg.edf,data/ds004395/sub-LTP269/ses-12/eeg/sub-LTP269_ses-12_task-ltpFR2_events.tsv
LTP269,12,8,9,MUFFIN,929,1628.828,814414,0,data/ds004395/sub-LTP269/ses-12/eeg/sub-LTP269_ses-12_task-ltpFR2_eeg.edf,data/ds004395/sub-LTP269/ses-12/eeg/sub-LTP269_ses-12_task-ltpFR2_events.tsv
LTP269,12,8,10,TURTLE,1522,1631.63,815815,0,data/ds004395/sub-LTP269/ses-12/eeg/sub-LTP269_ses-12_task-ltpFR2_eeg.edf,data/ds004395/sub-LTP269/ses-12/eeg/sub-LTP269_ses-12_task-ltpFR2_events.tsv
LTP269,12,8,11,PACKAGE,997,1634.298,817149,1,data/ds004395/sub-LTP269/ses-12/eeg/sub-LTP269_ses-12_task-ltpFR2_eeg.edf,data/ds004395/sub-LTP269/ses-12/eeg/sub-LTP269_ses-12_task-ltpFR2_events.tsv
LTP269,12,8,12,CITRUS,313,1636.934,818467,0,data/ds004395/sub-LTP269/ses-12/eeg/sub-LTP269_ses-12_task-ltpFR2_eeg.edf,data/ds004395/sub-LTP269/ses-12/eeg/sub-LTP269_ses-12_task-ltpFR2_events.tsv
LTP269,12,8,13,UNCLE,1536,1639.552,819776,0,data/ds004395/sub-LTP269/ses-12/eeg/sub-LTP269_ses-12_task-ltpFR2_eeg.edf,data/ds004395/sub-LTP269/ses-12/eeg/sub-LTP269_ses-12_task-ltpFR2_events.tsv
LTP269,12,8,14,BLADE,134,1642.158,821079,0,data/ds004395/sub-LTP269/ses-12/eeg/sub-LTP269_ses-12_task-ltpFR2_eeg.edf,data/ds004395/sub-LTP269/ses-12/eeg/sub-LTP269_ses-12_task-ltpFR2_events.tsv
LTP269,12,8,15,FRIEND,606,1644.626,822313,0,data/ds004395/sub-LTP269/ses-12/eeg/sub-LTP269_ses-12_task-ltpFR2_eeg.edf,data/ds004395/sub-LTP269/ses-12/eeg/sub-LTP269_ses-12_task-ltpFR2_events.tsv
LTP269,12,8,16,IGLOO,734,1647.16,823580,0,data/ds004395/sub-LTP269/ses-12/eeg/sub-LTP269_ses-12_task-ltpFR2_eeg.edf,data/ds004395/sub-LTP269/ses-12/eeg/sub-LTP269_ses-12_task-ltpFR2_events.tsv
LTP269,12,8,17,BROOK,177,1649.642,824821,0,data/ds004395/sub-LTP269/ses-12/eeg/sub-LTP269_ses-12_task-ltpFR2_eeg.edf,data/ds004395/sub-LTP269/ses-12/eeg/sub-LTP269_ses-12_task-ltpFR2_events.tsv
LTP269,12,8,18,SLIDE,1326,1652.096,826048,0,data/ds004395/sub-LTP269/ses-12/eeg/sub-LTP269_ses-12_task-ltpFR2_eeg.edf,data/ds004395/sub-LTP269/ses-12/eeg/sub-LTP269_ses-12_task-ltpFR2_events.tsv
LTP269,12,8,19,COURSE,390,1654.886,827443,1,data/ds004395/sub-LTP269/ses-12/eeg/sub-LTP269_ses-12_task-ltpFR2_eeg.edf,data/ds004395/sub-LTP269/ses-12/eeg/sub-LTP269_ses-12_task-ltpFR2_events.tsv
LTP269,12,8,20,COLLEGE,346,1657.5,828750,1,data/ds004395/sub-LTP269/ses-12/eeg/sub-LTP269_ses-12_task-ltpFR2_eeg.edf,data/ds004395/sub-LTP269/ses-12/eeg/sub-LTP269_ses-12_task-ltpFR2_events.tsv
LTP269,12,8,21,HEART,697,1660.17,830085,1,data/ds004395/sub-LTP269/ses-12/eeg/sub-LTP269_ses-12_task-ltpFR2_eeg.edf,data/ds004395/sub-LTP269/ses-12/eeg/sub-LTP269_ses-12_task-ltpFR2_events.tsv
LTP269,12,8,22,TRANSPLANT,1496,1662.96,831480,1,data/ds004395/sub-LTP269/ses-12/eeg/sub-LTP269_ses-12_task-ltpFR2_eeg.edf,data/ds004395/sub-LTP269/ses-12/eeg/sub-LTP269_ses-12_task-ltpFR2_events.tsv
LTP269,12,8,23,POET,1095,1665.606,832803,1,data/ds004395/sub-LTP269/ses-12/eeg/sub-LTP269_ses-12_task-ltpFR2_eeg.edf,data/ds004395/sub-LTP269/ses-12/eeg/sub-LTP269_ses-12_task-ltpFR2_events.tsv
LTP269,12,8,24,BOX,159,1668.144,834072,1,data/ds004395/sub-LTP269/ses-12/eeg/sub-LTP269_ses-12_task-ltpFR2_eeg.edf,data/ds004395/sub-LTP269/ses-12/eeg/sub-LTP269_ses-12_task-ltpFR2_events.tsv
LTP269,12,9,1,SWAMP,1416,1955.608,977804,0,data/ds004395/sub-LTP269/ses-12/eeg/sub-LTP269_ses-12_task-ltpFR2_eeg.edf,data/ds004395/sub-LTP269/ses-12/eeg/sub-LTP269_ses-12_task-ltpFR2_events.tsv
LTP269,12,9,2,CANAL,226,1958.16,979080,0,data/ds004395/sub-LTP269/ses-12/eeg/sub-LTP269_ses-12_task-ltpFR2_eeg.edf,data/ds004395/sub-LTP269/ses-12/eeg/sub-LTP269_ses-12_task-ltpFR2_events.tsv
LTP269,12,9,3,CHILD,299,1960.878,980439,0,data/ds004395/sub-LTP269/ses-12/eeg/sub-LTP269_ses-12_task-ltpFR2_eeg.edf,data/ds004395/sub-LTP269/ses-12/eeg/sub-LTP269_ses-12_task-ltpFR2_events.tsv
LTP269,12,9,4,LIVER,833,1963.43,981715,0,data/ds004395/sub-LTP269/ses-12/eeg/sub-LTP269_ses-12_task-ltpFR2_eeg.edf,data/ds004395/sub-LTP269/ses-12/eeg/sub-LTP269_ses-12_task-ltpFR2_events.tsv
LTP269,12,9,5,ROOSTER,1209,1966.158,983079,0,data/ds004395/sub-LTP269/ses-12/eeg/sub-LTP269_ses-12_task-ltpFR2_eeg.edf,data/ds004395/sub-LTP269/ses-12/eeg/sub-LTP269_ses-12_task-ltpFR2_events.tsv
LTP269,12,9,6,SUNRISE,1407,1968.752,984376,1,data/ds004395/sub-LTP269/ses-12/eeg/sub-LTP269_ses-12_task-ltpFR2_eeg.edf,data/ds004395/sub-LTP269/ses-12/eeg/sub-LTP269_ses-12_task-ltpFR2_events.tsv
LTP269,12,9,7,SERVER,1272,1971.504,985752,0,data/ds004395/sub-LTP269/ses-12/eeg/sub-LTP269_ses-12_task-ltpFR2_eeg.edf,data/ds004395/sub-LTP269/ses-12/eeg/sub-LTP269_ses-12_task-ltpFR2_events.tsv
LTP269,12,9,8,FRAME,600,1974.174,987087,1,data/ds004395/sub-LTP269/ses-12/eeg/sub-LTP269_ses-12_task-ltpFR2_eeg.edf,data/ds004395/sub-LTP269/ses-12/eeg/sub-LTP269_ses-12_task-ltpFR2_events.tsv
LTP269,12,9,9,PICTURE,1061,1976.842,988421,1,data/ds004395/sub-LTP269/ses-12/eeg/sub-LTP269_ses-12_task-ltpFR2_eeg.edf,data/ds004395/sub-LTP269/ses-12/eeg/sub-LTP269_ses-12_task-ltpFR2_events.tsv
LTP269,12,9,10,PENGUIN,1044,1979.278,989639,1,data/ds004395/sub-LTP269/ses-12/eeg/sub-LTP269_ses-12_task-ltpFR2_eeg.edf,data/ds004395/sub-LTP269/ses-12/eeg/sub-LTP269_ses-12_task-ltpFR2_events.tsv
LTP269,12,9,11,PLAYGROUND,1087,1981.752,990876,1,data/ds004395/sub-LTP269/ses-12/eeg/sub-LTP269_ses-12_task-ltpFR2_eeg.edf,data/ds004395/sub-LTP269/ses-12/eeg/sub-LTP269_ses-12_task-ltpFR2_events.tsv
LTP269,12,9,12,GRAPE,654,1984.256,992128,1,data/ds004395/sub-LTP269/ses-12/eeg/sub-LTP269_ses-12_task-ltpFR2_eeg.edf,data/ds004395/sub-LTP269/ses-12/eeg/sub-LTP269_ses-12_task-ltpFR2_events.tsv
LTP269,12,9,13,FRUIT,610,1986.706,993353,1,data/ds004395/sub-LTP269/ses-12/eeg/sub-LTP269_ses-12_task-ltpFR2_eeg.edf,data/ds004395/sub-LTP269/ses-12/eeg/sub-LTP269_ses-12_task-ltpFR2_events.tsv
LTP269,12,9,14,SMOG,1330,1989.31,994655,0,data/ds004395/sub-LTP269/ses-12/eeg/sub-LTP269_ses-12_task-ltpFR2_eeg.edf,data/ds004395/sub-LTP269/ses-12/eeg/sub-LTP269_ses-12_task-ltpFR2_events.tsv
LTP269,12,9,15,PUDDLE,1140,1991.81,995905,0,data/ds004395/sub-LTP269/ses-12/eeg/sub-LTP269_ses-12_task-ltpFR2_eeg.edf,data/ds004395/sub-LTP269/ses-12/eeg/sub-LTP269_ses-12_task-ltpFR2_events.tsv
LTP269,12,9,16,CATTLE,261,1994.512,997256,0,data/ds004395/sub-LTP269/ses-12/eeg/sub-LTP269_ses-12_task-ltpFR2_eeg.edf,data/ds004395/sub-LTP269/ses-12/eeg/sub-LTP269_ses-12_task-ltpFR2_events.tsv
LTP269,12,9,17,DRAWING,494,1997.244,998622,0,data/ds004395/sub-LTP269/ses-12/eeg/sub-LTP269_ses-12_task-ltpFR2_eeg.edf,data/ds004395/sub-LTP269/ses-12/eeg/sub-LTP269_ses-12_task-ltpFR2_events.tsv
LTP269,12,9,18,ORANGE,980,1999.762,999881,1,data/ds004395/sub-LTP269/ses-12/eeg/sub-LTP269_ses-12_task-ltpFR2_eeg.edf,data/ds004395/sub-LTP269/ses-12/eeg/sub-LTP269_ses-12_task-ltpFR2_events.tsv
LTP269,12,9,19,BUCKET,184,2002.352,1001176,1,data/ds004395/sub-LTP269/ses-12/eeg/sub-LTP269_ses-12_task-ltpFR2_eeg.edf,data/ds004395/sub-LTP269/ses-12/eeg/sub-LTP269_ses-12_task-ltpFR2_events.tsv
LTP269,12,9,20,BARLEY,88,2005.016,1002508,1,data/ds004395/sub-LTP269/ses-12/eeg/sub-LTP269_ses-12_task-ltpFR2_eeg.edf,data/ds004395/sub-LTP269/ses-12/eeg/sub-LTP269_ses-12_task-ltpFR2_events.tsv
LTP269,12,9,21,FIDDLE,561,2007.752,1003876,0,data/ds004395/sub-LTP269/ses-12/eeg/sub-LTP269_ses-12_task-ltpFR2_eeg.edf,data/ds004395/sub-LTP269/ses-12/eeg/sub-LTP269_ses-12_task-ltpFR2_events.tsv
LTP269,12,9,22,SUNSET,1408,2010.438,1005219,0,data/ds004395/sub-LTP269/ses-12/eeg/sub-LTP269_ses-12_task-ltpFR2_eeg.edf,data/ds004395/sub-LTP269/ses-12/eeg/sub-LTP269_ses-12_task-ltpFR2_events.tsv
LTP269,12,9,23,BADGE,68,2013.008,1006504,0,data/ds004395/sub-LTP269/ses-12/eeg/sub-LTP269_ses-12_task-ltpFR2_eeg.edf,data/ds004395/sub-LTP269/ses-12/eeg/sub-LTP269_ses-12_task-ltpFR2_events.tsv
LTP269,12,9,24,PIZZA,1079,2015.546,1007773,0,data/ds004395/sub-LTP269/ses-12/eeg/sub-LTP269_ses-12_task-ltpFR2_eeg.edf,data/ds004395/sub-LTP269/ses-12/eeg/sub-LTP269_ses-12_task-ltpFR2_events.tsv
LTP269,12,10,1,GIRL,637,2158.53,1079265,0,data/ds004395/sub-LTP269/ses-12/eeg/sub-LTP269_ses-12_task-ltpFR2_eeg.edf,data/ds004395/sub-LTP269/ses-12/eeg/sub-LTP269_ses-12_task-ltpFR2_events.tsv
LTP269,12,10,2,OINTMENT,974,2161.244,1080622,0,data/ds004395/sub-LTP269/ses-12/eeg/sub-LTP269_ses-12_task-ltpFR2_eeg.edf,data/ds004395/sub-LTP269/ses-12/eeg/sub-LTP269_ses-12_task-ltpFR2_events.tsv
LTP269,12,10,3,LABEL,790,2163.912,1081956,0,data/ds004395/sub-LTP269/ses-12/eeg/sub-LTP269_ses-12_task-ltpFR2_eeg.edf,data/ds004395/sub-LTP269/ses-12/eeg/sub-LTP269_ses-12_task-ltpFR2_events.tsv
LTP269,12,10,4,LODGE,839,2166.586,1083293,0,data/ds004395/sub-LTP269/ses-12/eeg/sub-LTP269_ses-12_task-ltpFR2_eeg.edf,data/ds004395/sub-LTP269/ses-12/eeg/sub-LTP269_ses-12_task-ltpFR2_events.tsv
LTP269,12,10,5,KITCHEN,778,2169.2,1084600,0,data/ds004395/sub-LTP269/ses-12/eeg/sub-LTP269_ses-12_task-ltpFR2_eeg.edf,data/ds004395/sub-LTP269/ses-12/eeg/sub-LTP269_ses-12_task-ltpFR2_events.tsv
LTP269,12,10,6,DRUG,501,2171.718,1085859,1,data/ds004395/sub-LTP269/ses-12/eeg/sub-LTP269_ses-12_task-ltpFR2_eeg.edf,data/ds004395/sub-LTP269/ses-12/eeg/sub-LTP269_ses-12_task-ltpFR2_events.tsv
LTP269,12,10,7,TABLET,1427,2174.402,1087201,0,data/ds004395/sub-LTP269/ses-12/eeg/sub-LTP269_ses-12_task-ltpFR2_eeg.edf,data/ds004395/sub-LTP269/ses-12/eeg/sub-LTP269_ses-12_task-ltpFR2_events.tsv
LTP269,12,10,8,CUPBOARD,425,2177.08,1088540,0,data/ds004395/sub-LTP269/ses-12/eeg/sub-LTP269_ses-12_task-ltpFR2_eeg.edf,data/ds004395/sub-LTP269/ses-12/eeg/sub-LTP269_ses-12_task-ltpFR2_events.tsv
LTP269,12,10,9,BLOCKADE,137,2179.64,1089820,1,data/ds004395/sub-LTP269/ses-12/eeg/sub-LTP269_ses-12_task-ltpFR2_eeg.edf,data/ds004395/sub-LTP269/ses-12/eeg/sub-LTP269_ses-12_task-ltpFR2_events.tsv
LTP269,12,10,10,TILE,1468,2182.444,1091222,0,data/ds004395/sub-LTP269/ses-12/eeg/sub-LTP269_ses-12_task-ltpFR2_eeg.edf,data/ds004395/sub-LTP269/ses-12/eeg/sub-LTP269_ses-12_task-ltpFR2_events.tsv
LTP269,12,10,11,SALT,1229,2184.964,1092482,0,data/ds004395/sub-LTP269/ses-12/eeg/sub-LTP269_ses-12_task-ltpFR2_eeg.edf,data/ds004395/sub-LTP269/ses-12/eeg/sub-LTP269_ses-12_task-ltpFR2_events.tsv
LTP269,12,10,12,AGENT,10,2187.63,1093815,0,data/ds004395/sub-LTP269/ses-12/eeg/sub-LTP269_ses-12_task-ltpFR2_eeg.edf,data/ds004395/sub-LTP269/ses-12/eeg/sub-LTP269_ses-12_task-ltpFR2_events.tsv
LTP269,12,10,13,MOTEL,919,2190.158,1095079,1,data/ds004395/sub-LTP269/ses-12/eeg/sub-LTP269_ses-12_task-ltpFR2_eeg.edf,data/ds004395/sub-LTP269/ses-12/eeg/sub-LTP269_ses-12_task-ltpFR2_events.tsv
LTP269,12,10,14,BURGLAR,200,2192.842,1096421,1,data/ds004395/sub-LTP269/ses-12/eeg/sub-LTP269_ses-12_task-ltpFR2_eeg.edf,data/ds004395/sub-LTP269/ses-12/eeg/sub-LTP269_ses-12_task-ltpFR2_events.tsv
LTP269,12,10,15,PUPPY,1144,2195.36,1097680,1,data/ds004395/sub-LTP269/ses-12/eeg/sub-LTP269_ses-12_task-ltpFR2_eeg.edf,data/ds004395/sub-LTP269/ses-12/eeg/sub-LTP269_ses-12_task-ltpFR2_events.tsv
LTP269,12,10,16,DONKEY,484,2198.088,1099044,0,data/ds004395/sub-LTP269/ses-12/eeg/sub-LTP269_ses-12_task-ltpFR2_eeg.edf,data/ds004395/sub-LTP269/ses-12/eeg/sub-LTP269_ses-12_task-ltpFR2_events.tsv
LTP269,12,10,17,JUGGLER,763,2200.89,1100445,0,data/ds004395/sub-LTP269/ses-12/eeg/sub-LTP269_ses-12_task-ltpFR2_eeg.edf,data/ds004395/sub-LTP269/ses-12/eeg/sub-LTP269_ses-12_task-ltpFR2_events.tsv
LTP269,12,10,18,BABY,64,2203.318,1101659,1,data/ds004395/sub-LTP269/ses-12/eeg/sub-LTP269_ses-12_task-ltpFR2_eeg.edf,data/ds004395/sub-LTP269/ses-12/eeg/sub-LTP269_ses-12_task-ltpFR2_events.tsv
LTP269,12,10,19,INFANT,737,2206.104,1103052,1,data/ds004395/sub-LTP269/ses-12/eeg/sub-LTP269_ses-12_task-ltpFR2_eeg.edf,data/ds004395/sub-LTP269/ses-12/eeg/sub-LTP269_ses-12_task-ltpFR2_events.tsv
LTP269,12,10,20,SKILLET,1317,2208.772,1104386,1,data/ds004395/sub-LTP269/ses-12/eeg/sub-LTP269_ses-12_task-ltpFR2_eeg.edf,data/ds004395/sub-LTP269/ses-12/eeg/sub-LTP269_ses-12_task-ltpFR2_events.tsv
LTP269,12,10,21,OYSTER,995,2211.242,1105621,1,data/ds004395/sub-LTP269/ses-12/eeg/sub-LTP269_ses-12_task-ltpFR2_eeg.edf,data/ds004395/sub-LTP269/ses-12/eeg/sub-LTP269_ses-12_task-ltpFR2_events.tsv
LTP269,12,10,22,ATOM,55,2213.694,1106847,0,data/ds004395/sub-LTP269/ses-12/eeg/sub-LTP269_ses-12_task-ltpFR2_eeg.edf,data/ds004395/sub-LTP269/ses-12/eeg/sub-LTP269_ses-12_task-ltpFR2_events.tsv
LTP269,12,10,23,MISSILE,900,2216.146,1108073,0,data/ds004395/sub-LTP269/ses-12/eeg/sub-LTP269_ses-12_task-ltpFR2_eeg.edf,data/ds004395/sub-LTP269/ses-12/eeg/sub-LTP269_ses-12_task-ltpFR2_events.tsv
LTP269,12,10,24,GRIZZLY,662,2218.77,1109385,0,data/ds004395/sub-LTP269/ses-12/eeg/sub-LTP269_ses-12_task-ltpFR2_eeg.edf,data/ds004395/sub-LTP269/ses-12/eeg/sub-LTP269_ses-12_task-ltpFR2_events.tsv
LTP269,12,11,1,LETTUCE,814,2361.616,1180808,0,data/ds004395/sub-LTP269/ses-12/eeg/sub-LTP269_ses-12_task-ltpFR2_eeg.edf,data/ds004395/sub-LTP269/ses-12/eeg/sub-LTP269_ses-12_task-ltpFR2_events.tsv
LTP269,12,11,2,EXPERT,543,2364.338,1182169,0,data/ds004395/sub-LTP269/ses-12/eeg/sub-LTP269_ses-12_task-ltpFR2_eeg.edf,data/ds004395/sub-LTP269/ses-12/eeg/sub-LTP269_ses-12_task-ltpFR2_events.tsv
LTP269,12,11,3,DORM,488,2366.902,1183451,0,data/ds004395/sub-LTP269/ses-12/eeg/sub-LTP269_ses-12_task-ltpFR2_eeg.edf,data/ds004395/sub-LTP269/ses-12/eeg/sub-LTP269_ses-12_task-ltpFR2_events.tsv
LTP269,12,11,4,KNAPSACK,783,2369.472,1184736,0,data/ds004395/sub-LTP269/ses-12/eeg/sub-LTP269_ses-12_task-ltpFR2_eeg.edf,data/ds004395/sub-LTP269/ses-12/eeg/sub-LTP269_ses-12_task-ltpFR2_events.tsv
LTP269,12,11,5,APPLE,33,2372.074,1186037,1,data/ds004395/sub-LTP269/ses-12/eeg/sub-LTP269_ses-12_task-ltpFR2_eeg.edf,data/ds004395/sub-LTP269/ses-12/eeg/sub-LTP269_ses-12_task-ltpFR2_events.tsv
LTP269,12,11,6,LOVER,846,2374.642,1187321,0,data/ds004395/sub-LTP269/ses-12/eeg/sub-LTP269_ses-12_task-ltpFR2_eeg.edf,data/ds004395/sub-LTP269/ses-12/eeg/sub-LTP269_ses-12_task-ltpFR2_events.tsv
LTP269,12,11,7,FRANCE,601,2377.448,1188724,0,data/ds004395/sub-LTP269/ses-12/eeg/sub-LTP269_ses-12_task-ltpFR2_eeg.edf,data/ds004395/sub-LTP269/ses-12/eeg/sub-LTP269_ses-12_task-ltpFR2_events.tsv
LTP269,12,11,8,PERCH,1048,2379.932,1189966,0,data/ds004395/sub-LTP269/ses-12/eeg/sub-LTP269_ses-12_task-ltpFR2_eeg.edf,data/ds004395/sub-LTP269/ses-12/eeg/sub-LTP269_ses-12_task-ltpFR2_events.tsv
LTP269,12,11,9,SPOUSE,1358,2382.516,1191258,0,data/ds004395/sub-LTP269/ses-12/eeg/sub-LTP269_ses-12_task-ltpFR2_eeg.edf,data/ds004395/sub-LTP269/ses-12/eeg/sub-LTP269_ses-12_task-ltpFR2_events.tsv
LTP269,12,11,10,ELBOW,520,2385.252,1192626,0,data/ds004395/sub-LTP269/ses-12/eeg/sub-LTP269_ses-12_task-ltpFR2_eeg.edf,data/ds004395/sub-LTP269/ses-12/eeg/sub-LTP269_ses-12_task-ltpFR2_events.tsv
LTP269,12,11,11,BUG,187,2387.942,1193971,0,data/ds004395/sub-LTP269/ses-12/eeg/sub-LTP269_ses-12_task-ltpFR2_eeg.edf,data/ds004395/sub-LTP269/ses-12/eeg/sub-LTP269_ses-12_task-ltpFR2_events.tsv
LTP269,12,11,12,SLUG,1329,2390.438,1195219,0,data/ds004395/sub-LTP269/ses-12/eeg/sub-LTP269_ses-12_task-ltpFR2_eeg.edf,data/ds004395/sub-LTP269/ses-12/eeg/sub-LTP269_ses-12_task-ltpFR2_events.tsv
LTP269,12,11,13,GLOBE,641,2393.208,1196604,0,data/ds004395/sub-LTP269/ses-12/eeg/sub-LTP269_ses-12_task-ltpFR2_eeg.edf,data/ds004395/sub-LTP269/ses-12/eeg/sub-LTP269_ses-12_task-ltpFR2_events.tsv
LTP269,12,11,14,BRICK,172,2395.676,1197838,0,data/ds004395/sub-LTP269/ses-12/eeg/sub-LTP269_ses-12_task-ltpFR2_eeg.edf,data/ds004395/sub-LTP269/ses-12/eeg/sub-LTP269_ses-12_task-ltpFR2_events.tsv
LTP269,12,11,15,HAWK,692,2398.334,1199167,0,data/ds004395/sub-LTP269/ses-12/eeg/sub-LTP269_ses-12_task-ltpFR2_eeg.edf,data/ds004395/sub-LTP269/ses-12/eeg/sub-LTP269_ses-12_task-ltpFR2_events.tsv
LTP269,12,11,16,NAPKIN,937,2400.814,1200407,0,data/ds004395/sub-LTP269/ses-12/eeg/sub-LTP269_ses-12_task-ltpFR2_eeg.edf,data/ds004395/sub-LTP269/ses-12/eeg/sub-LTP269_ses-12_task-ltpFR2_events.tsv
LTP269,12,11,17,STAPLE,1371,2403.516,1201758,0,data/ds004395/sub-LTP269/ses-12/eeg/sub-LTP269_ses-12_task-ltpFR2_eeg.edf,data/ds004395/sub-LTP269/ses-12/eeg/sub-LTP269_ses-12_task-ltpFR2_events.tsv
LTP269,12,11,18,SHOULDER,1294,2405.968,1202984,0,data/ds004395/sub-LTP269/ses-12/eeg/sub-LTP269_ses-12_task-ltpFR2_eeg.edf,data/ds004395/sub-LTP269/ses-12/eeg/sub-LTP269_ses-12_task-ltpFR2_events.tsv
LTP269,12,11,19,CLIMBER,323,2408.468,1204234,0,data/ds004395/sub-LTP269/ses-12/eeg/sub-LTP269_ses-12_task-ltpFR2_eeg.edf,data/ds004395/sub-LTP269/ses-12/eeg/sub-LTP269_ses-12_task-ltpFR2_events.tsv
LTP269,12,11,20,SLOPE,1328,2411.172,1205586,1,data/ds004395/sub-LTP269/ses-12/eeg/sub-LTP269_ses-12_task-ltpFR2_eeg.edf,data/ds004395/sub-LTP269/ses-12/eeg/sub-LTP269_ses-12_task-ltpFR2_events.tsv
LTP269,12,11,21,TRACTOR,1493,2413.706,1206853,1,data/ds004395/sub-LTP269/ses-12/eeg/sub-LTP269_ses-12_task-ltpFR2_eeg.edf,data/ds004395/sub-LTP269/ses-12/eeg/sub-LTP269_ses-12_task-ltpFR2_events.tsv
LTP269,12,11,22,LAKE,796,2416.182,1208091,1,data/ds004395/sub-LTP269/ses-12/eeg/sub-LTP269_ses-12_task-ltpFR2_eeg.edf,data/ds004395/sub-LTP269/ses-12/eeg/sub-LTP269_ses-12_task-ltpFR2_events.tsv
LTP269,12,11,23,MONEY,908,2418.616,1209308,1,data/ds004395/sub-LTP269/ses-12/eeg/sub-LTP269_ses-12_task-ltpFR2_eeg.edf,data/ds004395/sub-LTP269/ses-12/eeg/sub-LTP269_ses-12_task-ltpFR2_events.tsv
LTP269,12,11,24,COLONEL,348,2421.428,1210714,1,data/ds004395/sub-LTP269/ses-12/eeg/sub-LTP269_ses-12_task-ltpFR2_eeg.edf,data/ds004395/sub-LTP269/ses-12/eeg/sub-LTP269_ses-12_task-ltpFR2_events.tsv
LTP269,12,12,1,LAVA,804,2564.358,1282179,0,data/ds004395/sub-LTP269/ses-12/eeg/sub-LTP269_ses-12_task-ltpFR2_eeg.edf,data/ds004395/sub-LTP269/ses-12/eeg/sub-LTP269_ses-12_task-ltpFR2_events.tsv
LTP269,12,12,2,HUSBAND,728,2567.16,1283580,0,data/ds004395/sub-LTP269/ses-12/eeg/sub-LTP269_ses-12_task-ltpFR2_eeg.edf,data/ds004395/sub-LTP269/ses-12/eeg/sub-LTP269_ses-12_task-ltpFR2_events.tsv
LTP269,12,12,3,MARINE,869,2569.962,1284981,0,data/ds004395/sub-LTP269/ses-12/eeg/sub-LTP269_ses-12_task-ltpFR2_eeg.edf,data/ds004395/sub-LTP269/ses-12/eeg/sub-LTP269_ses-12_task-ltpFR2_events.tsv
LTP269,12,12,4,TROUT,1511,2572.682,1286341,0,data/ds004395/sub-LTP269/ses-12/eeg/sub-LTP269_ses-12_task-ltpFR2_eeg.edf,data/ds004395/sub-LTP269/ses-12/eeg/sub-LTP269_ses-12_task-ltpFR2_events.tsv
LTP269,12,12,5,BACON,67,2575.216,1287608,0,data/ds004395/sub-LTP269/ses-12/eeg/sub-LTP269_ses-12_task-ltpFR2_eeg.edf,data/ds004395/sub-LTP269/ses-12/eeg/sub-LTP269_ses-12_task-ltpFR2_events.tsv
LTP269,12,12,6,TUNNEL,1519,2577.936,1288968,0,data/ds004395/sub-LTP269/ses-12/eeg/sub-LTP269_ses-12_task-ltpFR2_eeg.edf,data/ds004395/sub-LTP269/ses-12/eeg/sub-LTP269_ses-12_task-ltpFR2_events.tsv
LTP269,12,12,7,LAMP,798,2580.486,1290243,0,data/ds004395/sub-LTP269/ses-12/eeg/sub-LTP269_ses-12_task-ltpFR2_eeg.edf,data/ds004395/sub-LTP269/ses-12/eeg/sub-LTP269_ses-12_task-ltpFR2_events.tsv
LTP269,12,12,8,CRAB,397,2583.04,1291520,0,data/ds004395/sub-LTP269/ses-12/eeg/sub-LTP269_ses-12_task-ltpFR2_eeg.edf,data/ds004395/sub-LTP269/ses-12/eeg/sub-LTP269_ses-12_task-ltpFR2_events.tsv
LTP269,12,12,9,BRAKE,166,2585.49,1292745,0,data/ds004395/sub-LTP269/ses-12/eeg/sub-LTP269_ses-12_task-ltpFR2_eeg.edf,data/ds004395/sub-LTP269/ses-12/eeg/sub-LTP269_ses-12_task-ltpFR2_events.tsv
LTP269,12,12,10,TAXI,1438,2587.926,1293963,0,data/ds004395/sub-LTP269/ses-12/eeg/sub-LTP269_ses-12_task-ltpFR2_eeg.edf,data/ds004395/sub-LTP269/ses-12/eeg/sub-LTP269_ses-12_task-ltpFR2_events.tsv
LTP269,12,12,11,NOMAD,955,2590.628,1295314,0,data/ds004395/sub-LTP269/ses-12/eeg/sub-LTP269_ses-12_task-ltpFR2_eeg.edf,data/ds004395/sub-LTP269/ses-12/eeg/sub-LTP269_ses-12_task-ltpFR2_events.tsv
LTP269,12,12,12,AIRPLANE,12,2593.412,1296706,0,data/ds004395/sub-LTP269/ses-12/eeg/sub-LTP269_ses-12_task-ltpFR2_eeg.edf,data/ds004395/sub-LTP269/ses-12/eeg/sub-LTP269_ses-12_task-ltpFR2_events.tsv
LTP269,12,12,13,CORAL,378,2596.032,1298016,0,data/ds004395/sub-LTP269/ses-12/eeg/sub-LTP269_ses-12_task-ltpFR2_eeg.edf,data/ds004395/sub-LTP269/ses-12/eeg/sub-LTP269_ses-12_task-ltpFR2_events.tsv
LTP269,12,12,14,JUNGLE,764,2598.684,1299342,0,data/ds004395/sub-LTP269/ses-12/eeg/sub-LTP269_ses-12_task-ltpFR2_eeg.edf,data/ds004395/sub-LTP269/ses-12/eeg/sub-LTP269_ses-12_task-ltpFR2_events.tsv
LTP269,12,12,15,FLIPPER,580,2601.306,1300653,0,data/ds004395/sub-LTP269/ses-12/eeg/sub-LTP269_ses-12_task-ltpFR2_eeg.edf,data/ds004395/sub-LTP269/ses-12/eeg/sub-LTP269_ses-12_task-ltpFR2_events.tsv
LTP269,12,12,16,MAMMAL,861,2603.856,1301928,0,data/ds004395/sub-LTP269/ses-12/eeg/sub-LTP269_ses-12_task-ltpFR2_eeg.edf,data/ds004395/sub-LTP269/ses-12/eeg/sub-LTP269_ses-12_task-ltpFR2_events.tsv
LTP269,12,12,17,ROBOT,1200,2606.64,1303320,0,data/ds004395/sub-LTP269/ses-12/eeg/sub-LTP269_ses-12_task-ltpFR2_eeg.edf,data/ds004395/sub-LTP269/ses-12/eeg/sub-LTP269_ses-12_task-ltpFR2_events.tsv
LTP269,12,12,18,SHELTER,1282,2609.426,1304713,0,data/ds004395/sub-LTP269/ses-12/eeg/sub-LTP269_ses-12_task-ltpFR2_eeg.edf,data/ds004395/sub-LTP269/ses-12/eeg/sub-LTP269_ses-12_task-ltpFR2_events.tsv
LTP269,12,12,19,SNACK,1331,2612.096,1306048,0,data/ds004395/sub-LTP269/ses-12/eeg/sub-LTP269_ses-12_task-ltpFR2_eeg.edf,data/ds004395/sub-LTP269/ses-12/eeg/sub-LTP269_ses-12_task-ltpFR2_events.tsv
LTP269,12,12,20,DOLPHIN,483,2614.914,1307457,0,data/ds004395/sub-LTP269/ses-12/eeg/sub-LTP269_ses-12_task-ltpFR2_eeg.edf,data/ds004395/sub-LTP269/ses-12/eeg/sub-LTP269_ses-12_task-ltpFR2_events.tsv
LTP269,12,12,21,CASKET,255,2617.682,1308841,0,data/ds004395/sub-LTP269/ses-12/eeg/sub-LTP269_ses-12_task-ltpFR2_eeg.edf,data/ds004395/sub-LTP269/ses-12/eeg/sub-LTP269_ses-12_task-ltpFR2_events.tsv
LTP269,12,12,22,DUSTPAN,509,2620.486,1310243,1,data/ds004395/sub-LTP269/ses-12/eeg/sub-LTP269_ses-12_task-ltpFR2_eeg.edf,data/ds004395/sub-LTP269/ses-12/eeg/sub-LTP269_ses-12_task-ltpFR2_events.tsv
LTP269,12,12,23,OMELET,976,2623.192,1311596,1,data/ds004395/sub-LTP269/ses-12/eeg/sub-LTP269_ses-12_task-ltpFR2_eeg.edf,data/ds004395/sub-LTP269/ses-12/eeg/sub-LTP269_ses-12_task-ltpFR2_events.tsv
LTP269,12,12,24,SCARECROW,1245,2625.626,1312813,1,data/ds004395/sub-LTP269/ses-12/eeg/sub-LTP269_ses-12_task-ltpFR2_eeg.edf,data/ds004395/sub-LTP269/ses-12/eeg/sub-LTP269_ses-12_task-ltpFR2_events.tsv
LTP269,12,13,1,JELLO,754,2743.544,1371772,1,data/ds004395/sub-LTP269/ses-12/eeg/sub-LTP269_ses-12_task-ltpFR2_eeg.edf,data/ds004395/sub-LTP269/ses-12/eeg/sub-LTP269_ses-12_task-ltpFR2_events.tsv
LTP269,12,13,2,TWISTER,1530,2746.28,1373140,1,data/ds004395/sub-LTP269/ses-12/eeg/sub-LTP269_ses-12_task-ltpFR2_eeg.edf,data/ds004395/sub-LTP269/ses-12/eeg/sub-LTP269_ses-12_task-ltpFR2_events.tsv
LTP269,12,13,3,HAND,683,2748.998,1374499,1,data/ds004395/sub-LTP269/ses-12/eeg/sub-LTP269_ses-12_task-ltpFR2_eeg.edf,data/ds004395/sub-LTP269/ses-12/eeg/sub-LTP269_ses-12_task-ltpFR2_events.tsv
LTP269,12,13,4,SNAIL,1332,2751.618,1375809,1,data/ds004395/sub-LTP269/ses-12/eeg/sub-LTP269_ses-12_task-ltpFR2_eeg.edf,data/ds004395/sub-LTP269/ses-12/eeg/sub-LTP269_ses-12_task-ltpFR2_events.tsv
LTP269,12,13,5,TWEEZERS,1526,2754.436,1377218,0,data/ds004395/sub-LTP269/ses-12/eeg/sub-LTP269_ses-12_task-ltpFR2_eeg.edf,data/ds004395/sub-LTP269/ses-12/eeg/sub-LTP269_ses-12_task-ltpFR2_events.tsv
LTP269,12,13,6,CAPTIVE,240,2757.222,1378611,0,data/ds004395/sub-LTP269/ses-12/eeg/sub-LTP269_ses-12_task-ltpFR2_eeg.edf,data/ds004395/sub-LTP269/ses-12/eeg/sub-LTP269_ses-12_task-ltpFR2_events.tsv
LTP269,12,13,7,SALMON,1227,2759.64,1379820,0,data/ds004395/sub-LTP269/ses-12/eeg/sub-LTP269_ses-12_task-ltpFR2_eeg.edf,data/ds004395/sub-LTP269/ses-12/eeg/sub-LTP269_ses-12_task-ltpFR2_events.tsv
LTP269,12,13,8,SEAFOOD,1260,2762.426,1381213,0,data/ds004395/sub-LTP269/ses-12/eeg/sub-LTP269_ses-12_task-ltpFR2_eeg.edf,data/ds004395/sub-LTP269/ses-12/eeg/sub-LTP269_ses-12_task-ltpFR2_events.tsv
LTP269,12,13,9,RAFT,1159,2765.146,1382573,0,data/ds004395/sub-LTP269/ses-12/eeg/sub-LTP269_ses-12_task-ltpFR2_eeg.edf,data/ds004395/sub-LTP269/ses-12/eeg/sub-LTP269_ses-12_task-ltpFR2_events.tsv
LTP269,12,13,10,SPONGE,1355,2767.68,1383840,0,data/ds004395/sub-LTP269/ses-12/eeg/sub-LTP269_ses-12_task-ltpFR2_eeg.edf,data/ds004395/sub-LTP269/ses-12/eeg/sub-LTP269_ses-12_task-ltpFR2_events.tsv
LTP269,12,13,11,WASHER,1592,2770.416,1385208,0,data/ds004395/sub-LTP269/ses-12/eeg/sub-LTP269_ses-12_task-ltpFR2_eeg.edf,data/ds004395/sub-LTP269/ses-12/eeg/sub-LTP269_ses-12_task-ltpFR2_events.tsv
LTP269,12,13,12,LILY,821,2773.068,1386534,0,data/ds004395/sub-LTP269/ses-12/eeg/sub-LTP269_ses-12_task-ltpFR2_eeg.edf,data/ds004395/sub-LTP269/ses-12/eeg/sub-LTP269_ses-12_task-ltpFR2_events.tsv
LTP269,12,13,13,SPOON,1357,2775.556,1387778,0,data/ds004395/sub-LTP269/ses-12/eeg/sub-LTP269_ses-12_task-ltpFR2_eeg.edf,data/ds004395/sub-LTP269/ses-12/eeg/sub-LTP269_ses-12_task-ltpFR2_events.tsv
LTP269,12,13,14,RECEIPT,1173,2778.242,1389121,0,data/ds004395/sub-LTP269/ses-12/eeg/sub-LTP269_ses-12_task-ltpFR2_eeg.edf,data/ds004395/sub-LTP269/ses-12/eeg/sub-LTP269_ses-12_task-ltpFR2_events.tsv
LTP269,12,13,15,HOSTESS,723,2780.892,1390446,0,data/ds004395/sub-LTP269/ses-12/eeg/sub-LTP269_ses-12_task-ltpFR2_eeg.edf,data/ds004395/sub-LTP269/ses-12/eeg/sub-LTP269_ses-12_task-ltpFR2_events.tsv
LTP269,12,13,16,STAMP,1370,2783.56,1391780,0,data/ds004395/sub-LTP269/ses-12/eeg/sub-LTP269_ses-12_task-ltpFR2_eeg.edf,data/ds004395/sub-LTP269/ses-12/eeg/sub-LTP269_ses-12_task-ltpFR2_events.tsv
LTP269,12,13,17,RUG,1215,2786.08,1393040,0,data/ds004395/sub-LTP269/ses-12/eeg/sub-LTP269_ses-12_task-ltpFR2_eeg.edf,data/ds004395/sub-LTP269/ses-12/eeg/sub-LTP269_ses-12_task-ltpFR2_events.tsv
LTP269,12,13,18,SILK,1307,2788.598,1394299,0,data/ds004395/sub-LTP269/ses-12/eeg/sub-LTP269_ses-12_task-ltpFR2_eeg.edf,data/ds004395/sub-LTP269/ses-12/eeg/sub-LTP269_ses-12_task-ltpFR2_events.tsv
LTP269,12,13,19,ORCHID,982,2791.086,1395543,0,data/ds004395/sub-LTP269/ses-12/eeg/sub-LTP269_ses-12_task-ltpFR2_eeg.edf,data/ds004395/sub-LTP269/ses-12/eeg/sub-LTP269_ses-12_task-ltpFR2_events.tsv
LTP269,12,13,20,CRUTCH,417,2793.654,1396827,0,data/ds004395/sub-LTP269/ses-12/eeg/sub-LTP269_ses-12_task-ltpFR2_eeg.edf,data/ds004395/sub-LTP269/ses-12/eeg/sub-LTP269_ses-12_task-ltpFR2_events.tsv
LTP269,12,13,21,SADDLE,1221,2796.454,1398227,0,data/ds004395/sub-LTP269/ses-12/eeg/sub-LTP269_ses-12_task-ltpFR2_eeg.edf,data/ds004395/sub-LTP269/ses-12/eeg/sub-LTP269_ses-12_task-ltpFR2_events.tsv
LTP269,12,13,22,GREASE,660,2799.142,1399571,0,data/ds004395/sub-LTP269/ses-12/eeg/sub-LTP269_ses-12_task-ltpFR2_eeg.edf,data/ds004395/sub-LTP269/ses-12/eeg/sub-LTP269_ses-12_task-ltpFR2_events.tsv
LTP269,12,13,23,DRESSER,496,2801.726,1400863,1,data/ds004395/sub-LTP269/ses-12/eeg/sub-LTP269_ses-12_task-ltpFR2_eeg.edf,data/ds004395/sub-LTP269/ses-12/eeg/sub-LTP269_ses-12_task-ltpFR2_events.tsv
LTP269,12,13,24,SHELF,1280,2804.494,1402247,1,data/ds004395/sub-LTP269/ses-12/eeg/sub-LTP269_ses-12_task-ltpFR2_eeg.edf,data/ds004395/sub-LTP269/ses-12/eeg/sub-LTP269_ses-12_task-ltpFR2_events.tsv
LTP269,12,14,1,TRENCH,1503,2947.534,1473767,0,data/ds004395/sub-LTP269/ses-12/eeg/sub-LTP269_ses-12_task-ltpFR2_eeg.edf,data/ds004395/sub-LTP269/ses-12/eeg/sub-LTP269_ses-12_task-ltpFR2_events.tsv
LTP269,12,14,2,COMPASS,358,2950.236,1475118,0,data/ds004395/sub-LTP269/ses-12/eeg/sub-LTP269_ses-12_task-ltpFR2_eeg.edf,data/ds004395/sub-LTP269/ses-12/eeg/sub-LTP269_ses-12_task-ltpFR2_events.tsv
LTP269,12,14,3,BACKBONE,66,2952.822,1476411,0,data/ds004395/sub-LTP269/ses-12/eeg/sub-LTP269_ses-12_task-ltpFR2_eeg.edf,data/ds004395/sub-LTP269/ses-12/eeg/sub-LTP269_ses-12_task-ltpFR2_events.tsv
LTP269,12,14,4,MONSTER,912,2955.49,1477745,0,data/ds004395/sub-LTP269/ses-12/eeg/sub-LTP269_ses-12_task-ltpFR2_eeg.edf,data/ds004395/sub-LTP269/ses-12/eeg/sub-LTP269_ses-12_task-ltpFR2_events.tsv
LTP269,12,14,5,WINDOW,1611,2958.134,1479067,0,data/ds004395/sub-LTP269/ses-12/eeg/sub-LTP269_ses-12_task-ltpFR2_eeg.edf,data/ds004395/sub-LTP269/ses-12/eeg/sub-LTP269_ses-12_task-ltpFR2_events.tsv
LTP269,12,14,6,CAMEL,223,2960.946,1480473,0,data/ds004395/sub-LTP269/ses-12/eeg/sub-LTP269_ses-12_task-ltpFR2_eeg.edf,data/ds004395/sub-LTP269/ses-12/eeg/sub-LTP269_ses-12_task-ltpFR2_events.tsv
LTP269,12,14,7,FLASK,576,2963.652,1481826,0,data/ds004395/sub-LTP269/ses-12/eeg/sub-LTP269_ses-12_task-ltpFR2_eeg.edf,data/ds004395/sub-LTP269/ses-12/eeg/sub-LTP269_ses-12_task-ltpFR2_events.tsv
LTP269,12,14,8,PLAID,1080,2966.234,1483117,0,data/ds004395/sub-LTP269/ses-12/eeg/sub-LTP269_ses-12_task-ltpFR2_eeg.edf,data/ds004395/sub-LTP269/ses-12/eeg/sub-LTP269_ses-12_task-ltpFR2_events.tsv
LTP269,12,14,9,BUNNY,198,2969.002,1484501,0,data/ds004395/sub-LTP269/ses-12/eeg/sub-LTP269_ses-12_task-ltpFR2_eeg.edf,data/ds004395/sub-LTP269/ses-12/eeg/sub-LTP269_ses-12_task-ltpFR2_events.tsv
LTP269,12,14,10,SWORD,1423,2971.486,1485743,0,data/ds004395/sub-LTP269/ses-12/eeg/sub-LTP269_ses-12_task-ltpFR2_eeg.edf,data/ds004395/sub-LTP269/ses-12/eeg/sub-LTP269_ses-12_task-ltpFR2_events.tsv
LTP269,12,14,11,CIGAR,308,2974.256,1487128,0,data/ds004395/sub-LTP269/ses-12/eeg/sub-LTP269_ses-12_task-ltpFR2_eeg.edf,data/ds004395/sub-LTP269/ses-12/eeg/sub-LTP269_ses-12_task-ltpFR2_events.tsv
LTP269,12,14,12,SNAKE,1333,2976.746,1488373,0,data/ds004395/sub-LTP269/ses-12/eeg/sub-LTP269_ses-12_task-ltpFR2_eeg.edf,data/ds004395/sub-LTP269/ses-12/eeg/sub-LTP269_ses-12_task-ltpFR2_events.tsv
LTP269,12,14,13,FIREPLACE,570,2979.31,1489655,0,data/ds004395/sub-LTP269/ses-12/eeg/sub-LTP269_ses-12_task-ltpFR2_eeg.edf,data/ds004395/sub-LTP269/ses-12/eeg/sub-LTP269_ses-12_task-ltpFR2_events.tsv
LTP269,12,14,14,PASTRY,1022,2981.98,1490990,0,data/ds004395/sub-LTP269/ses-12/eeg/sub-LTP269_ses-12_task-ltpFR2_eeg.edf,data/ds004395/sub-LTP269/ses-12/eeg/sub-LTP269_ses-12_task-ltpFR2_events.tsv
LTP269,12,14,15,FRAGRANCE,599,2984.514,1492257,0,data/ds004395/sub-LTP269/ses-12/eeg/sub-LTP269_ses-12_task-ltpFR2_eeg.edf,data/ds004395/sub-LTP269/ses-12/eeg/sub-LTP269_ses-12_task-ltpFR2_events.tsv
LTP269,12,14,16,TUBA,1515,2987.2,1493600,0,data/ds004395/sub-LTP269/ses-12/eeg/sub-LTP269_ses-12_task-ltpFR2_eeg.edf,data/ds004395/sub-LTP269/ses-12/eeg/sub-LTP269_ses-12_task-ltpFR2_events.tsv
LTP269,12,14,17,WHISTLE,1606,2989.852,1494926,0,data/ds004395/sub-LTP269/ses-12/eeg/sub-LTP269_ses-12_task-ltpFR2_eeg.edf,data/ds004395/sub-LTP269/ses-12/eeg/sub-LTP269_ses-12_task-ltpFR2_events.tsv
LTP269,12,14,18,HAMPER,682,2992.672,1496336,0,data/ds004395/sub-LTP269/ses-12/eeg/sub-LTP269_ses-12_task-ltpFR2_eeg.edf,data/ds004395/sub-LTP269/ses-12/eeg/sub-LTP269_ses-12_task-ltpFR2_events.tsv
LTP269,12,14,19,RADISH,1158,2995.09,1497545,0,data/ds004395/sub-LTP269/ses-12/eeg/sub-LTP269_ses-12_task-ltpFR2_eeg.edf,data/ds004395/sub-LTP269/ses-12/eeg/sub-LTP269_ses-12_task-ltpFR2_events.tsv
LTP269,12,14,20,SALAD,1224,2997.508,1498754,0,data/ds004395/sub-LTP269/ses-12/eeg/sub-LTP269_ses-12_task-ltpFR2_eeg.edf,data/ds004395/sub-LTP269/ses-12/eeg/sub-LTP269_ses-12_task-ltpFR2_events.tsv
LTP269,12,14,21,GLASS,639,3000.23,1500115,0,data/ds004395/sub-LTP269/ses-12/eeg/sub-LTP269_ses-12_task-ltpFR2_eeg.edf,data/ds004395/sub-LTP269/ses-12/eeg/sub-LTP269_ses-12_task-ltpFR2_events.tsv
LTP269,12,14,22,COCOON,339,3002.846,1501423,1,data/ds004395/sub-LTP269/ses-12/eeg/sub-LTP269_ses-12_task-ltpFR2_eeg.edf,data/ds004395/sub-LTP269/ses-12/eeg/sub-LTP269_ses-12_task-ltpFR2_events.tsv
LTP269,12,14,23,TERMITE,1451,3005.284,1502642,1,data/ds004395/sub-LTP269/ses-12/eeg/sub-LTP269_ses-12_task-ltpFR2_eeg.edf,data/ds004395/sub-LTP269/ses-12/eeg/sub-LTP269_ses-12_task-ltpFR2_events.tsv
LTP269,12,14,24,FIREMAN,569,3007.936,1503968,1,data/ds004395/sub-LTP269/ses-12/eeg/sub-LTP269_ses-12_task-ltpFR2_eeg.edf,data/ds004395/sub-LTP269/ses-12/eeg/sub-LTP269_ses-12_task-ltpFR2_events.tsv
LTP269,12,15,1,VIRUS,1572,3150.814,1575407,1,data/ds004395/sub-LTP269/ses-12/eeg/sub-LTP269_ses-12_task-ltpFR2_eeg.edf,data/ds004395/sub-LTP269/ses-12/eeg/sub-LTP269_ses-12_task-ltpFR2_events.tsv
LTP269,12,15,2,WOMAN,1620,3153.408,1576704,1,data/ds004395/sub-LTP269/ses-12/eeg/sub-LTP269_ses-12_task-ltpFR2_eeg.edf,data/ds004395/sub-LTP269/ses-12/eeg/sub-LTP269_ses-12_task-ltpFR2_events.tsv
LTP269,12,15,3,PASSAGE,1019,3156.02,1578010,1,data/ds004395/sub-LTP269/ses-12/eeg/sub-LTP269_ses-12_task-ltpFR2_eeg.edf,data/ds004395/sub-LTP269/ses-12/eeg/sub-LTP269_ses-12_task-ltpFR2_events.tsv
LTP269,12,15,4,JOURNAL,760,3158.754,1579377,1,data/ds004395/sub-LTP269/ses-12/eeg/sub-LTP269_ses-12_task-ltpFR2_eeg.edf,data/ds004395/sub-LTP269/ses-12/eeg/sub-LTP269_ses-12_task-ltpFR2_events.tsv
LTP269,12,15,5,BREAST,171,3161.38,1580690,1,data/ds004395/sub-LTP269/ses-12/eeg/sub-LTP269_ses-12_task-ltpFR2_eeg.edf,data/ds004395/sub-LTP269/ses-12/eeg/sub-LTP269_ses-12_task-ltpFR2_events.tsv
LTP269,12,15,6,CLAMP,316,3163.944,1581972,1,data/ds004395/sub-LTP269/ses-12/eeg/sub-LTP269_ses-12_task-ltpFR2_eeg.edf,data/ds004395/sub-LTP269/ses-12/eeg/sub-LTP269_ses-12_task-ltpFR2_events.tsv
LTP269,12,15,7,RELISH,1183,3166.478,1583239,0,data/ds004395/sub-LTP269/ses-12/eeg/sub-LTP269_ses-12_task-ltpFR2_eeg.edf,data/ds004395/sub-LTP269/ses-12/eeg/sub-LTP269_ses-12_task-ltpFR2_events.tsv
LTP269,12,15,8,FLAG,573,3169.156,1584578,0,data/ds004395/sub-LTP269/ses-12/eeg/sub-LTP269_ses-12_task-ltpFR2_eeg.edf,data/ds004395/sub-LTP269/ses-12/eeg/sub-LTP269_ses-12_task-ltpFR2_events.tsv
LTP269,12,15,9,BANK,83,3171.708,1585854,0,data/ds004395/sub-LTP269/ses-12/eeg/sub-LTP269_ses-12_task-ltpFR2_eeg.edf,data/ds004395/sub-LTP269/ses-12/eeg/sub-LTP269_ses-12_task-ltpFR2_events.tsv
LTP269,12,15,10,PARENT,1013,3174.418,1587209,0,data/ds004395/sub-LTP269/ses-12/eeg/sub-LTP269_ses-12_task-ltpFR2_eeg.edf,data/ds004395/sub-LTP269/ses-12/eeg/sub-LTP269_ses-12_task-ltpFR2_events.tsv
LTP269,12,15,11,FOOT,590,3176.878,1588439,0,data/ds004395/sub-LTP269/ses-12/eeg/sub-LTP269_ses-12_task-ltpFR2_eeg.edf,data/ds004395/sub-LTP269/ses-12/eeg/sub-LTP269_ses-12_task-ltpFR2_events.tsv
LTP269,12,15,12,DIME,466,3179.62,1589810,0,data/ds004395/sub-LTP269/ses-12/eeg/sub-LTP269_ses-12_task-ltpFR2_eeg.edf,data/ds004395/sub-LTP269/ses-12/eeg/sub-LTP269_ses-12_task-ltpFR2_events.tsv
LTP269,12,15,13,PATROL,1027,3182.266,1591133,0,data/ds004395/sub-LTP269/ses-12/eeg/sub-LTP269_ses-12_task-ltpFR2_eeg.edf,data/ds004395/sub-LTP269/ses-12/eeg/sub-LTP269_ses-12_task-ltpFR2_events.tsv
LTP269,12,15,14,PERMIT,1051,3185.036,1592518,0,data/ds004395/sub-LTP269/ses-12/eeg/sub-LTP269_ses-12_task-ltpFR2_eeg.edf,data/ds004395/sub-LTP269/ses-12/eeg/sub-LTP269_ses-12_task-ltpFR2_events.tsv
LTP269,12,15,15,PORK,1108,3187.576,1593788,0,data/ds004395/sub-LTP269/ses-12/eeg/sub-LTP269_ses-12_task-ltpFR2_eeg.edf,data/ds004395/sub-LTP269/ses-12/eeg/sub-LTP269_ses-12_task-ltpFR2_events.tsv
LTP269,12,15,16,PIMPLE,1071,3190.296,1595148,0,data/ds004395/sub-LTP269/ses-12/eeg/sub-LTP269_ses-12_task-ltpFR2_eeg.edf,data/ds004395/sub-LTP269/ses-12/eeg/sub-LTP269_ses-12_task-ltpFR2_events.tsv
LTP269,12,15,17,WIDOW,1608,3192.83,1596415,0,data/ds004395/sub-LTP269/ses-12/eeg/sub-LTP269_ses-12_task-ltpFR2_eeg.edf,data/ds004395/sub-LTP269/ses-12/eeg/sub-LTP269_ses-12_task-ltpFR2_events.tsv
LTP269,12,15,18,ACTOR,5,3195.398,1597699,0,data/ds004395/sub-LTP269/ses-12/eeg/sub-LTP269_ses-12_task-ltpFR2_eeg.edf,data/ds004395/sub-LTP269/ses-12/eeg/sub-LTP269_ses-12_task-ltpFR2_events.tsv
LTP269,12,15,19,RACKET,1155,3198.13,1599065,0,data/ds004395/sub-LTP269/ses-12/eeg/sub-LTP269_ses-12_task-ltpFR2_eeg.edf,data/ds004395/sub-LTP269/ses-12/eeg/sub-LTP269_ses-12_task-ltpFR2_events.tsv
LTP269,12,15,20,BANJO,82,3200.604,1600302,0,data/ds004395/sub-LTP269/ses-12/eeg/sub-LTP269_ses-12_task-ltpFR2_eeg.edf,data/ds004395/sub-LTP269/ses-12/eeg/sub-LTP269_ses-12_task-ltpFR2_events.tsv
LTP269,12,15,21,RECORD,1176,3203.416,1601708,0,data/ds004395/sub-LTP269/ses-12/eeg/sub-LTP269_ses-12_task-ltpFR2_eeg.edf,data/ds004395/sub-LTP269/ses-12/eeg/sub-LTP269_ses-12_task-ltpFR2_events.tsv
LTP269,12,15,22,GRILL,661,3206.188,1603094,0,data/ds004395/sub-LTP269/ses-12/eeg/sub-LTP269_ses-12_task-ltpFR2_eeg.edf,data/ds004395/sub-LTP269/ses-12/eeg/sub-LTP269_ses-12_task-ltpFR2_events.tsv
LTP269,12,15,23,ICEBERG,731,3208.606,1604303,0,data/ds004395/sub-LTP269/ses-12/eeg/sub-LTP269_ses-12_task-ltpFR2_eeg.edf,data/ds004395/sub-LTP269/ses-12/eeg/sub-LTP269_ses-12_task-ltpFR2_events.tsv
LTP269,12,15,24,FREEZER,604,3211.374,1605687,0,data/ds004395/sub-LTP269/ses-12/eeg/sub-LTP269_ses-12_task-ltpFR2_eeg.edf,data/ds004395/sub-LTP269/ses-12/eeg/sub-LTP269_ses-12_task-ltpFR2_events.tsv
LTP269,12,16,1,POSTAGE,1113,3329.338,1664669,1,data/ds004395/sub-LTP269/ses-12/eeg/sub-LTP269_ses-12_task-ltpFR2_eeg.edf,data/ds004395/sub-LTP269/ses-12/eeg/sub-LTP269_ses-12_task-ltpFR2_events.tsv
LTP269,12,16,2,MESSAGE,888,3332.006,1666003,0,data/ds004395/sub-LTP269/ses-12/eeg/sub-LTP269_ses-12_task-ltpFR2_eeg.edf,data/ds004395/sub-LTP269/ses-12/eeg/sub-LTP269_ses-12_task-ltpFR2_events.tsv
LTP269,12,16,3,HONEY,713,3334.508,1667254,0,data/ds004395/sub-LTP269/ses-12/eeg/sub-LTP269_ses-12_task-ltpFR2_eeg.edf,data/ds004395/sub-LTP269/ses-12/eeg/sub-LTP269_ses-12_task-ltpFR2_events.tsv
LTP269,12,16,4,ARMY,39,3336.962,1668481,1,data/ds004395/sub-LTP269/ses-12/eeg/sub-LTP269_ses-12_task-ltpFR2_eeg.edf,data/ds004395/sub-LTP269/ses-12/eeg/sub-LTP269_ses-12_task-ltpFR2_events.tsv
LTP269,12,16,5,FLEET,578,3339.446,1669723,1,data/ds004395/sub-LTP269/ses-12/eeg/sub-LTP269_ses-12_task-ltpFR2_eeg.edf,data/ds004395/sub-LTP269/ses-12/eeg/sub-LTP269_ses-12_task-ltpFR2_events.tsv
LTP269,12,16,6,PLATE,1086,3341.986,1670993,0,data/ds004395/sub-LTP269/ses-12/eeg/sub-LTP269_ses-12_task-ltpFR2_eeg.edf,data/ds004395/sub-LTP269/ses-12/eeg/sub-LTP269_ses-12_task-ltpFR2_events.tsv
LTP269,12,16,7,HANDBAG,684,3344.566,1672283,0,data/ds004395/sub-LTP269/ses-12/eeg/sub-LTP269_ses-12_task-ltpFR2_eeg.edf,data/ds004395/sub-LTP269/ses-12/eeg/sub-LTP269_ses-12_task-ltpFR2_events.tsv
LTP269,12,16,8,LUNCH,849,3347.27,1673635,0,data/ds004395/sub-LTP269/ses-12/eeg/sub-LTP269_ses-12_task-ltpFR2_eeg.edf,data/ds004395/sub-LTP269/ses-12/eeg/sub-LTP269_ses-12_task-ltpFR2_events.tsv
LTP269,12,16,9,KIDNEY,776,3349.938,1674969,0,data/ds004395/sub-LTP269/ses-12/eeg/sub-LTP269_ses-12_task-ltpFR2_eeg.edf,data/ds004395/sub-LTP269/ses-12/eeg/sub-LTP269_ses-12_task-ltpFR2_events.tsv
LTP269,12,16,10,TWIG,1527,3352.656,1676328,0,data/ds004395/sub-LTP269/ses-12/eeg/sub-LTP269_ses-12_task-ltpFR2_eeg.edf,data/ds004395/sub-LTP269/ses-12/eeg/sub-LTP269_ses-12_task-ltpFR2_events.tsv
LTP269,12,16,11,STICKER,1382,3355.374,1677687,0,data/ds004395/sub-LTP269/ses-12/eeg/sub-LTP269_ses-12_task-ltpFR2_eeg.edf,data/ds004395/sub-LTP269/ses-12/eeg/sub-LTP269_ses-12_task-ltpFR2_events.tsv
LTP269,12,16,12,HUMAN,726,3358.082,1679041,0,data/ds004395/sub-LTP269/ses-12/eeg/sub-LTP269_ses-12_task-ltpFR2_eeg.edf,data/ds004395/sub-LTP269/ses-12/eeg/sub-LTP269_ses-12_task-ltpFR2_events.tsv
LTP269,12,16,13,STREAM,1392,3360.896,1680448,0,data/ds004395/sub-LTP269/ses-12/eeg/sub-LTP269_ses-12_task-ltpFR2_eeg.edf,data/ds004395/sub-LTP269/ses-12/eeg/sub-LTP269_ses-12_task-ltpFR2_events.tsv
LTP269,12,16,14,BINDER,127,3363.648,1681824,0,data/ds004395/sub-LTP269/ses-12/eeg/sub-LTP269_ses-12_task-ltpFR2_eeg.edf,data/ds004395/sub-LTP269/ses-12/eeg/sub-LTP269_ses-12_task-ltpFR2_events.tsv
LTP269,12,16,15,BANKER,84,3366.354,1683177,0,data/ds004395/sub-LTP269/ses-12/eeg/sub-LTP269_ses-12_task-ltpFR2_eeg.edf,data/ds004395/sub-LTP269/ses-12/eeg/sub-LTP269_ses-12_task-ltpFR2_events.tsv
LTP269,12,16,16,MEAT,883,3368.774,1684387,0,data/ds004395/sub-LTP269/ses-12/eeg/sub-LTP269_ses-12_task-ltpFR2_eeg.edf,data/ds004395/sub-LTP269/ses-12/eeg/sub-LTP269_ses-12_task-ltpFR2_events.tsv
LTP269,12,16,17,GLOVE,642,3371.41,1685705,0,data/ds004395/sub-LTP269/ses-12/eeg/sub-LTP269_ses-12_task-ltpFR2_eeg.edf,data/ds004395/sub-LTP269/ses-12/eeg/sub-LTP269_ses-12_task-ltpFR2_events.tsv
LTP269,12,16,18,BUGGY,188,3374.04,1687020,0,data/ds004395/sub-LTP269/ses-12/eeg/sub-LTP269_ses-12_task-ltpFR2_eeg.edf,data/ds004395/sub-LTP269/ses-12/eeg/sub-LTP269_ses-12_task-ltpFR2_events.tsv
LTP269,12,16,19,TEACHER,1440,3376.742,1688371,0,data/ds004395/sub-LTP269/ses-12/eeg/sub-LTP269_ses-12_task-ltpFR2_eeg.edf,data/ds004395/sub-LTP269/ses-12/eeg/sub-LTP269_ses-12_task-ltpFR2_events.tsv
LTP269,12,16,20,COOKBOOK,373,3379.316,1689658,1,data/ds004395/sub-LTP269/ses-12/eeg/sub-LTP269_ses-12_task-ltpFR2_eeg.edf,data/ds004395/sub-LTP269/ses-12/eeg/sub-LTP269_ses-12_task-ltpFR2_events.tsv
LTP269,12,16,21,COOK,372,3382.104,1691052,1,data/ds004395/sub-LTP269/ses-12/eeg/sub-LTP269_ses-12_task-ltpFR2_eeg.edf,data/ds004395/sub-LTP269/ses-12/eeg/sub-LTP269_ses-12_task-ltpFR2_events.tsv
LTP269,12,16,22,BEEF,113,3384.72,1692360,0,data/ds004395/sub-LTP269/ses-12/eeg/sub-LTP269_ses-12_task-ltpFR2_eeg.edf,data/ds004395/sub-LTP269/ses-12/eeg/sub-LTP269_ses-12_task-ltpFR2_events.tsv
LTP269,12,16,23,TURKEY,1520,3387.284,1693642,0,data/ds004395/sub-LTP269/ses-12/eeg/sub-LTP269_ses-12_task-ltpFR2_eeg.edf,data/ds004395/sub-LTP269/ses-12/eeg/sub-LTP269_ses-12_task-ltpFR2_events.tsv
LTP269,12,16,24,BASEMENT,94,3389.742,1694871,0,data/ds004395/sub-LTP269/ses-12/eeg/sub-LTP269_ses-12_task-ltpFR2_eeg.edf,data/ds004395/sub-LTP269/ses-12/eeg/sub-LTP269_ses-12_task-ltpFR2_events.tsv
LTP269,12,17,1,FINGER,567,3637.946,1818973,1,data/ds004395/sub-LTP269/ses-12/eeg/sub-LTP269_ses-12_task-ltpFR2_eeg.edf,data/ds004395/sub-LTP269/ses-12/eeg/sub-LTP269_ses-12_task-ltpFR2_events.tsv
LTP269,12,17,2,WRIST,1626,3640.372,1820186,0,data/ds004395/sub-LTP269/ses-12/eeg/sub-LTP269_ses-12_task-ltpFR2_eeg.edf,data/ds004395/sub-LTP269/ses-12/eeg/sub-LTP269_ses-12_task-ltpFR2_events.tsv
LTP269,12,17,3,COUCH,386,3643.05,1821525,0,data/ds004395/sub-LTP269/ses-12/eeg/sub-LTP269_ses-12_task-ltpFR2_eeg.edf,data/ds004395/sub-LTP269/ses-12/eeg/sub-LTP269_ses-12_task-ltpFR2_events.tsv
LTP269,12,17,4,TABLE,1426,3645.784,1822892,0,data/ds004395/sub-LTP269/ses-12/eeg/sub-LTP269_ses-12_task-ltpFR2_eeg.edf,data/ds004395/sub-LTP269/ses-12/eeg/sub-LTP269_ses-12_task-ltpFR2_events.tsv
LTP269,12,17,5,SCALLOP,1242,3648.554,1824277,0,data/ds004395/sub-LTP269/ses-12/eeg/sub-LTP269_ses-12_task-ltpFR2_eeg.edf,data/ds004395/sub-LTP269/ses-12/eeg/sub-LTP269_ses-12_task-ltpFR2_events.tsv
LTP269,12,17,6,IDOL,733,3651.064,1825532,0,data/ds004395/sub-LTP269/ses-12/eeg/sub-LTP269_ses-12_task-ltpFR2_eeg.edf,data/ds004395/sub-LTP269/ses-12/eeg/sub-LTP269_ses-12_task-ltpFR2_events.tsv
LTP269,12,17,7,GALLON,618,3653.65,1826825,0,data/ds004395/sub-LTP269/ses-12/eeg/sub-LTP269_ses-12_task-ltpFR2_eeg.edf,data/ds004395/sub-LTP269/ses-12/eeg/sub-LTP269_ses-12_task-ltpFR2_events.tsv
LTP269,12,17,8,PISTON,1076,3656.32,1828160,0,data/ds004395/sub-LTP269/ses-12/eeg/sub-LTP269_ses-12_task-ltpFR2_eeg.edf,data/ds004395/sub-LTP269/ses-12/eeg/sub-LTP269_ses-12_task-ltpFR2_events.tsv
LTP269,12,17,9,FRECKLE,602,3658.97,1829485,0,data/ds004395/sub-LTP269/ses-12/eeg/sub-LTP269_ses-12_task-ltpFR2_eeg.edf,data/ds004395/sub-LTP269/ses-12/eeg/sub-LTP269_ses-12_task-ltpFR2_events.tsv
LTP269,12,17,10,YOLK,1633,3661.406,1830703,0,data/ds004395/sub-LTP269/ses-12/eeg/sub-LTP269_ses-12_task-ltpFR2_eeg.edf,data/ds004395/sub-LTP269/ses-12/eeg/sub-LTP269_ses-12_task-ltpFR2_events.tsv
LTP269,12,17,11,KETCHUP,771,3663.858,1831929,0,data/ds004395/sub-LTP269/ses-12/eeg/sub-LTP269_ses-12_task-ltpFR2_eeg.edf,data/ds004395/sub-LTP269/ses-12/eeg/sub-LTP269_ses-12_task-ltpFR2_events.tsv
LTP269,12,17,12,ONION,977,3666.394,1833197,1,data/ds004395/sub-LTP269/ses-12/eeg/sub-LTP269_ses-12_task-ltpFR2_eeg.edf,data/ds004395/sub-LTP269/ses-12/eeg/sub-LTP269_ses-12_task-ltpFR2_events.tsv
LTP269,12,17,13,POCKET,1093,3669.138,1834569,1,data/ds004395/sub-LTP269/ses-12/eeg/sub-LTP269_ses-12_task-ltpFR2_eeg.edf,data/ds004395/sub-LTP269/ses-12/eeg/sub-LTP269_ses-12_task-ltpFR2_events.tsv
LTP269,12,17,14,PARSLEY,1016,3671.688,1835844,0,data/ds004395/sub-LTP269/ses-12/eeg/sub-LTP269_ses-12_task-ltpFR2_eeg.edf,data/ds004395/sub-LTP269/ses-12/eeg/sub-LTP269_ses-12_task-ltpFR2_events.tsv
LTP269,12,17,15,DINER,467,3674.44,1837220,1,data/ds004395/sub-LTP269/ses-12/eeg/sub-LTP269_ses-12_task-ltpFR2_eeg.edf,data/ds004395/sub-LTP269/ses-12/eeg/sub-LTP269_ses-12_task-ltpFR2_events.tsv
LTP269,12,17,16,MUSTARD,935,3676.938,1838469,1,data/ds004395/sub-LTP269/ses-12/eeg/sub-LTP269_ses-12_task-ltpFR2_eeg.edf,data/ds004395/sub-LTP269/ses-12/eeg/sub-LTP269_ses-12_task-ltpFR2_events.tsv
LTP269,12,17,17,CAFE,216,3679.506,1839753,1,data/ds004395/sub-LTP269/ses-12/eeg/sub-LTP269_ses-12_task-ltpFR2_eeg.edf,data/ds004395/sub-LTP269/ses-12/eeg/sub-LTP269_ses-12_task-ltpFR2_events.tsv
LTP269,12,17,18,LONDON,843,3682.198,1841099,1,data/ds004395/sub-LTP269/ses-12/eeg/sub-LTP269_ses-12_task-ltpFR2_eeg.edf,data/ds004395/sub-LTP269/ses-12/eeg/sub-LTP269_ses-12_task-ltpFR2_events.tsv
LTP269,12,17,19,GANGSTER,620,3684.664,1842332,0,data/ds004395/sub-LTP269/ses-12/eeg/sub-LTP269_ses-12_task-ltpFR2_eeg.edf,data/ds004395/sub-LTP269/ses-12/eeg/sub-LTP269_ses-12_task-ltpFR2_events.tsv
LTP269,12,17,20,POWDER,1117,3687.134,1843567,0,data/ds004395/sub-LTP269/ses-12/eeg/sub-LTP269_ses-12_task-ltpFR2_eeg.edf,data/ds004395/sub-LTP269/ses-12/eeg/sub-LTP269_ses-12_task-ltpFR2_events.tsv
LTP269,12,17,21,EUROPE,541,3689.814,1844907,1,data/ds004395/sub-LTP269/ses-12/eeg/sub-LTP269_ses-12_task-ltpFR2_eeg.edf,data/ds004395/sub-LTP269/ses-12/eeg/sub-LTP269_ses-12_task-ltpFR2_events.tsv
LTP269,12,17,22,VALLEY,1545,3692.616,1846308,1,data/ds004395/sub-LTP269/ses-12/eeg/sub-LTP269_ses-12_task-ltpFR2_eeg.edf,data/ds004395/sub-LTP269/ses-12/eeg/sub-LTP269_ses-12_task-ltpFR2_events.tsv
LTP269,12,17,23,PUDDING,1139,3695.154,1847577,1,data/ds004395/sub-LTP269/ses-12/eeg/sub-LTP269_ses-12_task-ltpFR2_eeg.edf,data/ds004395/sub-LTP269/ses-12/eeg/sub-LTP269_ses-12_task-ltpFR2_events.tsv
LTP269,12,17,24,SHORTS,1293,3697.888,1848944,0,data/ds004395/sub-LTP269/ses-12/eeg/sub-LTP269_ses-12_task-ltpFR2_eeg.edf,data/ds004395/sub-LTP269/ses-12/eeg/sub-LTP269_ses-12_task-ltpFR2_events.tsv
LTP269,12,18,1,GHETTO,633,3841.004,1920502,1,data/ds004395/sub-LTP269/ses-12/eeg/sub-LTP269_ses-12_task-ltpFR2_eeg.edf,data/ds004395/sub-LTP269/ses-12/eeg/sub-LTP269_ses-12_task-ltpFR2_events.tsv
LTP269,12,18,2,CARROT,249,3843.438,1921719,1,data/ds004395/sub-LTP269/ses-12/eeg/sub-LTP269_ses-12_task-ltpFR2_eeg.edf,data/ds004395/sub-LTP269/ses-12/eeg/sub-LTP269_ses-12_task-ltpFR2_events.tsv
LTP269,12,18,3,GARDEN,623,3845.948,1922974,0,data/ds004395/sub-LTP269/ses-12/eeg/sub-LTP269_ses-12_task-ltpFR2_eeg.edf,data/ds004395/sub-LTP269/ses-12/eeg/sub-LTP269_ses-12_task-ltpFR2_events.tsv
LTP269,12,18,4,MILDEW,893,3848.616,1924308,0,data/ds004395/sub-LTP269/ses-12/eeg/sub-LTP269_ses-12_task-ltpFR2_eeg.edf,data/ds004395/sub-LTP269/ses-12/eeg/sub-LTP269_ses-12_task-ltpFR2_events.tsv
LTP269,12,18,5,BOUQUET,157,3851.062,1925531,1,data/ds004395/sub-LTP269/ses-12/eeg/sub-LTP269_ses-12_task-ltpFR2_eeg.edf,data/ds004395/sub-LTP269/ses-12/eeg/sub-LTP269_ses-12_task-ltpFR2_events.tsv
LTP269,12,18,6,STALLION,1369,3853.686,1926843,1,data/ds004395/sub-LTP269/ses-12/eeg/sub-LTP269_ses-12_task-ltpFR2_eeg.edf,data/ds004395/sub-LTP269/ses-12/eeg/sub-LTP269_ses-12_task-ltpFR2_events.tsv
LTP269,12,18,7,WAGON,1578,3856.306,1928153,0,data/ds004395/sub-LTP269/ses-12/eeg/sub-LTP269_ses-12_task-ltpFR2_eeg.edf,data/ds004395/sub-LTP269/ses-12/eeg/sub-LTP269_ses-12_task-ltpFR2_events.tsv
LTP269,12,18,8,NURSE,963,3859.002,1929501,1,data/ds004395/sub-LTP269/ses-12/eeg/sub-LTP269_ses-12_task-ltpFR2_eeg.edf,data/ds004395/sub-LTP269/ses-12/eeg/sub-LTP269_ses-12_task-ltpFR2_events.tsv
LTP269,12,18,9,GAZELLE,628,3861.604,1930802,0,data/ds004395/sub-LTP269/ses-12/eeg/sub-LTP269_ses-12_task-ltpFR2_eeg.edf,data/ds004395/sub-LTP269/ses-12/eeg/sub-LTP269_ses-12_task-ltpFR2_events.tsv
LTP269,12,18,10,PERFUME,1049,3864.346,1932173,1,data/ds004395/sub-LTP269/ses-12/eeg/sub-LTP269_ses-12_task-ltpFR2_eeg.edf,data/ds004395/sub-LTP269/ses-12/eeg/sub-LTP269_ses-12_task-ltpFR2_events.tsv
LTP269,12,18,11,RAZOR,1171,3866.864,1933432,0,data/ds004395/sub-LTP269/ses-12/eeg/sub-LTP269_ses-12_task-ltpFR2_eeg.edf,data/ds004395/sub-LTP269/ses-12/eeg/sub-LTP269_ses-12_task-ltpFR2_events.tsv
LTP269,12,18,12,WHISKERS,1605,3869.426,1934713,0,data/ds004395/sub-LTP269/ses-12/eeg/sub-LTP269_ses-12_task-ltpFR2_eeg.edf,data/ds004395/sub-LTP269/ses-12/eeg/sub-LTP269_ses-12_task-ltpFR2_events.tsv
LTP269,12,18,13,ROBIN,1199,3872.036,1936018,0,data/ds004395/sub-LTP269/ses-12/eeg/sub-LTP269_ses-12_task-ltpFR2_eeg.edf,data/ds004395/sub-LTP269/ses-12/eeg/sub-LTP269_ses-12_task-ltpFR2_events.tsv
LTP269,12,18,14,PRIMATE,1123,3874.528,1937264,0,data/ds004395/sub-LTP269/ses-12/eeg/sub-LTP269_ses-12_task-ltpFR2_eeg.edf,data/ds004395/sub-LTP269/ses-12/eeg/sub-LTP269_ses-12_task-ltpFR2_events.tsv
LTP269,12,18,15,BIKE,125,3877.266,1938633,0,data/ds004395/sub-LTP269/ses-12/eeg/sub-LTP269_ses-12_task-ltpFR2_eeg.edf,data/ds004395/sub-LTP269/ses-12/eeg/sub-LTP269_ses-12_task-ltpFR2_events.tsv
LTP269,12,18,16,PEDAL,1037,3879.858,1939929,0,data/ds004395/sub-LTP269/ses-12/eeg/sub-LTP269_ses-12_task-ltpFR2_eeg.edf,data/ds004395/sub-LTP269/ses-12/eeg/sub-LTP269_ses-12_task-ltpFR2_events.tsv
LTP269,12,18,17,CONCERT,360,3882.536,1941268,0,data/ds004395/sub-LTP269/ses-12/eeg/sub-LTP269_ses-12_task-ltpFR2_eeg.edf,data/ds004395/sub-LTP269/ses-12/eeg/sub-LTP269_ses-12_task-ltpFR2_events.tsv
LTP269,12,18,18,FLOWER,584,3885.054,1942527,1,data/ds004395/sub-LTP269/ses-12/eeg/sub-LTP269_ses-12_task-ltpFR2_eeg.edf,data/ds004395/sub-LTP269/ses-12/eeg/sub-LTP269_ses-12_task-ltpFR2_events.tsv
LTP269,12,18,19,BUREAU,199,3887.54,1943770,0,data/ds004395/sub-LTP269/ses-12/eeg/sub-LTP269_ses-12_task-ltpFR2_eeg.edf,data/ds004395/sub-LTP269/ses-12/eeg/sub-LTP269_ses-12_task-ltpFR2_events.tsv
LTP269,12,18,20,GARBAGE,622,3890.176,1945088,0,data/ds004395/sub-LTP269/ses-12/eeg/sub-LTP269_ses-12_task-ltpFR2_eeg.edf,data/ds004395/sub-LTP269/ses-12/eeg/sub-LTP269_ses-12_task-ltpFR2_events.tsv
LTP269,12,18,21,OUTDOORS,987,3892.928,1946464,1,data/ds004395/sub-LTP269/ses-12/eeg/sub-LTP269_ses-12_task-ltpFR2_eeg.edf,data/ds004395/sub-LTP269/ses-12/eeg/sub-LTP269_ses-12_task-ltpFR2_events.tsv
LTP269,12,18,22,CLOTHES,327,3895.73,1947865,0,data/ds004395/sub-LTP269/ses-12/eeg/sub-LTP269_ses-12_task-ltpFR2_eeg.edf,data/ds004395/sub-LTP269/ses-12/eeg/sub-LTP269_ses-12_task-ltpFR2_events.tsv
LTP269,12,18,23,CELLAR,267,3898.208,1949104,0,data/ds004395/sub-LTP269/ses-12/eeg/sub-LTP269_ses-12_task-ltpFR2_eeg.edf,data/ds004395/sub-LTP269/ses-12/eeg/sub-LTP269_ses-12_task-ltpFR2_events.tsv
LTP269,12,18,24,TURNIP,1521,3900.934,1950467,1,data/ds004395/sub-LTP269/ses-12/eeg/sub-LTP269_ses-12_task-ltpFR2_eeg.edf,data/ds004395/sub-LTP269/ses-12/eeg/sub-LTP269_ses-12_task-ltpFR2_events.tsv
LTP269,12,19,1,DANCER,437,4018.758,2009379,0,data/ds004395/sub-LTP269/ses-12/eeg/sub-LTP269_ses-12_task-ltpFR2_eeg.edf,data/ds004395/sub-LTP269/ses-12/eeg/sub-LTP269_ses-12_task-ltpFR2_events.tsv
LTP269,12,19,2,DANDRUFF,439,4021.196,2010598,0,data/ds004395/sub-LTP269/ses-12/eeg/sub-LTP269_ses-12_task-ltpFR2_eeg.edf,data/ds004395/sub-LTP269/ses-12/eeg/sub-LTP269_ses-12_task-ltpFR2_events.tsv
LTP269,12,19,3,BALLOON,75,4023.828,2011914,0,data/ds004395/sub-LTP269/ses-12/eeg/sub-LTP269_ses-12_task-ltpFR2_eeg.edf,data/ds004395/sub-LTP269/ses-12/eeg/sub-LTP269_ses-12_task-ltpFR2_events.tsv
LTP269,12,19,4,HATCHET,691,4026.25,2013125,0,data/ds004395/sub-LTP269/ses-12/eeg/sub-LTP269_ses-12_task-ltpFR2_eeg.edf,data/ds004395/sub-LTP269/ses-12/eeg/sub-LTP269_ses-12_task-ltpFR2_events.tsv
LTP269,12,19,5,BRANCH,168,4028.834,2014417,0,data/ds004395/sub-LTP269/ses-12/eeg/sub-LTP269_ses-12_task-ltpFR2_eeg.edf,data/ds004395/sub-LTP269/ses-12/eeg/sub-LTP269_ses-12_task-ltpFR2_events.tsv
LTP269,12,19,6,FILM,565,4031.27,2015635,0,data/ds004395/sub-LTP269/ses-12/eeg/sub-LTP269_ses-12_task-ltpFR2_eeg.edf,data/ds004395/sub-LTP269/ses-12/eeg/sub-LTP269_ses-12_task-ltpFR2_events.tsv
LTP269,12,19,7,OUTFIT,988,4034.054,2017027,0,data/ds004395/sub-LTP269/ses-12/eeg/sub-LTP269_ses-12_task-ltpFR2_eeg.edf,data/ds004395/sub-LTP269/ses-12/eeg/sub-LTP269_ses-12_task-ltpFR2_events.tsv
LTP269,12,19,8,COSTUME,383,4036.792,2018396,0,data/ds004395/sub-LTP269/ses-12/eeg/sub-LTP269_ses-12_task-ltpFR2_eeg.edf,data/ds004395/sub-LTP269/ses-12/eeg/sub-LTP269_ses-12_task-ltpFR2_events.tsv
LTP269,12,19,9,LADY,794,4039.426,2019713,0,data/ds004395/sub-LTP269/ses-12/eeg/sub-LTP269_ses-12_task-ltpFR2_eeg.edf,data/ds004395/sub-LTP269/ses-12/eeg/sub-LTP269_ses-12_task-ltpFR2_events.tsv
LTP269,12,19,10,COD,340,4042.178,2021089,0,data/ds004395/sub-LTP269/ses-12/eeg/sub-LTP269_ses-12_task-ltpFR2_eeg.edf,data/ds004395/sub-LTP269/ses-12/eeg/sub-LTP269_ses-12_task-ltpFR2_events.tsv
LTP269,12,19,11,ZEBRA,1635,4044.778,2022389,0,data/ds004395/sub-LTP269/ses-12/eeg/sub-LTP269_ses-12_task-ltpFR2_eeg.edf,data/ds004395/sub-LTP269/ses-12/eeg/sub-LTP269_ses-12_task-ltpFR2_events.tsv
LTP269,12,19,12,NOTEBOOK,959,4047.432,2023716,0,data/ds004395/sub-LTP269/ses-12/eeg/sub-LTP269_ses-12_task-ltpFR2_eeg.edf,data/ds004395/sub-LTP269/ses-12/eeg/sub-LTP269_ses-12_task-ltpFR2_events.tsv
LTP269,12,19,13,ULCER,1533,4049.97,2024985,1,data/ds004395/sub-LTP269/ses-12/eeg/sub-LTP269_ses-12_task-ltpFR2_eeg.edf,data/ds004395/sub-LTP269/ses-12/eeg/sub-LTP269_ses-12_task-ltpFR2_events.tsv
LTP269,12,19,14,JURY,766,4052.568,2026284,1,data/ds004395/sub-LTP269/ses-12/eeg/sub-LTP269_ses-12_task-ltpFR2_eeg.edf,data/ds004395/sub-LTP269/ses-12/eeg/sub-LTP269_ses-12_task-ltpFR2_events.tsv
LTP269,12,19,15,GAVEL,627,4055.336,2027668,1,data/ds004395/sub-LTP269/ses-12/eeg/sub-LTP269_ses-12_task-ltpFR2_eeg.edf,data/ds004395/sub-LTP269/ses-12/eeg/sub-LTP269_ses-12_task-ltpFR2_events.tsv
LTP269,12,19,16,BRIEFCASE,175,4057.858,2028929,0,data/ds004395/sub-LTP269/ses-12/eeg/sub-LTP269_ses-12_task-ltpFR2_eeg.edf,data/ds004395/sub-LTP269/ses-12/eeg/sub-LTP269_ses-12_task-ltpFR2_events.tsv
LTP269,12,19,17,POPCORN,1104,4060.59,2030295,0,data/ds004395/sub-LTP269/ses-12/eeg/sub-LTP269_ses-12_task-ltpFR2_eeg.edf,data/ds004395/sub-LTP269/ses-12/eeg/sub-LTP269_ses-12_task-ltpFR2_events.tsv
LTP269,12,19,18,WIFE,1609,4063.326,2031663,0,data/ds004395/sub-LTP269/ses-12/eeg/sub-LTP269_ses-12_task-ltpFR2_eeg.edf,data/ds004395/sub-LTP269/ses-12/eeg/sub-LTP269_ses-12_task-ltpFR2_events.tsv
LTP269,12,19,19,CUSTARD,429,4065.762,2032881,0,data/ds004395/sub-LTP269/ses-12/eeg/sub-LTP269_ses-12_task-ltpFR2_eeg.edf,data/ds004395/sub-LTP269/ses-12/eeg/sub-LTP269_ses-12_task-ltpFR2_events.tsv
LTP269,12,19,20,POLICE,1098,4068.448,2034224,1,data/ds004395/sub-LTP269/ses-12/eeg/sub-LTP269_ses-12_task-ltpFR2_eeg.edf,data/ds004395/sub-LTP269/ses-12/eeg/sub-LTP269_ses-12_task-ltpFR2_events.tsv
LTP269,12,19,21,STUDENT,1395,4070.984,2035492,1,data/ds004395/sub-LTP269/ses-12/eeg/sub-LTP269_ses-12_task-ltpFR2_eeg.edf,data/ds004395/sub-LTP269/ses-12/eeg/sub-LTP269_ses-12_task-ltpFR2_events.tsv
LTP269,12,19,22,ICING,732,4073.702,2036851,1,data/ds004395/sub-LTP269/ses-12/eeg/sub-LTP269_ses-12_task-ltpFR2_eeg.edf,data/ds004395/sub-LTP269/ses-12/eeg/sub-LTP269_ses-12_task-ltpFR2_events.tsv
LTP269,12,19,23,CLAM,315,4076.122,2038061,1,data/ds004395/sub-LTP269/ses-12/eeg/sub-LTP269_ses-12_task-ltpFR2_eeg.edf,data/ds004395/sub-LTP269/ses-12/eeg/sub-LTP269_ses-12_task-ltpFR2_events.tsv
LTP269,12,19,24,SPARROW,1347,4078.794,2039397,0,data/ds004395/sub-LTP269/ses-12/eeg/sub-LTP269_ses-12_task-ltpFR2_eeg.edf,data/ds004395/sub-LTP269/ses-12/eeg/sub-LTP269_ses-12_task-ltpFR2_events.tsv
LTP269,12,20,1,WASP,1593,4221.416,2110708,0,data/ds004395/sub-LTP269/ses-12/eeg/sub-LTP269_ses-12_task-ltpFR2_eeg.edf,data/ds004395/sub-LTP269/ses-12/eeg/sub-LTP269_ses-12_task-ltpFR2_events.tsv
LTP269,12,20,2,HORNET,718,4223.968,2111984,0,data/ds004395/sub-LTP269/ses-12/eeg/sub-LTP269_ses-12_task-ltpFR2_eeg.edf,data/ds004395/sub-LTP269/ses-12/eeg/sub-LTP269_ses-12_task-ltpFR2_events.tsv
LTP269,12,20,3,GARLIC,624,4226.586,2113293,0,data/ds004395/sub-LTP269/ses-12/eeg/sub-LTP269_ses-12_task-ltpFR2_eeg.edf,data/ds004395/sub-LTP269/ses-12/eeg/sub-LTP269_ses-12_task-ltpFR2_events.tsv
LTP269,12,20,4,PASTA,1021,4229.056,2114528,0,data/ds004395/sub-LTP269/ses-12/eeg/sub-LTP269_ses-12_task-ltpFR2_eeg.edf,data/ds004395/sub-LTP269/ses-12/eeg/sub-LTP269_ses-12_task-ltpFR2_events.tsv
LTP269,12,20,5,THIEF,1456,4231.724,2115862,0,data/ds004395/sub-LTP269/ses-12/eeg/sub-LTP269_ses-12_task-ltpFR2_eeg.edf,data/ds004395/sub-LTP269/ses-12/eeg/sub-LTP269_ses-12_task-ltpFR2_events.tsv
LTP269,12,20,6,SHOVEL,1295,4234.526,2117263,0,data/ds004395/sub-LTP269/ses-12/eeg/sub-LTP269_ses-12_task-ltpFR2_eeg.edf,data/ds004395/sub-LTP269/ses-12/eeg/sub-LTP269_ses-12_task-ltpFR2_events.tsv
LTP269,12,20,7,HEADBAND,696,4236.996,2118498,0,data/ds004395/sub-LTP269/ses-12/eeg/sub-LTP269_ses-12_task-ltpFR2_eeg.edf,data/ds004395/sub-LTP269/ses-12/eeg/sub-LTP269_ses-12_task-ltpFR2_events.tsv
LTP269,12,20,8,BARREL,91,4239.714,2119857,0,data/ds004395/sub-LTP269/ses-12/eeg/sub-LTP269_ses-12_task-ltpFR2_eeg.edf,data/ds004395/sub-LTP269/ses-12/eeg/sub-LTP269_ses-12_task-ltpFR2_events.tsv
LTP269,12,20,9,BLOUSE,139,4242.316,2121158,0,data/ds004395/sub-LTP269/ses-12/eeg/sub-LTP269_ses-12_task-ltpFR2_eeg.edf,data/ds004395/sub-LTP269/ses-12/eeg/sub-LTP269_ses-12_task-ltpFR2_events.tsv
LTP269,12,20,10,HELMET,702,4244.87,2122435,0,data/ds004395/sub-LTP269/ses-12/eeg/sub-LTP269_ses-12_task-ltpFR2_eeg.edf,data/ds004395/sub-LTP269/ses-12/eeg/sub-LTP269_ses-12_task-ltpFR2_events.tsv
LTP269,12,20,11,SUSPECT,1415,4247.386,2123693,0,data/ds004395/sub-LTP269/ses-12/eeg/sub-LTP269_ses-12_task-ltpFR2_eeg.edf,data/ds004395/sub-LTP269/ses-12/eeg/sub-LTP269_ses-12_task-ltpFR2_events.tsv
LTP269,12,20,12,BEAVER,109,4249.874,2124937,0,data/ds004395/sub-LTP269/ses-12/eeg/sub-LTP269_ses-12_task-ltpFR2_eeg.edf,data/ds004395/sub-LTP269/ses-12/eeg/sub-LTP269_ses-12_task-ltpFR2_events.tsv
LTP269,12,20,13,MASK,876,4252.508,2126254,0,data/ds004395/sub-LTP269/ses-12/eeg/sub-LTP269_ses-12_task-ltpFR2_eeg.edf,data/ds004395/sub-LTP269/ses-12/eeg/sub-LTP269_ses-12_task-ltpFR2_events.tsv
LTP269,12,20,14,SHARK,1275,4255.326,2127663,0,data/ds004395/sub-LTP269/ses-12/eeg/sub-LTP269_ses-12_task-ltpFR2_eeg.edf,data/ds004395/sub-LTP269/ses-12/eeg/sub-LTP269_ses-12_task-ltpFR2_events.tsv
LTP269,12,20,15,CROWN,415,4258.03,2129015,0,data/ds004395/sub-LTP269/ses-12/eeg/sub-LTP269_ses-12_task-ltpFR2_eeg.edf,data/ds004395/sub-LTP269/ses-12/eeg/sub-LTP269_ses-12_task-ltpFR2_events.tsv
LTP269,12,20,16,CEILING,265,4260.58,2130290,0,data/ds004395/sub-LTP269/ses-12/eeg/sub-LTP269_ses-12_task-ltpFR2_eeg.edf,data/ds004395/sub-LTP269/ses-12/eeg/sub-LTP269_ses-12_task-ltpFR2_events.tsv
LTP269,12,20,17,PLASTER,1085,4263.316,2131658,0,data/ds004395/sub-LTP269/ses-12/eeg/sub-LTP269_ses-12_task-ltpFR2_eeg.edf,data/ds004395/sub-LTP269/ses-12/eeg/sub-LTP269_ses-12_task-ltpFR2_events.tsv
LTP269,12,20,18,BULLET,194,4266.086,2133043,0,data/ds004395/sub-LTP269/ses-12/eeg/sub-LTP269_ses-12_task-ltpFR2_eeg.edf,data/ds004395/sub-LTP269/ses-12/eeg/sub-LTP269_ses-12_task-ltpFR2_events.tsv
LTP269,12,20,19,JAPAN,749,4268.588,2134294,1,data/ds004395/sub-LTP269/ses-12/eeg/sub-LTP269_ses-12_task-ltpFR2_eeg.edf,data/ds004395/sub-LTP269/ses-12/eeg/sub-LTP269_ses-12_task-ltpFR2_events.tsv
LTP269,12,20,20,CREATURE,403,4271.372,2135686,1,data/ds004395/sub-LTP269/ses-12/eeg/sub-LTP269_ses-12_task-ltpFR2_eeg.edf,data/ds004395/sub-LTP269/ses-12/eeg/sub-LTP269_ses-12_task-ltpFR2_events.tsv
LTP269,12,20,21,THREAD,1460,4274.108,2137054,0,data/ds004395/sub-LTP269/ses-12/eeg/sub-LTP269_ses-12_task-ltpFR2_eeg.edf,data/ds004395/sub-LTP269/ses-12/eeg/sub-LTP269_ses-12_task-ltpFR2_events.tsv
LTP269,12,20,22,FEMALE,559,4276.626,2138313,0,data/ds004395/sub-LTP269/ses-12/eeg/sub-LTP269_ses-12_task-ltpFR2_eeg.edf,data/ds004395/sub-LTP269/ses-12/eeg/sub-LTP269_ses-12_task-ltpFR2_events.tsv
LTP269,12,20,23,PECAN,1036,4279.43,2139715,0,data/ds004395/sub-LTP269/ses-12/eeg/sub-LTP269_ses-12_task-ltpFR2_eeg.edf,data/ds004395/sub-LTP269/ses-12/eeg/sub-LTP269_ses-12_task-ltpFR2_events.tsv
LTP269,12,20,24,PEPPER,1047,4281.868,2140934,0,data/ds004395/sub-LTP269/ses-12/eeg/sub-LTP269_ses-12_task-ltpFR2_eeg.edf,data/ds004395/sub-LTP269/ses-12/eeg/sub-LTP269_ses-12_task-ltpFR2_events.tsv
LTP269,12,21,1,PUPIL,1143,4399.688,2199844,0,data/ds004395/sub-LTP269/ses-12/eeg/sub-LTP269_ses-12_task-ltpFR2_eeg.edf,data/ds004395/sub-LTP269/ses-12/eeg/sub-LTP269_ses-12_task-ltpFR2_events.tsv
LTP269,12,21,2,SIDEWALK,1303,4402.208,2201104,0,data/ds004395/sub-LTP269/ses-12/eeg/sub-LTP269_ses-12_task-ltpFR2_eeg.edf,data/ds004395/sub-LTP269/ses-12/eeg/sub-LTP269_ses-12_task-ltpFR2_events.tsv
LTP269,12,21,3,HIGHWAY,707,4404.894,2202447,1,data/ds004395/sub-LTP269/ses-12/eeg/sub-LTP269_ses-12_task-ltpFR2_eeg.edf,data/ds004395/sub-LTP269/ses-12/eeg/sub-LTP269_ses-12_task-ltpFR2_events.tsv
LTP269,12,21,4,PADDLE,1000,4407.49,2203745,1,data/ds004395/sub-LTP269/ses-12/eeg/sub-LTP269_ses-12_task-ltpFR2_eeg.edf,data/ds004395/sub-LTP269/ses-12/eeg/sub-LTP269_ses-12_task-ltpFR2_events.tsv
LTP269,12,21,5,SEAL,1262,4410.126,2205063,1,data/ds004395/sub-LTP269/ses-12/eeg/sub-LTP269_ses-12_task-ltpFR2_eeg.edf,data/ds004395/sub-LTP269/ses-12/eeg/sub-LTP269_ses-12_task-ltpFR2_events.tsv
LTP269,12,21,6,EYELASH,546,4412.71,2206355,0,data/ds004395/sub-LTP269/ses-12/eeg/sub-LTP269_ses-12_task-ltpFR2_eeg.edf,data/ds004395/sub-LTP269/ses-12/eeg/sub-LTP269_ses-12_task-ltpFR2_events.tsv
LTP269,12,21,7,WORLD,1622,4415.346,2207673,0,data/ds004395/sub-LTP269/ses-12/eeg/sub-LTP269_ses-12_task-ltpFR2_eeg.edf,data/ds004395/sub-LTP269/ses-12/eeg/sub-LTP269_ses-12_task-ltpFR2_events.tsv
LTP269,12,21,8,MAILBOX,857,4418.084,2209042,0,data/ds004395/sub-LTP269/ses-12/eeg/sub-LTP269_ses-12_task-ltpFR2_eeg.edf,data/ds004395/sub-LTP269/ses-12/eeg/sub-LTP269_ses-12_task-ltpFR2_events.tsv
LTP269,12,21,9,LION,827,4420.568,2210284,1,data/ds004395/sub-LTP269/ses-12/eeg/sub-LTP269_ses-12_task-ltpFR2_eeg.edf,data/ds004395/sub-LTP269/ses-12/eeg/sub-LTP269_ses-12_task-ltpFR2_events.tsv
LTP269,12,21,10,PANTHER,1009,4423.176,2211588,1,data/ds004395/sub-LTP269/ses-12/eeg/sub-LTP269_ses-12_task-ltpFR2_eeg.edf,data/ds004395/sub-LTP269/ses-12/eeg/sub-LTP269_ses-12_task-ltpFR2_events.tsv
LTP269,12,21,11,TRIBE,1505,4425.84,2212920,1,data/ds004395/sub-LTP269/ses-12/eeg/sub-LTP269_ses-12_task-ltpFR2_eeg.edf,data/ds004395/sub-LTP269/ses-12/eeg/sub-LTP269_ses-12_task-ltpFR2_events.tsv
LTP269,12,21,12,PARTNER,1017,4428.324,2214162,0,data/ds004395/sub-LTP269/ses-12/eeg/sub-LTP269_ses-12_task-ltpFR2_eeg.edf,data/ds004395/sub-LTP269/ses-12/eeg/sub-LTP269_ses-12_task-ltpFR2_events.tsv
LTP269,12,21,13,COUSIN,392,4430.744,2215372,0,data/ds004395/sub-LTP269/ses-12/eeg/sub-LTP269_ses-12_task-ltpFR2_eeg.edf,data/ds004395/sub-LTP269/ses-12/eeg/sub-LTP269_ses-12_task-ltpFR2_events.tsv
LTP269,12,21,14,CHURCH,307,4433.162,2216581,0,data/ds004395/sub-LTP269/ses-12/eeg/sub-LTP269_ses-12_task-ltpFR2_eeg.edf,data/ds004395/sub-LTP269/ses-12/eeg/sub-LTP269_ses-12_task-ltpFR2_events.tsv
LTP269,12,21,15,LIPSTICK,829,4435.78,2217890,0,data/ds004395/sub-LTP269/ses-12/eeg/sub-LTP269_ses-12_task-ltpFR2_eeg.edf,data/ds004395/sub-LTP269/ses-12/eeg/sub-LTP269_ses-12_task-ltpFR2_events.tsv
LTP269,12,21,16,YACHT,1629,4438.5,2219250,0,data/ds004395/sub-LTP269/ses-12/eeg/sub-LTP269_ses-12_task-ltpFR2_eeg.edf,data/ds004395/sub-LTP269/ses-12/eeg/sub-LTP269_ses-12_task-ltpFR2_events.tsv
LTP269,12,21,17,BOARD,143,4440.952,2220476,1,data/ds004395/sub-LTP269/ses-12/eeg/sub-LTP269_ses-12_task-ltpFR2_eeg.edf,data/ds004395/sub-LTP269/ses-12/eeg/sub-LTP269_ses-12_task-ltpFR2_events.tsv
LTP269,12,21,18,CATCHER,258,4443.64,2221820,0,data/ds004395/sub-LTP269/ses-12/eeg/sub-LTP269_ses-12_task-ltpFR2_eeg.edf,data/ds004395/sub-LTP269/ses-12/eeg/sub-LTP269_ses-12_task-ltpFR2_events.tsv
LTP269,12,21,19,PAPER,1011,4446.322,2223161,1,data/ds004395/sub-LTP269/ses-12/eeg/sub-LTP269_ses-12_task-ltpFR2_eeg.edf,data/ds004395/sub-LTP269/ses-12/eeg/sub-LTP269_ses-12_task-ltpFR2_events.tsv
LTP269,12,21,20,PRINCE,1124,4448.824,2224412,1,data/ds004395/sub-LTP269/ses-12/eeg/sub-LTP269_ses-12_task-ltpFR2_eeg.edf,data/ds004395/sub-LTP269/ses-12/eeg/sub-LTP269_ses-12_task-ltpFR2_events.tsv
LTP269,12,21,21,QUEEN,1149,4451.628,2225814,1,data/ds004395/sub-LTP269/ses-12/eeg/sub-LTP269_ses-12_task-ltpFR2_eeg.edf,data/ds004395/sub-LTP269/ses-12/eeg/sub-LTP269_ses-12_task-ltpFR2_events.tsv
LTP269,12,21,22,MATTRESS,879,4454.348,2227174,0,data/ds004395/sub-LTP269/ses-12/eeg/sub-LTP269_ses-12_task-ltpFR2_eeg.edf,data/ds004395/sub-LTP269/ses-12/eeg/sub-LTP269_ses-12_task-ltpFR2_events.tsv
LTP269,12,21,23,LEOPARD,812,4456.798,2228399,1,data/ds004395/sub-LTP269/ses-12/eeg/sub-LTP269_ses-12_task-ltpFR2_eeg.edf,data/ds004395/sub-LTP269/ses-12/eeg/sub-LTP269_ses-12_task-ltpFR2_events.tsv
LTP269,12,21,24,STAKE,1368,4459.318,2229659,0,data/ds004395/sub-LTP269/ses-12/eeg/sub-LTP269_ses-12_task-ltpFR2_eeg.edf,data/ds004395/sub-LTP269/ses-12/eeg/sub-LTP269_ses-12_task-ltpFR2_events.tsv
LTP269,12,22,1,FOREST,593,4577.26,2288630,1,data/ds004395/sub-LTP269/ses-12/eeg/sub-LTP269_ses-12_task-ltpFR2_eeg.edf,data/ds004395/sub-LTP269/ses-12/eeg/sub-LTP269_ses-12_task-ltpFR2_events.tsv
LTP269,12,22,2,HEDGE,699,4579.864,2289932,1,data/ds004395/sub-LTP269/ses-12/eeg/sub-LTP269_ses-12_task-ltpFR2_eeg.edf,data/ds004395/sub-LTP269/ses-12/eeg/sub-LTP269_ses-12_task-ltpFR2_events.tsv
LTP269,12,22,3,CRITIC,410,4582.682,2291341,0,data/ds004395/sub-LTP269/ses-12/eeg/sub-LTP269_ses-12_task-ltpFR2_eeg.edf,data/ds004395/sub-LTP269/ses-12/eeg/sub-LTP269_ses-12_task-ltpFR2_events.tsv
LTP269,12,22,4,COBRA,336,4585.118,2292559,0,data/ds004395/sub-LTP269/ses-12/eeg/sub-LTP269_ses-12_task-ltpFR2_eeg.edf,data/ds004395/sub-LTP269/ses-12/eeg/sub-LTP269_ses-12_task-ltpFR2_events.tsv
LTP269,12,22,5,LUGGAGE,847,4587.878,2293939,0,data/ds004395/sub-LTP269/ses-12/eeg/sub-LTP269_ses-12_task-ltpFR2_eeg.edf,data/ds004395/sub-LTP269/ses-12/eeg/sub-LTP269_ses-12_task-ltpFR2_events.tsv
LTP269,12,22,6,ROCKET,1202,4590.322,2295161,0,data/ds004395/sub-LTP269/ses-12/eeg/sub-LTP269_ses-12_task-ltpFR2_eeg.edf,data/ds004395/sub-LTP269/ses-12/eeg/sub-LTP269_ses-12_task-ltpFR2_events.tsv
LTP269,12,22,7,KLEENEX,782,4592.998,2296499,0,data/ds004395/sub-LTP269/ses-12/eeg/sub-LTP269_ses-12_task-ltpFR2_eeg.edf,data/ds004395/sub-LTP269/ses-12/eeg/sub-LTP269_ses-12_task-ltpFR2_events.tsv
LTP269,12,22,8,SWITCH,1422,4595.532,2297766,0,data/ds004395/sub-LTP269/ses-12/eeg/sub-LTP269_ses-12_task-ltpFR2_eeg.edf,data/ds004395/sub-LTP269/ses-12/eeg/sub-LTP269_ses-12_task-ltpFR2_events.tsv
LTP269,12,22,9,FLASHLIGHT,575,4597.996,2298998,0,data/ds004395/sub-LTP269/ses-12/eeg/sub-LTP269_ses-12_task-ltpFR2_eeg.edf,data/ds004395/sub-LTP269/ses-12/eeg/sub-LTP269_ses-12_task-ltpFR2_events.tsv
LTP269,12,22,10,ASIA,46,4600.554,2300277,0,data/ds004395/sub-LTP269/ses-12/eeg/sub-LTP269_ses-12_task-ltpFR2_eeg.edf,data/ds004395/sub-LTP269/ses-12/eeg/sub-LTP269_ses-12_task-ltpFR2_events.tsv
LTP269,12,22,11,DRAGON,492,4603.2,2301600,0,data/ds004395/sub-LTP269/ses-12/eeg/sub-LTP269_ses-12_task-ltpFR2_eeg.edf,data/ds004395/sub-LTP269/ses-12/eeg/sub-LTP269_ses-12_task-ltpFR2_events.tsv
LTP269,12,22,12,FUNGUS,614,4605.75,2302875,0,data/ds004395/sub-LTP269/ses-12/eeg/sub-LTP269_ses-12_task-ltpFR2_eeg.edf,data/ds004395/sub-LTP269/ses-12/eeg/sub-LTP269_ses-12_task-ltpFR2_events.tsv
LTP269,12,22,13,VENUS,1557,4608.526,2304263,0,data/ds004395/sub-LTP269/ses-12/eeg/sub-LTP269_ses-12_task-ltpFR2_eeg.edf,data/ds004395/sub-LTP269/ses-12/eeg/sub-LTP269_ses-12_task-ltpFR2_events.tsv
LTP269,12,22,14,SHERIFF,1284,4611.114,2305557,0,data/ds004395/sub-LTP269/ses-12/eeg/sub-LTP269_ses-12_task-ltpFR2_eeg.edf,data/ds004395/sub-LTP269/ses-12/eeg/sub-LTP269_ses-12_task-ltpFR2_events.tsv
LTP269,12,22,15,COUNTY,389,4613.664,2306832,0,data/ds004395/sub-LTP269/ses-12/eeg/sub-LTP269_ses-12_task-ltpFR2_eeg.edf,data/ds004395/sub-LTP269/ses-12/eeg/sub-LTP269_ses-12_task-ltpFR2_events.tsv
LTP269,12,22,16,TOURIST,1488,4616.134,2308067,0,data/ds004395/sub-LTP269/ses-12/eeg/sub-LTP269_ses-12_task-ltpFR2_eeg.edf,data/ds004395/sub-LTP269/ses-12/eeg/sub-LTP269_ses-12_task-ltpFR2_events.tsv
LTP269,12,22,17,HOUND,724,4618.718,2309359,0,data/ds004395/sub-LTP269/ses-12/eeg/sub-LTP269_ses-12_task-ltpFR2_eeg.edf,data/ds004395/sub-LTP269/ses-12/eeg/sub-LTP269_ses-12_task-ltpFR2_events.tsv
LTP269,12,22,18,CURTAIN,427,4621.328,2310664,0,data/ds004395/sub-LTP269/ses-12/eeg/sub-LTP269_ses-12_task-ltpFR2_eeg.edf,data/ds004395/sub-LTP269/ses-12/eeg/sub-LTP269_ses-12_task-ltpFR2_events.tsv
LTP269,12,22,19,PIANO,1057,4624.142,2312071,0,data/ds004395/sub-LTP269/ses-12/eeg/sub-LTP269_ses-12_task-ltpFR2_eeg.edf,data/ds004395/sub-LTP269/ses-12/eeg/sub-LTP269_ses-12_task-ltpFR2_events.tsv
LTP269,12,22,20,ACTRESS,6,4626.944,2313472,0,data/ds004395/sub-LTP269/ses-12/eeg/sub-LTP269_ses-12_task-ltpFR2_eeg.edf,data/ds004395/sub-LTP269/ses-12/eeg/sub-LTP269_ses-12_task-ltpFR2_events.tsv
LTP269,12,22,21,PILOT,1070,4629.602,2314801,0,data/ds004395/sub-LTP269/ses-12/eeg/sub-LTP269_ses-12_task-ltpFR2_eeg.edf,data/ds004395/sub-LTP269/ses-12/eeg/sub-LTP269_ses-12_task-ltpFR2_events.tsv
LTP269,12,22,22,SLIME,1327,4632.298,2316149,1,data/ds004395/sub-LTP269/ses-12/eeg/sub-LTP269_ses-12_task-ltpFR2_eeg.edf,data/ds004395/sub-LTP269/ses-12/eeg/sub-LTP269_ses-12_task-ltpFR2_events.tsv
LTP269,12,22,23,VELVET,1555,4634.806,2317403,1,data/ds004395/sub-LTP269/ses-12/eeg/sub-LTP269_ses-12_task-ltpFR2_eeg.edf,data/ds004395/sub-LTP269/ses-12/eeg/sub-LTP269_ses-12_task-ltpFR2_events.tsv
LTP269,12,22,24,LAPEL,800,4637.568,2318784,1,data/ds004395/sub-LTP269/ses-12/eeg/sub-LTP269_ses-12_task-ltpFR2_eeg.edf,data/ds004395/sub-LTP269/ses-12/eeg/sub-LTP269_ses-12_task-ltpFR2_events.tsv
LTP269,12,23,1,PEANUT,1032,4755.416,2377708,0,data/ds004395/sub-LTP269/ses-12/eeg/sub-LTP269_ses-12_task-ltpFR2_eeg.edf,data/ds004395/sub-LTP269/ses-12/eeg/sub-LTP269_ses-12_task-ltpFR2_events.tsv
LTP269,12,23,2,DRIVER,499,4758.088,2379044,0,data/ds004395/sub-LTP269/ses-12/eeg/sub-LTP269_ses-12_task-ltpFR2_eeg.edf,data/ds004395/sub-LTP269/ses-12/eeg/sub-LTP269_ses-12_task-ltpFR2_events.tsv
LTP269,12,23,3,MATCH,878,4760.604,2380302,0,data/ds004395/sub-LTP269/ses-12/eeg/sub-LTP269_ses-12_task-ltpFR2_eeg.edf,data/ds004395/sub-LTP269/ses-12/eeg/sub-LTP269_ses-12_task-ltpFR2_events.tsv
LTP269,12,23,4,HARP,689,4763.29,2381645,0,data/ds004395/sub-LTP269/ses-12/eeg/sub-LTP269_ses-12_task-ltpFR2_eeg.edf,data/ds004395/sub-LTP269/ses-12/eeg/sub-LTP269_ses-12_task-ltpFR2_events.tsv
LTP269,12,23,5,LIGHTNING,820,4765.926,2382963,0,data/ds004395/sub-LTP269/ses-12/eeg/sub-LTP269_ses-12_task-ltpFR2_eeg.edf,data/ds004395/sub-LTP269/ses-12/eeg/sub-LTP269_ses-12_task-ltpFR2_events.tsv
LTP269,12,23,6,SPACE,1345,4768.694,2384347,0,data/ds004395/sub-LTP269/ses-12/eeg/sub-LTP269_ses-12_task-ltpFR2_eeg.edf,data/ds004395/sub-LTP269/ses-12/eeg/sub-LTP269_ses-12_task-ltpFR2_events.tsv
LTP269,12,23,7,DAUGHTER,442,4771.33,2385665,0,data/ds004395/sub-LTP269/ses-12/eeg/sub-LTP269_ses-12_task-ltpFR2_eeg.edf,data/ds004395/sub-LTP269/ses-12/eeg/sub-LTP269_ses-12_task-ltpFR2_events.tsv
LTP269,12,23,8,BROTHER,179,4773.748,2386874,0,data/ds004395/sub-LTP269/ses-12/eeg/sub-LTP269_ses-12_task-ltpFR2_eeg.edf,data/ds004395/sub-LTP269/ses-12/eeg/sub-LTP269_ses-12_task-ltpFR2_events.tsv
LTP269,12,23,9,WRENCH,1625,4776.35,2388175,0,data/ds004395/sub-LTP269/ses-12/eeg/sub-LTP269_ses-12_task-ltpFR2_eeg.edf,data/ds004395/sub-LTP269/ses-12/eeg/sub-LTP269_ses-12_task-ltpFR2_events.tsv
LTP269,12,23,10,STOVE,1388,4778.784,2389392,0,data/ds004395/sub-LTP269/ses-12/eeg/sub-LTP269_ses-12_task-ltpFR2_eeg.edf,data/ds004395/sub-LTP269/ses-12/eeg/sub-LTP269_ses-12_task-ltpFR2_events.tsv
LTP269,12,23,11,CLOCK,325,4781.506,2390753,0,data/ds004395/sub-LTP269/ses-12/eeg/sub-LTP269_ses-12_task-ltpFR2_eeg.edf,data/ds004395/sub-LTP269/ses-12/eeg/sub-LTP269_ses-12_task-ltpFR2_events.tsv
LTP269,12,23,12,DUST,508,4784.14,2392070,0,data/ds004395/sub-LTP269/ses-12/eeg/sub-LTP269_ses-12_task-ltpFR2_eeg.edf,data/ds004395/sub-LTP269/ses-12/eeg/sub-LTP269_ses-12_task-ltpFR2_events.tsv
LTP269,12,23,13,COTTAGE,384,4786.574,2393287,1,data/ds004395/sub-LTP269/ses-12/eeg/sub-LTP269_ses-12_task-ltpFR2_eeg.edf,data/ds004395/sub-LTP269/ses-12/eeg/sub-LTP269_ses-12_task-ltpFR2_events.tsv
LTP269,12,23,14,SUBWAY,1400,4789.276,2394638,1,data/ds004395/sub-LTP269/ses-12/eeg/sub-LTP269_ses-12_task-ltpFR2_eeg.edf,data/ds004395/sub-LTP269/ses-12/eeg/sub-LTP269_ses-12_task-ltpFR2_events.tsv
LTP269,12,23,15,SANDWICH,1232,4791.862,2395931,0,data/ds004395/sub-LTP269/ses-12/eeg/sub-LTP269_ses-12_task-ltpFR2_eeg.edf,data/ds004395/sub-LTP269/ses-12/eeg/sub-LTP269_ses-12_task-ltpFR2_events.tsv
LTP269,12,23,16,MARSH,874,4794.514,2397257,1,data/ds004395/sub-LTP269/ses-12/eeg/sub-LTP269_ses-12_task-ltpFR2_eeg.edf,data/ds004395/sub-LTP269/ses-12/eeg/sub-LTP269_ses-12_task-ltpFR2_events.tsv
LTP269,12,23,17,AUTHOR,61,4797.104,2398552,0,data/ds004395/sub-LTP269/ses-12/eeg/sub-LTP269_ses-12_task-ltpFR2_eeg.edf,data/ds004395/sub-LTP269/ses-12/eeg/sub-LTP269_ses-12_task-ltpFR2_events.tsv
LTP269,12,23,18,PIGMENT,1066,4799.902,2399951,0,data/ds004395/sub-LTP269/ses-12/eeg/sub-LTP269_ses-12_task-ltpFR2_eeg.edf,data/ds004395/sub-LTP269/ses-12/eeg/sub-LTP269_ses-12_task-ltpFR2_events.tsv
LTP269,12,23,19,CRAYON,401,4802.71,2401355,0,data/ds004395/sub-LTP269/ses-12/eeg/sub-LTP269_ses-12_task-ltpFR2_eeg.edf,data/ds004395/sub-LTP269/ses-12/eeg/sub-LTP269_ses-12_task-ltpFR2_events.tsv
LTP269,12,23,20,BISON,131,4805.128,2402564,0,data/ds004395/sub-LTP269/ses-12/eeg/sub-LTP269_ses-12_task-ltpFR2_eeg.edf,data/ds004395/sub-LTP269/ses-12/eeg/sub-LTP269_ses-12_task-ltpFR2_events.tsv
LTP269,12,23,21,TOASTER,1472,4807.714,2403857,0,data/ds004395/sub-LTP269/ses-12/eeg/sub-LTP269_ses-12_task-ltpFR2_eeg.edf,data/ds004395/sub-LTP269/ses-12/eeg/sub-LTP269_ses-12_task-ltpFR2_events.tsv
LTP269,12,23,22,HIKER,708,4810.31,2405155,1,data/ds004395/sub-LTP269/ses-12/eeg/sub-LTP269_ses-12_task-ltpFR2_eeg.edf,data/ds004395/sub-LTP269/ses-12/eeg/sub-LTP269_ses-12_task-ltpFR2_events.tsv
LTP269,12,23,23,ROD,1203,4812.746,2406373,1,data/ds004395/sub-LTP269/ses-12/eeg/sub-LTP269_ses-12_task-ltpFR2_eeg.edf,data/ds004395/sub-LTP269/ses-12/eeg/sub-LTP269_ses-12_task-ltpFR2_events.tsv
LTP269,12,23,24,BEAST,108,4815.448,2407724,0,data/ds004395/sub-LTP269/ses-12/eeg/sub-LTP269_ses-12_task-ltpFR2_eeg.edf,data/ds004395/sub-LTP269/ses-12/eeg/sub-LTP269_ses-12_task-ltpFR2_events.tsv
LTP269,12,24,1,OUTLAW,989,4933.254,2466627,1,data/ds004395/sub-LTP269/ses-12/eeg/sub-LTP269_ses-12_task-ltpFR2_eeg.edf,data/ds004395/sub-LTP269/ses-12/eeg/sub-LTP269_ses-12_task-ltpFR2_events.tsv
LTP269,12,24,2,CONVICT,371,4935.74,2467870,1,data/ds004395/sub-LTP269/ses-12/eeg/sub-LTP269_ses-12_task-ltpFR2_eeg.edf,data/ds004395/sub-LTP269/ses-12/eeg/sub-LTP269_ses-12_task-ltpFR2_events.tsv
LTP269,12,24,3,GRAVE,658,4938.54,2469270,1,data/ds004395/sub-LTP269/ses-12/eeg/sub-LTP269_ses-12_task-ltpFR2_eeg.edf,data/ds004395/sub-LTP269/ses-12/eeg/sub-LTP269_ses-12_task-ltpFR2_events.tsv
LTP269,12,24,4,CHIPMUNK,304,4941.11,2470555,1,data/ds004395/sub-LTP269/ses-12/eeg/sub-LTP269_ses-12_task-ltpFR2_eeg.edf,data/ds004395/sub-LTP269/ses-12/eeg/sub-LTP269_ses-12_task-ltpFR2_events.tsv
LTP269,12,24,5,ANTLER,29,4943.828,2471914,0,data/ds004395/sub-LTP269/ses-12/eeg/sub-LTP269_ses-12_task-ltpFR2_eeg.edf,data/ds004395/sub-LTP269/ses-12/eeg/sub-LTP269_ses-12_task-ltpFR2_events.tsv
LTP269,12,24,6,AIRPORT,13,4946.58,2473290,1,data/ds004395/sub-LTP269/ses-12/eeg/sub-LTP269_ses-12_task-ltpFR2_eeg.edf,data/ds004395/sub-LTP269/ses-12/eeg/sub-LTP269_ses-12_task-ltpFR2_events.tsv
LTP269,12,24,7,MOTOR,922,4949.266,2474633,0,data/ds004395/sub-LTP269/ses-12/eeg/sub-LTP269_ses-12_task-ltpFR2_eeg.edf,data/ds004395/sub-LTP269/ses-12/eeg/sub-LTP269_ses-12_task-ltpFR2_events.tsv
LTP269,12,24,8,TRUCK,1512,4951.97,2475985,0,data/ds004395/sub-LTP269/ses-12/eeg/sub-LTP269_ses-12_task-ltpFR2_eeg.edf,data/ds004395/sub-LTP269/ses-12/eeg/sub-LTP269_ses-12_task-ltpFR2_events.tsv
LTP269,12,24,9,BRACES,164,4954.77,2477385,0,data/ds004395/sub-LTP269/ses-12/eeg/sub-LTP269_ses-12_task-ltpFR2_eeg.edf,data/ds004395/sub-LTP269/ses-12/eeg/sub-LTP269_ses-12_task-ltpFR2_events.tsv
LTP269,12,24,10,SIBLING,1301,4957.574,2478787,0,data/ds004395/sub-LTP269/ses-12/eeg/sub-LTP269_ses-12_task-ltpFR2_eeg.edf,data/ds004395/sub-LTP269/ses-12/eeg/sub-LTP269_ses-12_task-ltpFR2_events.tsv
LTP269,12,24,11,MEDAL,885,4960.11,2480055,0,data/ds004395/sub-LTP269/ses-12/eeg/sub-LTP269_ses-12_task-ltpFR2_eeg.edf,data/ds004395/sub-LTP269/ses-12/eeg/sub-LTP269_ses-12_task-ltpFR2_events.tsv
LTP269,12,24,12,POSSUM,1112,4962.61,2481305,0,data/ds004395/sub-LTP269/ses-12/eeg/sub-LTP269_ses-12_task-ltpFR2_eeg.edf,data/ds004395/sub-LTP269/ses-12/eeg/sub-LTP269_ses-12_task-ltpFR2_events.tsv
LTP269,12,24,13,CANDY,230,4965.18,2482590,1,data/ds004395/sub-LTP269/ses-12/eeg/sub-LTP269_ses-12_task-ltpFR2_eeg.edf,data/ds004395/sub-LTP269/ses-12/eeg/sub-LTP269_ses-12_task-ltpFR2_events.tsv
LTP269,12,24,14,TART,1436,4967.95,2483975,1,data/ds004395/sub-LTP269/ses-12/eeg/sub-LTP269_ses-12_task-ltpFR2_eeg.edf,data/ds004395/sub-LTP269/ses-12/eeg/sub-LTP269_ses-12_task-ltpFR2_events.tsv
LTP269,12,24,15,SODA,1341,4970.518,2485259,0,data/ds004395/sub-LTP269/ses-12/eeg/sub-LTP269_ses-12_task-ltpFR2_eeg.edf,data/ds004395/sub-LTP269/ses-12/eeg/sub-LTP269_ses-12_task-ltpFR2_events.tsv
LTP269,12,24,16,COMET,353,4973.222,2486611,0,data/ds004395/sub-LTP269/ses-12/eeg/sub-LTP269_ses-12_task-ltpFR2_eeg.edf,data/ds004395/sub-LTP269/ses-12/eeg/sub-LTP269_ses-12_task-ltpFR2_events.tsv
LTP269,12,24,17,CLOUD,328,4976.024,2488012,0,data/ds004395/sub-LTP269/ses-12/eeg/sub-LTP269_ses-12_task-ltpFR2_eeg.edf,data/ds004395/sub-LTP269/ses-12/eeg/sub-LTP269_ses-12_task-ltpFR2_events.tsv
LTP269,12,24,18,TORTOISE,1486,4978.708,2489354,0,data/ds004395/sub-LTP269/ses-12/eeg/sub-LTP269_ses-12_task-ltpFR2_eeg.edf,data/ds004395/sub-LTP269/ses-12/eeg/sub-LTP269_ses-12_task-ltpFR2_events.tsv
LTP269,12,24,19,PATIENT,1024,4981.21,2490605,0,data/ds004395/sub-LTP269/ses-12/eeg/sub-LTP269_ses-12_task-ltpFR2_eeg.edf,data/ds004395/sub-LTP269/ses-12/eeg/sub-LTP269_ses-12_task-ltpFR2_events.tsv
LTP269,12,24,20,DONOR,485,4983.88,2491940,0,data/ds004395/sub-LTP269/ses-12/eeg/sub-LTP269_ses-12_task-ltpFR2_eeg.edf,data/ds004395/sub-LTP269/ses-12/eeg/sub-LTP269_ses-12_task-ltpFR2_events.tsv
LTP269,12,24,21,HORSE,719,4986.58,2493290,0,data/ds004395/sub-LTP269/ses-12/eeg/sub-LTP269_ses-12_task-ltpFR2_eeg.edf,data/ds004395/sub-LTP269/ses-12/eeg/sub-LTP269_ses-12_task-ltpFR2_events.tsv
LTP269,12,24,22,TREAT,1501,4989.0,2494500,1,data/ds004395/sub-LTP269/ses-12/eeg/sub-LTP269_ses-12_task-ltpFR2_eeg.edf,data/ds004395/sub-LTP269/ses-12/eeg/sub-LTP269_ses-12_task-ltpFR2_events.tsv
LTP269,12,24,23,MISTER,901,4991.8,2495900,0,data/ds004395/sub-LTP269/ses-12/eeg/sub-LTP269_ses-12_task-ltpFR2_eeg.edf,data/ds004395/sub-LTP269/ses-12/eeg/sub-LTP269_ses-12_task-ltpFR2_events.tsv
LTP269,12,24,24,HERO,706,4994.452,2497226,1,data/ds004395/sub-LTP269/ses-12/eeg/sub-LTP269_ses-12_task-ltpFR2_eeg.edf,data/ds004395/sub-LTP269/ses-12/eeg/sub-LTP269_ses-12_task-ltpFR2_events.tsv
