subject,session,trial,serialpos,word,item_num,onset,sample,recalled,eeg_file,event_file
LTP293,3,1,1,OUTFIT,988,334.566,167283,1,data/ds004395/sub-LTP293/ses-3/eeg/sub-LTP293_ses-3_task-ltpFR2_eeg.edf,data/ds004395/sub-LTP293/ses-3/eeg/sub-LTP293_ses-3_task-ltpFR2_events.tsv
LTP293,3,1,2,BLADE,134,337.352,168676,1,data/ds004395/sub-LTP293/ses-3/eeg/sub-LTP293_ses-3_task-ltpFR2_eeg.edf,data/ds004395/sub-LTP293/ses-3/eeg/sub-LTP293_ses-3_task-ltpFR2_events.tsv
LTP293,3,1,3,KLEENEX,782,339.984,169992,1,data/ds004395/sub-LTP293/ses-3/eeg/sub-LTP293_ses-3_task-ltpFR2_eeg.edf,data/ds004395/sub-LTP293/ses-3/eeg/sub-LTP293_ses-3_task-ltpFR2_events.tsv
LTP293,3,1,4,SHERIFF,1284,342.486,171243,0,data/ds004395/sub-LTP293/ses-3/eeg/sub-LTP293_ses-3_task-ltpFR2_eeg.edf,data/ds004395/sub-LTP293/ses-3/eeg/sub-LTP293_ses-3_task-ltpFR2_events.tsv
LTP293,3,1,5,AGENT,10,345.086,172543,1,data/ds004395/sub-LTP293/ses-3/eeg/sub-LTP293_ses-3_task-ltpFR2_eeg.edf,data/ds004395/sub-LTP293/ses-3/eeg/sub-LTP293_ses-3_task-ltpFR2_events.tsv
LTP293,3,1,6,ITEM,746,347.706,173853,0,data/ds004395/sub-LTP293/ses-3/eeg/sub-LTP293_ses-3_task-ltpFR2_eeg.edf,data/ds004395/sub-LTP293/ses-3/eeg/sub-LTP293_ses-3_task-ltpFR2_events.tsv
LTP293,3,1,7,DASHBOARD,441,350.208,175104,0,data/ds004395/sub-LTP293/ses-3/eeg/sub-LTP293_ses-3_task-ltpFR2_eeg.edf,data/ds004395/sub-LTP293/ses-3/eeg/sub-LTP293_ses-3_task-ltpFR2_events.tsv
LTP293,3,1,8,OFFICE,972,352.828,176414,0,data/ds004395/sub-LTP293/ses-3/eeg/sub-LTP293_ses-3_task-ltpFR2_eeg.edf,data/ds004395/sub-LTP293/ses-3/eeg/sub-LTP293_ses-3_task-ltpFR2_events.tsv
LTP293,3,1,9,TURKEY,1520,355.33,177665,1,data/ds004395/sub-LTP293/ses-3/eeg/sub-LTP293_ses-3_task-ltpFR2_eeg.edf,data/ds004395/sub-LTP293/ses-3/eeg/sub-LTP293_ses-3_task-ltpFR2_events.tsv
LTP293,3,1,10,FREEZER,604,357.882,178941,1,data/ds004395/sub-LTP293/ses-3/eeg/sub-LTP293_ses-3_task-ltpFR2_eeg.edf,data/ds004395/sub-LTP293/ses-3/eeg/sub-LTP293_ses-3_task-ltpFR2_events.tsv
LTP293,3,1,11,FINGER,567,360.318,180159,1,data/ds004395/sub-LTP293/ses-3/eeg/sub-LTP293_ses-3_task-ltpFR2_eeg.edf,data/ds004395/sub-LTP293/ses-3/eeg/sub-LTP293_ses-3_task-ltpFR2_events.tsv
LTP293,3,1,12,BABY,64,362.736,181368,0,data/ds004395/sub-LTP293/ses-3/eeg/sub-LTP293_ses-3_task-ltpFR2_eeg.edf,data/ds004395/sub-LTP293/ses-3/eeg/sub-LTP293_ses-3_task-ltpFR2_events.tsv
LTP293,3,1,13,HOSTESS,723,365.354,182677,1,data/ds004395/sub-LTP293/ses-3/eeg/sub-LTP293_ses-3_task-ltpFR2_eeg.edf,data/ds004395/sub-LTP293/ses-3/eeg/sub-LTP293_ses-3_task-ltpFR2_events.tsv
LTP293,3,1,14,DRESSER,496,368.108,184054,0,data/ds004395/sub-LTP293/ses-3/eeg/sub-LTP293_ses-3_task-ltpFR2_eeg.edf,data/ds004395/sub-LTP293/ses-3/eeg/sub-LTP293_ses-3_task-ltpFR2_events.tsv
LTP293,3,1,15,BANKER,84,370.658,185329,0,data/ds004395/sub-LTP293/ses-3/eeg/sub-LTP293_ses-3_task-ltpFR2_eeg.edf,data/ds004395/sub-LTP293/ses-3/eeg/sub-LTP293_ses-3_task-ltpFR2_events.tsv
LTP293,3,1,16,SCARF,1246,373.396,186698,0,data/ds004395/sub-LTP293/ses-3/eeg/sub-LTP293_ses-3_task-ltpFR2_eeg.edf,data/ds004395/sub-LTP293/ses-3/eeg/sub-LTP293_ses-3_task-ltpFR2_events.tsv
LTP293,3,1,17,INMATE,738,376.164,188082,0,data/ds004395/sub-LTP293/ses-3/eeg/sub-LTP293_ses-3_task-ltpFR2_eeg.edf,data/ds004395/sub-LTP293/ses-3/eeg/sub-LTP293_ses-3_task-ltpFR2_events.tsv
LTP293,3,1,18,DINER,467,378.898,189449,1,data/ds004395/sub-LTP293/ses-3/eeg/sub-LTP293_ses-3_task-ltpFR2_eeg.edf,data/ds004395/sub-LTP293/ses-3/eeg/sub-LTP293_ses-3_task-ltpFR2_events.tsv
LTP293,3,1,19,PAPER,1011,381.518,190759,1,data/ds004395/sub-LTP293/ses-3/eeg/sub-LTP293_ses-3_task-ltpFR2_eeg.edf,data/ds004395/sub-LTP293/ses-3/eeg/sub-LTP293_ses-3_task-ltpFR2_events.tsv
LTP293,3,1,20,REPORT,1184,384.22,192110,1,data/ds004395/sub-LTP293/ses-3/eeg/sub-LTP293_ses-3_task-ltpFR2_eeg.edf,data/ds004395/sub-LTP293/ses-3/eeg/sub-LTP293_ses-3_task-ltpFR2_events.tsv
LTP293,3,1,21,MOP,916,386.826,193413,1,data/ds004395/sub-LTP293/ses-3/eeg/sub-LTP293_ses-3_task-ltpFR2_eeg.edf,data/ds004395/sub-LTP293/ses-3/eeg/sub-LTP293_ses-3_task-ltpFR2_events.tsv
LTP293,3,1,22,BATHTUB,100,389.258,194629,1,data/ds004395/sub-LTP293/ses-3/eeg/sub-LTP293_ses-3_task-ltpFR2_eeg.edf,data/ds004395/sub-LTP293/ses-3/eeg/sub-LTP293_ses-3_task-ltpFR2_events.tsv
LTP293,3,1,23,INFANT,737,391.928,195964,1,data/ds004395/sub-LTP293/ses-3/eeg/sub-LTP293_ses-3_task-ltpFR2_eeg.edf,data/ds004395/sub-LTP293/ses-3/eeg/sub-LTP293_ses-3_task-ltpFR2_events.tsv
LTP293,3,1,24,GUARD,667,394.748,197374,0,data/ds004395/sub-LTP293/ses-3/eeg/sub-LTP293_ses-3_task-ltpFR2_eeg.edf,data/ds004395/sub-LTP293/ses-3/eeg/sub-LTP293_ses-3_task-ltpFR2_events.tsv
LTP293,3,2,1,SNAIL,1332,512.638,256319,1,data/ds004395/sub-LTP293/ses-3/eeg/sub-LTP293_ses-3_task-ltpFR2_eeg.edf,data/ds004395/sub-LTP293/ses-3/eeg/sub-LTP293_ses-3_task-ltpFR2_events.tsv
LTP293,3,2,2,SLIME,1327,515.358,257679,1,data/ds004395/sub-LTP293/ses-3/eeg/sub-LTP293_ses-3_task-ltpFR2_eeg.edf,data/ds004395/sub-LTP293/ses-3/eeg/sub-LTP293_ses-3_task-ltpFR2_events.tsv
LTP293,3,2,3,VIKING,1565,518.01,259005,0,data/ds004395/sub-LTP293/ses-3/eeg/sub-LTP293_ses-3_task-ltpFR2_eeg.edf,data/ds004395/sub-LTP293/ses-3/eeg/sub-LTP293_ses-3_task-ltpFR2_events.tsv
LTP293,3,2,4,CROWN,415,520.528,260264,0,data/ds004395/sub-LTP293/ses-3/eeg/sub-LTP293_ses-3_task-ltpFR2_eeg.edf,data/ds004395/sub-LTP293/ses-3/eeg/sub-LTP293_ses-3_task-ltpFR2_events.tsv
LTP293,3,2,5,CANAL,226,523.064,261532,1,data/ds004395/sub-LTP293/ses-3/eeg/sub-LTP293_ses-3_task-ltpFR2_eeg.edf,data/ds004395/sub-LTP293/ses-3/eeg/sub-LTP293_ses-3_task-ltpFR2_events.tsv
LTP293,3,2,6,YACHT,1629,525.684,262842,1,data/ds004395/sub-LTP293/ses-3/eeg/sub-LTP293_ses-3_task-ltpFR2_eeg.edf,data/ds004395/sub-LTP293/ses-3/eeg/sub-LTP293_ses-3_task-ltpFR2_events.tsv
LTP293,3,2,7,PLASTER,1085,528.476,264238,1,data/ds004395/sub-LTP293/ses-3/eeg/sub-LTP293_ses-3_task-ltpFR2_eeg.edf,data/ds004395/sub-LTP293/ses-3/eeg/sub-LTP293_ses-3_task-ltpFR2_events.tsv
LTP293,3,2,8,SMOG,1330,531.052,265526,0,data/ds004395/sub-LTP293/ses-3/eeg/sub-LTP293_ses-3_task-ltpFR2_eeg.edf,data/ds004395/sub-LTP293/ses-3/eeg/sub-LTP293_ses-3_task-ltpFR2_events.tsv
LTP293,3,2,9,POCKET,1093,533.496,266748,0,data/ds004395/sub-LTP293/ses-3/eeg/sub-LTP293_ses-3_task-ltpFR2_eeg.edf,data/ds004395/sub-LTP293/ses-3/eeg/sub-LTP293_ses-3_task-ltpFR2_events.tsv
LTP293,3,2,10,BRANDY,169,536.09,268045,0,data/ds004395/sub-LTP293/ses-3/eeg/sub-LTP293_ses-3_task-ltpFR2_eeg.edf,data/ds004395/sub-LTP293/ses-3/eeg/sub-LTP293_ses-3_task-ltpFR2_events.tsv
LTP293,3,2,11,BANK,83,538.728,269364,1,data/ds004395/sub-LTP293/ses-3/eeg/sub-LTP293_ses-3_task-ltpFR2_eeg.edf,data/ds004395/sub-LTP293/ses-3/eeg/sub-LTP293_ses-3_task-ltpFR2_events.tsv
LTP293,3,2,12,COUSIN,392,541.528,270764,1,data/ds004395/sub-LTP293/ses-3/eeg/sub-LTP293_ses-3_task-ltpFR2_eeg.edf,data/ds004395/sub-LTP293/ses-3/eeg/sub-LTP293_ses-3_task-ltpFR2_events.tsv
LTP293,3,2,13,SIBLING,1301,544.098,272049,1,data/ds004395/sub-LTP293/ses-3/eeg/sub-LTP293_ses-3_task-ltpFR2_eeg.edf,data/ds004395/sub-LTP293/ses-3/eeg/sub-LTP293_ses-3_task-ltpFR2_events.tsv
LTP293,3,2,14,APRON,35,546.542,273271,0,data/ds004395/sub-LTP293/ses-3/eeg/sub-LTP293_ses-3_task-ltpFR2_eeg.edf,data/ds004395/sub-LTP293/ses-3/eeg/sub-LTP293_ses-3_task-ltpFR2_events.tsv
LTP293,3,2,15,ROBBER,1197,548.984,274492,0,data/ds004395/sub-LTP293/ses-3/eeg/sub-LTP293_ses-3_task-ltpFR2_eeg.edf,data/ds004395/sub-LTP293/ses-3/eeg/sub-LTP293_ses-3_task-ltpFR2_events.tsv
LTP293,3,2,16,THIEF,1456,551.562,275781,0,data/ds004395/sub-LTP293/ses-3/eeg/sub-LTP293_ses-3_task-ltpFR2_eeg.edf,data/ds004395/sub-LTP293/ses-3/eeg/sub-LTP293_ses-3_task-ltpFR2_events.tsv
LTP293,3,2,17,FUNGUS,614,554.148,277074,0,data/ds004395/sub-LTP293/ses-3/eeg/sub-LTP293_ses-3_task-ltpFR2_eeg.edf,data/ds004395/sub-LTP293/ses-3/eeg/sub-LTP293_ses-3_task-ltpFR2_events.tsv
LTP293,3,2,18,GLOBE,641,556.634,278317,0,data/ds004395/sub-LTP293/ses-3/eeg/sub-LTP293_ses-3_task-ltpFR2_eeg.edf,data/ds004395/sub-LTP293/ses-3/eeg/sub-LTP293_ses-3_task-ltpFR2_events.tsv
LTP293,3,2,19,ATLAS,53,559.186,279593,0,data/ds004395/sub-LTP293/ses-3/eeg/sub-LTP293_ses-3_task-ltpFR2_eeg.edf,data/ds004395/sub-LTP293/ses-3/eeg/sub-LTP293_ses-3_task-ltpFR2_events.tsv
LTP293,3,2,20,HUMAN,726,561.904,280952,1,data/ds004395/sub-LTP293/ses-3/eeg/sub-LTP293_ses-3_task-ltpFR2_eeg.edf,data/ds004395/sub-LTP293/ses-3/eeg/sub-LTP293_ses-3_task-ltpFR2_events.tsv
LTP293,3,2,21,BODY,145,564.396,282198,0,data/ds004395/sub-LTP293/ses-3/eeg/sub-LTP293_ses-3_task-ltpFR2_eeg.edf,data/ds004395/sub-LTP293/ses-3/eeg/sub-LTP293_ses-3_task-ltpFR2_events.tsv
LTP293,3,2,22,WORLD,1622,567.166,283583,0,data/ds004395/sub-LTP293/ses-3/eeg/sub-LTP293_ses-3_task-ltpFR2_eeg.edf,data/ds004395/sub-LTP293/ses-3/eeg/sub-LTP293_ses-3_task-ltpFR2_events.tsv
LTP293,3,2,23,TYPIST,1532,569.902,284951,0,data/ds004395/sub-LTP293/ses-3/eeg/sub-LTP293_ses-3_task-ltpFR2_eeg.edf,data/ds004395/sub-LTP293/ses-3/eeg/sub-LTP293_ses-3_task-ltpFR2_events.tsv
LTP293,3,2,24,LONDON,843,572.586,286293,0,data/ds004395/sub-LTP293/ses-3/eeg/sub-LTP293_ses-3_task-ltpFR2_eeg.edf,data/ds004395/sub-LTP293/ses-3/eeg/sub-LTP293_ses-3_task-ltpFR2_events.tsv
LTP293,3,3,1,FEMALE,559,715.602,357801,1,data/ds004395/sub-LTP293/ses-3/eeg/sub-LTP293_ses-3_task-ltpFR2_eeg.edf,data/ds004395/sub-LTP293/ses-3/eeg/sub-LTP293_ses-3_task-ltpFR2_events.tsv
LTP293,3,3,2,BREAST,171,718.418,359209,1,data/ds004395/sub-LTP293/ses-3/eeg/sub-LTP293_ses-3_task-ltpFR2_eeg.edf,data/ds004395/sub-LTP293/ses-3/eeg/sub-LTP293_ses-3_task-ltpFR2_events.tsv
LTP293,3,3,3,SADDLE,1221,721.19,360595,0,data/ds004395/sub-LTP293/ses-3/eeg/sub-LTP293_ses-3_task-ltpFR2_eeg.edf,data/ds004395/sub-LTP293/ses-3/eeg/sub-LTP293_ses-3_task-ltpFR2_events.tsv
LTP293,3,3,4,CHEMIST,292,723.672,361836,1,data/ds004395/sub-LTP293/ses-3/eeg/sub-LTP293_ses-3_task-ltpFR2_eeg.edf,data/ds004395/sub-LTP293/ses-3/eeg/sub-LTP293_ses-3_task-ltpFR2_events.tsv
LTP293,3,3,5,PERCH,1048,726.256,363128,0,data/ds004395/sub-LTP293/ses-3/eeg/sub-LTP293_ses-3_task-ltpFR2_eeg.edf,data/ds004395/sub-LTP293/ses-3/eeg/sub-LTP293_ses-3_task-ltpFR2_events.tsv
LTP293,3,3,6,TWISTER,1530,728.924,364462,1,data/ds004395/sub-LTP293/ses-3/eeg/sub-LTP293_ses-3_task-ltpFR2_eeg.edf,data/ds004395/sub-LTP293/ses-3/eeg/sub-LTP293_ses-3_task-ltpFR2_events.tsv
LTP293,3,3,7,CYCLONE,431,731.576,365788,1,data/ds004395/sub-LTP293/ses-3/eeg/sub-LTP293_ses-3_task-ltpFR2_eeg.edf,data/ds004395/sub-LTP293/ses-3/eeg/sub-LTP293_ses-3_task-ltpFR2_events.tsv
LTP293,3,3,8,GOBLIN,645,734.346,367173,1,data/ds004395/sub-LTP293/ses-3/eeg/sub-LTP293_ses-3_task-ltpFR2_eeg.edf,data/ds004395/sub-LTP293/ses-3/eeg/sub-LTP293_ses-3_task-ltpFR2_events.tsv
LTP293,3,3,9,ULCER,1533,737.088,368544,0,data/ds004395/sub-LTP293/ses-3/eeg/sub-LTP293_ses-3_task-ltpFR2_eeg.edf,data/ds004395/sub-LTP293/ses-3/eeg/sub-LTP293_ses-3_task-ltpFR2_events.tsv
LTP293,3,3,10,VELVET,1555,739.872,369936,1,data/ds004395/sub-LTP293/ses-3/eeg/sub-LTP293_ses-3_task-ltpFR2_eeg.edf,data/ds004395/sub-LTP293/ses-3/eeg/sub-LTP293_ses-3_task-ltpFR2_events.tsv
LTP293,3,3,11,PADDLE,1000,742.59,371295,0,data/ds004395/sub-LTP293/ses-3/eeg/sub-LTP293_ses-3_task-ltpFR2_eeg.edf,data/ds004395/sub-LTP293/ses-3/eeg/sub-LTP293_ses-3_task-ltpFR2_events.tsv
LTP293,3,3,12,POSTAGE,1113,745.41,372705,0,data/ds004395/sub-LTP293/ses-3/eeg/sub-LTP293_ses-3_task-ltpFR2_eeg.edf,data/ds004395/sub-LTP293/ses-3/eeg/sub-LTP293_ses-3_task-ltpFR2_events.tsv
LTP293,3,3,13,DENTIST,447,747.89,373945,1,data/ds004395/sub-LTP293/ses-3/eeg/sub-LTP293_ses-3_task-ltpFR2_eeg.edf,data/ds004395/sub-LTP293/ses-3/eeg/sub-LTP293_ses-3_task-ltpFR2_events.tsv
LTP293,3,3,14,EAGLE,512,750.366,375183,0,data/ds004395/sub-LTP293/ses-3/eeg/sub-LTP293_ses-3_task-ltpFR2_eeg.edf,data/ds004395/sub-LTP293/ses-3/eeg/sub-LTP293_ses-3_task-ltpFR2_events.tsv
LTP293,3,3,15,TOASTER,1472,752.878,376439,1,data/ds004395/sub-LTP293/ses-3/eeg/sub-LTP293_ses-3_task-ltpFR2_eeg.edf,data/ds004395/sub-LTP293/ses-3/eeg/sub-LTP293_ses-3_task-ltpFR2_events.tsv
LTP293,3,3,16,PLIERS,1089,755.628,377814,0,data/ds004395/sub-LTP293/ses-3/eeg/sub-LTP293_ses-3_task-ltpFR2_eeg.edf,data/ds004395/sub-LTP293/ses-3/eeg/sub-LTP293_ses-3_task-ltpFR2_events.tsv
LTP293,3,3,17,LABEL,790,758.448,379224,1,data/ds004395/sub-LTP293/ses-3/eeg/sub-LTP293_ses-3_task-ltpFR2_eeg.edf,data/ds004395/sub-LTP293/ses-3/eeg/sub-LTP293_ses-3_task-ltpFR2_events.tsv
LTP293,3,3,18,FLASK,576,761.174,380587,1,data/ds004395/sub-LTP293/ses-3/eeg/sub-LTP293_ses-3_task-ltpFR2_eeg.edf,data/ds004395/sub-LTP293/ses-3/eeg/sub-LTP293_ses-3_task-ltpFR2_events.tsv
LTP293,3,3,19,PARTNER,1017,763.778,381889,1,data/ds004395/sub-LTP293/ses-3/eeg/sub-LTP293_ses-3_task-ltpFR2_eeg.edf,data/ds004395/sub-LTP293/ses-3/eeg/sub-LTP293_ses-3_task-ltpFR2_events.tsv
LTP293,3,3,20,LADDER,793,766.322,383161,0,data/ds004395/sub-LTP293/ses-3/eeg/sub-LTP293_ses-3_task-ltpFR2_eeg.edf,data/ds004395/sub-LTP293/ses-3/eeg/sub-LTP293_ses-3_task-ltpFR2_events.tsv
LTP293,3,3,21,DRILL,497,768.924,384462,1,data/ds004395/sub-LTP293/ses-3/eeg/sub-LTP293_ses-3_task-ltpFR2_eeg.edf,data/ds004395/sub-LTP293/ses-3/eeg/sub-LTP293_ses-3_task-ltpFR2_events.tsv
LTP293,3,3,22,SEAL,1262,771.7,385850,0,data/ds004395/sub-LTP293/ses-3/eeg/sub-LTP293_ses-3_task-ltpFR2_eeg.edf,data/ds004395/sub-LTP293/ses-3/eeg/sub-LTP293_ses-3_task-ltpFR2_events.tsv
LTP293,3,3,23,BEAVER,109,774.186,387093,1,data/ds004395/sub-LTP293/ses-3/eeg/sub-LTP293_ses-3_task-ltpFR2_eeg.edf,data/ds004395/sub-LTP293/ses-3/eeg/sub-LTP293_ses-3_task-ltpFR2_events.tsv
LTP293,3,3,24,MAILBOX,857,776.63,388315,0,data/ds004395/sub-LTP293/ses-3/eeg/sub-LTP293_ses-3_task-ltpFR2_eeg.edf,data/ds004395/sub-LTP293/ses-3/eeg/sub-LTP293_ses-3_task-ltpFR2_events.tsv
LTP293,3,4,1,BANQUET,86,919.708,459854,1,data/ds004395/sub-LTP293/ses-3/eeg/sub-LTP293_ses-3_task-ltpFR2_eeg.edf,data/ds004395/sub-LTP293/ses-3/eeg/sub-LTP293_ses-3_task-ltpFR2_events.tsv
LTP293,3,4,2,BEAST,108,922.26,461130,1,data/ds004395/sub-LTP293/ses-3/eeg/sub-LTP293_ses-3_task-ltpFR2_eeg.edf,data/ds004395/sub-LTP293/ses-3/eeg/sub-LTP293_ses-3_task-ltpFR2_events.tsv
LTP293,3,4,3,LAVA,804,924.712,462356,0,data/ds004395/sub-LTP293/ses-3/eeg/sub-LTP293_ses-3_task-ltpFR2_eeg.edf,data/ds004395/sub-LTP293/ses-3/eeg/sub-LTP293_ses-3_task-ltpFR2_events.tsv
LTP293,3,4,4,WHISKERS,1605,927.196,463598,1,data/ds004395/sub-LTP293/ses-3/eeg/sub-LTP293_ses-3_task-ltpFR2_eeg.edf,data/ds004395/sub-LTP293/ses-3/eeg/sub-LTP293_ses-3_task-ltpFR2_events.tsv
LTP293,3,4,5,BRACES,164,929.866,464933,0,data/ds004395/sub-LTP293/ses-3/eeg/sub-LTP293_ses-3_task-ltpFR2_eeg.edf,data/ds004395/sub-LTP293/ses-3/eeg/sub-LTP293_ses-3_task-ltpFR2_events.tsv
LTP293,3,4,6,ROD,1203,932.434,466217,1,data/ds004395/sub-LTP293/ses-3/eeg/sub-LTP293_ses-3_task-ltpFR2_eeg.edf,data/ds004395/sub-LTP293/ses-3/eeg/sub-LTP293_ses-3_task-ltpFR2_events.tsv
LTP293,3,4,7,COUNTY,389,935.254,467627,0,data/ds004395/sub-LTP293/ses-3/eeg/sub-LTP293_ses-3_task-ltpFR2_eeg.edf,data/ds004395/sub-LTP293/ses-3/eeg/sub-LTP293_ses-3_task-ltpFR2_events.tsv
LTP293,3,4,8,BADGE,68,938.058,469029,0,data/ds004395/sub-LTP293/ses-3/eeg/sub-LTP293_ses-3_task-ltpFR2_eeg.edf,data/ds004395/sub-LTP293/ses-3/eeg/sub-LTP293_ses-3_task-ltpFR2_events.tsv
LTP293,3,4,9,MILK,895,940.59,470295,0,data/ds004395/sub-LTP293/ses-3/eeg/sub-LTP293_ses-3_task-ltpFR2_eeg.edf,data/ds004395/sub-LTP293/ses-3/eeg/sub-LTP293_ses-3_task-ltpFR2_events.tsv
LTP293,3,4,10,TWEEZERS,1526,943.01,471505,1,data/ds004395/sub-LTP293/ses-3/eeg/sub-LTP293_ses-3_task-ltpFR2_eeg.edf,data/ds004395/sub-LTP293/ses-3/eeg/sub-LTP293_ses-3_task-ltpFR2_events.tsv
LTP293,3,4,11,SERVER,1272,945.428,472714,1,data/ds004395/sub-LTP293/ses-3/eeg/sub-LTP293_ses-3_task-ltpFR2_eeg.edf,data/ds004395/sub-LTP293/ses-3/eeg/sub-LTP293_ses-3_task-ltpFR2_events.tsv
LTP293,3,4,12,PUDDLE,1140,947.98,473990,0,data/ds004395/sub-LTP293/ses-3/eeg/sub-LTP293_ses-3_task-ltpFR2_eeg.edf,data/ds004395/sub-LTP293/ses-3/eeg/sub-LTP293_ses-3_task-ltpFR2_events.tsv
LTP293,3,4,13,RIVER,1194,950.452,475226,0,data/ds004395/sub-LTP293/ses-3/eeg/sub-LTP293_ses-3_task-ltpFR2_eeg.edf,data/ds004395/sub-LTP293/ses-3/eeg/sub-LTP293_ses-3_task-ltpFR2_events.tsv
LTP293,3,4,14,SNACK,1331,952.954,476477,0,data/ds004395/sub-LTP293/ses-3/eeg/sub-LTP293_ses-3_task-ltpFR2_eeg.edf,data/ds004395/sub-LTP293/ses-3/eeg/sub-LTP293_ses-3_task-ltpFR2_events.tsv
LTP293,3,4,15,OUTLAW,989,955.45,477725,0,data/ds004395/sub-LTP293/ses-3/eeg/sub-LTP293_ses-3_task-ltpFR2_eeg.edf,data/ds004395/sub-LTP293/ses-3/eeg/sub-LTP293_ses-3_task-ltpFR2_events.tsv
LTP293,3,4,16,STOMACH,1384,957.954,478977,1,data/ds004395/sub-LTP293/ses-3/eeg/sub-LTP293_ses-3_task-ltpFR2_eeg.edf,data/ds004395/sub-LTP293/ses-3/eeg/sub-LTP293_ses-3_task-ltpFR2_events.tsv
LTP293,3,4,17,BELLY,119,960.638,480319,1,data/ds004395/sub-LTP293/ses-3/eeg/sub-LTP293_ses-3_task-ltpFR2_eeg.edf,data/ds004395/sub-LTP293/ses-3/eeg/sub-LTP293_ses-3_task-ltpFR2_events.tsv
LTP293,3,4,18,ANTLER,29,963.158,481579,1,data/ds004395/sub-LTP293/ses-3/eeg/sub-LTP293_ses-3_task-ltpFR2_eeg.edf,data/ds004395/sub-LTP293/ses-3/eeg/sub-LTP293_ses-3_task-ltpFR2_events.tsv
LTP293,3,4,19,SKIRT,1319,965.592,482796,1,data/ds004395/sub-LTP293/ses-3/eeg/sub-LTP293_ses-3_task-ltpFR2_eeg.edf,data/ds004395/sub-LTP293/ses-3/eeg/sub-LTP293_ses-3_task-ltpFR2_events.tsv
LTP293,3,4,20,YARN,1631,968.412,484206,1,data/ds004395/sub-LTP293/ses-3/eeg/sub-LTP293_ses-3_task-ltpFR2_eeg.edf,data/ds004395/sub-LTP293/ses-3/eeg/sub-LTP293_ses-3_task-ltpFR2_events.tsv
LTP293,3,4,21,POWDER,1117,971.02,485510,0,data/ds004395/sub-LTP293/ses-3/eeg/sub-LTP293_ses-3_task-ltpFR2_eeg.edf,data/ds004395/sub-LTP293/ses-3/eeg/sub-LTP293_ses-3_task-ltpFR2_events.tsv
LTP293,3,4,22,WAITER,1580,973.75,486875,1,data/ds004395/sub-LTP293/ses-3/eeg/sub-LTP293_ses-3_task-ltpFR2_eeg.edf,data/ds004395/sub-LTP293/ses-3/eeg/sub-LTP293_ses-3_task-ltpFR2_events.tsv
LTP293,3,4,23,WIFE,1609,976.486,488243,1,data/ds004395/sub-LTP293/ses-3/eeg/sub-LTP293_ses-3_task-ltpFR2_eeg.edf,data/ds004395/sub-LTP293/ses-3/eeg/sub-LTP293_ses-3_task-ltpFR2_events.tsv
LTP293,3,4,24,FRECKLE,602,979.02,489510,1,data/ds004395/sub-LTP293/ses-3/eeg/sub-LTP293_ses-3_task-ltpFR2_eeg.edf,data/ds004395/sub-LTP293/ses-3/eeg/sub-LTP293_ses-3_task-ltpFR2_events.tsv
LTP293,3,5,1,VIRUS,1572,1096.994,548497,1,data/ds004395/sub-LTP293/ses-3/eeg/sub-LTP293_ses-3_task-ltpFR2_eeg.edf,data/ds004395/sub-LTP293/ses-3/eeg/sub-LTP293_ses-3_task-ltpFR2_events.tsv
LTP293,3,5,2,BUG,187,1099.73,549865,1,data/ds004395/sub-LTP293/ses-3/eeg/sub-LTP293_ses-3_task-ltpFR2_eeg.edf,data/ds004395/sub-LTP293/ses-3/eeg/sub-LTP293_ses-3_task-ltpFR2_events.tsv
LTP293,3,5,3,TAXI,1438,1102.332,551166,1,data/ds004395/sub-LTP293/ses-3/eeg/sub-LTP293_ses-3_task-ltpFR2_eeg.edf,data/ds004395/sub-LTP293/ses-3/eeg/sub-LTP293_ses-3_task-ltpFR2_events.tsv
LTP293,3,5,4,GREASE,660,1104.9,552450,0,data/ds004395/sub-LTP293/ses-3/eeg/sub-LTP293_ses-3_task-ltpFR2_eeg.edf,data/ds004395/sub-LTP293/ses-3/eeg/sub-LTP293_ses-3_task-ltpFR2_events.tsv
LTP293,3,5,5,FOREHEAD,592,1107.42,553710,1,data/ds004395/sub-LTP293/ses-3/eeg/sub-LTP293_ses-3_task-ltpFR2_eeg.edf,data/ds004395/sub-LTP293/ses-3/eeg/sub-LTP293_ses-3_task-ltpFR2_events.tsv
LTP293,3,5,6,SCARECROW,1245,1110.104,555052,0,data/ds004395/sub-LTP293/ses-3/eeg/sub-LTP293_ses-3_task-ltpFR2_eeg.edf,data/ds004395/sub-LTP293/ses-3/eeg/sub-LTP293_ses-3_task-ltpFR2_events.tsv
LTP293,3,5,7,PEBBLE,1035,1112.538,556269,0,data/ds004395/sub-LTP293/ses-3/eeg/sub-LTP293_ses-3_task-ltpFR2_eeg.edf,data/ds004395/sub-LTP293/ses-3/eeg/sub-LTP293_ses-3_task-ltpFR2_events.tsv
LTP293,3,5,8,NEUTRON,947,1115.09,557545,0,data/ds004395/sub-LTP293/ses-3/eeg/sub-LTP293_ses-3_task-ltpFR2_eeg.edf,data/ds004395/sub-LTP293/ses-3/eeg/sub-LTP293_ses-3_task-ltpFR2_events.tsv
LTP293,3,5,9,ATOM,55,1117.712,558856,0,data/ds004395/sub-LTP293/ses-3/eeg/sub-LTP293_ses-3_task-ltpFR2_eeg.edf,data/ds004395/sub-LTP293/ses-3/eeg/sub-LTP293_ses-3_task-ltpFR2_events.tsv
LTP293,3,5,10,BARLEY,88,1120.262,560131,1,data/ds004395/sub-LTP293/ses-3/eeg/sub-LTP293_ses-3_task-ltpFR2_eeg.edf,data/ds004395/sub-LTP293/ses-3/eeg/sub-LTP293_ses-3_task-ltpFR2_events.tsv
LTP293,3,5,11,SALT,1229,1122.734,561367,1,data/ds004395/sub-LTP293/ses-3/eeg/sub-LTP293_ses-3_task-ltpFR2_eeg.edf,data/ds004395/sub-LTP293/ses-3/eeg/sub-LTP293_ses-3_task-ltpFR2_events.tsv
LTP293,3,5,12,REBEL,1172,1125.534,562767,0,data/ds004395/sub-LTP293/ses-3/eeg/sub-LTP293_ses-3_task-ltpFR2_eeg.edf,data/ds004395/sub-LTP293/ses-3/eeg/sub-LTP293_ses-3_task-ltpFR2_events.tsv
LTP293,3,5,13,GYMNAST,675,1128.336,564168,0,data/ds004395/sub-LTP293/ses-3/eeg/sub-LTP293_ses-3_task-ltpFR2_eeg.edf,data/ds004395/sub-LTP293/ses-3/eeg/sub-LTP293_ses-3_task-ltpFR2_events.tsv
LTP293,3,5,14,CATCHER,258,1131.006,565503,0,data/ds004395/sub-LTP293/ses-3/eeg/sub-LTP293_ses-3_task-ltpFR2_eeg.edf,data/ds004395/sub-LTP293/ses-3/eeg/sub-LTP293_ses-3_task-ltpFR2_events.tsv
LTP293,3,5,15,DUST,508,1133.442,566721,1,data/ds004395/sub-LTP293/ses-3/eeg/sub-LTP293_ses-3_task-ltpFR2_eeg.edf,data/ds004395/sub-LTP293/ses-3/eeg/sub-LTP293_ses-3_task-ltpFR2_events.tsv
LTP293,3,5,16,AIRPLANE,12,1135.926,567963,0,data/ds004395/sub-LTP293/ses-3/eeg/sub-LTP293_ses-3_task-ltpFR2_eeg.edf,data/ds004395/sub-LTP293/ses-3/eeg/sub-LTP293_ses-3_task-ltpFR2_events.tsv
LTP293,3,5,17,LASER,801,1138.396,569198,1,data/ds004395/sub-LTP293/ses-3/eeg/sub-LTP293_ses-3_task-ltpFR2_eeg.edf,data/ds004395/sub-LTP293/ses-3/eeg/sub-LTP293_ses-3_task-ltpFR2_events.tsv
LTP293,3,5,18,PATIENT,1024,1140.998,570499,0,data/ds004395/sub-LTP293/ses-3/eeg/sub-LTP293_ses-3_task-ltpFR2_eeg.edf,data/ds004395/sub-LTP293/ses-3/eeg/sub-LTP293_ses-3_task-ltpFR2_events.tsv
LTP293,3,5,19,LILY,821,1143.566,571783,1,data/ds004395/sub-LTP293/ses-3/eeg/sub-LTP293_ses-3_task-ltpFR2_eeg.edf,data/ds004395/sub-LTP293/ses-3/eeg/sub-LTP293_ses-3_task-ltpFR2_events.tsv
LTP293,3,5,20,PISTON,1076,1146.152,573076,1,data/ds004395/sub-LTP293/ses-3/eeg/sub-LTP293_ses-3_task-ltpFR2_eeg.edf,data/ds004395/sub-LTP293/ses-3/eeg/sub-LTP293_ses-3_task-ltpFR2_events.tsv
LTP293,3,5,21,PEDAL,1037,1148.836,574418,1,data/ds004395/sub-LTP293/ses-3/eeg/sub-LTP293_ses-3_task-ltpFR2_eeg.edf,data/ds004395/sub-LTP293/ses-3/eeg/sub-LTP293_ses-3_task-ltpFR2_events.tsv
LTP293,3,5,22,CRITIC,410,1151.422,575711,0,data/ds004395/sub-LTP293/ses-3/eeg/sub-LTP293_ses-3_task-ltpFR2_eeg.edf,data/ds004395/sub-LTP293/ses-3/eeg/sub-LTP293_ses-3_task-ltpFR2_events.tsv
LTP293,3,5,23,HANDBAG,684,1154.208,577104,1,data/ds004395/sub-LTP293/ses-3/eeg/sub-LTP293_ses-3_task-ltpFR2_eeg.edf,data/ds004395/sub-LTP293/ses-3/eeg/sub-LTP293_ses-3_task-ltpFR2_events.tsv
LTP293,3,5,24,LAMP,798,1156.91,578455,1,data/ds004395/sub-LTP293/ses-3/eeg/sub-LTP293_ses-3_task-ltpFR2_eeg.edf,data/ds004395/sub-LTP293/ses-3/eeg/sub-LTP293_ses-3_task-ltpFR2_events.tsv
LTP293,3,6,1,CREVICE,405,1274.866,637433,1,data/ds004395/sub-LTP293/ses-3/eeg/sub-LTP293_ses-3_task-ltpFR2_eeg.edf,data/ds004395/sub-LTP293/ses-3/eeg/sub-LTP293_ses-3_task-ltpFR2_events.tsv
LTP293,3,6,2,DOUGHNUT,490,1277.67,638835,1,data/ds004395/sub-LTP293/ses-3/eeg/sub-LTP293_ses-3_task-ltpFR2_eeg.edf,data/ds004395/sub-LTP293/ses-3/eeg/sub-LTP293_ses-3_task-ltpFR2_events.tsv
LTP293,3,6,3,CRICKET,408,1280.282,640141,1,data/ds004395/sub-LTP293/ses-3/eeg/sub-LTP293_ses-3_task-ltpFR2_eeg.edf,data/ds004395/sub-LTP293/ses-3/eeg/sub-LTP293_ses-3_task-ltpFR2_events.tsv
LTP293,3,6,4,CANDY,230,1283.024,641512,1,data/ds004395/sub-LTP293/ses-3/eeg/sub-LTP293_ses-3_task-ltpFR2_eeg.edf,data/ds004395/sub-LTP293/ses-3/eeg/sub-LTP293_ses-3_task-ltpFR2_events.tsv
LTP293,3,6,5,MONSTER,912,1285.536,642768,0,data/ds004395/sub-LTP293/ses-3/eeg/sub-LTP293_ses-3_task-ltpFR2_eeg.edf,data/ds004395/sub-LTP293/ses-3/eeg/sub-LTP293_ses-3_task-ltpFR2_events.tsv
LTP293,3,6,6,SEAFOOD,1260,1288.278,644139,0,data/ds004395/sub-LTP293/ses-3/eeg/sub-LTP293_ses-3_task-ltpFR2_eeg.edf,data/ds004395/sub-LTP293/ses-3/eeg/sub-LTP293_ses-3_task-ltpFR2_events.tsv
LTP293,3,6,7,KETCHUP,771,1291.076,645538,1,data/ds004395/sub-LTP293/ses-3/eeg/sub-LTP293_ses-3_task-ltpFR2_eeg.edf,data/ds004395/sub-LTP293/ses-3/eeg/sub-LTP293_ses-3_task-ltpFR2_events.tsv
LTP293,3,6,8,PIANO,1057,1293.694,646847,0,data/ds004395/sub-LTP293/ses-3/eeg/sub-LTP293_ses-3_task-ltpFR2_eeg.edf,data/ds004395/sub-LTP293/ses-3/eeg/sub-LTP293_ses-3_task-ltpFR2_events.tsv
LTP293,3,6,9,FOOT,590,1296.386,648193,1,data/ds004395/sub-LTP293/ses-3/eeg/sub-LTP293_ses-3_task-ltpFR2_eeg.edf,data/ds004395/sub-LTP293/ses-3/eeg/sub-LTP293_ses-3_task-ltpFR2_events.tsv
LTP293,3,6,10,ANKLE,24,1298.866,649433,1,data/ds004395/sub-LTP293/ses-3/eeg/sub-LTP293_ses-3_task-ltpFR2_eeg.edf,data/ds004395/sub-LTP293/ses-3/eeg/sub-LTP293_ses-3_task-ltpFR2_events.tsv
LTP293,3,6,11,GRIZZLY,662,1301.572,650786,1,data/ds004395/sub-LTP293/ses-3/eeg/sub-LTP293_ses-3_task-ltpFR2_eeg.edf,data/ds004395/sub-LTP293/ses-3/eeg/sub-LTP293_ses-3_task-ltpFR2_events.tsv
LTP293,3,6,12,KNIFE,785,1304.386,652193,1,data/ds004395/sub-LTP293/ses-3/eeg/sub-LTP293_ses-3_task-ltpFR2_eeg.edf,data/ds004395/sub-LTP293/ses-3/eeg/sub-LTP293_ses-3_task-ltpFR2_events.tsv
LTP293,3,6,13,CONCERT,360,1307.072,653536,1,data/ds004395/sub-LTP293/ses-3/eeg/sub-LTP293_ses-3_task-ltpFR2_eeg.edf,data/ds004395/sub-LTP293/ses-3/eeg/sub-LTP293_ses-3_task-ltpFR2_events.tsv
LTP293,3,6,14,BURGLAR,200,1309.742,654871,0,data/ds004395/sub-LTP293/ses-3/eeg/sub-LTP293_ses-3_task-ltpFR2_eeg.edf,data/ds004395/sub-LTP293/ses-3/eeg/sub-LTP293_ses-3_task-ltpFR2_events.tsv
LTP293,3,6,15,LEADER,807,1312.28,656140,1,data/ds004395/sub-LTP293/ses-3/eeg/sub-LTP293_ses-3_task-ltpFR2_eeg.edf,data/ds004395/sub-LTP293/ses-3/eeg/sub-LTP293_ses-3_task-ltpFR2_events.tsv
LTP293,3,6,16,ONION,977,1315.078,657539,1,data/ds004395/sub-LTP293/ses-3/eeg/sub-LTP293_ses-3_task-ltpFR2_eeg.edf,data/ds004395/sub-LTP293/ses-3/eeg/sub-LTP293_ses-3_task-ltpFR2_events.tsv
LTP293,3,6,17,SPONGE,1355,1317.698,658849,0,data/ds004395/sub-LTP293/ses-3/eeg/sub-LTP293_ses-3_task-ltpFR2_eeg.edf,data/ds004395/sub-LTP293/ses-3/eeg/sub-LTP293_ses-3_task-ltpFR2_events.tsv
LTP293,3,6,18,TUNNEL,1519,1320.2,660100,1,data/ds004395/sub-LTP293/ses-3/eeg/sub-LTP293_ses-3_task-ltpFR2_eeg.edf,data/ds004395/sub-LTP293/ses-3/eeg/sub-LTP293_ses-3_task-ltpFR2_events.tsv
LTP293,3,6,19,WHISTLE,1606,1322.736,661368,0,data/ds004395/sub-LTP293/ses-3/eeg/sub-LTP293_ses-3_task-ltpFR2_eeg.edf,data/ds004395/sub-LTP293/ses-3/eeg/sub-LTP293_ses-3_task-ltpFR2_events.tsv
LTP293,3,6,20,ZEBRA,1635,1325.42,662710,1,data/ds004395/sub-LTP293/ses-3/eeg/sub-LTP293_ses-3_task-ltpFR2_eeg.edf,data/ds004395/sub-LTP293/ses-3/eeg/sub-LTP293_ses-3_task-ltpFR2_events.tsv
LTP293,3,6,21,KNAPSACK,783,1328.106,664053,1,data/ds004395/sub-LTP293/ses-3/eeg/sub-LTP293_ses-3_task-ltpFR2_eeg.edf,data/ds004395/sub-LTP293/ses-3/eeg/sub-LTP293_ses-3_task-ltpFR2_events.tsv
LTP293,3,6,22,ISLAND,745,1330.896,665448,0,data/ds004395/sub-LTP293/ses-3/eeg/sub-LTP293_ses-3_task-ltpFR2_eeg.edf,data/ds004395/sub-LTP293/ses-3/eeg/sub-LTP293_ses-3_task-ltpFR2_events.tsv
LTP293,3,6,23,CASHEW,253,1333.344,666672,1,data/ds004395/sub-LTP293/ses-3/eeg/sub-LTP293_ses-3_task-ltpFR2_eeg.edf,data/ds004395/sub-LTP293/ses-3/eeg/sub-LTP293_ses-3_task-ltpFR2_events.tsv
LTP293,3,6,24,NURSE,963,1336.162,668081,1,data/ds004395/sub-LTP293/ses-3/eeg/sub-LTP293_ses-3_task-ltpFR2_eeg.edf,data/ds004395/sub-LTP293/ses-3/eeg/sub-LTP293_ses-3_task-ltpFR2_events.tsv
LTP293,3,7,1,PUDDING,1139,1478.834,739417,1,data/ds004395/sub-LTP293/ses-3/eeg/sub-LTP293_ses-3_task-ltpFR2_eeg.edf,data/ds004395/sub-LTP293/ses-3/eeg/sub-LTP293_ses-3_task-ltpFR2_events.tsv
LTP293,3,7,2,ROBOT,1200,1481.578,740789,0,data/ds004395/sub-LTP293/ses-3/eeg/sub-LTP293_ses-3_task-ltpFR2_eeg.edf,data/ds004395/sub-LTP293/ses-3/eeg/sub-LTP293_ses-3_task-ltpFR2_events.tsv
LTP293,3,7,3,MACHINE,852,1484.164,742082,0,data/ds004395/sub-LTP293/ses-3/eeg/sub-LTP293_ses-3_task-ltpFR2_eeg.edf,data/ds004395/sub-LTP293/ses-3/eeg/sub-LTP293_ses-3_task-ltpFR2_events.tsv
LTP293,3,7,4,SERVANT,1271,1486.75,743375,0,data/ds004395/sub-LTP293/ses-3/eeg/sub-LTP293_ses-3_task-ltpFR2_eeg.edf,data/ds004395/sub-LTP293/ses-3/eeg/sub-LTP293_ses-3_task-ltpFR2_events.tsv
LTP293,3,7,5,UNCLE,1536,1489.426,744713,0,data/ds004395/sub-LTP293/ses-3/eeg/sub-LTP293_ses-3_task-ltpFR2_eeg.edf,data/ds004395/sub-LTP293/ses-3/eeg/sub-LTP293_ses-3_task-ltpFR2_events.tsv
LTP293,3,7,6,CABIN,211,1492.17,746085,0,data/ds004395/sub-LTP293/ses-3/eeg/sub-LTP293_ses-3_task-ltpFR2_eeg.edf,data/ds004395/sub-LTP293/ses-3/eeg/sub-LTP293_ses-3_task-ltpFR2_events.tsv
LTP293,3,7,7,MUSTARD,935,1494.606,747303,0,data/ds004395/sub-LTP293/ses-3/eeg/sub-LTP293_ses-3_task-ltpFR2_eeg.edf,data/ds004395/sub-LTP293/ses-3/eeg/sub-LTP293_ses-3_task-ltpFR2_events.tsv
LTP293,3,7,8,TRACTOR,1493,1497.35,748675,1,data/ds004395/sub-LTP293/ses-3/eeg/sub-LTP293_ses-3_task-ltpFR2_eeg.edf,data/ds004395/sub-LTP293/ses-3/eeg/sub-LTP293_ses-3_task-ltpFR2_events.tsv
LTP293,3,7,9,LION,827,1499.994,749997,1,data/ds004395/sub-LTP293/ses-3/eeg/sub-LTP293_ses-3_task-ltpFR2_eeg.edf,data/ds004395/sub-LTP293/ses-3/eeg/sub-LTP293_ses-3_task-ltpFR2_events.tsv
LTP293,3,7,10,CREATURE,403,1502.748,751374,0,data/ds004395/sub-LTP293/ses-3/eeg/sub-LTP293_ses-3_task-ltpFR2_eeg.edf,data/ds004395/sub-LTP293/ses-3/eeg/sub-LTP293_ses-3_task-ltpFR2_events.tsv
LTP293,3,7,11,IGLOO,734,1505.216,752608,1,data/ds004395/sub-LTP293/ses-3/eeg/sub-LTP293_ses-3_task-ltpFR2_eeg.edf,data/ds004395/sub-LTP293/ses-3/eeg/sub-LTP293_ses-3_task-ltpFR2_events.tsv
LTP293,3,7,12,SLOPE,1328,1507.884,753942,0,data/ds004395/sub-LTP293/ses-3/eeg/sub-LTP293_ses-3_task-ltpFR2_eeg.edf,data/ds004395/sub-LTP293/ses-3/eeg/sub-LTP293_ses-3_task-ltpFR2_events.tsv
LTP293,3,7,13,RATTLE,1170,1510.52,755260,0,data/ds004395/sub-LTP293/ses-3/eeg/sub-LTP293_ses-3_task-ltpFR2_eeg.edf,data/ds004395/sub-LTP293/ses-3/eeg/sub-LTP293_ses-3_task-ltpFR2_events.tsv
LTP293,3,7,14,LIZARD,834,1513.314,756657,0,data/ds004395/sub-LTP293/ses-3/eeg/sub-LTP293_ses-3_task-ltpFR2_eeg.edf,data/ds004395/sub-LTP293/ses-3/eeg/sub-LTP293_ses-3_task-ltpFR2_events.tsv
LTP293,3,7,15,WAITRESS,1581,1515.932,757966,1,data/ds004395/sub-LTP293/ses-3/eeg/sub-LTP293_ses-3_task-ltpFR2_eeg.edf,data/ds004395/sub-LTP293/ses-3/eeg/sub-LTP293_ses-3_task-ltpFR2_events.tsv
LTP293,3,7,16,GAZELLE,628,1518.458,759229,1,data/ds004395/sub-LTP293/ses-3/eeg/sub-LTP293_ses-3_task-ltpFR2_eeg.edf,data/ds004395/sub-LTP293/ses-3/eeg/sub-LTP293_ses-3_task-ltpFR2_events.tsv
LTP293,3,7,17,RABBIT,1152,1521.204,760602,0,data/ds004395/sub-LTP293/ses-3/eeg/sub-LTP293_ses-3_task-ltpFR2_eeg.edf,data/ds004395/sub-LTP293/ses-3/eeg/sub-LTP293_ses-3_task-ltpFR2_events.tsv
LTP293,3,7,18,TRANSPLANT,1496,1523.646,761823,0,data/ds004395/sub-LTP293/ses-3/eeg/sub-LTP293_ses-3_task-ltpFR2_eeg.edf,data/ds004395/sub-LTP293/ses-3/eeg/sub-LTP293_ses-3_task-ltpFR2_events.tsv
LTP293,3,7,19,DAUGHTER,442,1526.298,763149,0,data/ds004395/sub-LTP293/ses-3/eeg/sub-LTP293_ses-3_task-ltpFR2_eeg.edf,data/ds004395/sub-LTP293/ses-3/eeg/sub-LTP293_ses-3_task-ltpFR2_events.tsv
LTP293,3,7,20,KEEPER,769,1528.978,764489,1,data/ds004395/sub-LTP293/ses-3/eeg/sub-LTP293_ses-3_task-ltpFR2_eeg.edf,data/ds004395/sub-LTP293/ses-3/eeg/sub-LTP293_ses-3_task-ltpFR2_events.tsv
LTP293,3,7,21,PASTA,1021,1531.446,765723,1,data/ds004395/sub-LTP293/ses-3/eeg/sub-LTP293_ses-3_task-ltpFR2_eeg.edf,data/ds004395/sub-LTP293/ses-3/eeg/sub-LTP293_ses-3_task-ltpFR2_events.tsv
LTP293,3,7,22,JELLO,754,1534.164,767082,1,data/ds004395/sub-LTP293/ses-3/eeg/sub-LTP293_ses-3_task-ltpFR2_eeg.edf,data/ds004395/sub-LTP293/ses-3/eeg/sub-LTP293_ses-3_task-ltpFR2_events.tsv
LTP293,3,7,23,KIDNEY,776,1536.868,768434,0,data/ds004395/sub-LTP293/ses-3/eeg/sub-LTP293_ses-3_task-ltpFR2_eeg.edf,data/ds004395/sub-LTP293/ses-3/eeg/sub-LTP293_ses-3_task-ltpFR2_events.tsv
LTP293,3,7,24,JUGGLER,763,1539.654,769827,1,data/ds004395/sub-LTP293/ses-3/eeg/sub-LTP293_ses-3_task-ltpFR2_eeg.edf,data/ds004395/sub-LTP293/ses-3/eeg/sub-LTP293_ses-3_task-ltpFR2_events.tsv
LTP293,3,8,1,ROCKET,1202,1682.826,841413,0,data/ds004395/sub-LTP293/ses-3/eeg/sub-LTP293_ses-3_task-ltpFR2_eeg.edf,data/ds004395/sub-LTP293/ses-3/eeg/sub-LTP293_ses-3_task-ltpFR2_events.tsv
LTP293,3,8,2,MESSAGE,888,1685.356,842678,0,data/ds004395/sub-LTP293/ses-3/eeg/sub-LTP293_ses-3_task-ltpFR2_eeg.edf,data/ds004395/sub-LTP293/ses-3/eeg/sub-LTP293_ses-3_task-ltpFR2_events.tsv
LTP293,3,8,3,TILE,1468,1687.796,843898,0,data/ds004395/sub-LTP293/ses-3/eeg/sub-LTP293_ses-3_task-ltpFR2_eeg.edf,data/ds004395/sub-LTP293/ses-3/eeg/sub-LTP293_ses-3_task-ltpFR2_events.tsv
LTP293,3,8,4,TERMITE,1451,1690.258,845129,0,data/ds004395/sub-LTP293/ses-3/eeg/sub-LTP293_ses-3_task-ltpFR2_eeg.edf,data/ds004395/sub-LTP293/ses-3/eeg/sub-LTP293_ses-3_task-ltpFR2_events.tsv
LTP293,3,8,5,PILOT,1070,1692.926,846463,0,data/ds004395/sub-LTP293/ses-3/eeg/sub-LTP293_ses-3_task-ltpFR2_eeg.edf,data/ds004395/sub-LTP293/ses-3/eeg/sub-LTP293_ses-3_task-ltpFR2_events.tsv
LTP293,3,8,6,SUSPECT,1415,1695.48,847740,0,data/ds004395/sub-LTP293/ses-3/eeg/sub-LTP293_ses-3_task-ltpFR2_eeg.edf,data/ds004395/sub-LTP293/ses-3/eeg/sub-LTP293_ses-3_task-ltpFR2_events.tsv
LTP293,3,8,7,BOX,159,1698.188,849094,0,data/ds004395/sub-LTP293/ses-3/eeg/sub-LTP293_ses-3_task-ltpFR2_eeg.edf,data/ds004395/sub-LTP293/ses-3/eeg/sub-LTP293_ses-3_task-ltpFR2_events.tsv
LTP293,3,8,8,GLASS,639,1700.742,850371,0,data/ds004395/sub-LTP293/ses-3/eeg/sub-LTP293_ses-3_task-ltpFR2_eeg.edf,data/ds004395/sub-LTP293/ses-3/eeg/sub-LTP293_ses-3_task-ltpFR2_events.tsv
LTP293,3,8,9,MISSILE,900,1703.476,851738,0,data/ds004395/sub-LTP293/ses-3/eeg/sub-LTP293_ses-3_task-ltpFR2_eeg.edf,data/ds004395/sub-LTP293/ses-3/eeg/sub-LTP293_ses-3_task-ltpFR2_events.tsv
LTP293,3,8,10,FOOTBALL,591,1706.272,853136,0,data/ds004395/sub-LTP293/ses-3/eeg/sub-LTP293_ses-3_task-ltpFR2_eeg.edf,data/ds004395/sub-LTP293/ses-3/eeg/sub-LTP293_ses-3_task-ltpFR2_events.tsv
LTP293,3,8,11,GARLIC,624,1708.874,854437,0,data/ds004395/sub-LTP293/ses-3/eeg/sub-LTP293_ses-3_task-ltpFR2_eeg.edf,data/ds004395/sub-LTP293/ses-3/eeg/sub-LTP293_ses-3_task-ltpFR2_events.tsv
LTP293,3,8,12,CORAL,378,1711.598,855799,0,data/ds004395/sub-LTP293/ses-3/eeg/sub-LTP293_ses-3_task-ltpFR2_eeg.edf,data/ds004395/sub-LTP293/ses-3/eeg/sub-LTP293_ses-3_task-ltpFR2_events.tsv
LTP293,3,8,13,SEAGULL,1261,1714.284,857142,0,data/ds004395/sub-LTP293/ses-3/eeg/sub-LTP293_ses-3_task-ltpFR2_eeg.edf,data/ds004395/sub-LTP293/ses-3/eeg/sub-LTP293_ses-3_task-ltpFR2_events.tsv
LTP293,3,8,14,JUNGLE,764,1716.946,858473,0,data/ds004395/sub-LTP293/ses-3/eeg/sub-LTP293_ses-3_task-ltpFR2_eeg.edf,data/ds004395/sub-LTP293/ses-3/eeg/sub-LTP293_ses-3_task-ltpFR2_events.tsv
LTP293,3,8,15,MATCH,878,1719.708,859854,0,data/ds004395/sub-LTP293/ses-3/eeg/sub-LTP293_ses-3_task-ltpFR2_eeg.edf,data/ds004395/sub-LTP293/ses-3/eeg/sub-LTP293_ses-3_task-ltpFR2_events.tsv
LTP293,3,8,16,FIREMAN,569,1722.392,861196,0,data/ds004395/sub-LTP293/ses-3/eeg/sub-LTP293_ses-3_task-ltpFR2_eeg.edf,data/ds004395/sub-LTP293/ses-3/eeg/sub-LTP293_ses-3_task-ltpFR2_events.tsv
LTP293,3,8,17,TROUT,1511,1725.094,862547,0,data/ds004395/sub-LTP293/ses-3/eeg/sub-LTP293_ses-3_task-ltpFR2_eeg.edf,data/ds004395/sub-LTP293/ses-3/eeg/sub-LTP293_ses-3_task-ltpFR2_events.tsv
LTP293,3,8,18,CRAB,397,1727.788,863894,0,data/ds004395/sub-LTP293/ses-3/eeg/sub-LTP293_ses-3_task-ltpFR2_eeg.edf,data/ds004395/sub-LTP293/ses-3/eeg/sub-LTP293_ses-3_task-ltpFR2_events.tsv
LTP293,3,8,19,CURTAIN,427,1730.308,865154,0,data/ds004395/sub-LTP293/ses-3/eeg/sub-LTP293_ses-3_task-ltpFR2_eeg.edf,data/ds004395/sub-LTP293/ses-3/eeg/sub-LTP293_ses-3_task-ltpFR2_events.tsv
LTP293,3,8,20,TABLET,1427,1733.11,866555,0,data/ds004395/sub-LTP293/ses-3/eeg/sub-LTP293_ses-3_task-ltpFR2_eeg.edf,data/ds004395/sub-LTP293/ses-3/eeg/sub-LTP293_ses-3_task-ltpFR2_events.tsv
LTP293,3,8,21,HARP,689,1735.854,867927,0,data/ds004395/sub-LTP293/ses-3/eeg/sub-LTP293_ses-3_task-ltpFR2_eeg.edf,data/ds004395/sub-LTP293/ses-3/eeg/sub-LTP293_ses-3_task-ltpFR2_events.tsv
LTP293,3,8,22,ZIPPER,1636,1738.548,869274,0,data/ds004395/sub-LTP293/ses-3/eeg/sub-LTP293_ses-3_task-ltpFR2_eeg.edf,data/ds004395/sub-LTP293/ses-3/eeg/sub-LTP293_ses-3_task-ltpFR2_events.tsv
LTP293,3,8,23,PACKAGE,997,1741.324,870662,0,data/ds004395/sub-LTP293/ses-3/eeg/sub-LTP293_ses-3_task-ltpFR2_eeg.edf,data/ds004395/sub-LTP293/ses-3/eeg/sub-LTP293_ses-3_task-ltpFR2_events.tsv
LTP293,3,8,24,FLAG,573,1744.034,872017,0,data/ds004395/sub-LTP293/ses-3/eeg/sub-LTP293_ses-3_task-ltpFR2_eeg.edf,data/ds004395/sub-LTP293/ses-3/eeg/sub-LTP293_ses-3_task-ltpFR2_events.tsv
LTP293,3,9,1,CASKET,255,33.518,16759,1,data/ds004395/sub-LTP293/ses-3/eeg/sub-LTP293_ses-3_task-ltpFR2_eeg.edf,data/ds004395/sub-LTP293/ses-3/eeg/sub-LTP293_ses-3_task-ltpFR2_events.tsv
LTP293,3,9,2,GALLON,618,36.32,18160,1,data/ds004395/sub-LTP293/ses-3/eeg/sub-LTP293_ses-3_task-ltpFR2_eeg.edf,data/ds004395/sub-LTP293/ses-3/eeg/sub-LTP293_ses-3_task-ltpFR2_events.tsv
LTP293,3,9,3,PASTRY,1022,38.972,19486,1,data/ds004395/sub-LTP293/ses-3/eeg/sub-LTP293_ses-3_task-ltpFR2_eeg.edf,data/ds004395/sub-LTP293/ses-3/eeg/sub-LTP293_ses-3_task-ltpFR2_events.tsv
LTP293,3,9,4,HEDGE,699,41.592,20796,0,data/ds004395/sub-LTP293/ses-3/eeg/sub-LTP293_ses-3_task-ltpFR2_eeg.edf,data/ds004395/sub-LTP293/ses-3/eeg/sub-LTP293_ses-3_task-ltpFR2_events.tsv
LTP293,3,9,5,PLAID,1080,44.362,22181,0,data/ds004395/sub-LTP293/ses-3/eeg/sub-LTP293_ses-3_task-ltpFR2_eeg.edf,data/ds004395/sub-LTP293/ses-3/eeg/sub-LTP293_ses-3_task-ltpFR2_events.tsv
LTP293,3,9,6,WARDROBE,1587,46.814,23407,0,data/ds004395/sub-LTP293/ses-3/eeg/sub-LTP293_ses-3_task-ltpFR2_eeg.edf,data/ds004395/sub-LTP293/ses-3/eeg/sub-LTP293_ses-3_task-ltpFR2_events.tsv
LTP293,3,9,7,MARINE,869,49.582,24791,0,data/ds004395/sub-LTP293/ses-3/eeg/sub-LTP293_ses-3_task-ltpFR2_eeg.edf,data/ds004395/sub-LTP293/ses-3/eeg/sub-LTP293_ses-3_task-ltpFR2_events.tsv
LTP293,3,9,8,STAR,1373,52.402,26201,0,data/ds004395/sub-LTP293/ses-3/eeg/sub-LTP293_ses-3_task-ltpFR2_eeg.edf,data/ds004395/sub-LTP293/ses-3/eeg/sub-LTP293_ses-3_task-ltpFR2_events.tsv
LTP293,3,9,9,JOURNAL,760,55.186,27593,1,data/ds004395/sub-LTP293/ses-3/eeg/sub-LTP293_ses-3_task-ltpFR2_eeg.edf,data/ds004395/sub-LTP293/ses-3/eeg/sub-LTP293_ses-3_task-ltpFR2_events.tsv
LTP293,3,9,10,BRAKE,166,57.69,28845,1,data/ds004395/sub-LTP293/ses-3/eeg/sub-LTP293_ses-3_task-ltpFR2_eeg.edf,data/ds004395/sub-LTP293/ses-3/eeg/sub-LTP293_ses-3_task-ltpFR2_events.tsv
LTP293,3,9,11,BLOCKADE,137,60.258,30129,0,data/ds004395/sub-LTP293/ses-3/eeg/sub-LTP293_ses-3_task-ltpFR2_eeg.edf,data/ds004395/sub-LTP293/ses-3/eeg/sub-LTP293_ses-3_task-ltpFR2_events.tsv
LTP293,3,9,12,FLESH,579,62.928,31464,0,data/ds004395/sub-LTP293/ses-3/eeg/sub-LTP293_ses-3_task-ltpFR2_eeg.edf,data/ds004395/sub-LTP293/ses-3/eeg/sub-LTP293_ses-3_task-ltpFR2_events.tsv
LTP293,3,9,13,LAKE,796,65.48,32740,0,data/ds004395/sub-LTP293/ses-3/eeg/sub-LTP293_ses-3_task-ltpFR2_eeg.edf,data/ds004395/sub-LTP293/ses-3/eeg/sub-LTP293_ses-3_task-ltpFR2_events.tsv
LTP293,3,9,14,RADISH,1158,68.198,34099,0,data/ds004395/sub-LTP293/ses-3/eeg/sub-LTP293_ses-3_task-ltpFR2_eeg.edf,data/ds004395/sub-LTP293/ses-3/eeg/sub-LTP293_ses-3_task-ltpFR2_events.tsv
LTP293,3,9,15,CONTRACT,368,70.902,35451,0,data/ds004395/sub-LTP293/ses-3/eeg/sub-LTP293_ses-3_task-ltpFR2_eeg.edf,data/ds004395/sub-LTP293/ses-3/eeg/sub-LTP293_ses-3_task-ltpFR2_events.tsv
LTP293,3,9,16,ARM,38,73.466,36733,1,data/ds004395/sub-LTP293/ses-3/eeg/sub-LTP293_ses-3_task-ltpFR2_eeg.edf,data/ds004395/sub-LTP293/ses-3/eeg/sub-LTP293_ses-3_task-ltpFR2_events.tsv
LTP293,3,9,17,SKILLET,1317,76.24,38120,1,data/ds004395/sub-LTP293/ses-3/eeg/sub-LTP293_ses-3_task-ltpFR2_eeg.edf,data/ds004395/sub-LTP293/ses-3/eeg/sub-LTP293_ses-3_task-ltpFR2_events.tsv
LTP293,3,9,18,FRIAR,605,78.86,39430,1,data/ds004395/sub-LTP293/ses-3/eeg/sub-LTP293_ses-3_task-ltpFR2_eeg.edf,data/ds004395/sub-LTP293/ses-3/eeg/sub-LTP293_ses-3_task-ltpFR2_events.tsv
LTP293,3,9,19,CROSS,413,81.536,40768,1,data/ds004395/sub-LTP293/ses-3/eeg/sub-LTP293_ses-3_task-ltpFR2_eeg.edf,data/ds004395/sub-LTP293/ses-3/eeg/sub-LTP293_ses-3_task-ltpFR2_events.tsv
LTP293,3,9,20,OYSTER,995,84.088,42044,1,data/ds004395/sub-LTP293/ses-3/eeg/sub-LTP293_ses-3_task-ltpFR2_eeg.edf,data/ds004395/sub-LTP293/ses-3/eeg/sub-LTP293_ses-3_task-ltpFR2_events.tsv
LTP293,3,9,21,GIRL,637,86.634,43317,1,data/ds004395/sub-LTP293/ses-3/eeg/sub-LTP293_ses-3_task-ltpFR2_eeg.edf,data/ds004395/sub-LTP293/ses-3/eeg/sub-LTP293_ses-3_task-ltpFR2_events.tsv
LTP293,3,9,22,SPACE,1345,89.386,44693,0,data/ds004395/sub-LTP293/ses-3/eeg/sub-LTP293_ses-3_task-ltpFR2_eeg.edf,data/ds004395/sub-LTP293/ses-3/eeg/sub-LTP293_ses-3_task-ltpFR2_events.tsv
LTP293,3,9,23,COFFEE,341,91.928,45964,0,data/ds004395/sub-LTP293/ses-3/eeg/sub-LTP293_ses-3_task-ltpFR2_eeg.edf,data/ds004395/sub-LTP293/ses-3/eeg/sub-LTP293_ses-3_task-ltpFR2_events.tsv
LTP293,3,9,24,SKETCH,1315,94.69,47345,1,data/ds004395/sub-LTP293/ses-3/eeg/sub-LTP293_ses-3_task-ltpFR2_eeg.edf,data/ds004395/sub-LTP293/ses-3/eeg/sub-LTP293_ses-3_task-ltpFR2_events.tsv
LTP293,3,10,1,DRAGON,492,212.672,106336,1,data/ds004395/sub-LTP293/ses-3/eeg/sub-LTP293_ses-3_task-ltpFR2_eeg.edf,data/ds004395/sub-LTP293/ses-3/eeg/sub-LTP293_ses-3_task-ltpFR2_events.tsv
LTP293,3,10,2,SHORTCAKE,1292,215.224,107612,0,data/ds004395/sub-LTP293/ses-3/eeg/sub-LTP293_ses-3_task-ltpFR2_eeg.edf,data/ds004395/sub-LTP293/ses-3/eeg/sub-LTP293_ses-3_task-ltpFR2_events.tsv
LTP293,3,10,3,OMELET,976,217.878,108939,1,data/ds004395/sub-LTP293/ses-3/eeg/sub-LTP293_ses-3_task-ltpFR2_eeg.edf,data/ds004395/sub-LTP293/ses-3/eeg/sub-LTP293_ses-3_task-ltpFR2_events.tsv
LTP293,3,10,4,RUG,1215,220.446,110223,1,data/ds004395/sub-LTP293/ses-3/eeg/sub-LTP293_ses-3_task-ltpFR2_eeg.edf,data/ds004395/sub-LTP293/ses-3/eeg/sub-LTP293_ses-3_task-ltpFR2_events.tsv
LTP293,3,10,5,CEILING,265,223.148,111574,1,data/ds004395/sub-LTP293/ses-3/eeg/sub-LTP293_ses-3_task-ltpFR2_eeg.edf,data/ds004395/sub-LTP293/ses-3/eeg/sub-LTP293_ses-3_task-ltpFR2_events.tsv
LTP293,3,10,6,WORKER,1621,225.616,112808,1,data/ds004395/sub-LTP293/ses-3/eeg/sub-LTP293_ses-3_task-ltpFR2_eeg.edf,data/ds004395/sub-LTP293/ses-3/eeg/sub-LTP293_ses-3_task-ltpFR2_events.tsv
LTP293,3,10,7,PLAYGROUND,1087,228.336,114168,0,data/ds004395/sub-LTP293/ses-3/eeg/sub-LTP293_ses-3_task-ltpFR2_eeg.edf,data/ds004395/sub-LTP293/ses-3/eeg/sub-LTP293_ses-3_task-ltpFR2_events.tsv
LTP293,3,10,8,BUCKET,184,230.822,115411,0,data/ds004395/sub-LTP293/ses-3/eeg/sub-LTP293_ses-3_task-ltpFR2_eeg.edf,data/ds004395/sub-LTP293/ses-3/eeg/sub-LTP293_ses-3_task-ltpFR2_events.tsv
LTP293,3,10,9,LADY,794,233.606,116803,1,data/ds004395/sub-LTP293/ses-3/eeg/sub-LTP293_ses-3_task-ltpFR2_eeg.edf,data/ds004395/sub-LTP293/ses-3/eeg/sub-LTP293_ses-3_task-ltpFR2_events.tsv
LTP293,3,10,10,ORANGE,980,236.424,118212,1,data/ds004395/sub-LTP293/ses-3/eeg/sub-LTP293_ses-3_task-ltpFR2_eeg.edf,data/ds004395/sub-LTP293/ses-3/eeg/sub-LTP293_ses-3_task-ltpFR2_events.tsv
LTP293,3,10,11,HORSE,719,239.11,119555,1,data/ds004395/sub-LTP293/ses-3/eeg/sub-LTP293_ses-3_task-ltpFR2_eeg.edf,data/ds004395/sub-LTP293/ses-3/eeg/sub-LTP293_ses-3_task-ltpFR2_events.tsv
LTP293,3,10,12,LUNCH,849,241.914,120957,1,data/ds004395/sub-LTP293/ses-3/eeg/sub-LTP293_ses-3_task-ltpFR2_eeg.edf,data/ds004395/sub-LTP293/ses-3/eeg/sub-LTP293_ses-3_task-ltpFR2_events.tsv
LTP293,3,10,13,SCALLOP,1242,244.714,122357,0,data/ds004395/sub-LTP293/ses-3/eeg/sub-LTP293_ses-3_task-ltpFR2_eeg.edf,data/ds004395/sub-LTP293/ses-3/eeg/sub-LTP293_ses-3_task-ltpFR2_events.tsv
LTP293,3,10,14,MASK,876,247.166,123583,1,data/ds004395/sub-LTP293/ses-3/eeg/sub-LTP293_ses-3_task-ltpFR2_eeg.edf,data/ds004395/sub-LTP293/ses-3/eeg/sub-LTP293_ses-3_task-ltpFR2_events.tsv
LTP293,3,10,15,DIME,466,249.952,124976,0,data/ds004395/sub-LTP293/ses-3/eeg/sub-LTP293_ses-3_task-ltpFR2_eeg.edf,data/ds004395/sub-LTP293/ses-3/eeg/sub-LTP293_ses-3_task-ltpFR2_events.tsv
LTP293,3,10,16,CARROT,249,252.706,126353,0,data/ds004395/sub-LTP293/ses-3/eeg/sub-LTP293_ses-3_task-ltpFR2_eeg.edf,data/ds004395/sub-LTP293/ses-3/eeg/sub-LTP293_ses-3_task-ltpFR2_events.tsv
LTP293,3,10,17,PISTOL,1075,255.376,127688,0,data/ds004395/sub-LTP293/ses-3/eeg/sub-LTP293_ses-3_task-ltpFR2_eeg.edf,data/ds004395/sub-LTP293/ses-3/eeg/sub-LTP293_ses-3_task-ltpFR2_events.tsv
LTP293,3,10,18,GRILL,661,257.908,128954,1,data/ds004395/sub-LTP293/ses-3/eeg/sub-LTP293_ses-3_task-ltpFR2_eeg.edf,data/ds004395/sub-LTP293/ses-3/eeg/sub-LTP293_ses-3_task-ltpFR2_events.tsv
LTP293,3,10,19,JAPAN,749,260.694,130347,0,data/ds004395/sub-LTP293/ses-3/eeg/sub-LTP293_ses-3_task-ltpFR2_eeg.edf,data/ds004395/sub-LTP293/ses-3/eeg/sub-LTP293_ses-3_task-ltpFR2_events.tsv
LTP293,3,10,20,FRUIT,610,263.196,131598,1,data/ds004395/sub-LTP293/ses-3/eeg/sub-LTP293_ses-3_task-ltpFR2_eeg.edf,data/ds004395/sub-LTP293/ses-3/eeg/sub-LTP293_ses-3_task-ltpFR2_events.tsv
LTP293,3,10,21,HATCHET,691,265.898,132949,0,data/ds004395/sub-LTP293/ses-3/eeg/sub-LTP293_ses-3_task-ltpFR2_eeg.edf,data/ds004395/sub-LTP293/ses-3/eeg/sub-LTP293_ses-3_task-ltpFR2_events.tsv
LTP293,3,10,22,RAZOR,1171,268.416,134208,0,data/ds004395/sub-LTP293/ses-3/eeg/sub-LTP293_ses-3_task-ltpFR2_eeg.edf,data/ds004395/sub-LTP293/ses-3/eeg/sub-LTP293_ses-3_task-ltpFR2_events.tsv
LTP293,3,10,23,CRAYON,401,270.84,135420,1,data/ds004395/sub-LTP293/ses-3/eeg/sub-LTP293_ses-3_task-ltpFR2_eeg.edf,data/ds004395/sub-LTP293/ses-3/eeg/sub-LTP293_ses-3_task-ltpFR2_events.tsv
LTP293,3,10,24,CHEST,295,273.642,136821,1,data/ds004395/sub-LTP293/ses-3/eeg/sub-LTP293_ses-3_task-ltpFR2_eeg.edf,data/ds004395/sub-LTP293/ses-3/eeg/sub-LTP293_ses-3_task-ltpFR2_events.tsv
LTP293,3,11,1,COLONEL,348,416.514,208257,1,data/ds004395/sub-LTP293/ses-3/eeg/sub-LTP293_ses-3_task-ltpFR2_eeg.edf,data/ds004395/sub-LTP293/ses-3/eeg/sub-LTP293_ses-3_task-ltpFR2_events.tsv
LTP293,3,11,2,HAMPER,682,419.064,209532,0,data/ds004395/sub-LTP293/ses-3/eeg/sub-LTP293_ses-3_task-ltpFR2_eeg.edf,data/ds004395/sub-LTP293/ses-3/eeg/sub-LTP293_ses-3_task-ltpFR2_events.tsv
LTP293,3,11,3,GHETTO,633,421.82,210910,1,data/ds004395/sub-LTP293/ses-3/eeg/sub-LTP293_ses-3_task-ltpFR2_eeg.edf,data/ds004395/sub-LTP293/ses-3/eeg/sub-LTP293_ses-3_task-ltpFR2_events.tsv
LTP293,3,11,4,ICING,732,424.27,212135,0,data/ds004395/sub-LTP293/ses-3/eeg/sub-LTP293_ses-3_task-ltpFR2_eeg.edf,data/ds004395/sub-LTP293/ses-3/eeg/sub-LTP293_ses-3_task-ltpFR2_events.tsv
LTP293,3,11,5,PASSAGE,1019,427.056,213528,0,data/ds004395/sub-LTP293/ses-3/eeg/sub-LTP293_ses-3_task-ltpFR2_eeg.edf,data/ds004395/sub-LTP293/ses-3/eeg/sub-LTP293_ses-3_task-ltpFR2_events.tsv
LTP293,3,11,6,SLIDE,1326,429.842,214921,1,data/ds004395/sub-LTP293/ses-3/eeg/sub-LTP293_ses-3_task-ltpFR2_eeg.edf,data/ds004395/sub-LTP293/ses-3/eeg/sub-LTP293_ses-3_task-ltpFR2_events.tsv
LTP293,3,11,7,SPOOL,1356,432.494,216247,0,data/ds004395/sub-LTP293/ses-3/eeg/sub-LTP293_ses-3_task-ltpFR2_eeg.edf,data/ds004395/sub-LTP293/ses-3/eeg/sub-LTP293_ses-3_task-ltpFR2_events.tsv
LTP293,3,11,8,TART,1436,435.28,217640,0,data/ds004395/sub-LTP293/ses-3/eeg/sub-LTP293_ses-3_task-ltpFR2_eeg.edf,data/ds004395/sub-LTP293/ses-3/eeg/sub-LTP293_ses-3_task-ltpFR2_events.tsv
LTP293,3,11,9,ARMY,39,437.766,218883,1,data/ds004395/sub-LTP293/ses-3/eeg/sub-LTP293_ses-3_task-ltpFR2_eeg.edf,data/ds004395/sub-LTP293/ses-3/eeg/sub-LTP293_ses-3_task-ltpFR2_events.tsv
LTP293,3,11,10,COMET,353,440.45,220225,0,data/ds004395/sub-LTP293/ses-3/eeg/sub-LTP293_ses-3_task-ltpFR2_eeg.edf,data/ds004395/sub-LTP293/ses-3/eeg/sub-LTP293_ses-3_task-ltpFR2_events.tsv
LTP293,3,11,11,FRIEND,606,443.252,221626,1,data/ds004395/sub-LTP293/ses-3/eeg/sub-LTP293_ses-3_task-ltpFR2_eeg.edf,data/ds004395/sub-LTP293/ses-3/eeg/sub-LTP293_ses-3_task-ltpFR2_events.tsv
LTP293,3,11,12,NECKLACE,940,445.722,222861,1,data/ds004395/sub-LTP293/ses-3/eeg/sub-LTP293_ses-3_task-ltpFR2_eeg.edf,data/ds004395/sub-LTP293/ses-3/eeg/sub-LTP293_ses-3_task-ltpFR2_events.tsv
LTP293,3,11,13,MEDAL,885,448.224,224112,0,data/ds004395/sub-LTP293/ses-3/eeg/sub-LTP293_ses-3_task-ltpFR2_eeg.edf,data/ds004395/sub-LTP293/ses-3/eeg/sub-LTP293_ses-3_task-ltpFR2_events.tsv
LTP293,3,11,14,BOYFRIEND,162,450.86,225430,1,data/ds004395/sub-LTP293/ses-3/eeg/sub-LTP293_ses-3_task-ltpFR2_eeg.edf,data/ds004395/sub-LTP293/ses-3/eeg/sub-LTP293_ses-3_task-ltpFR2_events.tsv
LTP293,3,11,15,WASHER,1592,453.312,226656,1,data/ds004395/sub-LTP293/ses-3/eeg/sub-LTP293_ses-3_task-ltpFR2_eeg.edf,data/ds004395/sub-LTP293/ses-3/eeg/sub-LTP293_ses-3_task-ltpFR2_events.tsv
LTP293,3,11,16,PICNIC,1060,455.93,227965,1,data/ds004395/sub-LTP293/ses-3/eeg/sub-LTP293_ses-3_task-ltpFR2_eeg.edf,data/ds004395/sub-LTP293/ses-3/eeg/sub-LTP293_ses-3_task-ltpFR2_events.tsv
LTP293,3,11,17,STATUE,1374,458.448,229224,0,data/ds004395/sub-LTP293/ses-3/eeg/sub-LTP293_ses-3_task-ltpFR2_eeg.edf,data/ds004395/sub-LTP293/ses-3/eeg/sub-LTP293_ses-3_task-ltpFR2_events.tsv
LTP293,3,11,18,APPLE,33,461.25,230625,0,data/ds004395/sub-LTP293/ses-3/eeg/sub-LTP293_ses-3_task-ltpFR2_eeg.edf,data/ds004395/sub-LTP293/ses-3/eeg/sub-LTP293_ses-3_task-ltpFR2_events.tsv
LTP293,3,11,19,XEROX,1628,463.886,231943,0,data/ds004395/sub-LTP293/ses-3/eeg/sub-LTP293_ses-3_task-ltpFR2_eeg.edf,data/ds004395/sub-LTP293/ses-3/eeg/sub-LTP293_ses-3_task-ltpFR2_events.tsv
LTP293,3,11,20,DRINK,498,466.622,233311,1,data/ds004395/sub-LTP293/ses-3/eeg/sub-LTP293_ses-3_task-ltpFR2_eeg.edf,data/ds004395/sub-LTP293/ses-3/eeg/sub-LTP293_ses-3_task-ltpFR2_events.tsv
LTP293,3,11,21,SCOTCH,1251,469.306,234653,0,data/ds004395/sub-LTP293/ses-3/eeg/sub-LTP293_ses-3_task-ltpFR2_eeg.edf,data/ds004395/sub-LTP293/ses-3/eeg/sub-LTP293_ses-3_task-ltpFR2_events.tsv
LTP293,3,11,22,BOARD,143,472.058,236029,1,data/ds004395/sub-LTP293/ses-3/eeg/sub-LTP293_ses-3_task-ltpFR2_eeg.edf,data/ds004395/sub-LTP293/ses-3/eeg/sub-LTP293_ses-3_task-ltpFR2_events.tsv
LTP293,3,11,23,BLOUSE,139,474.478,237239,1,data/ds004395/sub-LTP293/ses-3/eeg/sub-LTP293_ses-3_task-ltpFR2_eeg.edf,data/ds004395/sub-LTP293/ses-3/eeg/sub-LTP293_ses-3_task-ltpFR2_events.tsv
LTP293,3,11,24,FLEET,578,477.144,238572,1,data/ds004395/sub-LTP293/ses-3/eeg/sub-LTP293_ses-3_task-ltpFR2_eeg.edf,data/ds004395/sub-LTP293/ses-3/eeg/sub-LTP293_ses-3_task-ltpFR2_events.tsv
LTP293,3,12,1,ACTRESS,6,595.12,297560,1,data/ds004395/sub-LTP293/ses-3/eeg/sub-LTP293_ses-3_task-ltpFR2_eeg.edf,data/ds004395/sub-LTP293/ses-3/eeg/sub-LTP293_ses-3_task-ltpFR2_events.tsv
LTP293,3,12,2,POSSUM,1112,597.636,298818,1,data/ds004395/sub-LTP293/ses-3/eeg/sub-LTP293_ses-3_task-ltpFR2_eeg.edf,data/ds004395/sub-LTP293/ses-3/eeg/sub-LTP293_ses-3_task-ltpFR2_events.tsv
LTP293,3,12,3,CLAMP,316,600.402,300201,1,data/ds004395/sub-LTP293/ses-3/eeg/sub-LTP293_ses-3_task-ltpFR2_eeg.edf,data/ds004395/sub-LTP293/ses-3/eeg/sub-LTP293_ses-3_task-ltpFR2_events.tsv
LTP293,3,12,4,BEAKER,104,603.138,301569,1,data/ds004395/sub-LTP293/ses-3/eeg/sub-LTP293_ses-3_task-ltpFR2_eeg.edf,data/ds004395/sub-LTP293/ses-3/eeg/sub-LTP293_ses-3_task-ltpFR2_events.tsv
LTP293,3,12,5,COMPASS,358,605.758,302879,0,data/ds004395/sub-LTP293/ses-3/eeg/sub-LTP293_ses-3_task-ltpFR2_eeg.edf,data/ds004395/sub-LTP293/ses-3/eeg/sub-LTP293_ses-3_task-ltpFR2_events.tsv
LTP293,3,12,6,BISON,131,608.498,304249,1,data/ds004395/sub-LTP293/ses-3/eeg/sub-LTP293_ses-3_task-ltpFR2_eeg.edf,data/ds004395/sub-LTP293/ses-3/eeg/sub-LTP293_ses-3_task-ltpFR2_events.tsv
LTP293,3,12,7,WIDOW,1608,611.046,305523,1,data/ds004395/sub-LTP293/ses-3/eeg/sub-LTP293_ses-3_task-ltpFR2_eeg.edf,data/ds004395/sub-LTP293/ses-3/eeg/sub-LTP293_ses-3_task-ltpFR2_events.tsv
LTP293,3,12,8,WOMAN,1620,613.586,306793,1,data/ds004395/sub-LTP293/ses-3/eeg/sub-LTP293_ses-3_task-ltpFR2_eeg.edf,data/ds004395/sub-LTP293/ses-3/eeg/sub-LTP293_ses-3_task-ltpFR2_events.tsv
LTP293,3,12,9,TRUCK,1512,616.35,308175,1,data/ds004395/sub-LTP293/ses-3/eeg/sub-LTP293_ses-3_task-ltpFR2_eeg.edf,data/ds004395/sub-LTP293/ses-3/eeg/sub-LTP293_ses-3_task-ltpFR2_events.tsv
LTP293,3,12,10,COURSE,390,618.936,309468,0,data/ds004395/sub-LTP293/ses-3/eeg/sub-LTP293_ses-3_task-ltpFR2_eeg.edf,data/ds004395/sub-LTP293/ses-3/eeg/sub-LTP293_ses-3_task-ltpFR2_events.tsv
LTP293,3,12,11,BROOK,177,621.722,310861,0,data/ds004395/sub-LTP293/ses-3/eeg/sub-LTP293_ses-3_task-ltpFR2_eeg.edf,data/ds004395/sub-LTP293/ses-3/eeg/sub-LTP293_ses-3_task-ltpFR2_events.tsv
LTP293,3,12,12,MARSH,874,624.222,312111,0,data/ds004395/sub-LTP293/ses-3/eeg/sub-LTP293_ses-3_task-ltpFR2_eeg.edf,data/ds004395/sub-LTP293/ses-3/eeg/sub-LTP293_ses-3_task-ltpFR2_events.tsv
LTP293,3,12,13,HONEY,713,626.914,313457,1,data/ds004395/sub-LTP293/ses-3/eeg/sub-LTP293_ses-3_task-ltpFR2_eeg.edf,data/ds004395/sub-LTP293/ses-3/eeg/sub-LTP293_ses-3_task-ltpFR2_events.tsv
LTP293,3,12,14,WASP,1593,629.578,314789,1,data/ds004395/sub-LTP293/ses-3/eeg/sub-LTP293_ses-3_task-ltpFR2_eeg.edf,data/ds004395/sub-LTP293/ses-3/eeg/sub-LTP293_ses-3_task-ltpFR2_events.tsv
LTP293,3,12,15,STALLION,1369,632.25,316125,1,data/ds004395/sub-LTP293/ses-3/eeg/sub-LTP293_ses-3_task-ltpFR2_eeg.edf,data/ds004395/sub-LTP293/ses-3/eeg/sub-LTP293_ses-3_task-ltpFR2_events.tsv
LTP293,3,12,16,POLICE,1098,634.85,317425,1,data/ds004395/sub-LTP293/ses-3/eeg/sub-LTP293_ses-3_task-ltpFR2_eeg.edf,data/ds004395/sub-LTP293/ses-3/eeg/sub-LTP293_ses-3_task-ltpFR2_events.tsv
LTP293,3,12,17,MOTOR,922,637.602,318801,0,data/ds004395/sub-LTP293/ses-3/eeg/sub-LTP293_ses-3_task-ltpFR2_eeg.edf,data/ds004395/sub-LTP293/ses-3/eeg/sub-LTP293_ses-3_task-ltpFR2_events.tsv
LTP293,3,12,18,CUPBOARD,425,640.388,320194,1,data/ds004395/sub-LTP293/ses-3/eeg/sub-LTP293_ses-3_task-ltpFR2_eeg.edf,data/ds004395/sub-LTP293/ses-3/eeg/sub-LTP293_ses-3_task-ltpFR2_events.tsv
LTP293,3,12,19,SHOVEL,1295,642.906,321453,0,data/ds004395/sub-LTP293/ses-3/eeg/sub-LTP293_ses-3_task-ltpFR2_eeg.edf,data/ds004395/sub-LTP293/ses-3/eeg/sub-LTP293_ses-3_task-ltpFR2_events.tsv
LTP293,3,12,20,BUNNY,198,645.358,322679,0,data/ds004395/sub-LTP293/ses-3/eeg/sub-LTP293_ses-3_task-ltpFR2_eeg.edf,data/ds004395/sub-LTP293/ses-3/eeg/sub-LTP293_ses-3_task-ltpFR2_events.tsv
LTP293,3,12,21,TRENCH,1503,648.026,324013,0,data/ds004395/sub-LTP293/ses-3/eeg/sub-LTP293_ses-3_task-ltpFR2_eeg.edf,data/ds004395/sub-LTP293/ses-3/eeg/sub-LTP293_ses-3_task-ltpFR2_events.tsv
LTP293,3,12,22,HEART,697,650.714,325357,0,data/ds004395/sub-LTP293/ses-3/eeg/sub-LTP293_ses-3_task-ltpFR2_eeg.edf,data/ds004395/sub-LTP293/ses-3/eeg/sub-LTP293_ses-3_task-ltpFR2_events.tsv
LTP293,3,12,23,SCISSORS,1250,653.296,326648,0,data/ds004395/sub-LTP293/ses-3/eeg/sub-LTP293_ses-3_task-ltpFR2_eeg.edf,data/ds004395/sub-LTP293/ses-3/eeg/sub-LTP293_ses-3_task-ltpFR2_events.tsv
LTP293,3,12,24,RELISH,1183,655.784,327892,0,data/ds004395/sub-LTP293/ses-3/eeg/sub-LTP293_ses-3_task-ltpFR2_eeg.edf,data/ds004395/sub-LTP293/ses-3/eeg/sub-LTP293_ses-3_task-ltpFR2_events.tsv
LTP293,3,13,1,BACKBONE,66,798.766,399383,0,data/ds004395/sub-LTP293/ses-3/eeg/sub-LTP293_ses-3_task-ltpFR2_eeg.edf,data/ds004395/sub-LTP293/ses-3/eeg/sub-LTP293_ses-3_task-ltpFR2_events.tsv
LTP293,3,13,2,SIDEWALK,1303,801.266,400633,0,data/ds004395/sub-LTP293/ses-3/eeg/sub-LTP293_ses-3_task-ltpFR2_eeg.edf,data/ds004395/sub-LTP293/ses-3/eeg/sub-LTP293_ses-3_task-ltpFR2_events.tsv
LTP293,3,13,3,SHELF,1280,804.058,402029,0,data/ds004395/sub-LTP293/ses-3/eeg/sub-LTP293_ses-3_task-ltpFR2_eeg.edf,data/ds004395/sub-LTP293/ses-3/eeg/sub-LTP293_ses-3_task-ltpFR2_events.tsv
LTP293,3,13,4,TUTU,1524,806.762,403381,0,data/ds004395/sub-LTP293/ses-3/eeg/sub-LTP293_ses-3_task-ltpFR2_eeg.edf,data/ds004395/sub-LTP293/ses-3/eeg/sub-LTP293_ses-3_task-ltpFR2_events.tsv
LTP293,3,13,5,LODGE,839,809.256,404628,0,data/ds004395/sub-LTP293/ses-3/eeg/sub-LTP293_ses-3_task-ltpFR2_eeg.edf,data/ds004395/sub-LTP293/ses-3/eeg/sub-LTP293_ses-3_task-ltpFR2_events.tsv
LTP293,3,13,6,CRIB,407,811.908,405954,0,data/ds004395/sub-LTP293/ses-3/eeg/sub-LTP293_ses-3_task-ltpFR2_eeg.edf,data/ds004395/sub-LTP293/ses-3/eeg/sub-LTP293_ses-3_task-ltpFR2_events.tsv
LTP293,3,13,7,AUTHOR,61,814.676,407338,0,data/ds004395/sub-LTP293/ses-3/eeg/sub-LTP293_ses-3_task-ltpFR2_eeg.edf,data/ds004395/sub-LTP293/ses-3/eeg/sub-LTP293_ses-3_task-ltpFR2_events.tsv
LTP293,3,13,8,CUSTARD,429,817.16,408580,0,data/ds004395/sub-LTP293/ses-3/eeg/sub-LTP293_ses-3_task-ltpFR2_eeg.edf,data/ds004395/sub-LTP293/ses-3/eeg/sub-LTP293_ses-3_task-ltpFR2_events.tsv
LTP293,3,13,9,YOLK,1633,819.756,409878,0,data/ds004395/sub-LTP293/ses-3/eeg/sub-LTP293_ses-3_task-ltpFR2_eeg.edf,data/ds004395/sub-LTP293/ses-3/eeg/sub-LTP293_ses-3_task-ltpFR2_events.tsv
LTP293,3,13,10,ROOSTER,1209,822.534,411267,0,data/ds004395/sub-LTP293/ses-3/eeg/sub-LTP293_ses-3_task-ltpFR2_eeg.edf,data/ds004395/sub-LTP293/ses-3/eeg/sub-LTP293_ses-3_task-ltpFR2_events.tsv
LTP293,3,13,11,GARDEN,623,825.11,412555,0,data/ds004395/sub-LTP293/ses-3/eeg/sub-LTP293_ses-3_task-ltpFR2_eeg.edf,data/ds004395/sub-LTP293/ses-3/eeg/sub-LTP293_ses-3_task-ltpFR2_events.tsv
LTP293,3,13,12,BIKE,125,827.83,413915,0,data/ds004395/sub-LTP293/ses-3/eeg/sub-LTP293_ses-3_task-ltpFR2_eeg.edf,data/ds004395/sub-LTP293/ses-3/eeg/sub-LTP293_ses-3_task-ltpFR2_events.tsv
LTP293,3,13,13,CHAUFFEUR,283,830.516,415258,0,data/ds004395/sub-LTP293/ses-3/eeg/sub-LTP293_ses-3_task-ltpFR2_eeg.edf,data/ds004395/sub-LTP293/ses-3/eeg/sub-LTP293_ses-3_task-ltpFR2_events.tsv
LTP293,3,13,14,CAFE,216,833.268,416634,0,data/ds004395/sub-LTP293/ses-3/eeg/sub-LTP293_ses-3_task-ltpFR2_eeg.edf,data/ds004395/sub-LTP293/ses-3/eeg/sub-LTP293_ses-3_task-ltpFR2_events.tsv
LTP293,3,13,15,OINTMENT,974,836.06,418030,0,data/ds004395/sub-LTP293/ses-3/eeg/sub-LTP293_ses-3_task-ltpFR2_eeg.edf,data/ds004395/sub-LTP293/ses-3/eeg/sub-LTP293_ses-3_task-ltpFR2_events.tsv
LTP293,3,13,16,PIMPLE,1071,838.606,419303,0,data/ds004395/sub-LTP293/ses-3/eeg/sub-LTP293_ses-3_task-ltpFR2_eeg.edf,data/ds004395/sub-LTP293/ses-3/eeg/sub-LTP293_ses-3_task-ltpFR2_events.tsv
LTP293,3,13,17,POET,1095,841.03,420515,0,data/ds004395/sub-LTP293/ses-3/eeg/sub-LTP293_ses-3_task-ltpFR2_eeg.edf,data/ds004395/sub-LTP293/ses-3/eeg/sub-LTP293_ses-3_task-ltpFR2_events.tsv
LTP293,3,13,18,BUGGY,188,843.76,421880,0,data/ds004395/sub-LTP293/ses-3/eeg/sub-LTP293_ses-3_task-ltpFR2_eeg.edf,data/ds004395/sub-LTP293/ses-3/eeg/sub-LTP293_ses-3_task-ltpFR2_events.tsv
LTP293,3,13,19,BRICK,172,846.234,423117,0,data/ds004395/sub-LTP293/ses-3/eeg/sub-LTP293_ses-3_task-ltpFR2_eeg.edf,data/ds004395/sub-LTP293/ses-3/eeg/sub-LTP293_ses-3_task-ltpFR2_events.tsv
LTP293,3,13,20,COTTAGE,384,848.864,424432,0,data/ds004395/sub-LTP293/ses-3/eeg/sub-LTP293_ses-3_task-ltpFR2_eeg.edf,data/ds004395/sub-LTP293/ses-3/eeg/sub-LTP293_ses-3_task-ltpFR2_events.tsv
LTP293,3,13,21,HAWK,692,851.4,425700,0,data/ds004395/sub-LTP293/ses-3/eeg/sub-LTP293_ses-3_task-ltpFR2_eeg.edf,data/ds004395/sub-LTP293/ses-3/eeg/sub-LTP293_ses-3_task-ltpFR2_events.tsv
LTP293,3,13,22,PLATE,1086,854.152,427076,0,data/ds004395/sub-LTP293/ses-3/eeg/sub-LTP293_ses-3_task-ltpFR2_eeg.edf,data/ds004395/sub-LTP293/ses-3/eeg/sub-LTP293_ses-3_task-ltpFR2_events.tsv
LTP293,3,13,23,DENIM,446,856.888,428444,0,data/ds004395/sub-LTP293/ses-3/eeg/sub-LTP293_ses-3_task-ltpFR2_eeg.edf,data/ds004395/sub-LTP293/ses-3/eeg/sub-LTP293_ses-3_task-ltpFR2_events.tsv
LTP293,3,13,24,NOVEL,960,859.474,429737,0,data/ds004395/sub-LTP293/ses-3/eeg/sub-LTP293_ses-3_task-ltpFR2_eeg.edf,data/ds004395/sub-LTP293/ses-3/eeg/sub-LTP293_ses-3_task-ltpFR2_events.tsv
LTP293,3,14,1,GRAVE,658,977.386,488693,1,data/ds004395/sub-LTP293/ses-3/eeg/sub-LTP293_ses-3_task-ltpFR2_eeg.edf,data/ds004395/sub-LTP293/ses-3/eeg/sub-LTP293_ses-3_task-ltpFR2_events.tsv
LTP293,3,14,2,CIGAR,308,979.838,489919,0,data/ds004395/sub-LTP293/ses-3/eeg/sub-LTP293_ses-3_task-ltpFR2_eeg.edf,data/ds004395/sub-LTP293/ses-3/eeg/sub-LTP293_ses-3_task-ltpFR2_events.tsv
LTP293,3,14,3,HUSBAND,728,982.612,491306,1,data/ds004395/sub-LTP293/ses-3/eeg/sub-LTP293_ses-3_task-ltpFR2_eeg.edf,data/ds004395/sub-LTP293/ses-3/eeg/sub-LTP293_ses-3_task-ltpFR2_events.tsv
LTP293,3,14,4,SHRUB,1299,985.196,492598,0,data/ds004395/sub-LTP293/ses-3/eeg/sub-LTP293_ses-3_task-ltpFR2_eeg.edf,data/ds004395/sub-LTP293/ses-3/eeg/sub-LTP293_ses-3_task-ltpFR2_events.tsv
LTP293,3,14,5,FIDDLE,561,987.762,493881,0,data/ds004395/sub-LTP293/ses-3/eeg/sub-LTP293_ses-3_task-ltpFR2_eeg.edf,data/ds004395/sub-LTP293/ses-3/eeg/sub-LTP293_ses-3_task-ltpFR2_events.tsv
LTP293,3,14,6,PLUTO,1092,990.352,495176,0,data/ds004395/sub-LTP293/ses-3/eeg/sub-LTP293_ses-3_task-ltpFR2_eeg.edf,data/ds004395/sub-LTP293/ses-3/eeg/sub-LTP293_ses-3_task-ltpFR2_events.tsv
LTP293,3,14,7,PIGEON,1065,992.916,496458,1,data/ds004395/sub-LTP293/ses-3/eeg/sub-LTP293_ses-3_task-ltpFR2_eeg.edf,data/ds004395/sub-LTP293/ses-3/eeg/sub-LTP293_ses-3_task-ltpFR2_events.tsv
LTP293,3,14,8,ROBIN,1199,995.586,497793,1,data/ds004395/sub-LTP293/ses-3/eeg/sub-LTP293_ses-3_task-ltpFR2_eeg.edf,data/ds004395/sub-LTP293/ses-3/eeg/sub-LTP293_ses-3_task-ltpFR2_events.tsv
LTP293,3,14,9,CITRUS,313,998.152,499076,1,data/ds004395/sub-LTP293/ses-3/eeg/sub-LTP293_ses-3_task-ltpFR2_eeg.edf,data/ds004395/sub-LTP293/ses-3/eeg/sub-LTP293_ses-3_task-ltpFR2_events.tsv
LTP293,3,14,10,IDOL,733,1000.606,500303,0,data/ds004395/sub-LTP293/ses-3/eeg/sub-LTP293_ses-3_task-ltpFR2_eeg.edf,data/ds004395/sub-LTP293/ses-3/eeg/sub-LTP293_ses-3_task-ltpFR2_events.tsv
LTP293,3,14,11,SHORTS,1293,1003.056,501528,1,data/ds004395/sub-LTP293/ses-3/eeg/sub-LTP293_ses-3_task-ltpFR2_eeg.edf,data/ds004395/sub-LTP293/ses-3/eeg/sub-LTP293_ses-3_task-ltpFR2_events.tsv
LTP293,3,14,12,CRUTCH,417,1005.744,502872,0,data/ds004395/sub-LTP293/ses-3/eeg/sub-LTP293_ses-3_task-ltpFR2_eeg.edf,data/ds004395/sub-LTP293/ses-3/eeg/sub-LTP293_ses-3_task-ltpFR2_events.tsv
LTP293,3,14,13,TWIG,1527,1008.528,504264,1,data/ds004395/sub-LTP293/ses-3/eeg/sub-LTP293_ses-3_task-ltpFR2_eeg.edf,data/ds004395/sub-LTP293/ses-3/eeg/sub-LTP293_ses-3_task-ltpFR2_events.tsv
LTP293,3,14,14,RECORD,1176,1011.296,505648,0,data/ds004395/sub-LTP293/ses-3/eeg/sub-LTP293_ses-3_task-ltpFR2_eeg.edf,data/ds004395/sub-LTP293/ses-3/eeg/sub-LTP293_ses-3_task-ltpFR2_events.tsv
LTP293,3,14,15,LIPSTICK,829,1014.014,507007,0,data/ds004395/sub-LTP293/ses-3/eeg/sub-LTP293_ses-3_task-ltpFR2_eeg.edf,data/ds004395/sub-LTP293/ses-3/eeg/sub-LTP293_ses-3_task-ltpFR2_events.tsv
LTP293,3,14,16,EYELASH,546,1016.634,508317,0,data/ds004395/sub-LTP293/ses-3/eeg/sub-LTP293_ses-3_task-ltpFR2_eeg.edf,data/ds004395/sub-LTP293/ses-3/eeg/sub-LTP293_ses-3_task-ltpFR2_events.tsv
LTP293,3,14,17,PERMIT,1051,1019.338,509669,1,data/ds004395/sub-LTP293/ses-3/eeg/sub-LTP293_ses-3_task-ltpFR2_eeg.edf,data/ds004395/sub-LTP293/ses-3/eeg/sub-LTP293_ses-3_task-ltpFR2_events.tsv
LTP293,3,14,18,EGYPT,519,1022.078,511039,0,data/ds004395/sub-LTP293/ses-3/eeg/sub-LTP293_ses-3_task-ltpFR2_eeg.edf,data/ds004395/sub-LTP293/ses-3/eeg/sub-LTP293_ses-3_task-ltpFR2_events.tsv
LTP293,3,14,19,PUPPY,1144,1024.548,512274,0,data/ds004395/sub-LTP293/ses-3/eeg/sub-LTP293_ses-3_task-ltpFR2_eeg.edf,data/ds004395/sub-LTP293/ses-3/eeg/sub-LTP293_ses-3_task-ltpFR2_events.tsv
LTP293,3,14,20,DRIVER,499,1027.014,513507,1,data/ds004395/sub-LTP293/ses-3/eeg/sub-LTP293_ses-3_task-ltpFR2_eeg.edf,data/ds004395/sub-LTP293/ses-3/eeg/sub-LTP293_ses-3_task-ltpFR2_events.tsv
LTP293,3,14,21,CLOUD,328,1029.552,514776,1,data/ds004395/sub-LTP293/ses-3/eeg/sub-LTP293_ses-3_task-ltpFR2_eeg.edf,data/ds004395/sub-LTP293/ses-3/eeg/sub-LTP293_ses-3_task-ltpFR2_events.tsv
LTP293,3,14,22,WAGON,1578,1032.346,516173,0,data/ds004395/sub-LTP293/ses-3/eeg/sub-LTP293_ses-3_task-ltpFR2_eeg.edf,data/ds004395/sub-LTP293/ses-3/eeg/sub-LTP293_ses-3_task-ltpFR2_events.tsv
LTP293,3,14,23,TURNIP,1521,1034.922,517461,1,data/ds004395/sub-LTP293/ses-3/eeg/sub-LTP293_ses-3_task-ltpFR2_eeg.edf,data/ds004395/sub-LTP293/ses-3/eeg/sub-LTP293_ses-3_task-ltpFR2_events.tsv
LTP293,3,14,24,BLACKBOARD,133,1037.684,518842,0,data/ds004395/sub-LTP293/ses-3/eeg/sub-LTP293_ses-3_task-ltpFR2_eeg.edf,data/ds004395/sub-LTP293/ses-3/eeg/sub-LTP293_ses-3_task-ltpFR2_events.tsv
LTP293,3,15,1,AIRPORT,13,1155.508,577754,1,data/ds004395/sub-LTP293/ses-3/eeg/sub-LTP293_ses-3_task-ltpFR2_eeg.edf,data/ds004395/sub-LTP293/ses-3/eeg/sub-LTP293_ses-3_task-ltpFR2_events.tsv
LTP293,3,15,2,LUGGAGE,847,1158.276,579138,1,data/ds004395/sub-LTP293/ses-3/eeg/sub-LTP293_ses-3_task-ltpFR2_eeg.edf,data/ds004395/sub-LTP293/ses-3/eeg/sub-LTP293_ses-3_task-ltpFR2_events.tsv
LTP293,3,15,3,PORK,1108,1160.996,580498,1,data/ds004395/sub-LTP293/ses-3/eeg/sub-LTP293_ses-3_task-ltpFR2_eeg.edf,data/ds004395/sub-LTP293/ses-3/eeg/sub-LTP293_ses-3_task-ltpFR2_events.tsv
LTP293,3,15,4,CANYON,235,1163.5,581750,1,data/ds004395/sub-LTP293/ses-3/eeg/sub-LTP293_ses-3_task-ltpFR2_eeg.edf,data/ds004395/sub-LTP293/ses-3/eeg/sub-LTP293_ses-3_task-ltpFR2_events.tsv
LTP293,3,15,5,HIKER,708,1166.268,583134,1,data/ds004395/sub-LTP293/ses-3/eeg/sub-LTP293_ses-3_task-ltpFR2_eeg.edf,data/ds004395/sub-LTP293/ses-3/eeg/sub-LTP293_ses-3_task-ltpFR2_events.tsv
LTP293,3,15,6,PARENT,1013,1169.054,584527,1,data/ds004395/sub-LTP293/ses-3/eeg/sub-LTP293_ses-3_task-ltpFR2_eeg.edf,data/ds004395/sub-LTP293/ses-3/eeg/sub-LTP293_ses-3_task-ltpFR2_events.tsv
LTP293,3,15,7,CHILD,299,1171.706,585853,1,data/ds004395/sub-LTP293/ses-3/eeg/sub-LTP293_ses-3_task-ltpFR2_eeg.edf,data/ds004395/sub-LTP293/ses-3/eeg/sub-LTP293_ses-3_task-ltpFR2_events.tsv
LTP293,3,15,8,BACON,67,1174.256,587128,1,data/ds004395/sub-LTP293/ses-3/eeg/sub-LTP293_ses-3_task-ltpFR2_eeg.edf,data/ds004395/sub-LTP293/ses-3/eeg/sub-LTP293_ses-3_task-ltpFR2_events.tsv
LTP293,3,15,9,POPCORN,1104,1176.76,588380,0,data/ds004395/sub-LTP293/ses-3/eeg/sub-LTP293_ses-3_task-ltpFR2_eeg.edf,data/ds004395/sub-LTP293/ses-3/eeg/sub-LTP293_ses-3_task-ltpFR2_events.tsv
LTP293,3,15,10,HEADBAND,696,1179.328,589664,0,data/ds004395/sub-LTP293/ses-3/eeg/sub-LTP293_ses-3_task-ltpFR2_eeg.edf,data/ds004395/sub-LTP293/ses-3/eeg/sub-LTP293_ses-3_task-ltpFR2_events.tsv
LTP293,3,15,11,PEPPER,1047,1182.148,591074,0,data/ds004395/sub-LTP293/ses-3/eeg/sub-LTP293_ses-3_task-ltpFR2_eeg.edf,data/ds004395/sub-LTP293/ses-3/eeg/sub-LTP293_ses-3_task-ltpFR2_events.tsv
LTP293,3,15,12,SAUSAGE,1238,1184.832,592416,1,data/ds004395/sub-LTP293/ses-3/eeg/sub-LTP293_ses-3_task-ltpFR2_eeg.edf,data/ds004395/sub-LTP293/ses-3/eeg/sub-LTP293_ses-3_task-ltpFR2_events.tsv
LTP293,3,15,13,GARBAGE,622,1187.618,593809,0,data/ds004395/sub-LTP293/ses-3/eeg/sub-LTP293_ses-3_task-ltpFR2_eeg.edf,data/ds004395/sub-LTP293/ses-3/eeg/sub-LTP293_ses-3_task-ltpFR2_events.tsv
LTP293,3,15,14,HELMET,702,1190.388,595194,0,data/ds004395/sub-LTP293/ses-3/eeg/sub-LTP293_ses-3_task-ltpFR2_eeg.edf,data/ds004395/sub-LTP293/ses-3/eeg/sub-LTP293_ses-3_task-ltpFR2_events.tsv
LTP293,3,15,15,SILK,1307,1192.972,596486,0,data/ds004395/sub-LTP293/ses-3/eeg/sub-LTP293_ses-3_task-ltpFR2_eeg.edf,data/ds004395/sub-LTP293/ses-3/eeg/sub-LTP293_ses-3_task-ltpFR2_events.tsv
LTP293,3,15,16,FILM,565,1195.658,597829,0,data/ds004395/sub-LTP293/ses-3/eeg/sub-LTP293_ses-3_task-ltpFR2_eeg.edf,data/ds004395/sub-LTP293/ses-3/eeg/sub-LTP293_ses-3_task-ltpFR2_events.tsv
LTP293,3,15,17,PARSLEY,1016,1198.208,599104,0,data/ds004395/sub-LTP293/ses-3/eeg/sub-LTP293_ses-3_task-ltpFR2_eeg.edf,data/ds004395/sub-LTP293/ses-3/eeg/sub-LTP293_ses-3_task-ltpFR2_events.tsv
LTP293,3,15,18,BINDER,127,1200.962,600481,0,data/ds004395/sub-LTP293/ses-3/eeg/sub-LTP293_ses-3_task-ltpFR2_eeg.edf,data/ds004395/sub-LTP293/ses-3/eeg/sub-LTP293_ses-3_task-ltpFR2_events.tsv
LTP293,3,15,19,OZONE,996,1203.434,601717,0,data/ds004395/sub-LTP293/ses-3/eeg/sub-LTP293_ses-3_task-ltpFR2_eeg.edf,data/ds004395/sub-LTP293/ses-3/eeg/sub-LTP293_ses-3_task-ltpFR2_events.tsv
LTP293,3,15,20,COD,340,1206.182,603091,1,data/ds004395/sub-LTP293/ses-3/eeg/sub-LTP293_ses-3_task-ltpFR2_eeg.edf,data/ds004395/sub-LTP293/ses-3/eeg/sub-LTP293_ses-3_task-ltpFR2_events.tsv
LTP293,3,15,21,GRAPE,654,1208.868,604434,1,data/ds004395/sub-LTP293/ses-3/eeg/sub-LTP293_ses-3_task-ltpFR2_eeg.edf,data/ds004395/sub-LTP293/ses-3/eeg/sub-LTP293_ses-3_task-ltpFR2_events.tsv
LTP293,3,15,22,VALVE,1546,1211.336,605668,0,data/ds004395/sub-LTP293/ses-3/eeg/sub-LTP293_ses-3_task-ltpFR2_eeg.edf,data/ds004395/sub-LTP293/ses-3/eeg/sub-LTP293_ses-3_task-ltpFR2_events.tsv
LTP293,3,15,23,SPIDER,1351,1213.822,606911,0,data/ds004395/sub-LTP293/ses-3/eeg/sub-LTP293_ses-3_task-ltpFR2_eeg.edf,data/ds004395/sub-LTP293/ses-3/eeg/sub-LTP293_ses-3_task-ltpFR2_events.tsv
LTP293,3,15,24,SALMON,1227,1216.394,608197,1,data/ds004395/sub-LTP293/ses-3/eeg/sub-LTP293_ses-3_task-ltpFR2_eeg.edf,data/ds004395/sub-LTP293/ses-3/eeg/sub-LTP293_ses-3_task-ltpFR2_events.tsv
LTP293,3,16,1,GRAVEL,659,1334.36,667180,1,data/ds004395/sub-LTP293/ses-3/eeg/sub-LTP293_ses-3_task-ltpFR2_eeg.edf,data/ds004395/sub-LTP293/ses-3/eeg/sub-LTP293_ses-3_task-ltpFR2_events.tsv
LTP293,3,16,2,SUBWAY,1400,1337.096,668548,1,data/ds004395/sub-LTP293/ses-3/eeg/sub-LTP293_ses-3_task-ltpFR2_eeg.edf,data/ds004395/sub-LTP293/ses-3/eeg/sub-LTP293_ses-3_task-ltpFR2_events.tsv
LTP293,3,16,3,PORTRAIT,1111,1339.816,669908,0,data/ds004395/sub-LTP293/ses-3/eeg/sub-LTP293_ses-3_task-ltpFR2_eeg.edf,data/ds004395/sub-LTP293/ses-3/eeg/sub-LTP293_ses-3_task-ltpFR2_events.tsv
LTP293,3,16,4,PICTURE,1061,1342.34,671170,0,data/ds004395/sub-LTP293/ses-3/eeg/sub-LTP293_ses-3_task-ltpFR2_eeg.edf,data/ds004395/sub-LTP293/ses-3/eeg/sub-LTP293_ses-3_task-ltpFR2_events.tsv
LTP293,3,16,5,TREAT,1501,1344.886,672443,0,data/ds004395/sub-LTP293/ses-3/eeg/sub-LTP293_ses-3_task-ltpFR2_eeg.edf,data/ds004395/sub-LTP293/ses-3/eeg/sub-LTP293_ses-3_task-ltpFR2_events.tsv
LTP293,3,16,6,SUNSET,1408,1347.622,673811,0,data/ds004395/sub-LTP293/ses-3/eeg/sub-LTP293_ses-3_task-ltpFR2_eeg.edf,data/ds004395/sub-LTP293/ses-3/eeg/sub-LTP293_ses-3_task-ltpFR2_events.tsv
LTP293,3,16,7,VICTIM,1562,1350.174,675087,0,data/ds004395/sub-LTP293/ses-3/eeg/sub-LTP293_ses-3_task-ltpFR2_eeg.edf,data/ds004395/sub-LTP293/ses-3/eeg/sub-LTP293_ses-3_task-ltpFR2_events.tsv
LTP293,3,16,8,COOKBOOK,373,1352.844,676422,0,data/ds004395/sub-LTP293/ses-3/eeg/sub-LTP293_ses-3_task-ltpFR2_eeg.edf,data/ds004395/sub-LTP293/ses-3/eeg/sub-LTP293_ses-3_task-ltpFR2_events.tsv
LTP293,3,16,9,SANDWICH,1232,1355.566,677783,1,data/ds004395/sub-LTP293/ses-3/eeg/sub-LTP293_ses-3_task-ltpFR2_eeg.edf,data/ds004395/sub-LTP293/ses-3/eeg/sub-LTP293_ses-3_task-ltpFR2_events.tsv
LTP293,3,16,10,BUREAU,199,1358.13,679065,0,data/ds004395/sub-LTP293/ses-3/eeg/sub-LTP293_ses-3_task-ltpFR2_eeg.edf,data/ds004395/sub-LTP293/ses-3/eeg/sub-LTP293_ses-3_task-ltpFR2_events.tsv
LTP293,3,16,11,DRUG,501,1360.566,680283,0,data/ds004395/sub-LTP293/ses-3/eeg/sub-LTP293_ses-3_task-ltpFR2_eeg.edf,data/ds004395/sub-LTP293/ses-3/eeg/sub-LTP293_ses-3_task-ltpFR2_events.tsv
LTP293,3,16,12,MOTEL,919,1363.084,681542,1,data/ds004395/sub-LTP293/ses-3/eeg/sub-LTP293_ses-3_task-ltpFR2_eeg.edf,data/ds004395/sub-LTP293/ses-3/eeg/sub-LTP293_ses-3_task-ltpFR2_events.tsv
LTP293,3,16,13,TOURIST,1488,1365.57,682785,0,data/ds004395/sub-LTP293/ses-3/eeg/sub-LTP293_ses-3_task-ltpFR2_eeg.edf,data/ds004395/sub-LTP293/ses-3/eeg/sub-LTP293_ses-3_task-ltpFR2_events.tsv
LTP293,3,16,14,PLAZA,1088,1368.122,684061,1,data/ds004395/sub-LTP293/ses-3/eeg/sub-LTP293_ses-3_task-ltpFR2_eeg.edf,data/ds004395/sub-LTP293/ses-3/eeg/sub-LTP293_ses-3_task-ltpFR2_events.tsv
LTP293,3,16,15,JELLY,755,1370.892,685446,1,data/ds004395/sub-LTP293/ses-3/eeg/sub-LTP293_ses-3_task-ltpFR2_eeg.edf,data/ds004395/sub-LTP293/ses-3/eeg/sub-LTP293_ses-3_task-ltpFR2_events.tsv
LTP293,3,16,16,HIGHWAY,707,1373.562,686781,0,data/ds004395/sub-LTP293/ses-3/eeg/sub-LTP293_ses-3_task-ltpFR2_eeg.edf,data/ds004395/sub-LTP293/ses-3/eeg/sub-LTP293_ses-3_task-ltpFR2_events.tsv
LTP293,3,16,17,SALAD,1224,1376.078,688039,0,data/ds004395/sub-LTP293/ses-3/eeg/sub-LTP293_ses-3_task-ltpFR2_eeg.edf,data/ds004395/sub-LTP293/ses-3/eeg/sub-LTP293_ses-3_task-ltpFR2_events.tsv
LTP293,3,16,18,COUNTRY,388,1378.732,689366,0,data/ds004395/sub-LTP293/ses-3/eeg/sub-LTP293_ses-3_task-ltpFR2_eeg.edf,data/ds004395/sub-LTP293/ses-3/eeg/sub-LTP293_ses-3_task-ltpFR2_events.tsv
LTP293,3,16,19,MARKET,871,1381.2,690600,1,data/ds004395/sub-LTP293/ses-3/eeg/sub-LTP293_ses-3_task-ltpFR2_eeg.edf,data/ds004395/sub-LTP293/ses-3/eeg/sub-LTP293_ses-3_task-ltpFR2_events.tsv
LTP293,3,16,20,CRATER,400,1383.936,691968,1,data/ds004395/sub-LTP293/ses-3/eeg/sub-LTP293_ses-3_task-ltpFR2_eeg.edf,data/ds004395/sub-LTP293/ses-3/eeg/sub-LTP293_ses-3_task-ltpFR2_events.tsv
LTP293,3,16,21,RECEIPT,1173,1386.672,693336,0,data/ds004395/sub-LTP293/ses-3/eeg/sub-LTP293_ses-3_task-ltpFR2_eeg.edf,data/ds004395/sub-LTP293/ses-3/eeg/sub-LTP293_ses-3_task-ltpFR2_events.tsv
LTP293,3,16,22,PEACH,1031,1389.124,694562,0,data/ds004395/sub-LTP293/ses-3/eeg/sub-LTP293_ses-3_task-ltpFR2_eeg.edf,data/ds004395/sub-LTP293/ses-3/eeg/sub-LTP293_ses-3_task-ltpFR2_events.tsv
LTP293,3,16,23,STAPLE,1371,1391.71,695855,0,data/ds004395/sub-LTP293/ses-3/eeg/sub-LTP293_ses-3_task-ltpFR2_eeg.edf,data/ds004395/sub-LTP293/ses-3/eeg/sub-LTP293_ses-3_task-ltpFR2_events.tsv
LTP293,3,16,24,GROUND,666,1394.378,697189,0,data/ds004395/sub-LTP293/ses-3/eeg/sub-LTP293_ses-3_task-ltpFR2_eeg.edf,data/ds004395/sub-LTP293/ses-3/eeg/sub-LTP293_ses-3_task-ltpFR2_events.tsv
LTP293,3,17,1,CASHIER,254,1749.722,874861,1,data/ds004395/sub-LTP293/ses-3/eeg/sub-LTP293_ses-3_task-ltpFR2_eeg.edf,data/ds004395/sub-LTP293/ses-3/eeg/sub-LTP293_ses-3_task-ltpFR2_events.tsv
LTP293,3,17,2,SNAKE,1333,1752.274,876137,1,data/ds004395/sub-LTP293/ses-3/eeg/sub-LTP293_ses-3_task-ltpFR2_eeg.edf,data/ds004395/sub-LTP293/ses-3/eeg/sub-LTP293_ses-3_task-ltpFR2_events.tsv
LTP293,3,17,3,EXPERT,543,1755.068,877534,0,data/ds004395/sub-LTP293/ses-3/eeg/sub-LTP293_ses-3_task-ltpFR2_eeg.edf,data/ds004395/sub-LTP293/ses-3/eeg/sub-LTP293_ses-3_task-ltpFR2_events.tsv
LTP293,3,17,4,RIFLE,1192,1757.83,878915,1,data/ds004395/sub-LTP293/ses-3/eeg/sub-LTP293_ses-3_task-ltpFR2_eeg.edf,data/ds004395/sub-LTP293/ses-3/eeg/sub-LTP293_ses-3_task-ltpFR2_events.tsv
LTP293,3,17,5,SHOULDER,1294,1760.556,880278,0,data/ds004395/sub-LTP293/ses-3/eeg/sub-LTP293_ses-3_task-ltpFR2_eeg.edf,data/ds004395/sub-LTP293/ses-3/eeg/sub-LTP293_ses-3_task-ltpFR2_events.tsv
LTP293,3,17,6,ELBOW,520,1763.25,881625,0,data/ds004395/sub-LTP293/ses-3/eeg/sub-LTP293_ses-3_task-ltpFR2_eeg.edf,data/ds004395/sub-LTP293/ses-3/eeg/sub-LTP293_ses-3_task-ltpFR2_events.tsv
LTP293,3,17,7,SHARK,1275,1766.01,883005,1,data/ds004395/sub-LTP293/ses-3/eeg/sub-LTP293_ses-3_task-ltpFR2_eeg.edf,data/ds004395/sub-LTP293/ses-3/eeg/sub-LTP293_ses-3_task-ltpFR2_events.tsv
LTP293,3,17,8,SPOUSE,1358,1768.564,884282,0,data/ds004395/sub-LTP293/ses-3/eeg/sub-LTP293_ses-3_task-ltpFR2_eeg.edf,data/ds004395/sub-LTP293/ses-3/eeg/sub-LTP293_ses-3_task-ltpFR2_events.tsv
LTP293,3,17,9,LOVER,846,1771.172,885586,0,data/ds004395/sub-LTP293/ses-3/eeg/sub-LTP293_ses-3_task-ltpFR2_eeg.edf,data/ds004395/sub-LTP293/ses-3/eeg/sub-LTP293_ses-3_task-ltpFR2_events.tsv
LTP293,3,17,10,FRAGRANCE,599,1773.842,886921,0,data/ds004395/sub-LTP293/ses-3/eeg/sub-LTP293_ses-3_task-ltpFR2_eeg.edf,data/ds004395/sub-LTP293/ses-3/eeg/sub-LTP293_ses-3_task-ltpFR2_events.tsv
LTP293,3,17,11,PECAN,1036,1776.644,888322,0,data/ds004395/sub-LTP293/ses-3/eeg/sub-LTP293_ses-3_task-ltpFR2_eeg.edf,data/ds004395/sub-LTP293/ses-3/eeg/sub-LTP293_ses-3_task-ltpFR2_events.tsv
LTP293,3,17,12,PEANUT,1032,1779.072,889536,0,data/ds004395/sub-LTP293/ses-3/eeg/sub-LTP293_ses-3_task-ltpFR2_eeg.edf,data/ds004395/sub-LTP293/ses-3/eeg/sub-LTP293_ses-3_task-ltpFR2_events.tsv
LTP293,3,17,13,SOFTBALL,1343,1781.842,890921,0,data/ds004395/sub-LTP293/ses-3/eeg/sub-LTP293_ses-3_task-ltpFR2_eeg.edf,data/ds004395/sub-LTP293/ses-3/eeg/sub-LTP293_ses-3_task-ltpFR2_events.tsv
LTP293,3,17,14,PERFUME,1049,1784.612,892306,0,data/ds004395/sub-LTP293/ses-3/eeg/sub-LTP293_ses-3_task-ltpFR2_eeg.edf,data/ds004395/sub-LTP293/ses-3/eeg/sub-LTP293_ses-3_task-ltpFR2_events.tsv
LTP293,3,17,15,VENUS,1557,1787.37,893685,0,data/ds004395/sub-LTP293/ses-3/eeg/sub-LTP293_ses-3_task-ltpFR2_eeg.edf,data/ds004395/sub-LTP293/ses-3/eeg/sub-LTP293_ses-3_task-ltpFR2_events.tsv
LTP293,3,17,16,POISON,1096,1790.086,895043,0,data/ds004395/sub-LTP293/ses-3/eeg/sub-LTP293_ses-3_task-ltpFR2_eeg.edf,data/ds004395/sub-LTP293/ses-3/eeg/sub-LTP293_ses-3_task-ltpFR2_events.tsv
LTP293,3,17,17,FLIPPER,580,1792.79,896395,1,data/ds004395/sub-LTP293/ses-3/eeg/sub-LTP293_ses-3_task-ltpFR2_eeg.edf,data/ds004395/sub-LTP293/ses-3/eeg/sub-LTP293_ses-3_task-ltpFR2_events.tsv
LTP293,3,17,18,CHIPMUNK,304,1795.224,897612,1,data/ds004395/sub-LTP293/ses-3/eeg/sub-LTP293_ses-3_task-ltpFR2_eeg.edf,data/ds004395/sub-LTP293/ses-3/eeg/sub-LTP293_ses-3_task-ltpFR2_events.tsv
LTP293,3,17,19,QUARTER,1148,1797.96,898980,1,data/ds004395/sub-LTP293/ses-3/eeg/sub-LTP293_ses-3_task-ltpFR2_eeg.edf,data/ds004395/sub-LTP293/ses-3/eeg/sub-LTP293_ses-3_task-ltpFR2_events.tsv
LTP293,3,17,20,SLUG,1329,1800.624,900312,0,data/ds004395/sub-LTP293/ses-3/eeg/sub-LTP293_ses-3_task-ltpFR2_eeg.edf,data/ds004395/sub-LTP293/ses-3/eeg/sub-LTP293_ses-3_task-ltpFR2_events.tsv
LTP293,3,17,21,TORTOISE,1486,1803.264,901632,1,data/ds004395/sub-LTP293/ses-3/eeg/sub-LTP293_ses-3_task-ltpFR2_eeg.edf,data/ds004395/sub-LTP293/ses-3/eeg/sub-LTP293_ses-3_task-ltpFR2_events.tsv
LTP293,3,17,22,QUAIL,1147,1805.916,902958,1,data/ds004395/sub-LTP293/ses-3/eeg/sub-LTP293_ses-3_task-ltpFR2_eeg.edf,data/ds004395/sub-LTP293/ses-3/eeg/sub-LTP293_ses-3_task-ltpFR2_events.tsv
LTP293,3,17,23,SCALPEL,1243,1808.482,904241,1,data/ds004395/sub-LTP293/ses-3/eeg/sub-LTP293_ses-3_task-ltpFR2_eeg.edf,data/ds004395/sub-LTP293/ses-3/eeg/sub-LTP293_ses-3_task-ltpFR2_events.tsv
LTP293,3,17,24,ASIA,46,1811.248,905624,0,data/ds004395/sub-LTP293/ses-3/eeg/sub-LTP293_ses-3_task-ltpFR2_eeg.edf,data/ds004395/sub-LTP293/ses-3/eeg/sub-LTP293_ses-3_task-ltpFR2_events.tsv
LTP293,3,18,1,MUFFIN,929,1929.23,964615,1,data/ds004395/sub-LTP293/ses-3/eeg/sub-LTP293_ses-3_task-ltpFR2_eeg.edf,data/ds004395/sub-LTP293/ses-3/eeg/sub-LTP293_ses-3_task-ltpFR2_events.tsv
LTP293,3,18,2,WINDOW,1611,1931.766,965883,1,data/ds004395/sub-LTP293/ses-3/eeg/sub-LTP293_ses-3_task-ltpFR2_eeg.edf,data/ds004395/sub-LTP293/ses-3/eeg/sub-LTP293_ses-3_task-ltpFR2_events.tsv
LTP293,3,18,3,BRIEFCASE,175,1934.552,967276,1,data/ds004395/sub-LTP293/ses-3/eeg/sub-LTP293_ses-3_task-ltpFR2_eeg.edf,data/ds004395/sub-LTP293/ses-3/eeg/sub-LTP293_ses-3_task-ltpFR2_events.tsv
LTP293,3,18,4,COCOON,339,1937.136,968568,0,data/ds004395/sub-LTP293/ses-3/eeg/sub-LTP293_ses-3_task-ltpFR2_eeg.edf,data/ds004395/sub-LTP293/ses-3/eeg/sub-LTP293_ses-3_task-ltpFR2_events.tsv
LTP293,3,18,5,ACTOR,5,1939.772,969886,0,data/ds004395/sub-LTP293/ses-3/eeg/sub-LTP293_ses-3_task-ltpFR2_eeg.edf,data/ds004395/sub-LTP293/ses-3/eeg/sub-LTP293_ses-3_task-ltpFR2_events.tsv
LTP293,3,18,6,MAPLE,866,1942.306,971153,0,data/ds004395/sub-LTP293/ses-3/eeg/sub-LTP293_ses-3_task-ltpFR2_eeg.edf,data/ds004395/sub-LTP293/ses-3/eeg/sub-LTP293_ses-3_task-ltpFR2_events.tsv
LTP293,3,18,7,COCKTAIL,338,1944.78,972390,0,data/ds004395/sub-LTP293/ses-3/eeg/sub-LTP293_ses-3_task-ltpFR2_eeg.edf,data/ds004395/sub-LTP293/ses-3/eeg/sub-LTP293_ses-3_task-ltpFR2_events.tsv
LTP293,3,18,8,STOVE,1388,1947.394,973697,1,data/ds004395/sub-LTP293/ses-3/eeg/sub-LTP293_ses-3_task-ltpFR2_eeg.edf,data/ds004395/sub-LTP293/ses-3/eeg/sub-LTP293_ses-3_task-ltpFR2_events.tsv
LTP293,3,18,9,STAKE,1368,1950.096,975048,1,data/ds004395/sub-LTP293/ses-3/eeg/sub-LTP293_ses-3_task-ltpFR2_eeg.edf,data/ds004395/sub-LTP293/ses-3/eeg/sub-LTP293_ses-3_task-ltpFR2_events.tsv
LTP293,3,18,10,RAFT,1159,1952.782,976391,0,data/ds004395/sub-LTP293/ses-3/eeg/sub-LTP293_ses-3_task-ltpFR2_eeg.edf,data/ds004395/sub-LTP293/ses-3/eeg/sub-LTP293_ses-3_task-ltpFR2_events.tsv
LTP293,3,18,11,TUBA,1515,1955.25,977625,1,data/ds004395/sub-LTP293/ses-3/eeg/sub-LTP293_ses-3_task-ltpFR2_eeg.edf,data/ds004395/sub-LTP293/ses-3/eeg/sub-LTP293_ses-3_task-ltpFR2_events.tsv
LTP293,3,18,12,DONOR,485,1957.86,978930,0,data/ds004395/sub-LTP293/ses-3/eeg/sub-LTP293_ses-3_task-ltpFR2_eeg.edf,data/ds004395/sub-LTP293/ses-3/eeg/sub-LTP293_ses-3_task-ltpFR2_events.tsv
LTP293,3,18,13,COUCH,386,1960.64,980320,0,data/ds004395/sub-LTP293/ses-3/eeg/sub-LTP293_ses-3_task-ltpFR2_eeg.edf,data/ds004395/sub-LTP293/ses-3/eeg/sub-LTP293_ses-3_task-ltpFR2_events.tsv
LTP293,3,18,14,THRONE,1461,1963.34,981670,0,data/ds004395/sub-LTP293/ses-3/eeg/sub-LTP293_ses-3_task-ltpFR2_eeg.edf,data/ds004395/sub-LTP293/ses-3/eeg/sub-LTP293_ses-3_task-ltpFR2_events.tsv
LTP293,3,18,15,QUEEN,1149,1965.996,982998,0,data/ds004395/sub-LTP293/ses-3/eeg/sub-LTP293_ses-3_task-ltpFR2_eeg.edf,data/ds004395/sub-LTP293/ses-3/eeg/sub-LTP293_ses-3_task-ltpFR2_events.tsv
LTP293,3,18,16,BALLOON,75,1968.716,984358,0,data/ds004395/sub-LTP293/ses-3/eeg/sub-LTP293_ses-3_task-ltpFR2_eeg.edf,data/ds004395/sub-LTP293/ses-3/eeg/sub-LTP293_ses-3_task-ltpFR2_events.tsv
LTP293,3,18,17,SODA,1341,1971.414,985707,0,data/ds004395/sub-LTP293/ses-3/eeg/sub-LTP293_ses-3_task-ltpFR2_eeg.edf,data/ds004395/sub-LTP293/ses-3/eeg/sub-LTP293_ses-3_task-ltpFR2_events.tsv
LTP293,3,18,18,STREAM,1392,1973.898,986949,1,data/ds004395/sub-LTP293/ses-3/eeg/sub-LTP293_ses-3_task-ltpFR2_eeg.edf,data/ds004395/sub-LTP293/ses-3/eeg/sub-LTP293_ses-3_task-ltpFR2_events.tsv
LTP293,3,18,19,BUTCHER,203,1976.524,988262,1,data/ds004395/sub-LTP293/ses-3/eeg/sub-LTP293_ses-3_task-ltpFR2_eeg.edf,data/ds004395/sub-LTP293/ses-3/eeg/sub-LTP293_ses-3_task-ltpFR2_events.tsv
LTP293,3,18,20,DOLPHIN,483,1979.136,989568,1,data/ds004395/sub-LTP293/ses-3/eeg/sub-LTP293_ses-3_task-ltpFR2_eeg.edf,data/ds004395/sub-LTP293/ses-3/eeg/sub-LTP293_ses-3_task-ltpFR2_events.tsv
LTP293,3,18,21,CELLAR,267,1981.738,990869,1,data/ds004395/sub-LTP293/ses-3/eeg/sub-LTP293_ses-3_task-ltpFR2_eeg.edf,data/ds004395/sub-LTP293/ses-3/eeg/sub-LTP293_ses-3_task-ltpFR2_events.tsv
LTP293,3,18,22,JURY,766,1984.246,992123,1,data/ds004395/sub-LTP293/ses-3/eeg/sub-LTP293_ses-3_task-ltpFR2_eeg.edf,data/ds004395/sub-LTP293/ses-3/eeg/sub-LTP293_ses-3_task-ltpFR2_events.tsv
LTP293,3,18,23,AWARD,63,1986.93,993465,0,data/ds004395/sub-LTP293/ses-3/eeg/sub-LTP293_ses-3_task-ltpFR2_eeg.edf,data/ds004395/sub-LTP293/ses-3/eeg/sub-LTP293_ses-3_task-ltpFR2_events.tsv
LTP293,3,18,24,FIREPLACE,570,1989.578,994789,1,data/ds004395/sub-LTP293/ses-3/eeg/sub-LTP293_ses-3_task-ltpFR2_eeg.edf,data/ds004395/sub-LTP293/ses-3/eeg/sub-LTP293_ses-3_task-ltpFR2_events.tsv
LTP293,3,19,1,TURTLE,1522,2132.372,1066186,1,data/ds004395/sub-LTP293/ses-3/eeg/sub-LTP293_ses-3_task-ltpFR2_eeg.edf,data/ds004395/sub-LTP293/ses-3/eeg/sub-LTP293_ses-3_task-ltpFR2_events.tsv
LTP293,3,19,2,GANGSTER,620,2134.908,1067454,1,data/ds004395/sub-LTP293/ses-3/eeg/sub-LTP293_ses-3_task-ltpFR2_eeg.edf,data/ds004395/sub-LTP293/ses-3/eeg/sub-LTP293_ses-3_task-ltpFR2_events.tsv
LTP293,3,19,3,DRAWING,494,2137.66,1068830,0,data/ds004395/sub-LTP293/ses-3/eeg/sub-LTP293_ses-3_task-ltpFR2_eeg.edf,data/ds004395/sub-LTP293/ses-3/eeg/sub-LTP293_ses-3_task-ltpFR2_events.tsv
LTP293,3,19,4,SPARROW,1347,2140.48,1070240,0,data/ds004395/sub-LTP293/ses-3/eeg/sub-LTP293_ses-3_task-ltpFR2_eeg.edf,data/ds004395/sub-LTP293/ses-3/eeg/sub-LTP293_ses-3_task-ltpFR2_events.tsv
LTP293,3,19,5,HOOD,714,2143.064,1071532,1,data/ds004395/sub-LTP293/ses-3/eeg/sub-LTP293_ses-3_task-ltpFR2_eeg.edf,data/ds004395/sub-LTP293/ses-3/eeg/sub-LTP293_ses-3_task-ltpFR2_events.tsv
LTP293,3,19,6,SISTER,1312,2145.566,1072783,0,data/ds004395/sub-LTP293/ses-3/eeg/sub-LTP293_ses-3_task-ltpFR2_eeg.edf,data/ds004395/sub-LTP293/ses-3/eeg/sub-LTP293_ses-3_task-ltpFR2_events.tsv
LTP293,3,19,7,BROTHER,179,2148.302,1074151,0,data/ds004395/sub-LTP293/ses-3/eeg/sub-LTP293_ses-3_task-ltpFR2_eeg.edf,data/ds004395/sub-LTP293/ses-3/eeg/sub-LTP293_ses-3_task-ltpFR2_events.tsv
LTP293,3,19,8,DORM,488,2151.02,1075510,1,data/ds004395/sub-LTP293/ses-3/eeg/sub-LTP293_ses-3_task-ltpFR2_eeg.edf,data/ds004395/sub-LTP293/ses-3/eeg/sub-LTP293_ses-3_task-ltpFR2_events.tsv
LTP293,3,19,9,MARKER,870,2153.774,1076887,0,data/ds004395/sub-LTP293/ses-3/eeg/sub-LTP293_ses-3_task-ltpFR2_eeg.edf,data/ds004395/sub-LTP293/ses-3/eeg/sub-LTP293_ses-3_task-ltpFR2_events.tsv
LTP293,3,19,10,SUITCASE,1403,2156.226,1078113,0,data/ds004395/sub-LTP293/ses-3/eeg/sub-LTP293_ses-3_task-ltpFR2_eeg.edf,data/ds004395/sub-LTP293/ses-3/eeg/sub-LTP293_ses-3_task-ltpFR2_events.tsv
LTP293,3,19,11,PUPIL,1143,2158.91,1079455,0,data/ds004395/sub-LTP293/ses-3/eeg/sub-LTP293_ses-3_task-ltpFR2_eeg.edf,data/ds004395/sub-LTP293/ses-3/eeg/sub-LTP293_ses-3_task-ltpFR2_events.tsv
LTP293,3,19,12,LOFT,840,2161.712,1080856,0,data/ds004395/sub-LTP293/ses-3/eeg/sub-LTP293_ses-3_task-ltpFR2_eeg.edf,data/ds004395/sub-LTP293/ses-3/eeg/sub-LTP293_ses-3_task-ltpFR2_events.tsv
LTP293,3,19,13,GUITAR,670,2164.516,1082258,0,data/ds004395/sub-LTP293/ses-3/eeg/sub-LTP293_ses-3_task-ltpFR2_eeg.edf,data/ds004395/sub-LTP293/ses-3/eeg/sub-LTP293_ses-3_task-ltpFR2_events.tsv
LTP293,3,19,14,THREAD,1460,2167.266,1083633,0,data/ds004395/sub-LTP293/ses-3/eeg/sub-LTP293_ses-3_task-ltpFR2_eeg.edf,data/ds004395/sub-LTP293/ses-3/eeg/sub-LTP293_ses-3_task-ltpFR2_events.tsv
LTP293,3,19,15,SPOON,1357,2170.084,1085042,0,data/ds004395/sub-LTP293/ses-3/eeg/sub-LTP293_ses-3_task-ltpFR2_eeg.edf,data/ds004395/sub-LTP293/ses-3/eeg/sub-LTP293_ses-3_task-ltpFR2_events.tsv
LTP293,3,19,16,WRENCH,1625,2172.52,1086260,0,data/ds004395/sub-LTP293/ses-3/eeg/sub-LTP293_ses-3_task-ltpFR2_eeg.edf,data/ds004395/sub-LTP293/ses-3/eeg/sub-LTP293_ses-3_task-ltpFR2_events.tsv
LTP293,3,19,17,TEACHER,1440,2174.958,1087479,1,data/ds004395/sub-LTP293/ses-3/eeg/sub-LTP293_ses-3_task-ltpFR2_eeg.edf,data/ds004395/sub-LTP293/ses-3/eeg/sub-LTP293_ses-3_task-ltpFR2_events.tsv
LTP293,3,19,18,COLLEGE,346,2177.56,1088780,1,data/ds004395/sub-LTP293/ses-3/eeg/sub-LTP293_ses-3_task-ltpFR2_eeg.edf,data/ds004395/sub-LTP293/ses-3/eeg/sub-LTP293_ses-3_task-ltpFR2_events.tsv
LTP293,3,19,19,FARMER,553,2180.024,1090012,0,data/ds004395/sub-LTP293/ses-3/eeg/sub-LTP293_ses-3_task-ltpFR2_eeg.edf,data/ds004395/sub-LTP293/ses-3/eeg/sub-LTP293_ses-3_task-ltpFR2_events.tsv
LTP293,3,19,20,BASEMENT,94,2182.546,1091273,0,data/ds004395/sub-LTP293/ses-3/eeg/sub-LTP293_ses-3_task-ltpFR2_eeg.edf,data/ds004395/sub-LTP293/ses-3/eeg/sub-LTP293_ses-3_task-ltpFR2_events.tsv
LTP293,3,19,21,DRESS,495,2185.08,1092540,0,data/ds004395/sub-LTP293/ses-3/eeg/sub-LTP293_ses-3_task-ltpFR2_eeg.edf,data/ds004395/sub-LTP293/ses-3/eeg/sub-LTP293_ses-3_task-ltpFR2_events.tsv
LTP293,3,19,22,COIN,343,2187.866,1093933,0,data/ds004395/sub-LTP293/ses-3/eeg/sub-LTP293_ses-3_task-ltpFR2_eeg.edf,data/ds004395/sub-LTP293/ses-3/eeg/sub-LTP293_ses-3_task-ltpFR2_events.tsv
LTP293,3,19,23,BUBBLE,183,2190.622,1095311,0,data/ds004395/sub-LTP293/ses-3/eeg/sub-LTP293_ses-3_task-ltpFR2_eeg.edf,data/ds004395/sub-LTP293/ses-3/eeg/sub-LTP293_ses-3_task-ltpFR2_events.tsv
LTP293,3,19,24,LACE,792,2193.124,1096562,0,data/ds004395/sub-LTP293/ses-3/eeg/sub-LTP293_ses-3_task-ltpFR2_eeg.edf,data/ds004395/sub-LTP293/ses-3/eeg/sub-LTP293_ses-3_task-ltpFR2_events.tsv
LTP293,3,20,1,TOMBSTONE,1478,2335.994,1167997,1,data/ds004395/sub-LTP293/ses-3/eeg/sub-LTP293_ses-3_task-ltpFR2_eeg.edf,data/ds004395/sub-LTP293/ses-3/eeg/sub-LTP293_ses-3_task-ltpFR2_events.tsv
LTP293,3,20,2,SWIMMER,1420,2338.598,1169299,1,data/ds004395/sub-LTP293/ses-3/eeg/sub-LTP293_ses-3_task-ltpFR2_eeg.edf,data/ds004395/sub-LTP293/ses-3/eeg/sub-LTP293_ses-3_task-ltpFR2_events.tsv
LTP293,3,20,3,BOUQUET,157,2341.336,1170668,1,data/ds004395/sub-LTP293/ses-3/eeg/sub-LTP293_ses-3_task-ltpFR2_eeg.edf,data/ds004395/sub-LTP293/ses-3/eeg/sub-LTP293_ses-3_task-ltpFR2_events.tsv
LTP293,3,20,4,HORNET,718,2344.052,1172026,0,data/ds004395/sub-LTP293/ses-3/eeg/sub-LTP293_ses-3_task-ltpFR2_eeg.edf,data/ds004395/sub-LTP293/ses-3/eeg/sub-LTP293_ses-3_task-ltpFR2_events.tsv
LTP293,3,20,5,LEOPARD,812,2346.756,1173378,1,data/ds004395/sub-LTP293/ses-3/eeg/sub-LTP293_ses-3_task-ltpFR2_eeg.edf,data/ds004395/sub-LTP293/ses-3/eeg/sub-LTP293_ses-3_task-ltpFR2_events.tsv
LTP293,3,20,6,HAND,683,2349.39,1174695,1,data/ds004395/sub-LTP293/ses-3/eeg/sub-LTP293_ses-3_task-ltpFR2_eeg.edf,data/ds004395/sub-LTP293/ses-3/eeg/sub-LTP293_ses-3_task-ltpFR2_events.tsv
LTP293,3,20,7,GLOVE,642,2351.958,1175979,1,data/ds004395/sub-LTP293/ses-3/eeg/sub-LTP293_ses-3_task-ltpFR2_eeg.edf,data/ds004395/sub-LTP293/ses-3/eeg/sub-LTP293_ses-3_task-ltpFR2_events.tsv
LTP293,3,20,8,FRAME,600,2354.394,1177197,0,data/ds004395/sub-LTP293/ses-3/eeg/sub-LTP293_ses-3_task-ltpFR2_eeg.edf,data/ds004395/sub-LTP293/ses-3/eeg/sub-LTP293_ses-3_task-ltpFR2_events.tsv
LTP293,3,20,9,SCULPTURE,1258,2357.162,1178581,0,data/ds004395/sub-LTP293/ses-3/eeg/sub-LTP293_ses-3_task-ltpFR2_eeg.edf,data/ds004395/sub-LTP293/ses-3/eeg/sub-LTP293_ses-3_task-ltpFR2_events.tsv
LTP293,3,20,10,HERO,706,2359.866,1179933,1,data/ds004395/sub-LTP293/ses-3/eeg/sub-LTP293_ses-3_task-ltpFR2_eeg.edf,data/ds004395/sub-LTP293/ses-3/eeg/sub-LTP293_ses-3_task-ltpFR2_events.tsv
LTP293,3,20,11,BULLET,194,2362.4,1181200,0,data/ds004395/sub-LTP293/ses-3/eeg/sub-LTP293_ses-3_task-ltpFR2_eeg.edf,data/ds004395/sub-LTP293/ses-3/eeg/sub-LTP293_ses-3_task-ltpFR2_events.tsv
LTP293,3,20,12,LIGHTNING,820,2365.002,1182501,1,data/ds004395/sub-LTP293/ses-3/eeg/sub-LTP293_ses-3_task-ltpFR2_eeg.edf,data/ds004395/sub-LTP293/ses-3/eeg/sub-LTP293_ses-3_task-ltpFR2_events.tsv
LTP293,3,20,13,BLUEPRINT,142,2367.622,1183811,1,data/ds004395/sub-LTP293/ses-3/eeg/sub-LTP293_ses-3_task-ltpFR2_eeg.edf,data/ds004395/sub-LTP293/ses-3/eeg/sub-LTP293_ses-3_task-ltpFR2_events.tsv
LTP293,3,20,14,PALACE,1006,2370.358,1185179,0,data/ds004395/sub-LTP293/ses-3/eeg/sub-LTP293_ses-3_task-ltpFR2_eeg.edf,data/ds004395/sub-LTP293/ses-3/eeg/sub-LTP293_ses-3_task-ltpFR2_events.tsv
LTP293,3,20,15,MATTRESS,879,2373.058,1186529,1,data/ds004395/sub-LTP293/ses-3/eeg/sub-LTP293_ses-3_task-ltpFR2_eeg.edf,data/ds004395/sub-LTP293/ses-3/eeg/sub-LTP293_ses-3_task-ltpFR2_events.tsv
LTP293,3,20,16,FLASHLIGHT,575,2375.878,1187939,1,data/ds004395/sub-LTP293/ses-3/eeg/sub-LTP293_ses-3_task-ltpFR2_eeg.edf,data/ds004395/sub-LTP293/ses-3/eeg/sub-LTP293_ses-3_task-ltpFR2_events.tsv
LTP293,3,20,17,SWITCH,1422,2378.448,1189224,1,data/ds004395/sub-LTP293/ses-3/eeg/sub-LTP293_ses-3_task-ltpFR2_eeg.edf,data/ds004395/sub-LTP293/ses-3/eeg/sub-LTP293_ses-3_task-ltpFR2_events.tsv
LTP293,3,20,18,SUMMIT,1405,2380.9,1190450,1,data/ds004395/sub-LTP293/ses-3/eeg/sub-LTP293_ses-3_task-ltpFR2_eeg.edf,data/ds004395/sub-LTP293/ses-3/eeg/sub-LTP293_ses-3_task-ltpFR2_events.tsv
LTP293,3,20,19,PANTHER,1009,2383.702,1191851,1,data/ds004395/sub-LTP293/ses-3/eeg/sub-LTP293_ses-3_task-ltpFR2_eeg.edf,data/ds004395/sub-LTP293/ses-3/eeg/sub-LTP293_ses-3_task-ltpFR2_events.tsv
LTP293,3,20,20,EMPIRE,530,2386.154,1193077,0,data/ds004395/sub-LTP293/ses-3/eeg/sub-LTP293_ses-3_task-ltpFR2_eeg.edf,data/ds004395/sub-LTP293/ses-3/eeg/sub-LTP293_ses-3_task-ltpFR2_events.tsv
LTP293,3,20,21,BARREL,91,2388.938,1194469,0,data/ds004395/sub-LTP293/ses-3/eeg/sub-LTP293_ses-3_task-ltpFR2_eeg.edf,data/ds004395/sub-LTP293/ses-3/eeg/sub-LTP293_ses-3_task-ltpFR2_events.tsv
LTP293,3,20,22,TABLE,1426,2391.592,1195796,1,data/ds004395/sub-LTP293/ses-3/eeg/sub-LTP293_ses-3_task-ltpFR2_eeg.edf,data/ds004395/sub-LTP293/ses-3/eeg/sub-LTP293_ses-3_task-ltpFR2_events.tsv
LTP293,3,20,23,VALLEY,1545,2394.042,1197021,1,data/ds004395/sub-LTP293/ses-3/eeg/sub-LTP293_ses-3_task-ltpFR2_eeg.edf,data/ds004395/sub-LTP293/ses-3/eeg/sub-LTP293_ses-3_task-ltpFR2_events.tsv
LTP293,3,20,24,CLIMBER,323,2396.798,1198399,1,data/ds004395/sub-LTP293/ses-3/eeg/sub-LTP293_ses-3_task-ltpFR2_eeg.edf,data/ds004395/sub-LTP293/ses-3/eeg/sub-LTP293_ses-3_task-ltpFR2_events.tsv
LTP293,3,21,1,STONE,1385,2539.752,1269876,1,data/ds004395/sub-LTP293/ses-3/eeg/sub-LTP293_ses-3_task-ltpFR2_eeg.edf,data/ds004395/sub-LTP293/ses-3/eeg/sub-LTP293_ses-3_task-ltpFR2_events.tsv
LTP293,3,21,2,LETTUCE,814,2542.41,1271205,1,data/ds004395/sub-LTP293/ses-3/eeg/sub-LTP293_ses-3_task-ltpFR2_eeg.edf,data/ds004395/sub-LTP293/ses-3/eeg/sub-LTP293_ses-3_task-ltpFR2_events.tsv
LTP293,3,21,3,CABBAGE,210,2545.14,1272570,1,data/ds004395/sub-LTP293/ses-3/eeg/sub-LTP293_ses-3_task-ltpFR2_eeg.edf,data/ds004395/sub-LTP293/ses-3/eeg/sub-LTP293_ses-3_task-ltpFR2_events.tsv
LTP293,3,21,4,SPHINX,1349,2547.598,1273799,0,data/ds004395/sub-LTP293/ses-3/eeg/sub-LTP293_ses-3_task-ltpFR2_eeg.edf,data/ds004395/sub-LTP293/ses-3/eeg/sub-LTP293_ses-3_task-ltpFR2_events.tsv
LTP293,3,21,5,PENGUIN,1044,2550.098,1275049,1,data/ds004395/sub-LTP293/ses-3/eeg/sub-LTP293_ses-3_task-ltpFR2_eeg.edf,data/ds004395/sub-LTP293/ses-3/eeg/sub-LTP293_ses-3_task-ltpFR2_events.tsv
LTP293,3,21,6,DANDRUFF,439,2552.712,1276356,0,data/ds004395/sub-LTP293/ses-3/eeg/sub-LTP293_ses-3_task-ltpFR2_eeg.edf,data/ds004395/sub-LTP293/ses-3/eeg/sub-LTP293_ses-3_task-ltpFR2_events.tsv
LTP293,3,21,7,MILDEW,893,2555.436,1277718,0,data/ds004395/sub-LTP293/ses-3/eeg/sub-LTP293_ses-3_task-ltpFR2_eeg.edf,data/ds004395/sub-LTP293/ses-3/eeg/sub-LTP293_ses-3_task-ltpFR2_events.tsv
LTP293,3,21,8,TROMBONE,1508,2558.018,1279009,0,data/ds004395/sub-LTP293/ses-3/eeg/sub-LTP293_ses-3_task-ltpFR2_eeg.edf,data/ds004395/sub-LTP293/ses-3/eeg/sub-LTP293_ses-3_task-ltpFR2_events.tsv
LTP293,3,21,9,SUPPER,1411,2560.72,1280360,1,data/ds004395/sub-LTP293/ses-3/eeg/sub-LTP293_ses-3_task-ltpFR2_eeg.edf,data/ds004395/sub-LTP293/ses-3/eeg/sub-LTP293_ses-3_task-ltpFR2_events.tsv
LTP293,3,21,10,LEG,809,2563.238,1281619,1,data/ds004395/sub-LTP293/ses-3/eeg/sub-LTP293_ses-3_task-ltpFR2_eeg.edf,data/ds004395/sub-LTP293/ses-3/eeg/sub-LTP293_ses-3_task-ltpFR2_events.tsv
LTP293,3,21,11,WRIST,1626,2565.724,1282862,1,data/ds004395/sub-LTP293/ses-3/eeg/sub-LTP293_ses-3_task-ltpFR2_eeg.edf,data/ds004395/sub-LTP293/ses-3/eeg/sub-LTP293_ses-3_task-ltpFR2_events.tsv
LTP293,3,21,12,GIFT,635,2568.33,1284165,0,data/ds004395/sub-LTP293/ses-3/eeg/sub-LTP293_ses-3_task-ltpFR2_eeg.edf,data/ds004395/sub-LTP293/ses-3/eeg/sub-LTP293_ses-3_task-ltpFR2_events.tsv
LTP293,3,21,13,MISTER,901,2570.994,1285497,0,data/ds004395/sub-LTP293/ses-3/eeg/sub-LTP293_ses-3_task-ltpFR2_eeg.edf,data/ds004395/sub-LTP293/ses-3/eeg/sub-LTP293_ses-3_task-ltpFR2_events.tsv
LTP293,3,21,14,DONKEY,484,2573.618,1286809,0,data/ds004395/sub-LTP293/ses-3/eeg/sub-LTP293_ses-3_task-ltpFR2_eeg.edf,data/ds004395/sub-LTP293/ses-3/eeg/sub-LTP293_ses-3_task-ltpFR2_events.tsv
LTP293,3,21,15,SCRIBBLE,1256,2576.232,1288116,1,data/ds004395/sub-LTP293/ses-3/eeg/sub-LTP293_ses-3_task-ltpFR2_eeg.edf,data/ds004395/sub-LTP293/ses-3/eeg/sub-LTP293_ses-3_task-ltpFR2_events.tsv
LTP293,3,21,16,MUMMY,932,2578.752,1289376,0,data/ds004395/sub-LTP293/ses-3/eeg/sub-LTP293_ses-3_task-ltpFR2_eeg.edf,data/ds004395/sub-LTP293/ses-3/eeg/sub-LTP293_ses-3_task-ltpFR2_events.tsv
LTP293,3,21,17,MAILMAN,858,2581.506,1290753,1,data/ds004395/sub-LTP293/ses-3/eeg/sub-LTP293_ses-3_task-ltpFR2_eeg.edf,data/ds004395/sub-LTP293/ses-3/eeg/sub-LTP293_ses-3_task-ltpFR2_events.tsv
LTP293,3,21,18,STAMP,1370,2584.006,1292003,1,data/ds004395/sub-LTP293/ses-3/eeg/sub-LTP293_ses-3_task-ltpFR2_eeg.edf,data/ds004395/sub-LTP293/ses-3/eeg/sub-LTP293_ses-3_task-ltpFR2_events.tsv
LTP293,3,21,19,STICKER,1382,2586.76,1293380,0,data/ds004395/sub-LTP293/ses-3/eeg/sub-LTP293_ses-3_task-ltpFR2_eeg.edf,data/ds004395/sub-LTP293/ses-3/eeg/sub-LTP293_ses-3_task-ltpFR2_events.tsv
LTP293,3,21,20,NOMAD,955,2589.344,1294672,1,data/ds004395/sub-LTP293/ses-3/eeg/sub-LTP293_ses-3_task-ltpFR2_eeg.edf,data/ds004395/sub-LTP293/ses-3/eeg/sub-LTP293_ses-3_task-ltpFR2_events.tsv
LTP293,3,21,21,WITNESS,1618,2591.88,1295940,0,data/ds004395/sub-LTP293/ses-3/eeg/sub-LTP293_ses-3_task-ltpFR2_eeg.edf,data/ds004395/sub-LTP293/ses-3/eeg/sub-LTP293_ses-3_task-ltpFR2_events.tsv
LTP293,3,21,22,ICEBERG,731,2594.486,1297243,1,data/ds004395/sub-LTP293/ses-3/eeg/sub-LTP293_ses-3_task-ltpFR2_eeg.edf,data/ds004395/sub-LTP293/ses-3/eeg/sub-LTP293_ses-3_task-ltpFR2_events.tsv
LTP293,3,21,23,CARRIAGE,248,2597.034,1298517,1,data/ds004395/sub-LTP293/ses-3/eeg/sub-LTP293_ses-3_task-ltpFR2_eeg.edf,data/ds004395/sub-LTP293/ses-3/eeg/sub-LTP293_ses-3_task-ltpFR2_events.tsv
LTP293,3,21,24,MARS,873,2599.602,1299801,1,data/ds004395/sub-LTP293/ses-3/eeg/sub-LTP293_ses-3_task-ltpFR2_eeg.edf,data/ds004395/sub-LTP293/ses-3/eeg/sub-LTP293_ses-3_task-ltpFR2_events.tsv
LTP293,3,22,1,MAMMAL,861,2742.308,1371154,1,data/ds004395/sub-LTP293/ses-3/eeg/sub-LTP293_ses-3_task-ltpFR2_eeg.edf,data/ds004395/sub-LTP293/ses-3/eeg/sub-LTP293_ses-3_task-ltpFR2_events.tsv
LTP293,3,22,2,PRINCESS,1125,2744.984,1372492,1,data/ds004395/sub-LTP293/ses-3/eeg/sub-LTP293_ses-3_task-ltpFR2_eeg.edf,data/ds004395/sub-LTP293/ses-3/eeg/sub-LTP293_ses-3_task-ltpFR2_events.tsv
LTP293,3,22,3,COBRA,336,2747.786,1373893,0,data/ds004395/sub-LTP293/ses-3/eeg/sub-LTP293_ses-3_task-ltpFR2_eeg.edf,data/ds004395/sub-LTP293/ses-3/eeg/sub-LTP293_ses-3_task-ltpFR2_events.tsv
LTP293,3,22,4,CAPTIVE,240,2750.38,1375190,0,data/ds004395/sub-LTP293/ses-3/eeg/sub-LTP293_ses-3_task-ltpFR2_eeg.edf,data/ds004395/sub-LTP293/ses-3/eeg/sub-LTP293_ses-3_task-ltpFR2_events.tsv
LTP293,3,22,5,CLAM,315,2753.09,1376545,1,data/ds004395/sub-LTP293/ses-3/eeg/sub-LTP293_ses-3_task-ltpFR2_eeg.edf,data/ds004395/sub-LTP293/ses-3/eeg/sub-LTP293_ses-3_task-ltpFR2_events.tsv
LTP293,3,22,6,SURVEY,1414,2755.808,1377904,0,data/ds004395/sub-LTP293/ses-3/eeg/sub-LTP293_ses-3_task-ltpFR2_eeg.edf,data/ds004395/sub-LTP293/ses-3/eeg/sub-LTP293_ses-3_task-ltpFR2_events.tsv
LTP293,3,22,7,MEAT,883,2758.52,1379260,0,data/ds004395/sub-LTP293/ses-3/eeg/sub-LTP293_ses-3_task-ltpFR2_eeg.edf,data/ds004395/sub-LTP293/ses-3/eeg/sub-LTP293_ses-3_task-ltpFR2_events.tsv
LTP293,3,22,8,LIVER,833,2761.206,1380603,0,data/ds004395/sub-LTP293/ses-3/eeg/sub-LTP293_ses-3_task-ltpFR2_eeg.edf,data/ds004395/sub-LTP293/ses-3/eeg/sub-LTP293_ses-3_task-ltpFR2_events.tsv
LTP293,3,22,9,CATTLE,261,2763.998,1381999,1,data/ds004395/sub-LTP293/ses-3/eeg/sub-LTP293_ses-3_task-ltpFR2_eeg.edf,data/ds004395/sub-LTP293/ses-3/eeg/sub-LTP293_ses-3_task-ltpFR2_events.tsv
LTP293,3,22,10,STUDENT,1395,2766.746,1383373,0,data/ds004395/sub-LTP293/ses-3/eeg/sub-LTP293_ses-3_task-ltpFR2_eeg.edf,data/ds004395/sub-LTP293/ses-3/eeg/sub-LTP293_ses-3_task-ltpFR2_events.tsv
LTP293,3,22,11,PREACHER,1119,2769.498,1384749,1,data/ds004395/sub-LTP293/ses-3/eeg/sub-LTP293_ses-3_task-ltpFR2_eeg.edf,data/ds004395/sub-LTP293/ses-3/eeg/sub-LTP293_ses-3_task-ltpFR2_events.tsv
LTP293,3,22,12,DANCER,437,2771.998,1385999,0,data/ds004395/sub-LTP293/ses-3/eeg/sub-LTP293_ses-3_task-ltpFR2_eeg.edf,data/ds004395/sub-LTP293/ses-3/eeg/sub-LTP293_ses-3_task-ltpFR2_events.tsv
LTP293,3,22,13,SUNRISE,1407,2774.436,1387218,1,data/ds004395/sub-LTP293/ses-3/eeg/sub-LTP293_ses-3_task-ltpFR2_eeg.edf,data/ds004395/sub-LTP293/ses-3/eeg/sub-LTP293_ses-3_task-ltpFR2_events.tsv
LTP293,3,22,14,HOOK,715,2777.07,1388535,0,data/ds004395/sub-LTP293/ses-3/eeg/sub-LTP293_ses-3_task-ltpFR2_eeg.edf,data/ds004395/sub-LTP293/ses-3/eeg/sub-LTP293_ses-3_task-ltpFR2_events.tsv
LTP293,3,22,15,FRANCE,601,2779.59,1389795,0,data/ds004395/sub-LTP293/ses-3/eeg/sub-LTP293_ses-3_task-ltpFR2_eeg.edf,data/ds004395/sub-LTP293/ses-3/eeg/sub-LTP293_ses-3_task-ltpFR2_events.tsv
LTP293,3,22,16,EUROPE,541,2782.008,1391004,0,data/ds004395/sub-LTP293/ses-3/eeg/sub-LTP293_ses-3_task-ltpFR2_eeg.edf,data/ds004395/sub-LTP293/ses-3/eeg/sub-LTP293_ses-3_task-ltpFR2_events.tsv
LTP293,3,22,17,COWBOY,395,2784.66,1392330,1,data/ds004395/sub-LTP293/ses-3/eeg/sub-LTP293_ses-3_task-ltpFR2_eeg.edf,data/ds004395/sub-LTP293/ses-3/eeg/sub-LTP293_ses-3_task-ltpFR2_events.tsv
LTP293,3,22,18,OUTDOORS,987,2787.246,1393623,1,data/ds004395/sub-LTP293/ses-3/eeg/sub-LTP293_ses-3_task-ltpFR2_eeg.edf,data/ds004395/sub-LTP293/ses-3/eeg/sub-LTP293_ses-3_task-ltpFR2_events.tsv
LTP293,3,22,19,FOREST,593,2789.986,1394993,1,data/ds004395/sub-LTP293/ses-3/eeg/sub-LTP293_ses-3_task-ltpFR2_eeg.edf,data/ds004395/sub-LTP293/ses-3/eeg/sub-LTP293_ses-3_task-ltpFR2_events.tsv
LTP293,3,22,20,BEEF,113,2792.468,1396234,1,data/ds004395/sub-LTP293/ses-3/eeg/sub-LTP293_ses-3_task-ltpFR2_eeg.edf,data/ds004395/sub-LTP293/ses-3/eeg/sub-LTP293_ses-3_task-ltpFR2_events.tsv
LTP293,3,22,21,TEMPLE,1448,2795.202,1397601,0,data/ds004395/sub-LTP293/ses-3/eeg/sub-LTP293_ses-3_task-ltpFR2_eeg.edf,data/ds004395/sub-LTP293/ses-3/eeg/sub-LTP293_ses-3_task-ltpFR2_events.tsv
LTP293,3,22,22,COSTUME,383,2797.942,1398971,0,data/ds004395/sub-LTP293/ses-3/eeg/sub-LTP293_ses-3_task-ltpFR2_eeg.edf,data/ds004395/sub-LTP293/ses-3/eeg/sub-LTP293_ses-3_task-ltpFR2_events.tsv
LTP293,3,22,23,CHAMPAGNE,278,2800.428,1400214,0,data/ds004395/sub-LTP293/ses-3/eeg/sub-LTP293_ses-3_task-ltpFR2_eeg.edf,data/ds004395/sub-LTP293/ses-3/eeg/sub-LTP293_ses-3_task-ltpFR2_events.tsv
LTP293,3,22,24,CONVICT,371,2802.942,1401471,1,data/ds004395/sub-LTP293/ses-3/eeg/sub-LTP293_ses-3_task-ltpFR2_eeg.edf,data/ds004395/sub-LTP293/ses-3/eeg/sub-LTP293_ses-3_task-ltpFR2_events.tsv
LTP293,3,23,1,OX,994,2945.84,1472920,1,data/ds004395/sub-LTP293/ses-3/eeg/sub-LTP293_ses-3_task-ltpFR2_eeg.edf,data/ds004395/sub-LTP293/ses-3/eeg/sub-LTP293_ses-3_task-ltpFR2_events.tsv
LTP293,3,23,2,FLOWER,584,2948.316,1474158,1,data/ds004395/sub-LTP293/ses-3/eeg/sub-LTP293_ses-3_task-ltpFR2_eeg.edf,data/ds004395/sub-LTP293/ses-3/eeg/sub-LTP293_ses-3_task-ltpFR2_events.tsv
LTP293,3,23,3,PARROT,1015,2950.878,1475439,0,data/ds004395/sub-LTP293/ses-3/eeg/sub-LTP293_ses-3_task-ltpFR2_eeg.edf,data/ds004395/sub-LTP293/ses-3/eeg/sub-LTP293_ses-3_task-ltpFR2_events.tsv
LTP293,3,23,4,GAVEL,627,2953.314,1476657,1,data/ds004395/sub-LTP293/ses-3/eeg/sub-LTP293_ses-3_task-ltpFR2_eeg.edf,data/ds004395/sub-LTP293/ses-3/eeg/sub-LTP293_ses-3_task-ltpFR2_events.tsv
LTP293,3,23,5,JUDGE,761,2956.122,1478061,1,data/ds004395/sub-LTP293/ses-3/eeg/sub-LTP293_ses-3_task-ltpFR2_eeg.edf,data/ds004395/sub-LTP293/ses-3/eeg/sub-LTP293_ses-3_task-ltpFR2_events.tsv
LTP293,3,23,6,PATROL,1027,2958.792,1479396,1,data/ds004395/sub-LTP293/ses-3/eeg/sub-LTP293_ses-3_task-ltpFR2_eeg.edf,data/ds004395/sub-LTP293/ses-3/eeg/sub-LTP293_ses-3_task-ltpFR2_events.tsv
LTP293,3,23,7,CLOCK,325,2961.344,1480672,0,data/ds004395/sub-LTP293/ses-3/eeg/sub-LTP293_ses-3_task-ltpFR2_eeg.edf,data/ds004395/sub-LTP293/ses-3/eeg/sub-LTP293_ses-3_task-ltpFR2_events.tsv
LTP293,3,23,8,BRANCH,168,2963.804,1481902,1,data/ds004395/sub-LTP293/ses-3/eeg/sub-LTP293_ses-3_task-ltpFR2_eeg.edf,data/ds004395/sub-LTP293/ses-3/eeg/sub-LTP293_ses-3_task-ltpFR2_events.tsv
LTP293,3,23,9,PRIMATE,1123,2966.624,1483312,1,data/ds004395/sub-LTP293/ses-3/eeg/sub-LTP293_ses-3_task-ltpFR2_eeg.edf,data/ds004395/sub-LTP293/ses-3/eeg/sub-LTP293_ses-3_task-ltpFR2_events.tsv
LTP293,3,23,10,FLUTE,585,2969.318,1484659,0,data/ds004395/sub-LTP293/ses-3/eeg/sub-LTP293_ses-3_task-ltpFR2_eeg.edf,data/ds004395/sub-LTP293/ses-3/eeg/sub-LTP293_ses-3_task-ltpFR2_events.tsv
LTP293,3,23,11,MONEY,908,2972.036,1486018,0,data/ds004395/sub-LTP293/ses-3/eeg/sub-LTP293_ses-3_task-ltpFR2_eeg.edf,data/ds004395/sub-LTP293/ses-3/eeg/sub-LTP293_ses-3_task-ltpFR2_events.tsv
LTP293,3,23,12,PIZZA,1079,2974.814,1487407,0,data/ds004395/sub-LTP293/ses-3/eeg/sub-LTP293_ses-3_task-ltpFR2_eeg.edf,data/ds004395/sub-LTP293/ses-3/eeg/sub-LTP293_ses-3_task-ltpFR2_events.tsv
LTP293,3,23,13,BANJO,82,2977.466,1488733,0,data/ds004395/sub-LTP293/ses-3/eeg/sub-LTP293_ses-3_task-ltpFR2_eeg.edf,data/ds004395/sub-LTP293/ses-3/eeg/sub-LTP293_ses-3_task-ltpFR2_events.tsv
LTP293,3,23,14,TRIBE,1505,2980.15,1490075,0,data/ds004395/sub-LTP293/ses-3/eeg/sub-LTP293_ses-3_task-ltpFR2_eeg.edf,data/ds004395/sub-LTP293/ses-3/eeg/sub-LTP293_ses-3_task-ltpFR2_events.tsv
LTP293,3,23,15,PADDING,999,2982.902,1491451,1,data/ds004395/sub-LTP293/ses-3/eeg/sub-LTP293_ses-3_task-ltpFR2_eeg.edf,data/ds004395/sub-LTP293/ses-3/eeg/sub-LTP293_ses-3_task-ltpFR2_events.tsv
LTP293,3,23,16,MARROW,872,2985.422,1492711,0,data/ds004395/sub-LTP293/ses-3/eeg/sub-LTP293_ses-3_task-ltpFR2_eeg.edf,data/ds004395/sub-LTP293/ses-3/eeg/sub-LTP293_ses-3_task-ltpFR2_events.tsv
LTP293,3,23,17,NIGHTGOWN,953,2988.116,1494058,1,data/ds004395/sub-LTP293/ses-3/eeg/sub-LTP293_ses-3_task-ltpFR2_eeg.edf,data/ds004395/sub-LTP293/ses-3/eeg/sub-LTP293_ses-3_task-ltpFR2_events.tsv
LTP293,3,23,18,NOTEBOOK,959,2990.818,1495409,1,data/ds004395/sub-LTP293/ses-3/eeg/sub-LTP293_ses-3_task-ltpFR2_eeg.edf,data/ds004395/sub-LTP293/ses-3/eeg/sub-LTP293_ses-3_task-ltpFR2_events.tsv
LTP293,3,23,19,NAPKIN,937,2993.546,1496773,0,data/ds004395/sub-LTP293/ses-3/eeg/sub-LTP293_ses-3_task-ltpFR2_eeg.edf,data/ds004395/sub-LTP293/ses-3/eeg/sub-LTP293_ses-3_task-ltpFR2_events.tsv
LTP293,3,23,20,ORCHID,982,2996.04,1498020,1,data/ds004395/sub-LTP293/ses-3/eeg/sub-LTP293_ses-3_task-ltpFR2_eeg.edf,data/ds004395/sub-LTP293/ses-3/eeg/sub-LTP293_ses-3_task-ltpFR2_events.tsv
LTP293,3,23,21,LAPEL,800,2998.842,1499421,1,data/ds004395/sub-LTP293/ses-3/eeg/sub-LTP293_ses-3_task-ltpFR2_eeg.edf,data/ds004395/sub-LTP293/ses-3/eeg/sub-LTP293_ses-3_task-ltpFR2_events.tsv
LTP293,3,23,22,SHIRT,1287,3001.362,1500681,1,data/ds004395/sub-LTP293/ses-3/eeg/sub-LTP293_ses-3_task-ltpFR2_eeg.edf,data/ds004395/sub-LTP293/ses-3/eeg/sub-LTP293_ses-3_task-ltpFR2_events.tsv
LTP293,3,23,23,SHELTER,1282,3004.146,1502073,0,data/ds004395/sub-LTP293/ses-3/eeg/sub-LTP293_ses-3_task-ltpFR2_eeg.edf,data/ds004395/sub-LTP293/ses-3/eeg/sub-LTP293_ses-3_task-ltpFR2_events.tsv
LTP293,3,23,24,LUMBER,848,3006.704,1503352,0,data/ds004395/sub-LTP293/ses-3/eeg/sub-LTP293_ses-3_task-ltpFR2_eeg.edf,data/ds004395/sub-LTP293/ses-3/eeg/sub-LTP293_ses-3_task-ltpFR2_events.tsv
LTP293,3,24,1,PAIL,1002,3124.53,1562265,1,data/ds004395/sub-LTP293/ses-3/eeg/sub-LTP293_ses-3_task-ltpFR2_eeg.edf,data/ds004395/sub-LTP293/ses-3/eeg/sub-LTP293_ses-3_task-ltpFR2_events.tsv
LTP293,3,24,2,CAMEL,223,3127.048,1563524,0,data/ds004395/sub-LTP293/ses-3/eeg/sub-LTP293_ses-3_task-ltpFR2_eeg.edf,data/ds004395/sub-LTP293/ses-3/eeg/sub-LTP293_ses-3_task-ltpFR2_events.tsv
LTP293,3,24,3,RUST,1219,3129.504,1564752,1,data/ds004395/sub-LTP293/ses-3/eeg/sub-LTP293_ses-3_task-ltpFR2_eeg.edf,data/ds004395/sub-LTP293/ses-3/eeg/sub-LTP293_ses-3_task-ltpFR2_events.tsv
LTP293,3,24,4,CLOTHES,327,3132.236,1566118,1,data/ds004395/sub-LTP293/ses-3/eeg/sub-LTP293_ses-3_task-ltpFR2_eeg.edf,data/ds004395/sub-LTP293/ses-3/eeg/sub-LTP293_ses-3_task-ltpFR2_events.tsv
LTP293,3,24,5,LAGOON,795,3134.89,1567445,1,data/ds004395/sub-LTP293/ses-3/eeg/sub-LTP293_ses-3_task-ltpFR2_eeg.edf,data/ds004395/sub-LTP293/ses-3/eeg/sub-LTP293_ses-3_task-ltpFR2_events.tsv
LTP293,3,24,6,SWORD,1423,3137.59,1568795,1,data/ds004395/sub-LTP293/ses-3/eeg/sub-LTP293_ses-3_task-ltpFR2_eeg.edf,data/ds004395/sub-LTP293/ses-3/eeg/sub-LTP293_ses-3_task-ltpFR2_events.tsv
LTP293,3,24,7,BLENDER,136,3140.36,1570180,1,data/ds004395/sub-LTP293/ses-3/eeg/sub-LTP293_ses-3_task-ltpFR2_eeg.edf,data/ds004395/sub-LTP293/ses-3/eeg/sub-LTP293_ses-3_task-ltpFR2_events.tsv
LTP293,3,24,8,UMPIRE,1535,3142.978,1571489,0,data/ds004395/sub-LTP293/ses-3/eeg/sub-LTP293_ses-3_task-ltpFR2_eeg.edf,data/ds004395/sub-LTP293/ses-3/eeg/sub-LTP293_ses-3_task-ltpFR2_events.tsv
LTP293,3,24,9,CHAPEL,280,3145.466,1572733,0,data/ds004395/sub-LTP293/ses-3/eeg/sub-LTP293_ses-3_task-ltpFR2_eeg.edf,data/ds004395/sub-LTP293/ses-3/eeg/sub-LTP293_ses-3_task-ltpFR2_events.tsv
LTP293,3,24,10,FOX,598,3148.286,1574143,0,data/ds004395/sub-LTP293/ses-3/eeg/sub-LTP293_ses-3_task-ltpFR2_eeg.edf,data/ds004395/sub-LTP293/ses-3/eeg/sub-LTP293_ses-3_task-ltpFR2_events.tsv
LTP293,3,24,11,HOUND,724,3150.834,1575417,0,data/ds004395/sub-LTP293/ses-3/eeg/sub-LTP293_ses-3_task-ltpFR2_eeg.edf,data/ds004395/sub-LTP293/ses-3/eeg/sub-LTP293_ses-3_task-ltpFR2_events.tsv
LTP293,3,24,12,DIVER,476,3153.604,1576802,1,data/ds004395/sub-LTP293/ses-3/eeg/sub-LTP293_ses-3_task-ltpFR2_eeg.edf,data/ds004395/sub-LTP293/ses-3/eeg/sub-LTP293_ses-3_task-ltpFR2_events.tsv
LTP293,3,24,13,SWAMP,1416,3156.322,1578161,1,data/ds004395/sub-LTP293/ses-3/eeg/sub-LTP293_ses-3_task-ltpFR2_eeg.edf,data/ds004395/sub-LTP293/ses-3/eeg/sub-LTP293_ses-3_task-ltpFR2_events.tsv
LTP293,3,24,14,DAISY,435,3158.808,1579404,0,data/ds004395/sub-LTP293/ses-3/eeg/sub-LTP293_ses-3_task-ltpFR2_eeg.edf,data/ds004395/sub-LTP293/ses-3/eeg/sub-LTP293_ses-3_task-ltpFR2_events.tsv
LTP293,3,24,15,COOK,372,3161.258,1580629,0,data/ds004395/sub-LTP293/ses-3/eeg/sub-LTP293_ses-3_task-ltpFR2_eeg.edf,data/ds004395/sub-LTP293/ses-3/eeg/sub-LTP293_ses-3_task-ltpFR2_events.tsv
LTP293,3,24,16,KITCHEN,778,3163.884,1581942,1,data/ds004395/sub-LTP293/ses-3/eeg/sub-LTP293_ses-3_task-ltpFR2_eeg.edf,data/ds004395/sub-LTP293/ses-3/eeg/sub-LTP293_ses-3_task-ltpFR2_events.tsv
LTP293,3,24,17,VAGRANT,1544,3166.498,1583249,1,data/ds004395/sub-LTP293/ses-3/eeg/sub-LTP293_ses-3_task-ltpFR2_eeg.edf,data/ds004395/sub-LTP293/ses-3/eeg/sub-LTP293_ses-3_task-ltpFR2_events.tsv
LTP293,3,24,18,CHURCH,307,3169.048,1584524,0,data/ds004395/sub-LTP293/ses-3/eeg/sub-LTP293_ses-3_task-ltpFR2_eeg.edf,data/ds004395/sub-LTP293/ses-3/eeg/sub-LTP293_ses-3_task-ltpFR2_events.tsv
LTP293,3,24,19,RACKET,1155,3171.716,1585858,0,data/ds004395/sub-LTP293/ses-3/eeg/sub-LTP293_ses-3_task-ltpFR2_eeg.edf,data/ds004395/sub-LTP293/ses-3/eeg/sub-LTP293_ses-3_task-ltpFR2_events.tsv
LTP293,3,24,20,PIGMENT,1066,3174.486,1587243,0,data/ds004395/sub-LTP293/ses-3/eeg/sub-LTP293_ses-3_task-ltpFR2_eeg.edf,data/ds004395/sub-LTP293/ses-3/eeg/sub-LTP293_ses-3_task-ltpFR2_events.tsv
LTP293,3,24,21,PROTON,1132,3176.988,1588494,1,data/ds004395/sub-LTP293/ses-3/eeg/sub-LTP293_ses-3_task-ltpFR2_eeg.edf,data/ds004395/sub-LTP293/ses-3/eeg/sub-LTP293_ses-3_task-ltpFR2_events.tsv
LTP293,3,24,22,PRINCE,1124,3179.524,1589762,0,data/ds004395/sub-LTP293/ses-3/eeg/sub-LTP293_ses-3_task-ltpFR2_eeg.edf,data/ds004395/sub-LTP293/ses-3/eeg/sub-LTP293_ses-3_task-ltpFR2_events.tsv
LTP293,3,24,23,DUSTPAN,509,3182.192,1591096,1,data/ds004395/sub-LTP293/ses-3/eeg/sub-LTP293_ses-3_task-ltpFR2_eeg.edf,data/ds004395/sub-LTP293/ses-3/eeg/sub-LTP293_ses-3_task-ltpFR2_events.tsv
LTP293,3,24,24,JEANS,752,3184.71,1592355,1,data/ds004395/sub-LTP293/ses-3/eeg/sub-LTP293_ses-3_task-ltpFR2_eeg.edf,data/ds004395/sub-LTP293/ses-3/eeg/sub-LTP293_ses-3_task-ltpFR2_events.tsv
